"cmpgn_id","cmpgn_nm","cmpgn_ofer_id","copn_plcy_nm","cnts_prod_id","copn_use_sta_dt","copn_plcy_sta_dt","copn_plcy_end_dt","copn_cnt"
C2600QC,[팝업] B tv 스탠다드+(조합형)_(26.6.16)_3-1차,,,PPV 등,,,,447001
C2600SM,[팝업] 밸류애드팀 STB 교체(26.6.29)_5-2차,,,PPV 등,,,,351800
C2600NA,"26년 5월 B tv+ 할인 연장 캠페인_1주년 5,500원",A1CP1020261000120954,"[가입 유지 선물] B tv+ 월 5,500원 혜택 6개월 자동 연장_5월",PM30000107,"20260726","20260526","20260731",104
C2600TA,[주기성] 26년 7월_B tv+ 비플리_UI 541 이하_쿠폰,A1CP1020261000121366,[고객님만 혜택] B tv+ 반값 할인 (최대 12개월),PM30000107,"20260722","20260624","20260731",10
C2600R1,JTBC 월정액 첫달 무료_6월 3차,A1SA1020261000119567,[깜짝 특가] JTBC 월정액 1개월 100% 할인 쿠폰,PM30000269,"20260627","20260119","20261231",373
C2600WD,통합 월정액 3개월 내내 80% 할인,A1CP1020261000121658,[쿨썸머 특가] 주요 월정액 3개월 내내 80% 할인 (택1),PM30000176,"20260726","20260720","20260731",89
C2600P0,<쉘터> 타겟 프로모션_30%_0604,A1SA1020261000120953,[즉시 할인] 쉘터 30% 할인쿠폰,PPV 등,"20260605","20260526","20260630",154
C2600J7,"지상파 월정액 3개월 내내 5,500원_5월 2차",A1CP1020261000120660,"[온가족특가] 지상파 월정액 3개월 내내 월 5,500원",PM30000150,,"20260422","20260531",495303
C2600N3,[주기성/쿠폰] <살목지&K-공포상영회> 할인쿠폰 프로모션,A1PR1020261000120873,[K-공포 상영회] 영화 50% 할인,PPV 등,"20260607","20260520","20260609",82
C2600S4,"6월 성인 1+1 프로모션_모바일 (6/21~6/30)",A1SA1020261000121171,"[1+1 앵콜 이벤트] 3,300원 할인 쿠폰 (모바일)",PPV 등,"20260702","20260609","20260731",37
C2600O8,[주기성] 26년 6월_B tv+ 비플리_UI 541 이하_쿠폰,A1CP1020261000120872,[위클리 혜택] B tv+ 12개월 50% 할인,PM30000107,"20260610","20260520","20260630",3
C2600P6,[주기성] 26년 6월_B tv+ 비플리_UI 541 이상_2~4차_2,A1CP1020261000120872,[위클리 혜택] B tv+ 12개월 50% 할인,PM30000107,"20260615","20260520","20260630",26
C2600NO,<푸틴: 절대 권력의 최후> 할인쿠폰 프로모션,A1SA1020261000120952,"[푸틴: 절대 권력의 최후 런칭] 영화 3,300원 할인",PPV 등,"20260613","20260526","20260630",9
C2600ML,"26년 5월_B tv+ 비플리_UI 541 이상_3차(~5/31)_2",A1CP1020261000120854,[가정의 달] B tv+ 12개월 50% 할인 (~5/31),PM30000107,"20260528","20260507","20260531",23
C2600OB,"26년 6월_B tv+ 비플리_UI 541 이상_1차 쿠폰(~6/7) & 배너(~6/30)_3",A1CP1020261000120872,[위클리 혜택] B tv+ 12개월 50% 할인,PM30000107,"20260616","20260520","20260630",3
C2600NI,<시에라 마드레: 카르텔 전쟁> 할인쿠폰 프로모션,A1SA1020261000120862,"[시에라 마드레: 카르텔 전쟁 런칭] 영화 5,500원 할인",PPV 등,"20260617","20260518","20260630",3
C2600PT,"26년 6월_B tv+ 파격할인_UI 541 이상_3",A1CP1020261000120874,"[파격할인] B tv+ 12개월 월 5,500원 혜택",PM30000107,,"20260520","20260531",319681
C2600LQ,"2605_SPOTV B캐시 프로모션_B캐시 지급",SA102026100000126262,,PPV 등,,,,540
C2600SH,<납치 48시간> 할인쿠폰 프로모션,A1SA1020261000121265,"[납치 48시간 런칭] 영화 3,300원 할인",PPV 등,"20260705","20260616","20260831",14
C2600SC,<금발이 되고 싶어> 할인쿠폰 프로모션,A1SA1020261000121360,"[금발이 되고 싶어 런칭] 영화 5,500원 할인",PPV 등,"20260713","20260622","20260731",4
C2600TJ,<데드 오브 윈터> 할인쿠폰 프로모션,A1SA1020261000121361,"[데드 오브 윈터 런칭] 영화 3,300원 할인",PPV 등,"20260722","20260622","20260731",4
C2600TJ,<데드 오브 윈터> 할인쿠폰 프로모션,A1SA1020261000121361,"[데드 오브 윈터 런칭] 영화 3,300원 할인",PPV 등,"20260730","20260622","20260731",1
C2600J7,"지상파 월정액 3개월 내내 5,500원_5월 2차",A1CP1020261000120660,"[온가족특가] 지상파 월정액 3개월 내내 월 5,500원",PM30000150,"20260611","20260422","20260531",1
C2600L8,"26년 5월_B tv+ 비플리_UI 541 이상_1차(~5/17)_2(1770)",DummyOffer,,PPV 등,,,,789121
C2600MI,JTBC 월정액 첫달 무료_6월 1차,A1SA1020261000119567,[깜짝 특가] JTBC 월정액 1개월 100% 할인 쿠폰,PM30000269,,"20260119","20261231",497768
C2600MS,[팝업] 밸류애드팀 Btv 업_단기(26.5.26)_4-3차,,,PPV 등,,,,146315
C2600RC,"<왕과 사는 남자> 타겟 프로모션_2,000원_0617",A1SA1020261000121266,"[즉시 할인] 왕과 사는 남자 2,200원 할인쿠폰",PPV 등,,"20260616","20260731",415013
C2600PP,"지상파 월정액 첫달 3,300원_6월 3차",A1CP1020261000120947,"[6월 특가] 지상파 월정액 1개월 13,200원 할인",PM30000150,,"20260526","20260630",499707
C2600U2,[팝업] 밸류애드팀 STB 교체(26.7.6)_1-3차,,,PPV 등,,,,211647
C2600WM,"2607_무빙 연장 동의_TV팝업_18차",,,PPV 등,,,,3573
C2600O0,"26년 6월_B tv+ 짝수달 유료전환 테스트_UI 552 이상",A1CP1020261000120870,[6월 한정] B tv+ 첫달 무료,PM30000107,"20260614","20260520","20260630",93
C2600WI,<뮌터 & 칸딘스키 - 사랑의 초상> 할인쿠폰 프로모션,A1SA1020261000121560,"[뮌터 & 칸딘스키 - 사랑의 초상 런칭] 영화 5,500원 할인",PPV 등,"20260731","20260716","20260831",2
C2600PV,"26년 6월_B tv+ 파격할인_UI 541 이하_5",A1CP1020261000120874,"[파격할인] B tv+ 12개월 월 5,500원 혜택",PM30000107,"20260611","20260520","20260531",19
C2600PS,"26년 6월_B tv+ 파격할인_UI 541 이상_2",A1CP1020261000120874,"[파격할인] B tv+ 12개월 월 5,500원 혜택",PM30000107,"20260613","20260520","20260531",70
C2600UU,"7월 성인 1+1 앵콜 프로모션_모바일 (7/11~7/20)",A1SA1020261000121458,"[1+1 앵콜 이벤트] 3,300원 할인 쿠폰",PPV 등,"20260716","20260708","20260831",266
C2600R6,<슈퍼 마리오 갤럭시> 할인쿠폰 프로모션,A1SA1020261000120961,"[슈퍼마리오 갤럭시 런칭] 영화 3,300원 할인",PPV 등,"20260627","20260529","20260623",17
C2600N4,(주기성) 6월 쿠폰팩 GCP(5/24~6/21가입)_TB,A1CP1020261000120867,[FREE PASS] CJ ENM 1개월 무료_26년6월,PM30000154,"20260628","20260519","20260629",57
C2600PN,JTBC 월정액 첫달 무료_6월 2차,A1SA1020261000119567,[깜짝 특가] JTBC 월정액 1개월 100% 할인 쿠폰,PM30000269,"20260619","20260119","20261231",271
C2600UD,"26년 7월_B tv+ 비플리_UI 541 이상_쿠폰&배너_2",A1CP1020261000121365,[고객님만 혜택] B tv+ 반값 할인 (최대 12개월),PM30000107,"20260728","20260624","20260731",58
C2600TM,<신의 악단> 할인쿠폰 프로모션,A1SA1020261000121384,"[신의 악단 런칭] 영화 3,300원 할인",PPV 등,"20260713","20260630","20260731",34
C2600XQ,통합 월정액 3개월 내내 80% 할인_8월 2차,A1CP1020261000121658,[쿨썸머 특가] 주요 월정액 3개월 내내 80% 할인 (택1),PM30000176,"20260729","20260720","20260731",178
C2600VH,"26년 7월_B tv+ KBS 이승철 콘서트_타임딜_UI 541 이상_1",A1CP1020261000121559,"[이승철 특가] B tv+ 월 5,500원 이용 혜택 (최대 12개월)",PM30000107,"20260722","20260714","20260722",73
C2600QN,"지상파 월정액 첫달 3,300원_6월 4차",A1CP1020261000120947,"[6월 특가] 지상파 월정액 1개월 13,200원 할인",PM30000150,"20260619","20260526","20260630",36
C2600OC,"26년 6월_B tv+ 비플리_UI 541 이상_1차 쿠폰(~6/7) & 배너(~6/30)_4",A1CP1020261000120872,[위클리 혜택] B tv+ 12개월 50% 할인,PM30000107,"20260624","20260520","20260630",11
C2600W2,"26년 7월_B tv+ KBS 이승철 콘서트_타임딜_UI 541 이상_3",A1CP1020261000121559,"[이승철 특가] B tv+ 월 5,500원 이용 혜택 (최대 12개월)",PM30000107,"20260722","20260714","20260722",46
C2600MK,"26년 5월_B tv+ 비플리_UI 541 이상_3차(~5/31)_1",A1CP1020261000120854,[가정의 달] B tv+ 12개월 50% 할인 (~5/31),PM30000107,"20260527","20260507","20260531",58
C2600R1,JTBC 월정액 첫달 무료_6월 3차,A1SA1020261000119567,[깜짝 특가] JTBC 월정액 1개월 100% 할인 쿠폰,PM30000269,"20260516","20260119","20261231",45
C2600JZ,"JTBC 월정액 6개월 약정 3,300원_5월 2차",A1CP1020261000120658,"[온가족특가] JTBC 6개월 약정 기간 내내 월 3,300원",PM30000269,"20260528","20260421","20260531",5
C2600TA,[주기성] 26년 7월_B tv+ 비플리_UI 541 이하_쿠폰,A1CP1020261000121366,[고객님만 혜택] B tv+ 반값 할인 (최대 12개월),PM30000107,"20260726","20260624","20260731",17
C2600VD,"CJ ENM 월정액 3개월 5,500원_7월 2차",A1CP1020261000121358,"[쿨썸머 특가] CJ ENM 월정액 3개월 내내 월 5,500원",PM30000154,"20260724","20260622","20260731",24
C2600UT,"7월 성인 1+1 앵콜 프로모션_모바일 (7/11~7/20)",A1SA1020261000121459,"[1+1 앵콜 이벤트] 3,300원 할인 쿠폰 (모바일)",PPV 등,"20260724","20260708","20260831",10
C2600L5,"26년 5월_B tv+ 크런치롤_할인쿠폰",A1PR1020261000120053,[크런치롤] B tv 애니 장르 30% 할인,PPV 등,"20260522","20260225","20260531",1
C2600NZ,[팝업] 밸류애드팀 Btv 업_장기(26.6.3)_1-4차,,,PPV 등,,,,400461
C2600P5,[주기성] 26년 6월_B tv+ 비플리_UI 541 이상_2~4차_1,A1CP1020261000120872,[위클리 혜택] B tv+ 12개월 50% 할인,PM30000107,,"20260520","20260630",787931
C2600SO,[팝업] 밸류애드팀 Btv 업_단기(26.6.30)_5-1차,,,PPV 등,,,,279169
C2600P9,[팝업] 밸류애드팀 Btv 업_단기(26.6.9)_2-2차,,,PPV 등,,,,294754
C2600V9,[팝업] 밸류애드팀 Btv 업_장기(26.7.15)_2-4차,,,PPV 등,,,,333424
C2600IP,"CJ ENM 월정액 3개월 5,500원_5월 1차",A1CP1020261000120659,"[온가족특가] CJ ENM 월정액 3개월 내내 5,500원",PM30000154,"20260511","20260422","20260531",60
C2600WH,<군체> 할인쿠폰 프로모션,A1SA1020261000121563,[군체 런칭] 영화 20% 할인,PPV 등,"20260801","20260716","20260831",385
C2600R1,JTBC 월정액 첫달 무료_6월 3차,A1SA1020261000119567,[깜짝 특가] JTBC 월정액 1개월 100% 할인 쿠폰,PM30000269,"20260620","20260119","20261231",456
C2600TK,<메가 샤크 어택> 할인쿠폰 프로모션,A1SA1020261000121369,"[메가 샤크 어택 런칭] 영화 5,500원 할인",PPV 등,"20260705","20260626","20260731",19
C2600M6,JTBC 월정액 첫달 무료_5월 2차,A1SA1020261000119567,[깜짝 특가] JTBC 월정액 1개월 100% 할인 쿠폰,PM30000269,"20260605","20260119","20261231",14
C2600TH,<살목지> 할인쿠폰 프로모션,A1SA1020261000121380,"[살목지 런칭] 영화 3,300원 할인",PPV 등,"20260712","20260629","20260731",50
C2600KM,"지상파 월정액 3개월 내내 5,500원_5월 3차",A1CP1020261000120660,"[온가족특가] 지상파 월정액 3개월 내내 월 5,500원",PM30000150,"20260509","20260422","20260531",40
C2600T7,<노멀> 할인쿠폰 프로모션,A1SA1020261000121162,"[노멀 런칭] 영화 3,300원 할인",PPV 등,"20260705","20260605","20260731",50
C2600QU,"6월 성인 1+1 프로모션 (6/11~6/20)_수정",A1SA1020261000121168,"[1+1이벤트] 3,300원 할인 쿠폰",PPV 등,"20260627","20260609","20260731",123
C2600N5,(일회성) 6월 쿠폰팩 GCP(5/1~5/23가입)_TB,A1CP1020261000120865,[FREE PASS] B tv+ 1개월 무료_26년6월,PM30000107,"20260614","20260519","20260629",19
C2600UD,"26년 7월_B tv+ 비플리_UI 541 이상_쿠폰&배너_2",A1CP1020261000121365,[고객님만 혜택] B tv+ 반값 할인 (최대 12개월),PM30000107,"20260723","20260624","20260731",15
C2600VD,"CJ ENM 월정액 3개월 5,500원_7월 2차",A1CP1020261000121358,"[쿨썸머 특가] CJ ENM 월정액 3개월 내내 월 5,500원",PM30000154,"20260727","20260622","20260731",18
C2600UP,<서퍼> 할인쿠폰 프로모션,A1SA1020261000121460,"[서퍼 런칭] 영화 3,300원 할인",PPV 등,"20260727","20260708","20260831",6
C2600J7,"지상파 월정액 3개월 내내 5,500원_5월 2차",A1CP1020261000120660,"[온가족특가] 지상파 월정액 3개월 내내 월 5,500원",PM30000150,"20260521","20260422","20260531",35
C2600N4,(주기성) 6월 쿠폰팩 GCP(5/24~6/21가입)_TB,A1SA1020261000120869,[FREE PASS] SPOTV 프라임패키지 1개월 무료_26년6월,PM35000007,"20260627","20260519","20260629",84
C2600OL,"지상파 월정액 첫달 3,300원_6월 2차",A1CP1020261000120947,"[6월 특가] 지상파 월정액 1개월 13,200원 할인",PM30000150,"20260613","20260526","20260630",54
C2600QU,"6월 성인 1+1 프로모션 (6/11~6/20)_수정",A1SA1020261000121168,"[1+1이벤트] 3,300원 할인 쿠폰",PPV 등,"20260614","20260609","20260731",27
C2600US,<잠금: 셧다운> 할인쿠폰 프로모션,A1SA1020261000121462,"[잠금: 셧다운 런칭] 영화 5,500원 할인",PPV 등,"20260724","20260708","20260831",16
C2600UC,"26년 7월_B tv+ 비플리_UI 541 이상_쿠폰&배너_1",A1CP1020261000121365,[고객님만 혜택] B tv+ 반값 할인 (최대 12개월),PM30000107,"20260707","20260624","20260731",83
C2600KK,"CJ ENM 월정액 3개월 5,500원_5월 2차",A1CP1020261000120659,"[온가족특가] CJ ENM 월정액 3개월 내내 5,500원",PM30000154,"20260512","20260422","20260531",34
C2600TI,JTBC 월정액 3개월 70% 할인_7월 2차,A1SA1020261000121374,[쿨썸머 특가] JTBC 월정액 3개월 내내 70% 할인,PM30000269,"20260717","20260629","20260731",7
C2600LZ,"26년 5월_B tv+ 비플리_UI 541 이상_2차(~5/25)_3(1770)",A1CP1020261000120859,[가정의 달] B tv+ 12개월 50% 할인 (~5/25),PM30000107,"20260525","20260515","20260525",38
C2600S6,토이스토리 소장용 패키지 프로모션_수정,A1SA1020261000121259,"[토이 스토리 패키지 구매] 영화 5,500원 할인",PPV 등,"20260718","20260615","20260731",11
C2600M8,<짱구> 할인쿠폰 프로모션,A1SA1020261000120863,"[짱구 런칭] 영화 5,500원 할인",PPV 등,"20260616","20260518","20260630",15
C2600N5,(일회성) 6월 쿠폰팩 GCP(5/1~5/23가입)_TB,A1CP1020261000120866,[FREE PASS] 지상파 3사 1개월 무료_26년6월,PM30000150,"20260625","20260519","20260629",6
C2600TG,JTBC 월정액 3개월 70% 할인_7월 1차,A1SA1020261000121374,[쿨썸머 특가] JTBC 월정액 3개월 내내 70% 할인,PM30000269,"20260717","20260629","20260731",33
C2600TK,<메가 샤크 어택> 할인쿠폰 프로모션,A1SA1020261000121369,"[메가 샤크 어택 런칭] 영화 5,500원 할인",PPV 등,"20260712","20260626","20260731",37
C2600QV,"6월 성인 1+1 프로모션_모바일 (6/11~6/20)_수정",A1SA1020261000121169,"[1+1이벤트] 3,300원 할인 쿠폰 (모바일)",PPV 등,"20260619","20260609","20260731",16
C2600UC,"26년 7월_B tv+ 비플리_UI 541 이상_쿠폰&배너_1",A1CP1020261000121365,[고객님만 혜택] B tv+ 반값 할인 (최대 12개월),PM30000107,"20260719","20260624","20260731",6
C2600NO,<푸틴: 절대 권력의 최후> 할인쿠폰 프로모션,A1SA1020261000120952,"[푸틴: 절대 권력의 최후 런칭] 영화 3,300원 할인",PPV 등,"20260621","20260526","20260630",5
C2600P5,[주기성] 26년 6월_B tv+ 비플리_UI 541 이상_2~4차_1,A1CP1020261000120872,[위클리 혜택] B tv+ 12개월 50% 할인,PM30000107,"20260607","20260520","20260630",1
C2600KD,[주기성/쿠폰] <프로젝트헤일메리&인생SF전> 할인쿠폰 프로모션,A1PR1020261000120752,[프로젝트헤일메리] 인생SF영화 추가 30% 할인,PPV 등,"20260511","20260430","20260524",10
C2600O7,"2606_캐치온 해지방어_B tv+ Cross-sell",A1CP1020261000120958,[비밀 특가] B tv+ 1개월 100원,PM30000107,"20260607","20260528","20260712",1
C2600LG,<스피드> 할인쿠폰 프로모션,A1SA1020261000120858,"[스피드 런칭] 영화 5,500원 할인",PPV 등,"20260516","20260512","20260531",3
C2600UP,<서퍼> 할인쿠폰 프로모션,A1SA1020261000121460,"[서퍼 런칭] 영화 3,300원 할인",PPV 등,"20260802","20260708","20260831",1
C2600JE,<캣 앤 독> 할인쿠폰 프로모션,A1SA1020261000120747,"[캣 앤 독 런칭] 영화 5,500원 할인",PPV 등,"20260525","20260428","20260531",2
C2600PN,JTBC 월정액 첫달 무료_6월 2차,A1SA1020261000119567,[깜짝 특가] JTBC 월정액 1개월 100% 할인 쿠폰,PM30000269,"20260526","20260119","20261231",1
C2600JA,<오시리스> 할인쿠폰 프로모션,A1SA1020261000120652,"[오시리스 런칭] 영화 3,300원 할인",PPV 등,"20260528","20260421","20260531",1
C2600L6,<프로젝트 헤일메리> 런칭 안내 팝업 (5/7),,,PPV 등,,,,6334468
C2600J7,"지상파 월정액 3개월 내내 5,500원_5월 2차",A1CP1020261000120660,"[온가족특가] 지상파 월정액 3개월 내내 월 5,500원",PM30000150,"20260524","20260422","20260531",57
C2600R1,JTBC 월정액 첫달 무료_6월 3차,A1SA1020261000119567,[깜짝 특가] JTBC 월정액 1개월 100% 할인 쿠폰,PM30000269,"20260621","20260119","20261231",288
C2600QR,"6월 성인 1+1 프로모션_추가 (6/12~14 구매자)",A1SA1020261000121168,"[1+1이벤트] 3,300원 할인 쿠폰",PPV 등,"20260618","20260609","20260731",182
C2600MK,"26년 5월_B tv+ 비플리_UI 541 이상_3차(~5/31)_1",A1CP1020261000120854,[가정의 달] B tv+ 12개월 50% 할인 (~5/31),PM30000107,"20260528","20260507","20260531",73
C2600N4,(주기성) 6월 쿠폰팩 GCP(5/24~6/21가입)_TB,A1CP1020261000120865,[FREE PASS] B tv+ 1개월 무료_26년6월,PM30000107,"20260619","20260519","20260629",31
C2600PP,"지상파 월정액 첫달 3,300원_6월 3차",A1CP1020261000120947,"[6월 특가] 지상파 월정액 1개월 13,200원 할인",PM30000150,"20260616","20260526","20260630",95
C2600QP,"지상파 월정액 첫달 3,300원_6월 5차",A1CP1020261000120947,"[6월 특가] 지상파 월정액 1개월 13,200원 할인",PM30000150,"20260627","20260526","20260630",105
C2600TL,"7월 성인 1+1 프로모션 (7/1~7/10)",A1SA1020261000121370,"[1+1이벤트] 3,300원 할인 쿠폰",PPV 등,"20260704","20260626","20260731",278
C2600SA,SPOTV 6월 첫달무료_1차_0623,A1SA1020261000121164,[축구 이벤트] SPOTV Prime 1개월 무료,PM35000007,"20260623","20260609","20260630",112
C2600M8,<짱구> 할인쿠폰 프로모션,A1SA1020261000120863,"[짱구 런칭] 영화 5,500원 할인",PPV 등,"20260525","20260518","20260630",99
C2600NA,"26년 5월 B tv+ 할인 연장 캠페인_1주년 5,500원",A1CP1020261000120954,"[가입 유지 선물] B tv+ 월 5,500원 혜택 6개월 자동 연장_5월",PM30000107,"20260706","20260526","20260731",175
C2600PY,SPOTV 6월 첫달무료_1차_0611,A1SA1020261000121164,[축구 이벤트] SPOTV Prime 1개월 무료,PM35000007,"20260627","20260609","20260630",97
C2600TM,<신의 악단> 할인쿠폰 프로모션,A1SA1020261000121384,"[신의 악단 런칭] 영화 3,300원 할인",PPV 등,"20260707","20260630","20260731",29
C2600WK,JTBC 월정액 3개월 70% 할인_7월 3차,A1SA1020261000121374,[쿨썸머 특가] JTBC 월정액 3개월 내내 70% 할인,PM30000269,"20260726","20260629","20260731",17
C2600WC,"지상파 월정액 3개월 5,500원_7월 3차",A1CP1020261000121373,"[쿨썸머 특가] 지상파 월정액 3개월 내내 월 5,500원",PM30000150,"20260731","20260629","20260731",42
C2600SG,"CJ ENM 월정액 3개월 5,500원_7월 1차",A1CP1020261000121358,"[쿨썸머 특가] CJ ENM 월정액 3개월 내내 월 5,500원",PM30000154,"20260706","20260622","20260731",63
C2600R6,<슈퍼 마리오 갤럭시> 할인쿠폰 프로모션,A1SA1020261000120961,"[슈퍼마리오 갤럭시 런칭] 영화 3,300원 할인",PPV 등,"20260628","20260529","20260623",18
C2600PS,"26년 6월_B tv+ 파격할인_UI 541 이상_2",A1CP1020261000120874,"[72시간 한정] B tv+ 12개월 월 5,500원 혜택",PM30000107,"20260614","20260526","20260614",101
C2600SA,SPOTV 6월 첫달무료_1차_0623,A1SA1020261000121164,[축구 이벤트] SPOTV Prime 1개월 무료,PM35000007,"20260629","20260609","20260630",61
C2600NH,<리 크로닌의 미이라> 할인쿠폰 프로모션,A1SA1020261000120855,"[리 크로닌의 미이라] 영화 3,300원 할인",PPV 등,"20260606","20260507","20260630",55
C2600UD,"26년 7월_B tv+ 비플리_UI 541 이상_쿠폰&배너_2",A1CP1020261000121365,[고객님만 혜택] B tv+ 반값 할인 (최대 12개월),PM30000107,"20260729","20260624","20260731",51
C2600TO,<마이클> 할인쿠폰 프로모션,A1SA1020261000121261,"[마이클 런칭] 영화 3,300원 할인",PPV 등,"20260713","20260616","20260815",23
C2600S5,SPOTV 6월 첫달무료_1차_0622,A1SA1020261000121164,[축구 이벤트] SPOTV Prime 1개월 무료,PM35000007,"20260626","20260609","20260630",39
C2600Q5,<스위트 홈: 진격의 거인> 할인쿠폰 프로모션,A1SA1020261000121160,"[스위트 홈: 진격의 거인 런칭] 영화 3,300원 할인",PPV 등,"20260616","20260605","20260731",12
C2600TH,<살목지> 할인쿠폰 프로모션,A1SA1020261000121380,"[살목지 런칭] 영화 3,300원 할인",PPV 등,"20260713","20260629","20260731",8
C2600WF,<군체[예약구매]> 할인쿠폰 프로모션,A1SA1020261000121562,"[군체 예약] 영화 4,400원 할인",PPV 등,"20260721","20260716","20260831",4
C2600N4,(주기성) 6월 쿠폰팩 GCP(5/24~6/21가입)_TB,A1SA1020261000120869,[FREE PASS] SPOTV 프라임패키지 1개월 무료_26년6월,PM35000007,"20260607","20260519","20260629",12
C2600PN,JTBC 월정액 첫달 무료_6월 2차,A1SA1020261000119567,[깜짝 특가] JTBC 월정액 1개월 100% 할인 쿠폰,PM30000269,"20260530","20260119","20261231",5
C2600N5,(일회성) 6월 쿠폰팩 GCP(5/1~5/23가입)_TB,A1CP1020261000120865,[FREE PASS] B tv+ 1개월 무료_26년6월,PM30000107,"20260618","20260519","20260629",5
C2600O7,"2606_캐치온 해지방어_B tv+ Cross-sell",A1CP1020261000120958,[비밀 특가] B tv+ 1개월 100원,PM30000107,"20260619","20260528","20260712",2
C2600S6,토이스토리 소장용 패키지 프로모션_수정,A1SA1020261000121259,"[토이 스토리 패키지 구매] 영화 5,500원 할인",PPV 등,"20260708","20260615","20260731",14
C2600WC,"지상파 월정액 3개월 5,500원_7월 3차",A1CP1020261000121373,"[쿨썸머 특가] 지상파 월정액 3개월 내내 월 5,500원",PM30000150,"20260709","20260629","20260731",2
C2600T8,<살목지(2차)> 할인쿠폰 프로모션,A1SA1020261000121161,"[살목지 런칭] 영화 4,444원 할인",PPV 등,"20260710","20260605","20260731",7
C2600UD,"26년 7월_B tv+ 비플리_UI 541 이상_쿠폰&배너_2",A1CP1020261000121365,[고객님만 혜택] B tv+ 반값 할인 (최대 12개월),PM30000107,"20260719","20260624","20260731",2
C2600NI,<시에라 마드레: 카르텔 전쟁> 할인쿠폰 프로모션,A1SA1020261000120862,"[시에라 마드레: 카르텔 전쟁 런칭] 영화 5,500원 할인",PPV 등,"20260616","20260518","20260630",4
C2600MB,<힌드의 목소리> 할인쿠폰 프로모션,A1SA1020261000120864,"[힌드의 목소리 런칭] 영화 5,500원 할인",PPV 등,"20260607","20260519","20260630",1
C2600P7,[주기성] 26년 6월_B tv+ 비플리_UI 541 이상_2~4차_3,A1CP1020261000120872,[위클리 혜택] B tv+ 12개월 50% 할인,PM30000107,"20260604","20260520","20260630",1
C2600WX,[팝업] 밸류애드팀 Btv 업_장기(26.7.29)_4-1차,,,PPV 등,,,,288749
C2600OY,통합 월정액 첫달 무료_6월 2차,A1CP1020261000120948,[이용 감사 혜택] 주요 월정액 1개월 100% 할인 (택1),PM30000176,,"20260526","20260630",399723
C2600P6,[주기성] 26년 6월_B tv+ 비플리_UI 541 이상_2~4차_2,A1CP1020261000120872,[위클리 혜택] B tv+ 12개월 50% 할인,PM30000107,,"20260520","20260630",792376
C2600QM,[보정용][주기성] 26년 6월_B tv+ 비플리_UI 541 이상_2~4차_1,A1CP1020261000120872,[위클리 혜택] B tv+ 12개월 50% 할인,PM30000107,,"20260520","20260630",393503
C2600UK,JTBC 월정액 3개월 70% 할인_7월 1차(배너),DummyOffer,,PPV 등,,,,499183
C2600W0,[팝업] 밸류애드팀 Btv 업_장기(26.7.22)_3-4차,,,PPV 등,,,,330805
C2600WK,JTBC 월정액 3개월 70% 할인_7월 3차,A1SA1020261000121374,[쿨썸머 특가] JTBC 월정액 3개월 내내 70% 할인,PM30000269,"20260730","20260629","20260731",14
C2600N4,(주기성) 6월 쿠폰팩 GCP(5/24~6/21가입)_TB,A1SA1020261000120868,[FREE PASS] JTBC 1개월 무료_26년6월,PM30000269,"20260628","20260519","20260629",16
C2600XG,"26년 7월 B tv+ 할인 연장 캠페인_6개월/9개월 할인재연",A1CP1020261000121664,"[가입 유지 선물] B tv+ 월 5,500원 이용 혜택 6개월 자동 연장_7월",PPV 등,"20260916","20260721","20260831",23
C2600LX,"26년 5월_B tv+ 비플리_UI 541 이상_2차(~5/25)_1(1770)",A1CP1020261000120859,[가정의 달] B tv+ 12개월 50% 할인 (~5/25),PM30000107,"20260519","20260515","20260525",51
C2600VM,<헬파이어: 시수의 길> 할인쿠폰 프로모션,A1SA1020261000121461,"[헬파이어: 시수의 길 런칭] 영화 5,500원 할인",PPV 등,"20260729","20260708","20260831",10
C2600NE,통합 월정액 첫달 무료_6월 1차,A1CP1020261000120948,[이용 감사 혜택] 주요 월정액 1개월 100% 할인 (택1),PM30000176,"20260621","20260526","20260630",30
C2600QQ,통합 월정액 첫달 무료_6월 4차,A1CP1020261000120948,[이용 감사 혜택] 주요 월정액 1개월 100% 할인 (택1),PM30000176,"20260605","20260526","20260630",9
C2600P5,[주기성] 26년 6월_B tv+ 비플리_UI 541 이상_2~4차_1,A1CP1020261000120872,[위클리 혜택] B tv+ 12개월 50% 할인,PM30000107,"20260606","20260520","20260630",7
C2600L9,"26년 5월_B tv+ 비플리_UI 541 이상_1차(~5/17)_3(1770)",A1CP1020261000120853,[가정의 달] B tv+ 12개월 50% 할인 (~5/17),PM30000107,"20260515","20260507","20260517",8
C2600Q3,"6월 성인 1+1 프로모션 (6/11~6/20)",A1SA1020261000121168,"[1+1이벤트] 3,300원 할인 쿠폰",PPV 등,"20260630","20260609","20260731",8
C2600N5,(일회성) 6월 쿠폰팩 GCP(5/1~5/23가입)_TB,A1CP1020261000120866,[FREE PASS] 지상파 3사 1개월 무료_26년6월,PM30000150,"20260607","20260519","20260629",8
C2600TO,<마이클> 할인쿠폰 프로모션,A1SA1020261000121261,"[마이클 런칭] 영화 3,300원 할인",PPV 등,"20260708","20260616","20260815",16
C2600KN,JTBC 월정액 첫달 무료_5월 1차,A1SA1020261000119567,[깜짝 특가] JTBC 월정액 1개월 100% 할인 쿠폰,PM30000269,"20260610","20260119","20261231",16
C2600N4,(주기성) 6월 쿠폰팩 GCP(5/24~6/21가입)_TB,A1CP1020261000120867,[FREE PASS] CJ ENM 1개월 무료_26년6월,PM30000154,"20260612","20260519","20260629",8
C2600N4,(주기성) 6월 쿠폰팩 GCP(5/24~6/21가입)_TB,A1CP1020261000120867,[FREE PASS] CJ ENM 1개월 무료_26년6월,PM30000154,"20260613","20260519","20260629",4
C2600N4,(주기성) 6월 쿠폰팩 GCP(5/24~6/21가입)_TB,A1SA1020261000120868,[FREE PASS] JTBC 1개월 무료_26년6월,PM30000269,"20260609","20260519","20260629",2
C2600ND,"지상파 월정액 첫달 3,300원_6월 1차",A1CP1020261000120947,"[6월 특가] 지상파 월정액 1개월 13,200원 할인",PM30000150,"20260608","20260526","20260630",1
C2600NG,SPOTV 6월 첫달무료_1차_0613 토팝,,,PPV 등,,,,1750323
C2600MO,[팝업] 밸류애드팀 STB 교체(26.5.25)_4-2차,,,PPV 등,,,,279643
C2600XE,"26년 7월_B tv+ 7월 4주차 복날 타임딜_UI 541 이상_2_F",A1CP1020261000121662,"[복날 치킨비] B tv+ 월 5,500원 이용 혜택 (최대 12개월)",PM30000107,"20260726","20260721","20260726",100
C2600NI,<시에라 마드레: 카르텔 전쟁> 할인쿠폰 프로모션,A1SA1020261000120862,"[시에라 마드레: 카르텔 전쟁 런칭] 영화 5,500원 할인",PPV 등,"20260604","20260518","20260630",27
C2600PY,SPOTV 6월 첫달무료_1차_0611,A1SA1020261000121164,[축구 이벤트] SPOTV Prime 1개월 무료,PM35000007,"20260629","20260609","20260630",41
C2600QU,"6월 성인 1+1 프로모션 (6/11~6/20)_수정",A1SA1020261000121168,"[1+1이벤트] 3,300원 할인 쿠폰",PPV 등,"20260621","20260609","20260731",201
C2600IY,"JTBC 월정액 6개월 약정 3,300원_5월 1차",A1CP1020261000120658,"[온가족특가] JTBC 6개월 약정 기간 내내 월 3,300원",PM30000269,"20260508","20260421","20260531",7
C2600O6,"26년 6월_B tv+ 비플리_UI 541 이상_1차 쿠폰(~6/7) & 배너(~6/30)_1",A1CP1020261000120872,[위클리 혜택] B tv+ 12개월 50% 할인,PM30000107,"20260531","20260520","20260630",78
C2600R5,<내 이름은> 할인쿠폰 프로모션,A1SA1020261000121159,"[내 이름은 런칭] 영화 5,500원 할인",PPV 등,"20260628","20260605","20260731",30
C2600LE,"CJ ENM 월정액 3개월 5,500원_5월 3차",A1CP1020261000120659,"[온가족특가] CJ ENM 월정액 3개월 내내 5,500원",PM30000154,"20260527","20260422","20260531",32
C2600IP,"CJ ENM 월정액 3개월 5,500원_5월 1차",A1CP1020261000120659,"[온가족특가] CJ ENM 월정액 3개월 내내 5,500원",PM30000154,"20260513","20260422","20260531",67
C2600TK,<메가 샤크 어택> 할인쿠폰 프로모션,A1SA1020261000121369,"[메가 샤크 어택 런칭] 영화 5,500원 할인",PPV 등,"20260722","20260626","20260731",13
C2600KI,"JTBC 월정액 6개월 약정 3,300원_5월 3차",A1CP1020261000120658,"[온가족특가] JTBC 6개월 약정 기간 내내 월 3,300원",PM30000269,"20260518","20260421","20260531",2
C2600PU,"26년 6월_B tv+ 파격할인_UI 541 이상_4",A1CP1020261000120874,"[파격할인] B tv+ 12개월 월 5,500원 혜택",PM30000107,"20260612","20260520","20260531",27
C2600P7,[주기성] 26년 6월_B tv+ 비플리_UI 541 이상_2~4차_3,A1CP1020261000120872,[위클리 혜택] B tv+ 12개월 50% 할인,PM30000107,"20260622","20260520","20260630",5
C2600QQ,통합 월정액 첫달 무료_6월 4차,A1CP1020261000120948,[이용 감사 혜택] 주요 월정액 1개월 100% 할인 (택1),PM30000176,"20260618","20260526","20260630",17
C2600XG,"26년 7월 B tv+ 할인 연장 캠페인_6개월/9개월 할인재연",A1CP1020261000121664,"[가입 유지 선물] B tv+ 월 5,500원 이용 혜택 6개월 자동 연장_7월",PPV 등,"20261101","20260721","20260831",2
C2600O8,[주기성] 26년 6월_B tv+ 비플리_UI 541 이하_쿠폰,A1CP1020261000120872,[위클리 혜택] B tv+ 12개월 50% 할인,PM30000107,"20260614","20260520","20260630",1
C2600P1,[팝업] 밸류애드팀 STB 교체(26.6.8))_2-1차,,,PPV 등,,,,293202
C2600PF,[팝업] 밸류애드팀 Btv 업_장기(26.6.10)_2-3차,,,PPV 등,,,,145369
C2600UY,[팝업] 밸류애드팀 STB 교체(26.7.13)_2-1차,,,PPV 등,,,,247238
C2600NO,<푸틴: 절대 권력의 최후> 할인쿠폰 프로모션,A1SA1020261000120952,"[푸틴: 절대 권력의 최후 런칭] 영화 3,300원 할인",PPV 등,,"20260526","20260630",189
C2600WJ,"CJ ENM 월정액 3개월 5,500원_7월 3차",A1CP1020261000121358,"[쿨썸머 특가] CJ ENM 월정액 3개월 내내 월 5,500원",PM30000154,"20260731","20260622","20260731",13
C2600TO,<마이클> 할인쿠폰 프로모션,A1SA1020261000121261,"[마이클 런칭] 영화 3,300원 할인",PPV 등,"20260719","20260616","20260815",44
C2600OY,통합 월정액 첫달 무료_6월 2차,A1CP1020261000120948,[이용 감사 혜택] 주요 월정액 1개월 100% 할인 (택1),PM30000176,"20260623","20260526","20260630",15
C2600J7,"지상파 월정액 3개월 내내 5,500원_5월 2차",A1CP1020261000120660,"[온가족특가] 지상파 월정액 3개월 내내 월 5,500원",PM30000150,"20260518","20260422","20260531",40
C2600N3,[주기성/쿠폰] <살목지&K-공포상영회> 할인쿠폰 프로모션,A1PR1020261000120873,[K-공포 상영회] 영화 50% 할인,PPV 등,"20260529","20260520","20260609",26
C2600QU,"6월 성인 1+1 프로모션 (6/11~6/20)_수정",A1SA1020261000121168,"[1+1이벤트] 3,300원 할인 쿠폰",PPV 등,"20260617","20260609","20260731",306
C2600S4,"6월 성인 1+1 프로모션_모바일 (6/21~6/30)",A1SA1020261000121171,"[1+1 앵콜 이벤트] 3,300원 할인 쿠폰 (모바일)",PPV 등,"20260705","20260609","20260731",37
C2600T6,"26년 6월 B tv+ 할인 연장 캠페인_광복절 5,500원",A1CP1020261000121367,"[가입 유지 선물] B tv+ 월 5,500원 이용 혜택 6개월 자동 연장_6월",PPV 등,"20260817","20260625","20260731",125
C2600LX,"26년 5월_B tv+ 비플리_UI 541 이상_2차(~5/25)_1(1770)",A1CP1020261000120859,[가정의 달] B tv+ 12개월 50% 할인 (~5/25),PM30000107,"20260520","20260515","20260525",83
C2600UT,"7월 성인 1+1 앵콜 프로모션_모바일 (7/11~7/20)",A1SA1020261000121459,"[1+1 앵콜 이벤트] 3,300원 할인 쿠폰 (모바일)",PPV 등,"20260728","20260708","20260831",5
C2600P6,[주기성] 26년 6월_B tv+ 비플리_UI 541 이상_2~4차_2,A1CP1020261000120872,[위클리 혜택] B tv+ 12개월 50% 할인,PM30000107,"20260618","20260520","20260630",38
C2600TN,"7월 성인 1+1 프로모션_모바일 (7/1~7/10)",A1SA1020261000121371,"[1+1이벤트] 3,300원 할인 쿠폰 (모바일)",PPV 등,"20260706","20260626","20260731",60
C2600VM,<헬파이어: 시수의 길> 할인쿠폰 프로모션,A1SA1020261000121461,"[헬파이어: 시수의 길 런칭] 영화 5,500원 할인",PPV 등,"20260731","20260708","20260831",7
C2600IP,"CJ ENM 월정액 3개월 5,500원_5월 1차",A1CP1020261000120659,"[온가족특가] CJ ENM 월정액 3개월 내내 5,500원",PM30000154,"20260526","20260422","20260531",52
C2600JA,<오시리스> 할인쿠폰 프로모션,A1SA1020261000120652,"[오시리스 런칭] 영화 3,300원 할인",PPV 등,"20260515","20260421","20260531",19
C2600QS,"6월 성인 1+1 프로모션_모바일_추가 (6/12~6/14 구매자)",A1SA1020261000121169,"[1+1이벤트] 3,300원 할인 쿠폰 (모바일)",PPV 등,"20260701","20260609","20260731",1
C2600UU,"7월 성인 1+1 앵콜 프로모션_모바일 (7/11~7/20)",A1SA1020261000121458,"[1+1 앵콜 이벤트] 3,300원 할인 쿠폰",PPV 등,"20260712","20260708","20260831",28
C2600N4,(주기성) 6월 쿠폰팩 GCP(5/24~6/21가입)_TB,A1SA1020261000120869,[FREE PASS] SPOTV 프라임패키지 1개월 무료_26년6월,PM35000007,"20260602","20260519","20260629",6
C2600QS,"6월 성인 1+1 프로모션_모바일_추가 (6/12~6/14 구매자)",A1SA1020261000121169,"[1+1이벤트] 3,300원 할인 쿠폰 (모바일)",PPV 등,"20260703","20260609","20260731",2
C2600WJ,"CJ ENM 월정액 3개월 5,500원_7월 3차",A1CP1020261000121358,"[쿨썸머 특가] CJ ENM 월정액 3개월 내내 월 5,500원",PM30000154,"20260725","20260622","20260731",6
C2600SC,<금발이 되고 싶어> 할인쿠폰 프로모션,A1SA1020261000121360,"[금발이 되고 싶어 런칭] 영화 5,500원 할인",PPV 등,"20260722","20260622","20260731",1
C2600O7,"2606_캐치온 해지방어_B tv+ Cross-sell",A1CP1020261000120958,[비밀 특가] B tv+ 1개월 100원,PM30000107,"20260707","20260528","20260712",1
C2600QL,"2606_플레이보이 디맨드_첫달무료_리마인드_2차",,,PPV 등,,,,209053
C2600T5,<마이클> 런칭 안내 팝업 (6/25),,,PPV 등,,,,6368368
C2600RG,"26년 6월_B tv+ 주말 야식비 지원_UI 541 이상_3",DummyOffer,,PPV 등,,,,318651
C2600T0,"26년 6월_B tv+ KBO 올스타전_UI 541 이상_2",A1CP1020261000121364,"[올스타전 특가] B tv+ 월 5,500원 혜택 (최대 12개월)",PM30000107,,"20260624","20260705",790503
C2600Q3,"6월 성인 1+1 프로모션 (6/11~6/20)",A1SA1020261000121168,"[1+1이벤트] 3,300원 할인 쿠폰",PPV 등,"20260629","20260609","20260731",6
C2600PU,"26년 6월_B tv+ 파격할인_UI 541 이상_4",A1CP1020261000120874,"[72시간 한정] B tv+ 12개월 월 5,500원 혜택",PM30000107,"20260613","20260526","20260614",29
C2600S3,"6월 성인 1+1 프로모션 (6/21~6/30)",A1SA1020261000121170,"[1+1 앵콜 이벤트] 3,300원 할인 쿠폰",PPV 등,"20260630","20260609","20260731",348
C2600QR,"6월 성인 1+1 프로모션_추가 (6/12~14 구매자)",A1SA1020261000121168,"[1+1이벤트] 3,300원 할인 쿠폰",PPV 등,"20260627","20260609","20260731",85
C2600MI,JTBC 월정액 첫달 무료_6월 1차,A1SA1020261000119567,[깜짝 특가] JTBC 월정액 1개월 100% 할인 쿠폰,PM30000269,"20260620","20260119","20261231",60
C2600VM,<헬파이어: 시수의 길> 할인쿠폰 프로모션,A1SA1020261000121461,"[헬파이어: 시수의 길 런칭] 영화 5,500원 할인",PPV 등,,"20260708","20260831",168
C2600QU,"6월 성인 1+1 프로모션 (6/11~6/20)_수정",A1SA1020261000121168,"[1+1이벤트] 3,300원 할인 쿠폰",PPV 등,"20260615","20260609","20260731",167
C2600QM,[보정용][주기성] 26년 6월_B tv+ 비플리_UI 541 이상_2~4차_1,A1CP1020261000120872,[위클리 혜택] B tv+ 12개월 50% 할인,PM30000107,"20260621","20260520","20260630",75
C2600QQ,통합 월정액 첫달 무료_6월 4차,A1CP1020261000120948,[이용 감사 혜택] 주요 월정액 1개월 100% 할인 (택1),PM30000176,"20260624","20260526","20260630",117
C2600PY,SPOTV 6월 첫달무료_1차_0611,A1SA1020261000121164,[축구 이벤트] SPOTV Prime 1개월 무료,PM35000007,"20260626","20260609","20260630",33
C2600UC,"26년 7월_B tv+ 비플리_UI 541 이상_쿠폰&배너_1",A1CP1020261000121365,[고객님만 혜택] B tv+ 반값 할인 (최대 12개월),PM30000107,"20260715","20260624","20260731",58
C2600NA,"26년 5월 B tv+ 할인 연장 캠페인_1주년 5,500원",A1CP1020261000120954,"[가입 유지 선물] B tv+ 월 5,500원 혜택 6개월 자동 연장_5월",PM30000107,"20260720","20260526","20260731",57
C2600M6,JTBC 월정액 첫달 무료_5월 2차,A1SA1020261000119567,[깜짝 특가] JTBC 월정액 1개월 100% 할인 쿠폰,PM30000269,"20260609","20260119","20261231",28
C2600UE,"26년 7월_B tv+ 비플리_UI 541 이상_쿠폰&배너_3",A1CP1020261000121365,[고객님만 혜택] B tv+ 반값 할인 (최대 12개월),PM30000107,"20260710","20260624","20260731",19
C2600TM,<신의 악단> 할인쿠폰 프로모션,A1SA1020261000121384,"[신의 악단 런칭] 영화 3,300원 할인",PPV 등,"20260722","20260630","20260731",23
C2600OA,"26년 6월_B tv+ 비플리_UI 541 이상_1차 쿠폰(~6/7) & 배너(~6/30)_2",A1CP1020261000120872,[위클리 혜택] B tv+ 12개월 50% 할인,PM30000107,"20260601","20260520","20260630",26
C2600N4,(주기성) 6월 쿠폰팩 GCP(5/24~6/21가입)_TB,A1CP1020261000120866,[FREE PASS] 지상파 3사 1개월 무료_26년6월,PM30000150,"20260604","20260519","20260629",6
C2600O0,"26년 6월_B tv+ 짝수달 유료전환 테스트_UI 552 이상",A1CP1020261000120870,[6월 한정] B tv+ 첫달 무료,PM30000107,"20260604","20260520","20260630",46
C2600S6,토이스토리 소장용 패키지 프로모션_수정,A1SA1020261000121259,"[토이 스토리 패키지 구매] 영화 5,500원 할인",PPV 등,"20260714","20260615","20260731",7
C2600R4,<피어스> 할인쿠폰 프로모션,A1SA1020261000121258,"[피어스 런칭] 영화 5,500원 할인",PPV 등,"20260704","20260615","20260731",2
C2600IY,"JTBC 월정액 6개월 약정 3,300원_5월 1차",A1CP1020261000120658,"[온가족특가] JTBC 6개월 약정 기간 내내 월 3,300원",PM30000269,"20260506","20260421","20260531",13
C2600UP,<서퍼> 할인쿠폰 프로모션,A1SA1020261000121460,"[서퍼 런칭] 영화 3,300원 할인",PPV 등,"20260728","20260708","20260831",6
C2600Q4,"6월 성인 1+1 프로모션_모바일 (6/11~6/20)",A1SA1020261000121169,"[1+1이벤트] 3,300원 할인 쿠폰 (모바일)",PPV 등,"20260616","20260609","20260731",2
C2600MM,"26년 5월_B tv+ 비플리_UI 541 이상_3차(~5/31)_3",A1CP1020261000120854,[가정의 달] B tv+ 12개월 50% 할인 (~5/31),PM30000107,"20260525","20260507","20260531",7
C2600UD,"26년 7월_B tv+ 비플리_UI 541 이상_쿠폰&배너_2",A1CP1020261000121365,[고객님만 혜택] B tv+ 반값 할인 (최대 12개월),PM30000107,"20260716","20260624","20260731",8
C2600JE,<캣 앤 독> 할인쿠폰 프로모션,A1SA1020261000120747,"[캣 앤 독 런칭] 영화 5,500원 할인",PPV 등,"20260510","20260428","20260531",2
C2600XS,[타겟] 최신 리모컨 무상 업그레이드 (7/28),,,PPV 등,,,,14353
C2600RR,[팝업] B tv 스탠다드+(조합형)_(26.6.23)_4-1차,,,PPV 등,,,,445197
C2600VV,[팝업] B tv All+(조합형)(26.7.21)_3-1차,,,PPV 등,,,,585649
C2600XF,비캐시 혜택 위크(군체 구매자 제외2),,,PPV 등,,,,1644448
C2600J5,"지상파 월정액 3개월 내내 5,500원_5월 1차",A1CP1020261000120660,"[온가족특가] 지상파 월정액 3개월 내내 월 5,500원",PM30000150,"20260509","20260422","20260531",66
C2600TK,<메가 샤크 어택> 할인쿠폰 프로모션,A1SA1020261000121369,"[메가 샤크 어택 런칭] 영화 5,500원 할인",PPV 등,"20260713","20260626","20260731",14
C2600SU,"26년 6월_B tv+ KBO 올스타전_UI 541 이상_1",A1CP1020261000121364,"[올스타전 특가] B tv+ 월 5,500원 혜택 (최대 12개월)",PM30000107,"20260627","20260624","20260705",159
C2600N4,(주기성) 6월 쿠폰팩 GCP(5/24~6/21가입)_TB,A1CP1020261000120865,[FREE PASS] B tv+ 1개월 무료_26년6월,PM30000107,"20260603","20260519","20260629",18
C2600TF,"지상파 월정액 3개월 5,500원_7월 1차",A1CP1020261000121373,"[쿨썸머 특가] 지상파 월정액 3개월 내내 월 5,500원",PM30000150,"20260718","20260629","20260731",112
C2600TI,JTBC 월정액 3개월 70% 할인_7월 2차,A1SA1020261000121374,[쿨썸머 특가] JTBC 월정액 3개월 내내 70% 할인,PM30000269,"20260726","20260629","20260731",10
C2600O0,"26년 6월_B tv+ 짝수달 유료전환 테스트_UI 552 이상",A1CP1020261000120870,[6월 한정] B tv+ 첫달 무료,PM30000107,"20260610","20260520","20260630",48
C2600TG,JTBC 월정액 3개월 70% 할인_7월 1차,A1SA1020261000121374,[쿨썸머 특가] JTBC 월정액 3개월 내내 70% 할인,PM30000269,"20260730","20260629","20260731",35
C2600P8,[주기성] 26년 6월_B tv+ 비플리_UI 541 이상_2~4차_4,A1CP1020261000120872,[위클리 혜택] B tv+ 12개월 50% 할인,PM30000107,"20260619","20260520","20260630",19
C2600QM,[보정용][주기성] 26년 6월_B tv+ 비플리_UI 541 이상_2~4차_1,A1CP1020261000120872,[위클리 혜택] B tv+ 12개월 50% 할인,PM30000107,"20260604","20260520","20260630",1
C2600NN,<코드 네임: 알라룸> 할인쿠폰 프로모션,A1SA1020261000120951,"[코드 네임: 알라룸 런칭] 영화 5,500원 할인",PPV 등,"20260630","20260526","20260630",1
C2600TK,<메가 샤크 어택> 할인쿠폰 프로모션,A1SA1020261000121369,"[메가 샤크 어택 런칭] 영화 5,500원 할인",PPV 등,"20260720","20260626","20260731",17
C2600QV,"6월 성인 1+1 프로모션_모바일 (6/11~6/20)_수정",A1SA1020261000121169,"[1+1이벤트] 3,300원 할인 쿠폰 (모바일)",PPV 등,"20260630","20260609","20260731",4
C2600OL,"지상파 월정액 첫달 3,300원_6월 2차",A1CP1020261000120947,"[6월 특가] 지상파 월정액 1개월 13,200원 할인",PM30000150,"20260628","20260526","20260630",2
C2600N5,(일회성) 6월 쿠폰팩 GCP(5/1~5/23가입)_TB,A1CP1020261000120866,[FREE PASS] 지상파 3사 1개월 무료_26년6월,PM30000150,"20260617","20260519","20260629",7
C2600MI,JTBC 월정액 첫달 무료_6월 1차,A1SA1020261000119567,[깜짝 특가] JTBC 월정액 1개월 100% 할인 쿠폰,PM30000269,"20260517","20260119","20261231",2
C2600UT,"7월 성인 1+1 앵콜 프로모션_모바일 (7/11~7/20)",A1SA1020261000121459,"[1+1 앵콜 이벤트] 3,300원 할인 쿠폰 (모바일)",PPV 등,"20260731","20260708","20260831",1
C2600P0,<쉘터> 타겟 프로모션_30%_0604,A1SA1020261000120953,[즉시 할인] 쉘터 30% 할인쿠폰,PPV 등,,"20260526","20260630",839505
C2600V5,[팝업] B tv 스탠다드+(조합형)_(26.7.14)_2-1차,,,PPV 등,,,,454015
C2600KN,JTBC 월정액 첫달 무료_5월 1차,A1SA1020261000119567,[깜짝 특가] JTBC 월정액 1개월 100% 할인 쿠폰,PM30000269,"20260517","20260119","20261231",293
C2600ML,"26년 5월_B tv+ 비플리_UI 541 이상_3차(~5/31)_2",A1CP1020261000120854,[가정의 달] B tv+ 12개월 50% 할인 (~5/31),PM30000107,"20260529","20260507","20260531",48
C2600VC,"2607_비플/캐치온 왕사남 해지취소_1주차_TV팝업",,,PPV 등,,,,2064
C2600QU,"6월 성인 1+1 프로모션 (6/11~6/20)_수정",A1SA1020261000121168,"[1+1이벤트] 3,300원 할인 쿠폰",PPV 등,"20260618","20260609","20260731",286
C2600T7,<노멀> 할인쿠폰 프로모션,A1SA1020261000121162,"[노멀 런칭] 영화 3,300원 할인",PPV 등,,"20260605","20260731",521
C2600QP,"지상파 월정액 첫달 3,300원_6월 5차",A1CP1020261000120947,"[6월 특가] 지상파 월정액 1개월 13,200원 할인",PM30000150,"20260628","20260526","20260630",99
C2600UE,"26년 7월_B tv+ 비플리_UI 541 이상_쿠폰&배너_3",A1CP1020261000121365,[고객님만 혜택] B tv+ 반값 할인 (최대 12개월),PM30000107,"20260727","20260624","20260731",22
C2600QN,"지상파 월정액 첫달 3,300원_6월 4차",A1CP1020261000120947,"[6월 특가] 지상파 월정액 1개월 13,200원 할인",PM30000150,"20260621","20260526","20260630",63
C2600P6,[주기성] 26년 6월_B tv+ 비플리_UI 541 이상_2~4차_2,A1CP1020261000120872,[위클리 혜택] B tv+ 12개월 50% 할인,PM30000107,"20260617","20260520","20260630",23
C2600LR,[팝업] 밸류애드팀 Btv 업_장기(26.5.20)_3-1차,,,PPV 등,,,,406910
C2600T0,"26년 6월_B tv+ KBO 올스타전_UI 541 이상_2",A1CP1020261000121364,"[올스타전 특가] B tv+ 월 5,500원 혜택 (최대 12개월)",PM30000107,"20260628","20260624","20260705",54
C2600UV,모아나 소장용 패키지 프로모션 (7/10),A1SA1020261000121465,"[모아나 패키지 구매] 영화 5,500원 할인",PPV 등,"20260719","20260708","20260831",7
C2600K8,<몽타주: 6일간의 추격> 타겟 프로모션_40%_0430,A1SA1020261000120748,[즉시 할인] 몽타주: 6일간의 추격 40% 할인쿠폰,PPV 등,"20260503","20260403","20260430",54
C2600O7,"2606_캐치온 해지방어_B tv+ Cross-sell",A1CP1020261000120958,[비밀 특가] B tv+ 1개월 100원,PM30000107,"20260625","20260528","20260712",1
C2600N5,(일회성) 6월 쿠폰팩 GCP(5/1~5/23가입)_TB,A1CP1020261000120866,[FREE PASS] 지상파 3사 1개월 무료_26년6월,PM30000150,"20260624","20260519","20260629",4
C2600XG,"26년 7월 B tv+ 할인 연장 캠페인_6개월/9개월 할인재연",A1CP1020261000121664,"[가입 유지 선물] B tv+ 월 5,500원 이용 혜택 6개월 자동 연장_7월",PPV 등,"20261001","20260721","20260831",78
C2600W7,"7월 성인 1+1 이열치열 프로모션 (7/21~/20)",A1SA1020261000121561,"[1+1 이열치열 이벤트] 3,300원 할인 쿠폰",PPV 등,"20260722","20260716","20260831",18
C2600N5,(일회성) 6월 쿠폰팩 GCP(5/1~5/23가입)_TB,A1CP1020261000120865,[FREE PASS] B tv+ 1개월 무료_26년6월,PM30000107,"20260620","20260519","20260629",14
C2600N4,(주기성) 6월 쿠폰팩 GCP(5/24~6/21가입)_TB,A1SA1020261000120868,[FREE PASS] JTBC 1개월 무료_26년6월,PM30000269,"20260616","20260519","20260629",6
C2600MB,<힌드의 목소리> 할인쿠폰 프로모션,A1SA1020261000120864,"[힌드의 목소리 런칭] 영화 5,500원 할인",PPV 등,"20260527","20260519","20260630",4
C2600LG,<스피드> 할인쿠폰 프로모션,A1SA1020261000120858,"[스피드 런칭] 영화 5,500원 할인",PPV 등,"20260528","20260512","20260531",5
C2600PU,"26년 6월_B tv+ 파격할인_UI 541 이상_4",A1CP1020261000120874,"[파격할인] B tv+ 12개월 월 5,500원 혜택",PM30000107,,"20260520","20260531",794605
C2600J5,"지상파 월정액 3개월 내내 5,500원_5월 1차",A1CP1020261000120660,"[온가족특가] 지상파 월정액 3개월 내내 월 5,500원",PM30000150,"20260516","20260422","20260531",52
C2600MI,JTBC 월정액 첫달 무료_6월 1차,A1SA1020261000119567,[깜짝 특가] JTBC 월정액 1개월 100% 할인 쿠폰,PM30000269,"20260627","20260119","20261231",53
C2600ML,"26년 5월_B tv+ 비플리_UI 541 이상_3차(~5/31)_2",A1CP1020261000120854,[가정의 달] B tv+ 12개월 50% 할인 (~5/31),PM30000107,"20260530","20260507","20260531",61
C2600IP,"CJ ENM 월정액 3개월 5,500원_5월 1차",A1CP1020261000120659,"[온가족특가] CJ ENM 월정액 3개월 내내 5,500원",PM30000154,"20260516","20260422","20260531",74
C2600LX,"26년 5월_B tv+ 비플리_UI 541 이상_2차(~5/25)_1(1770)",A1CP1020261000120859,[가정의 달] B tv+ 12개월 50% 할인 (~5/25),PM30000107,"20260517","20260515","20260525",21
C2600P8,[주기성] 26년 6월_B tv+ 비플리_UI 541 이상_2~4차_4,A1CP1020261000120872,[위클리 혜택] B tv+ 12개월 50% 할인,PM30000107,"20260620","20260520","20260630",25
C2600SG,"CJ ENM 월정액 3개월 5,500원_7월 1차",A1CP1020261000121358,"[쿨썸머 특가] CJ ENM 월정액 3개월 내내 월 5,500원",PM30000154,"20260712","20260622","20260731",66
C2600VM,<헬파이어: 시수의 길> 할인쿠폰 프로모션,A1SA1020261000121461,"[헬파이어: 시수의 길 런칭] 영화 5,500원 할인",PPV 등,"20260721","20260708","20260831",13
C2600NP,<모탈 컴뱃2> 할인쿠폰 프로모션,A1SA1020261000120959,"[모탈컴뱃2 런칭] 영화 5,500원 할인",PPV 등,"20260606","20260528","20260615",23
C2600LG,<스피드> 할인쿠폰 프로모션,A1SA1020261000120858,"[스피드 런칭] 영화 5,500원 할인",PPV 등,"20260529","20260512","20260531",5
C2600R5,<내 이름은> 할인쿠폰 프로모션,A1SA1020261000121159,"[내 이름은 런칭] 영화 5,500원 할인",PPV 등,"20260627","20260605","20260731",42
C2600VD,"CJ ENM 월정액 3개월 5,500원_7월 2차",A1CP1020261000121358,"[쿨썸머 특가] CJ ENM 월정액 3개월 내내 월 5,500원",PM30000154,"20260731","20260622","20260731",57
C2600TZ,"지상파 월정액 3개월 5,500원_7월 2차",A1CP1020261000121373,"[쿨썸머 특가] 지상파 월정액 3개월 내내 월 5,500원",PM30000150,"20260720","20260629","20260731",45
C2600PQ,통합 월정액 첫달 무료_6월 3차,A1CP1020261000120948,[이용 감사 혜택] 주요 월정액 1개월 100% 할인 (택1),PM30000176,"20260620","20260526","20260630",212
C2600S3,"6월 성인 1+1 프로모션 (6/21~6/30)",A1SA1020261000121170,"[1+1 앵콜 이벤트] 3,300원 할인 쿠폰",PPV 등,"20260707","20260609","20260731",147
C2600VH,"26년 7월_B tv+ KBS 이승철 콘서트_타임딜_UI 541 이상_1",A1CP1020261000121559,"[이승철 특가] B tv+ 월 5,500원 이용 혜택 (최대 12개월)",PM30000107,"20260716","20260714","20260722",48
C2600JA,<오시리스> 할인쿠폰 프로모션,A1SA1020261000120652,"[오시리스 런칭] 영화 3,300원 할인",PPV 등,"20260510","20260421","20260531",17
C2600UD,"26년 7월_B tv+ 비플리_UI 541 이상_쿠폰&배너_2",A1CP1020261000121365,[고객님만 혜택] B tv+ 반값 할인 (최대 12개월),PM30000107,"20260708","20260624","20260731",35
C2600N4,(주기성) 6월 쿠폰팩 GCP(5/24~6/21가입)_TB,A1CP1020261000120865,[FREE PASS] B tv+ 1개월 무료_26년6월,PM30000107,"20260616","20260519","20260629",23
C2600TH,<살목지> 할인쿠폰 프로모션,A1SA1020261000121380,"[살목지 런칭] 영화 3,300원 할인",PPV 등,"20260714","20260629","20260731",11
C2600JA,<오시리스> 할인쿠폰 프로모션,A1SA1020261000120652,"[오시리스 런칭] 영화 3,300원 할인",PPV 등,"20260524","20260421","20260531",10
C2600M0,"26년 5월_B tv+ 비플리_UI 541 이상_2차(~5/25)_4(1770)",A1CP1020261000120859,[가정의 달] B tv+ 12개월 50% 할인 (~5/25),PM30000107,"20260524","20260515","20260525",1
C2600T7,<노멀> 할인쿠폰 프로모션,A1SA1020261000121162,"[노멀 런칭] 영화 3,300원 할인",PPV 등,"20260716","20260605","20260731",24
C2600ML,"26년 5월_B tv+ 비플리_UI 541 이상_3차(~5/31)_2",A1CP1020261000120854,[가정의 달] B tv+ 12개월 50% 할인 (~5/31),PM30000107,"20260526","20260507","20260531",38
C2600PT,"26년 6월_B tv+ 파격할인_UI 541 이상_3",A1CP1020261000120874,"[파격할인] B tv+ 12개월 월 5,500원 혜택",PM30000107,"20260611","20260520","20260531",9
C2600LW,수요1+1무비쿠폰(5월 쿠폰발급),A1PR1020261000120851,[연휴무비쿠폰] 20% 할인(5천원 이상 사용),PPV 등,"20260523","20260408","20260525",28
C2600UP,<서퍼> 할인쿠폰 프로모션,A1SA1020261000121460,"[서퍼 런칭] 영화 3,300원 할인",PPV 등,"20260724","20260708","20260831",10
C2600XB,"26년 7월_B tv+ 7월 4주차 복날 타임딜_UI 541 이상_4_F",A1CP1020261000121662,"[복날 치킨비] B tv+ 월 5,500원 이용 혜택 (최대 12개월)",PM30000107,"20260723","20260721","20260726",5
C2600SC,<금발이 되고 싶어> 할인쿠폰 프로모션,A1SA1020261000121360,"[금발이 되고 싶어 런칭] 영화 5,500원 할인",PPV 등,"20260708","20260622","20260731",10
C2600JZ,"JTBC 월정액 6개월 약정 3,300원_5월 2차",A1CP1020261000120658,"[온가족특가] JTBC 6개월 약정 기간 내내 월 3,300원",PM30000269,"20260506","20260421","20260531",12
C2600N4,(주기성) 6월 쿠폰팩 GCP(5/24~6/21가입)_TB,A1SA1020261000120868,[FREE PASS] JTBC 1개월 무료_26년6월,PM30000269,"20260624","20260519","20260629",6
C2600O7,"2606_캐치온 해지방어_B tv+ Cross-sell",A1CP1020261000120958,[비밀 특가] B tv+ 1개월 100원,PM30000107,"20260616","20260528","20260712",1
C2600Q4,"6월 성인 1+1 프로모션_모바일 (6/11~6/20)",A1SA1020261000121169,"[1+1이벤트] 3,300원 할인 쿠폰 (모바일)",PPV 등,"20260612","20260609","20260731",2
C2600T4,"26년 6월_B tv+ KBO 올스타전_UI 541 이상_4",A1CP1020261000121364,"[올스타전 특가] B tv+ 월 5,500원 혜택 (최대 12개월)",PM30000107,"20260630","20260624","20260705",2
C2600R3,[모바일 B tv] '26년 6월 수요 1+1 무비 쿠폰 앱푸쉬 (Mass),,,PPV 등,,,,922971
C2600PR,"26년 6월_B tv+ 파격할인_UI 541 이상_1",A1CP1020261000120874,"[파격할인] B tv+ 12개월 월 5,500원 혜택",PM30000107,,"20260520","20260531",789110
C2600N4,(주기성) 6월 쿠폰팩 GCP(5/24~6/21가입)_TB,A1CP1020261000120867,[FREE PASS] CJ ENM 1개월 무료_26년6월,PM30000154,,"20260519","20260629",51566
C2600LY,"26년 5월_B tv+ 비플리_UI 541 이상_2차(~5/25)_2(1770)",A1CP1020261000120859,[가정의 달] B tv+ 12개월 50% 할인 (~5/25),PM30000107,"20260522","20260515","20260525",52
C2600TY,"2607_주기성_전환동의 띠배너 편성제외",,,PPV 등,,,,343
C2600W1,"26년 7월_B tv+ KBS 이승철 콘서트_타임딜_UI 541 이상_2",A1CP1020261000121559,"[이승철 특가] B tv+ 월 5,500원 이용 혜택 (최대 12개월)",PM30000107,,"20260714","20260722",1064518
C2600PY,SPOTV 6월 첫달무료_1차_0611,A1SA1020261000121164,[축구 이벤트] SPOTV Prime 1개월 무료,PM35000007,"20260612","20260609","20260630",115
C2600NN,<코드 네임: 알라룸> 할인쿠폰 프로모션,A1SA1020261000120951,"[코드 네임: 알라룸 런칭] 영화 5,500원 할인",PPV 등,"20260613","20260526","20260630",26
C2600PV,"26년 6월_B tv+ 파격할인_UI 541 이하_5",A1CP1020261000120874,"[72시간 한정] B tv+ 12개월 월 5,500원 혜택",PM30000107,"20260613","20260526","20260614",25
C2600LW,수요1+1무비쿠폰(5월 쿠폰발급),A1PR1020261000120851,[연휴무비쿠폰] 20% 할인(5천원 이상 사용),PPV 등,"20260525","20260408","20260525",14
C2600PP,"지상파 월정액 첫달 3,300원_6월 3차",A1CP1020261000120947,"[6월 특가] 지상파 월정액 1개월 13,200원 할인",PM30000150,"20260623","20260526","20260630",82
C2600UC,"26년 7월_B tv+ 비플리_UI 541 이상_쿠폰&배너_1",A1CP1020261000121365,[고객님만 혜택] B tv+ 반값 할인 (최대 12개월),PM30000107,"20260709","20260624","20260731",92
C2600XH,"26년 7월 B tv+ 50% 할인 연장 캠페인_25년9월할인",A1CP1020261000121665,[가입 유지 선물] B tv+ 50% 할인 혜택 6개월 자동 연장_7월,PPV 등,"20260903","20260721","20260831",24
C2600TL,"7월 성인 1+1 프로모션 (7/1~7/10)",A1SA1020261000121370,"[1+1이벤트] 3,300원 할인 쿠폰",PPV 등,"20260716","20260626","20260731",106
C2600P5,[주기성] 26년 6월_B tv+ 비플리_UI 541 이상_2~4차_1,A1CP1020261000120872,[위클리 혜택] B tv+ 12개월 50% 할인,PM30000107,"20260617","20260520","20260630",36
C2600LE,"CJ ENM 월정액 3개월 5,500원_5월 3차",A1CP1020261000120659,"[온가족특가] CJ ENM 월정액 3개월 내내 5,500원",PM30000154,"20260526","20260422","20260531",21
C2600L7,"26년 5월_B tv+ 비플리_UI 541 이상_1차(~5/17)_1(1770)",A1CP1020261000120853,[가정의 달] B tv+ 12개월 50% 할인 (~5/17),PM30000107,"20260516","20260507","20260517",114
C2600IY,"JTBC 월정액 6개월 약정 3,300원_5월 1차",A1CP1020261000120658,"[온가족특가] JTBC 6개월 약정 기간 내내 월 3,300원",PM30000269,"20260526","20260421","20260531",15
C2600NT,[팝업] 밸류애드팀 Btv 업_단기(26.6.2)_1-3차,,,PPV 등,,,,145836
C2600RK,[팝업] 밸류애드팀 STB 교체(26.6.22)_4-1차,,,PPV 등,,,,251179
C2600SW,[팝업] 밸류애드팀 Btv 업_장기(26.7.1)_5-3차,,,PPV 등,,,,371655
C2600T4,"26년 6월_B tv+ KBO 올스타전_UI 541 이상_4",DummyOffer,,PPV 등,,,,303512
C2600VH,"26년 7월_B tv+ KBS 이승철 콘서트_타임딜_UI 541 이상_1",A1CP1020261000121559,"[이승철 특가] B tv+ 월 5,500원 이용 혜택 (최대 12개월)",PM30000107,,"20260714","20260722",1064930
C2600WC,"지상파 월정액 3개월 5,500원_7월 3차",A1CP1020261000121373,"[쿨썸머 특가] 지상파 월정액 3개월 내내 월 5,500원",PM30000150,"20260728","20260629","20260731",40
C2600QR,"6월 성인 1+1 프로모션_추가 (6/12~14 구매자)",A1SA1020261000121168,"[1+1이벤트] 3,300원 할인 쿠폰",PPV 등,"20260622","20260609","20260731",88
C2600OY,통합 월정액 첫달 무료_6월 2차,A1CP1020261000120948,[이용 감사 혜택] 주요 월정액 1개월 100% 할인 (택1),PM30000176,"20260626","20260526","20260630",18
C2600XG,"26년 7월 B tv+ 할인 연장 캠페인_6개월/9개월 할인재연",A1CP1020261000121664,"[가입 유지 선물] B tv+ 월 5,500원 이용 혜택 6개월 자동 연장_7월",PPV 등,"20260913","20260721","20260831",50
C2600VH,"26년 7월_B tv+ KBS 이승철 콘서트_타임딜_UI 541 이상_1",A1CP1020261000121559,"[이승철 특가] B tv+ 월 5,500원 이용 혜택 (최대 12개월)",PM30000107,"20260717","20260714","20260722",92
C2600S7,토이스토리 소장용 패키지 프로모션 (6/18~6/21 발급),A1SA1020261000121259,"[토이 스토리 패키지 구매] 영화 5,500원 할인",PPV 등,"20260627","20260615","20260731",28
C2600W1,"26년 7월_B tv+ KBS 이승철 콘서트_타임딜_UI 541 이상_2",A1CP1020261000121559,"[이승철 특가] B tv+ 월 5,500원 이용 혜택 (최대 12개월)",PM30000107,"20260722","20260714","20260722",65
C2600TM,<신의 악단> 할인쿠폰 프로모션,A1SA1020261000121384,"[신의 악단 런칭] 영화 3,300원 할인",PPV 등,"20260728","20260630","20260731",6
C2600TK,<메가 샤크 어택> 할인쿠폰 프로모션,A1SA1020261000121369,"[메가 샤크 어택 런칭] 영화 5,500원 할인",PPV 등,"20260725","20260626","20260731",11
C2600KP,<왕과 사는 남자> 할인쿠폰 프로모션,A1SA1020261000120651,"[왕과 사는 남자 런칭] 영화 4,400원 할인",PPV 등,"20260518","20260421","20260531",7
C2600TA,[주기성] 26년 7월_B tv+ 비플리_UI 541 이하_쿠폰,A1CP1020261000121366,[고객님만 혜택] B tv+ 반값 할인 (최대 12개월),PM30000107,"20260711","20260624","20260731",23
C2600TJ,<데드 오브 윈터> 할인쿠폰 프로모션,A1SA1020261000121361,"[데드 오브 윈터 런칭] 영화 3,300원 할인",PPV 등,"20260711","20260622","20260731",25
C2600TH,<살목지> 할인쿠폰 프로모션,A1SA1020261000121380,"[살목지 런칭] 영화 3,300원 할인",PPV 등,"20260711","20260629","20260731",34
C2600LG,<스피드> 할인쿠폰 프로모션,A1SA1020261000120858,"[스피드 런칭] 영화 5,500원 할인",PPV 등,"20260530","20260512","20260531",6
C2600QV,"6월 성인 1+1 프로모션_모바일 (6/11~6/20)_수정",A1SA1020261000121169,"[1+1이벤트] 3,300원 할인 쿠폰 (모바일)",PPV 등,"20260627","20260609","20260731",5
C2600QQ,통합 월정액 첫달 무료_6월 4차,A1CP1020261000120948,[이용 감사 혜택] 주요 월정액 1개월 100% 할인 (택1),PM30000176,"20260611","20260526","20260630",9
C2600NI,<시에라 마드레: 카르텔 전쟁> 할인쿠폰 프로모션,A1SA1020261000120862,"[시에라 마드레: 카르텔 전쟁 런칭] 영화 5,500원 할인",PPV 등,"20260615","20260518","20260630",8
C2600KO,<폭탄> 할인쿠폰 프로모션,A1SA1020261000120751,"[폭탄 런칭] 영화 5,500원 할인",PPV 등,"20260530","20260430","20260531",1
C2600N4,(주기성) 6월 쿠폰팩 GCP(5/24~6/21가입)_TB,A1CP1020261000120866,[FREE PASS] 지상파 3사 1개월 무료_26년6월,PM30000150,"20260610","20260519","20260629",5
C2600PU,"26년 6월_B tv+ 파격할인_UI 541 이상_4",A1CP1020261000120874,"[파격할인] B tv+ 12개월 월 5,500원 혜택",PM30000107,"20260611","20260520","20260531",1
C2600KO,<폭탄> 할인쿠폰 프로모션,A1SA1020261000120751,"[폭탄 런칭] 영화 5,500원 할인",PPV 등,"20260605","20260430","20260531",1
C2600R4,<피어스> 할인쿠폰 프로모션,A1SA1020261000121258,"[피어스 런칭] 영화 5,500원 할인",PPV 등,"20260707","20260615","20260731",1
C2600WJ,"CJ ENM 월정액 3개월 5,500원_7월 3차",A1CP1020261000121358,"[쿨썸머 특가] CJ ENM 월정액 3개월 내내 월 5,500원",PM30000154,"20260701","20260622","20260731",1
C2600JT,[팝업] 밸류애드팀 Btv 업_장기(26.5.06)_1-1차,,,PPV 등,,,,393575
C2600LS,[팝업] 밸류애드팀 Btv 업_장기(26.5.20)_3-2차,,,PPV 등,,,,385294
C2600OB,"26년 6월_B tv+ 비플리_UI 541 이상_1차 쿠폰(~6/7) & 배너(~6/30)_3",A1CP1020261000120872,[위클리 혜택] B tv+ 12개월 50% 할인,PM30000107,"20260607","20260520","20260630",11
C2600N5,(일회성) 6월 쿠폰팩 GCP(5/1~5/23가입)_TB,A1CP1020261000120866,[FREE PASS] 지상파 3사 1개월 무료_26년6월,PM30000150,"20260628","20260519","20260629",15
C2600N5,(일회성) 6월 쿠폰팩 GCP(5/1~5/23가입)_TB,A1CP1020261000120866,[FREE PASS] 지상파 3사 1개월 무료_26년6월,PM30000150,"20260613","20260519","20260629",6
C2600S6,토이스토리 소장용 패키지 프로모션_수정,A1SA1020261000121259,"[토이 스토리 패키지 구매] 영화 5,500원 할인",PPV 등,"20260701","20260615","20260731",18
C2600N5,(일회성) 6월 쿠폰팩 GCP(5/1~5/23가입)_TB,A1CP1020261000120866,[FREE PASS] 지상파 3사 1개월 무료_26년6월,PM30000150,"20260619","20260519","20260629",2
C2600UT,"7월 성인 1+1 앵콜 프로모션_모바일 (7/11~7/20)",A1SA1020261000121459,"[1+1 앵콜 이벤트] 3,300원 할인 쿠폰 (모바일)",PPV 등,"20260723","20260708","20260831",10
C2600OB,"26년 6월_B tv+ 비플리_UI 541 이상_1차 쿠폰(~6/7) & 배너(~6/30)_3",A1CP1020261000120872,[위클리 혜택] B tv+ 12개월 50% 할인,PM30000107,"20260619","20260520","20260630",8
C2600O6,"26년 6월_B tv+ 비플리_UI 541 이상_1차 쿠폰(~6/7) & 배너(~6/30)_1",A1CP1020261000120872,[위클리 혜택] B tv+ 12개월 50% 할인,PM30000107,"20260612","20260520","20260630",2
C2600KI,"JTBC 월정액 6개월 약정 3,300원_5월 3차",A1CP1020261000120658,"[온가족특가] JTBC 6개월 약정 기간 내내 월 3,300원",PM30000269,"20260528","20260421","20260531",1
C2600R4,<피어스> 할인쿠폰 프로모션,A1SA1020261000121258,"[피어스 런칭] 영화 5,500원 할인",PPV 등,"20260626","20260615","20260731",1
C2600N3,[주기성/쿠폰] <살목지&K-공포상영회> 할인쿠폰 프로모션,A1PR1020261000120873,[K-공포 상영회] 영화 50% 할인,PPV 등,"20260616","20260520","20260609",1
C2600T9,"26년 6월 B tv+ 할인 연장 캠페인_8월할인 7,700원",A1CP1020261000121368,"[가입 유지 선물] B tv+ 월 7,700원 이용 혜택 6개월 자동 연장_6월",PPV 등,"20260817","20260625","20260731",1
C2600NR,[팝업] 밸류애드팀 Btv 업_단기(26.6.2)_1-1차,,,PPV 등,,,,279775
C2600UC,"26년 7월_B tv+ 비플리_UI 541 이상_쿠폰&배너_1",A1CP1020261000121365,[고객님만 혜택] B tv+ 반값 할인 (최대 12개월),PM30000107,"20260731","20260624","20260731",106
C2600S9,통합 월정액 첫달 90% 할인_추가 1차,A1CP1020261000121363,[쿨썸머 파격 특가] 주요 월정액 첫달 90% 할인 (택1),PM30000176,"20260624","20260622","20260629",139
C2600Q5,<스위트 홈: 진격의 거인> 할인쿠폰 프로모션,A1SA1020261000121160,"[스위트 홈: 진격의 거인 런칭] 영화 3,300원 할인",PPV 등,,"20260605","20260731",459
C2600O6,"26년 6월_B tv+ 비플리_UI 541 이상_1차 쿠폰(~6/7) & 배너(~6/30)_1",A1CP1020261000120872,[위클리 혜택] B tv+ 12개월 50% 할인,PM30000107,"20260624","20260520","20260630",67
C2600SD,통합 월정액 첫달 90% 할인_추가 2차,A1CP1020261000121363,[쿨썸머 파격 특가] 주요 월정액 첫달 90% 할인 (택1),PM30000176,"20260628","20260622","20260629",105
C2600UC,"26년 7월_B tv+ 비플리_UI 541 이상_쿠폰&배너_1",A1CP1020261000121365,[고객님만 혜택] B tv+ 반값 할인 (최대 12개월),PM30000107,"20260729","20260624","20260731",93
C2600W7,"7월 성인 1+1 이열치열 프로모션 (7/21~/20)",A1SA1020261000121561,"[1+1 이열치열 이벤트] 3,300원 할인 쿠폰",PPV 등,"20260801","20260716","20260831",157
C2600N4,(주기성) 6월 쿠폰팩 GCP(5/24~6/21가입)_TB,A1CP1020261000120866,[FREE PASS] 지상파 3사 1개월 무료_26년6월,PM30000150,"20260609","20260519","20260629",10
C2600TN,"7월 성인 1+1 프로모션_모바일 (7/1~7/10)",A1SA1020261000121371,"[1+1이벤트] 3,300원 할인 쿠폰 (모바일)",PPV 등,"20260710","20260626","20260731",61
C2600OL,"지상파 월정액 첫달 3,300원_6월 2차",A1CP1020261000120947,"[6월 특가] 지상파 월정액 1개월 13,200원 할인",PM30000150,"20260622","20260526","20260630",33
C2600SJ,[주기성]프라다입고문워크 신작혜택파티 프로모션,A1PR1020261000121272,[신작혜택파티] 영화 30% 할인(악마는프라다2 외 대상작),PPV 등,"20260629","20260618","20260706",43
C2600TK,<메가 샤크 어택> 할인쿠폰 프로모션,A1SA1020261000121369,"[메가 샤크 어택 런칭] 영화 5,500원 할인",PPV 등,"20260717","20260626","20260731",32
C2600NN,<코드 네임: 알라룸> 할인쿠폰 프로모션,A1SA1020261000120951,"[코드 네임: 알라룸 런칭] 영화 5,500원 할인",PPV 등,"20260604","20260526","20260630",16
C2600N3,[주기성/쿠폰] <살목지&K-공포상영회> 할인쿠폰 프로모션,A1PR1020261000120873,[K-공포 상영회] 영화 50% 할인,PPV 등,"20260609","20260520","20260609",45
C2600KM,"지상파 월정액 3개월 내내 5,500원_5월 3차",A1CP1020261000120660,"[온가족특가] 지상파 월정액 3개월 내내 월 5,500원",PM30000150,"20260525","20260422","20260531",31
C2600N5,(일회성) 6월 쿠폰팩 GCP(5/1~5/23가입)_TB,A1CP1020261000120865,[FREE PASS] B tv+ 1개월 무료_26년6월,PM30000107,"20260616","20260519","20260629",11
C2600O8,[주기성] 26년 6월_B tv+ 비플리_UI 541 이하_쿠폰,A1CP1020261000120872,[위클리 혜택] B tv+ 12개월 50% 할인,PM30000107,"20260604","20260520","20260630",11
C2600UC,"26년 7월_B tv+ 비플리_UI 541 이상_쿠폰&배너_1",A1CP1020261000121365,[고객님만 혜택] B tv+ 반값 할인 (최대 12개월),PM30000107,"20260723","20260624","20260731",14
C2600JZ,"JTBC 월정액 6개월 약정 3,300원_5월 2차",A1CP1020261000120658,"[온가족특가] JTBC 6개월 약정 기간 내내 월 3,300원",PM30000269,"20260522","20260421","20260531",12
C2600PR,"26년 6월_B tv+ 파격할인_UI 541 이상_1",A1CP1020261000120874,"[72시간 한정] B tv+ 12개월 월 5,500원 혜택",PM30000107,"20260630","20260526","20260614",1
C2600LG,<스피드> 할인쿠폰 프로모션,A1SA1020261000120858,"[스피드 런칭] 영화 5,500원 할인",PPV 등,"20260607","20260512","20260531",3
C2600WC,"지상파 월정액 3개월 5,500원_7월 3차",A1CP1020261000121373,"[쿨썸머 특가] 지상파 월정액 3개월 내내 월 5,500원",PM30000150,"20260711","20260629","20260731",1
C2600KO,<폭탄> 할인쿠폰 프로모션,A1SA1020261000120751,"[폭탄 런칭] 영화 5,500원 할인",PPV 등,"20260603","20260430","20260531",1
C2600KN,JTBC 월정액 첫달 무료_5월 1차,A1SA1020261000119567,[깜짝 특가] JTBC 월정액 1개월 100% 할인 쿠폰,PM30000269,"20260518","20260119","20261231",1
C2600MN,"26년 5월_B tv+ 비플리_UI 541 이상_3차(~5/31)_4",A1CP1020261000120854,[가정의 달] B tv+ 12개월 50% 할인 (~5/31),PM30000107,,"20260507","20260531",306215
C2600TF,"지상파 월정액 3개월 5,500원_7월 1차",A1CP1020261000121373,"[쿨썸머 특가] 지상파 월정액 3개월 내내 월 5,500원",PM30000150,,"20260629","20260731",497198
C2600J7,"지상파 월정액 3개월 내내 5,500원_5월 2차",A1CP1020261000120660,"[온가족특가] 지상파 월정액 3개월 내내 월 5,500원",PM30000150,"20260509","20260422","20260531",81
C2600J7,"지상파 월정액 3개월 내내 5,500원_5월 2차",A1CP1020261000120660,"[온가족특가] 지상파 월정액 3개월 내내 월 5,500원",PM30000150,"20260508","20260422","20260531",48
C2600QU,"6월 성인 1+1 프로모션 (6/11~6/20)_수정",A1SA1020261000121168,"[1+1이벤트] 3,300원 할인 쿠폰",PPV 등,"20260616","20260609","20260731",263
C2600SU,"26년 6월_B tv+ KBO 올스타전_UI 541 이상_1",A1CP1020261000121364,"[올스타전 특가] B tv+ 월 5,500원 혜택 (최대 12개월)",PM30000107,"20260625","20260624","20260705",147
C2600NH,<리 크로닌의 미이라> 할인쿠폰 프로모션,A1SA1020261000120855,"[리 크로닌의 미이라] 영화 3,300원 할인",PPV 등,"20260609","20260507","20260630",22
C2600LG,<스피드> 할인쿠폰 프로모션,A1SA1020261000120858,"[스피드 런칭] 영화 5,500원 할인",PPV 등,"20260602","20260512","20260531",1
C2600VN,<엘리베이션> 할인쿠폰 프로모션,A1SA1020261000121463,"[엘리베이션 런칭] 영화 3,300원 할인",PPV 등,"20260726","20260708","20260831",167
C2600N4,(주기성) 6월 쿠폰팩 GCP(5/24~6/21가입)_TB,A1SA1020261000120869,[FREE PASS] SPOTV 프라임패키지 1개월 무료_26년6월,PM35000007,"20260628","20260519","20260629",52
C2600P6,[주기성] 26년 6월_B tv+ 비플리_UI 541 이상_2~4차_2,A1CP1020261000120872,[위클리 혜택] B tv+ 12개월 50% 할인,PM30000107,"20260625","20260520","20260630",11
C2600ND,"지상파 월정액 첫달 3,300원_6월 1차",A1CP1020261000120947,"[6월 특가] 지상파 월정액 1개월 13,200원 할인",PM30000150,"20260615","20260526","20260630",79
C2600JZ,"JTBC 월정액 6개월 약정 3,300원_5월 2차",A1CP1020261000120658,"[온가족특가] JTBC 6개월 약정 기간 내내 월 3,300원",PM30000269,"20260508","20260421","20260531",12
C2600LY,"26년 5월_B tv+ 비플리_UI 541 이상_2차(~5/25)_2(1770)",A1CP1020261000120859,[가정의 달] B tv+ 12개월 50% 할인 (~5/25),PM30000107,"20260523","20260515","20260525",78
C2600QP,"지상파 월정액 첫달 3,300원_6월 5차",A1CP1020261000120947,"[6월 특가] 지상파 월정액 1개월 13,200원 할인",PM30000150,"20260630","20260526","20260630",29
C2600UP,<서퍼> 할인쿠폰 프로모션,A1SA1020261000121460,"[서퍼 런칭] 영화 3,300원 할인",PPV 등,"20260723","20260708","20260831",16
C2600S4,"6월 성인 1+1 프로모션_모바일 (6/21~6/30)",A1SA1020261000121171,"[1+1 앵콜 이벤트] 3,300원 할인 쿠폰 (모바일)",PPV 등,"20260622","20260609","20260731",7
C2600NI,<시에라 마드레: 카르텔 전쟁> 할인쿠폰 프로모션,A1SA1020261000120862,"[시에라 마드레: 카르텔 전쟁 런칭] 영화 5,500원 할인",PPV 등,"20260608","20260518","20260630",15
C2600UV,모아나 소장용 패키지 프로모션 (7/10),A1SA1020261000121465,"[모아나 패키지 구매] 영화 5,500원 할인",PPV 등,"20260722","20260708","20260831",9
C2600S6,토이스토리 소장용 패키지 프로모션_수정,A1SA1020261000121259,"[토이 스토리 패키지 구매] 영화 5,500원 할인",PPV 등,"20260720","20260615","20260731",3
C2600IY,"JTBC 월정액 6개월 약정 3,300원_5월 1차",A1CP1020261000120658,"[온가족특가] JTBC 6개월 약정 기간 내내 월 3,300원",PM30000269,"20260505","20260421","20260531",14
C2600Q5,<스위트 홈: 진격의 거인> 할인쿠폰 프로모션,A1SA1020261000121160,"[스위트 홈: 진격의 거인 런칭] 영화 3,300원 할인",PPV 등,"20260615","20260605","20260731",7
C2600M6,JTBC 월정액 첫달 무료_5월 2차,A1SA1020261000119567,[깜짝 특가] JTBC 월정액 1개월 100% 할인 쿠폰,PM30000269,"20260616","20260119","20261231",16
C2600OL,"지상파 월정액 첫달 3,300원_6월 2차",A1CP1020261000120947,"[6월 특가] 지상파 월정액 1개월 13,200원 할인",PM30000150,"20260630","20260526","20260630",2
C2600N4,(주기성) 6월 쿠폰팩 GCP(5/24~6/21가입)_TB,A1SA1020261000120869,[FREE PASS] SPOTV 프라임패키지 1개월 무료_26년6월,PM35000007,"20260625","20260519","20260629",8
C2600M0,"26년 5월_B tv+ 비플리_UI 541 이상_2차(~5/25)_4(1770)",A1CP1020261000120859,[가정의 달] B tv+ 12개월 50% 할인 (~5/25),PM30000107,"20260520","20260515","20260525",2
C2600OC,"26년 6월_B tv+ 비플리_UI 541 이상_1차 쿠폰(~6/7) & 배너(~6/30)_4",A1CP1020261000120872,[위클리 혜택] B tv+ 12개월 50% 할인,PM30000107,"20260627","20260520","20260630",4
C2600KI,"JTBC 월정액 6개월 약정 3,300원_5월 3차",A1CP1020261000120658,"[온가족특가] JTBC 6개월 약정 기간 내내 월 3,300원",PM30000269,"20260530","20260421","20260531",3
C2600N4,(주기성) 6월 쿠폰팩 GCP(5/24~6/21가입)_TB,A1SA1020261000120868,[FREE PASS] JTBC 1개월 무료_26년6월,PM30000269,"20260610","20260519","20260629",1
C2600PP,"지상파 월정액 첫달 3,300원_6월 3차",A1CP1020261000120947,"[6월 특가] 지상파 월정액 1개월 13,200원 할인",PM30000150,"20260608","20260526","20260630",1
C2600QX,수요1+1무비쿠폰(6월 프로모션 안내),,,PPV 등,,,,3774175
C2600U5,[팝업] 밸류애드팀 Btv 업_단기(26.7.7)_1-3차,,,PPV 등,,,,154051
C2600O6,"26년 6월_B tv+ 비플리_UI 541 이상_1차 쿠폰(~6/7) & 배너(~6/30)_1",A1CP1020261000120872,[위클리 혜택] B tv+ 12개월 50% 할인,PM30000107,"20260601","20260520","20260630",97
C2600NE,통합 월정액 첫달 무료_6월 1차,A1CP1020261000120948,[이용 감사 혜택] 주요 월정액 1개월 100% 할인 (택1),PM30000176,"20260608","20260526","20260630",42
C2600VJ,"2607_비플/캐치온 왕사남 해지취소_2주차_TV팝업",,,PPV 등,,,,1945
C2600O6,"26년 6월_B tv+ 비플리_UI 541 이상_1차 쿠폰(~6/7) & 배너(~6/30)_1",A1CP1020261000120872,[위클리 혜택] B tv+ 12개월 50% 할인,PM30000107,"20260603","20260520","20260630",180
C2600WH,<군체> 할인쿠폰 프로모션,A1SA1020261000121563,[군체 런칭] 영화 20% 할인,PPV 등,"20260729","20260716","20260831",269
C2600TL,"7월 성인 1+1 프로모션 (7/1~7/10)",A1SA1020261000121370,"[1+1이벤트] 3,300원 할인 쿠폰",PPV 등,"20260708","20260626","20260731",366
C2600KK,"CJ ENM 월정액 3개월 5,500원_5월 2차",A1CP1020261000120659,"[온가족특가] CJ ENM 월정액 3개월 내내 5,500원",PM30000154,"20260507","20260422","20260531",51
C2600TA,[주기성] 26년 7월_B tv+ 비플리_UI 541 이하_쿠폰,A1CP1020261000121366,[고객님만 혜택] B tv+ 반값 할인 (최대 12개월),PM30000107,"20260728","20260624","20260731",21
C2600XB,"26년 7월_B tv+ 7월 4주차 복날 타임딜_UI 541 이상_4_F",A1CP1020261000121662,"[복날 치킨비] B tv+ 월 5,500원 이용 혜택 (최대 12개월)",PM30000107,"20260726","20260721","20260726",13
C2600TF,"지상파 월정액 3개월 5,500원_7월 1차",A1CP1020261000121373,"[쿨썸머 특가] 지상파 월정액 3개월 내내 월 5,500원",PM30000150,"20260730","20260629","20260731",52
C2600WF,<군체[예약구매]> 할인쿠폰 프로모션,A1SA1020261000121562,"[군체 예약] 영화 4,400원 할인",PPV 등,"20260731","20260716","20260831",18
C2600UC,"26년 7월_B tv+ 비플리_UI 541 이상_쿠폰&배너_1",A1CP1020261000121365,[고객님만 혜택] B tv+ 반값 할인 (최대 12개월),PM30000107,"20260706","20260624","20260731",92
C2600S0,SPOTV 6월 첫달무료_2차_0620,A1SA1020261000121165,[MLB 이벤트] SPOTV Prime 1개월 무료,PM35000007,"20260625","20260609","20260630",57
C2600TF,"지상파 월정액 3개월 5,500원_7월 1차",A1CP1020261000121373,"[쿨썸머 특가] 지상파 월정액 3개월 내내 월 5,500원",PM30000150,"20260714","20260629","20260731",74
C2600Q3,"6월 성인 1+1 프로모션 (6/11~6/20)",A1SA1020261000121168,"[1+1이벤트] 3,300원 할인 쿠폰",PPV 등,"20260628","20260609","20260731",11
C2600XH,"26년 7월 B tv+ 50% 할인 연장 캠페인_25년9월할인",A1CP1020261000121665,[가입 유지 선물] B tv+ 50% 할인 혜택 6개월 자동 연장_7월,PPV 등,"20260908","20260721","20260831",23
C2600JZ,"JTBC 월정액 6개월 약정 3,300원_5월 2차",A1CP1020261000120658,"[온가족특가] JTBC 6개월 약정 기간 내내 월 3,300원",PM30000269,"20260509","20260421","20260531",11
C2600LW,수요1+1무비쿠폰(5월 쿠폰발급),A1PR1020261000120851,[연휴무비쿠폰] 20% 할인(5천원 이상 사용),PPV 등,"20260522","20260408","20260525",21
C2600QM,[보정용][주기성] 26년 6월_B tv+ 비플리_UI 541 이상_2~4차_1,A1CP1020261000120872,[위클리 혜택] B tv+ 12개월 50% 할인,PM30000107,"20260603","20260520","20260630",1
C2600SG,"CJ ENM 월정액 3개월 5,500원_7월 1차",A1CP1020261000121358,"[쿨썸머 특가] CJ ENM 월정액 3개월 내내 월 5,500원",PM30000154,"20260716","20260622","20260731",35
C2600O8,[주기성] 26년 6월_B tv+ 비플리_UI 541 이하_쿠폰,A1CP1020261000120872,[위클리 혜택] B tv+ 12개월 50% 할인,PM30000107,"20260624","20260520","20260630",11
C2600T8,<살목지(2차)> 할인쿠폰 프로모션,A1SA1020261000121161,"[살목지 런칭] 영화 4,444원 할인",PPV 등,"20260702","20260605","20260731",8
C2600XH,"26년 7월 B tv+ 50% 할인 연장 캠페인_25년9월할인",A1CP1020261000121665,[가입 유지 선물] B tv+ 50% 할인 혜택 6개월 자동 연장_7월,PPV 등,,"20260721","20260831",2
C2600TA,[주기성] 26년 7월_B tv+ 비플리_UI 541 이하_쿠폰,A1CP1020261000121366,[고객님만 혜택] B tv+ 반값 할인 (최대 12개월),PM30000107,"20260721","20260624","20260731",10
C2600JA,<오시리스> 할인쿠폰 프로모션,A1SA1020261000120652,"[오시리스 런칭] 영화 3,300원 할인",PPV 등,"20260501","20260421","20260531",1
C2600N4,(주기성) 6월 쿠폰팩 GCP(5/24~6/21가입)_TB,A1CP1020261000120867,[FREE PASS] CJ ENM 1개월 무료_26년6월,PM30000154,"20260601","20260519","20260629",1
C2600P6,[주기성] 26년 6월_B tv+ 비플리_UI 541 이상_2~4차_2,A1CP1020261000120872,[위클리 혜택] B tv+ 12개월 50% 할인,PM30000107,"20260601","20260520","20260630",1
C2600J7,"지상파 월정액 3개월 내내 5,500원_5월 2차",A1CP1020261000120660,"[온가족특가] 지상파 월정액 3개월 내내 월 5,500원",PM30000150,"20260701","20260422","20260531",1
C2600PU,"26년 6월_B tv+ 파격할인_UI 541 이상_4",DummyOffer,,PPV 등,,,,794654
C2600Q3,"6월 성인 1+1 프로모션 (6/11~6/20)",A1SA1020261000121168,"[1+1이벤트] 3,300원 할인 쿠폰",PPV 등,"20260617","20260609","20260731",39
C2600TN,"7월 성인 1+1 프로모션_모바일 (7/1~7/10)",A1SA1020261000121371,"[1+1이벤트] 3,300원 할인 쿠폰 (모바일)",PPV 등,,"20260626","20260731",537
C2600S9,통합 월정액 첫달 90% 할인_추가 1차,A1CP1020261000121363,[쿨썸머 파격 특가] 주요 월정액 첫달 90% 할인 (택1),PM30000176,"20260627","20260622","20260629",109
C2600UD,"26년 7월_B tv+ 비플리_UI 541 이상_쿠폰&배너_2",A1CP1020261000121365,[고객님만 혜택] B tv+ 반값 할인 (최대 12개월),PM30000107,"20260727","20260624","20260731",60
C2600S5,SPOTV 6월 첫달무료_1차_0622,A1SA1020261000121164,[축구 이벤트] SPOTV Prime 1개월 무료,PM35000007,"20260629","20260609","20260630",43
C2600VD,"CJ ENM 월정액 3개월 5,500원_7월 2차",A1CP1020261000121358,"[쿨썸머 특가] CJ ENM 월정액 3개월 내내 월 5,500원",PM30000154,"20260718","20260622","20260731",30
C2600N4,(주기성) 6월 쿠폰팩 GCP(5/24~6/21가입)_TB,A1CP1020261000120867,[FREE PASS] CJ ENM 1개월 무료_26년6월,PM30000154,"20260606","20260519","20260629",13
C2600SG,"CJ ENM 월정액 3개월 5,500원_7월 1차",A1CP1020261000121358,"[쿨썸머 특가] CJ ENM 월정액 3개월 내내 월 5,500원",PM30000154,"20260702","20260622","20260731",68
C2600S3,"6월 성인 1+1 프로모션 (6/21~6/30)",A1SA1020261000121170,"[1+1 앵콜 이벤트] 3,300원 할인 쿠폰",PPV 등,"20260712","20260609","20260731",96
C2600SD,통합 월정액 첫달 90% 할인_추가 2차,A1CP1020261000121363,[쿨썸머 파격 특가] 주요 월정액 첫달 90% 할인 (택1),PM30000176,"20260624","20260622","20260629",112
C2600N4,(주기성) 6월 쿠폰팩 GCP(5/24~6/21가입)_TB,A1SA1020261000120869,[FREE PASS] SPOTV 프라임패키지 1개월 무료_26년6월,PM35000007,"20260612","20260519","20260629",13
C2600SH,<납치 48시간> 할인쿠폰 프로모션,A1SA1020261000121265,"[납치 48시간 런칭] 영화 3,300원 할인",PPV 등,"20260714","20260616","20260831",5
C2600PV,"26년 6월_B tv+ 파격할인_UI 541 이하_5",A1CP1020261000120874,"[파격할인] B tv+ 12개월 월 5,500원 혜택",PM30000107,"20260612","20260520","20260531",20
C2600OB,"26년 6월_B tv+ 비플리_UI 541 이상_1차 쿠폰(~6/7) & 배너(~6/30)_3",A1CP1020261000120872,[위클리 혜택] B tv+ 12개월 50% 할인,PM30000107,"20260625","20260520","20260630",2
C2600SH,<납치 48시간> 할인쿠폰 프로모션,A1SA1020261000121265,"[납치 48시간 런칭] 영화 3,300원 할인",PPV 등,"20260630","20260616","20260831",5
C2600WI,<뮌터 & 칸딘스키 - 사랑의 초상> 할인쿠폰 프로모션,A1SA1020261000121560,"[뮌터 & 칸딘스키 - 사랑의 초상 런칭] 영화 5,500원 할인",PPV 등,"20260725","20260716","20260831",1
C2600NO,<푸틴: 절대 권력의 최후> 할인쿠폰 프로모션,A1SA1020261000120952,"[푸틴: 절대 권력의 최후 런칭] 영화 3,300원 할인",PPV 등,"20260608","20260526","20260630",3
C2600WK,JTBC 월정액 3개월 70% 할인_7월 3차,A1SA1020261000121374,[쿨썸머 특가] JTBC 월정액 3개월 내내 70% 할인,PM30000269,"20260717","20260629","20260731",1
C2600KE,무비혜택도미도 쿠폰 사용 안내,,,PPV 등,,,,107256
C2600PW,<슈퍼 마리오 갤럭시> 런칭 안내 팝업 (6/11),,,PPV 등,,,,6359219
C2600RO,[팝업] 밸류애드팀 Btv 업_단기(26.6.23)_4-2차,,,PPV 등,,,,304662
C2600PT,"26년 6월_B tv+ 파격할인_UI 541 이상_3",A1CP1020261000120874,"[72시간 한정] B tv+ 12개월 월 5,500원 혜택",PM30000107,,"20260526","20260614",319681
C2600QU,"6월 성인 1+1 프로모션 (6/11~6/20)_수정",A1SA1020261000121168,"[1+1이벤트] 3,300원 할인 쿠폰",PPV 등,,"20260609","20260731",2530
C2600OL,"지상파 월정액 첫달 3,300원_6월 2차",A1CP1020261000120947,"[6월 특가] 지상파 월정액 1개월 13,200원 할인",PM30000150,"20260606","20260526","20260630",117
C2600IP,"CJ ENM 월정액 3개월 5,500원_5월 1차",A1CP1020261000120659,"[온가족특가] CJ ENM 월정액 3개월 내내 5,500원",PM30000154,"20260514","20260422","20260531",42
C2600QR,"6월 성인 1+1 프로모션_추가 (6/12~14 구매자)",A1SA1020261000121168,"[1+1이벤트] 3,300원 할인 쿠폰",PPV 등,,"20260609","20260731",1401
C2600QQ,통합 월정액 첫달 무료_6월 4차,A1CP1020261000120948,[이용 감사 혜택] 주요 월정액 1개월 100% 할인 (택1),PM30000176,"20260626","20260526","20260630",193
C2600Q5,<스위트 홈: 진격의 거인> 할인쿠폰 프로모션,A1SA1020261000121160,"[스위트 홈: 진격의 거인 런칭] 영화 3,300원 할인",PPV 등,"20260620","20260605","20260731",32
C2600XQ,통합 월정액 3개월 내내 80% 할인_8월 2차,A1CP1020261000121658,[쿨썸머 특가] 주요 월정액 3개월 내내 80% 할인 (택1),PM30000176,"20260728","20260720","20260731",180
C2600MK,"26년 5월_B tv+ 비플리_UI 541 이상_3차(~5/31)_1",A1CP1020261000120854,[가정의 달] B tv+ 12개월 50% 할인 (~5/31),PM30000107,"20260530","20260507","20260531",114
C2600OD,[주기성] 26년 6월_B tv+ 6월 비플리_가입자 제외,DummyOffer,,PPV 등,,,,38949
C2600SQ,[팝업] 밸류애드팀 Btv 업_단기(26.6.30)_5-3차,,,PPV 등,,,,154428
C2600N7,"2605_SPOTV B캐시 이벤트_토팝 추가",,,PPV 등,,,,190
C2600V8,[팝업] 밸류애드팀 Btv 업_장기(26.7.15)_2-3차,,,PPV 등,,,,391320
C2600MI,JTBC 월정액 첫달 무료_6월 1차,A1SA1020261000119567,[깜짝 특가] JTBC 월정액 1개월 100% 할인 쿠폰,PM30000269,"20260610","20260119","20261231",313
C2600IP,"CJ ENM 월정액 3개월 5,500원_5월 1차",A1CP1020261000120659,"[온가족특가] CJ ENM 월정액 3개월 내내 5,500원",PM30000154,"20260509","20260422","20260531",61
C2600J7,"지상파 월정액 3개월 내내 5,500원_5월 2차",A1CP1020261000120660,"[온가족특가] 지상파 월정액 3개월 내내 월 5,500원",PM30000150,"20260529","20260422","20260531",54
C2600W7,"7월 성인 1+1 이열치열 프로모션 (7/21~/20)",A1SA1020261000121561,"[1+1 이열치열 이벤트] 3,300원 할인 쿠폰",PPV 등,"20260730","20260716","20260831",221
C2600T0,"26년 6월_B tv+ KBO 올스타전_UI 541 이상_2",A1CP1020261000121364,"[올스타전 특가] B tv+ 월 5,500원 혜택 (최대 12개월)",PM30000107,"20260627","20260624","20260705",68
C2600TJ,<데드 오브 윈터> 할인쿠폰 프로모션,A1SA1020261000121361,"[데드 오브 윈터 런칭] 영화 3,300원 할인",PPV 등,"20260704","20260622","20260731",13
C2600QU,"6월 성인 1+1 프로모션 (6/11~6/20)_수정",A1SA1020261000121168,"[1+1이벤트] 3,300원 할인 쿠폰",PPV 등,"20260620","20260609","20260731",328
C2600UU,"7월 성인 1+1 앵콜 프로모션_모바일 (7/11~7/20)",A1SA1020261000121458,"[1+1 앵콜 이벤트] 3,300원 할인 쿠폰",PPV 등,"20260723","20260708","20260831",236
C2600SJ,[주기성]프라다입고문워크 신작혜택파티 프로모션,A1PR1020261000121272,[신작혜택파티] 영화 30% 할인(악마는프라다2 외 대상작),PPV 등,"20260704","20260618","20260706",158
C2600PZ,SPOTV 6월 첫달무료_1차_0612,A1SA1020261000121164,[축구 이벤트] SPOTV Prime 1개월 무료,PM35000007,"20260612","20260609","20260630",113
C2600KD,[주기성/쿠폰] <프로젝트헤일메리&인생SF전> 할인쿠폰 프로모션,A1PR1020261000120752,[프로젝트헤일메리] 인생SF영화 추가 30% 할인,PPV 등,"20260513","20260430","20260524",7
C2600J5,"지상파 월정액 3개월 내내 5,500원_5월 1차",A1CP1020261000120660,"[온가족특가] 지상파 월정액 3개월 내내 월 5,500원",PM30000150,"20260502","20260422","20260531",131
C2600VM,<헬파이어: 시수의 길> 할인쿠폰 프로모션,A1SA1020261000121461,"[헬파이어: 시수의 길 런칭] 영화 5,500원 할인",PPV 등,"20260801","20260708","20260831",17
C2600TM,<신의 악단> 할인쿠폰 프로모션,A1SA1020261000121384,"[신의 악단 런칭] 영화 3,300원 할인",PPV 등,"20260723","20260630","20260731",32
C2600KO,<폭탄> 할인쿠폰 프로모션,A1SA1020261000120751,"[폭탄 런칭] 영화 5,500원 할인",PPV 등,"20260604","20260430","20260531",2
C2600UP,<서퍼> 할인쿠폰 프로모션,A1SA1020261000121460,"[서퍼 런칭] 영화 3,300원 할인",PPV 등,"20260719","20260708","20260831",21
C2600WF,<군체[예약구매]> 할인쿠폰 프로모션,A1SA1020261000121562,"[군체 예약] 영화 4,400원 할인",PPV 등,"20260725","20260716","20260831",37
C2600N4,(주기성) 6월 쿠폰팩 GCP(5/24~6/21가입)_TB,A1CP1020261000120865,[FREE PASS] B tv+ 1개월 무료_26년6월,PM30000107,"20260624","20260519","20260629",34
C2600JE,<캣 앤 독> 할인쿠폰 프로모션,A1SA1020261000120747,"[캣 앤 독 런칭] 영화 5,500원 할인",PPV 등,"20260515","20260428","20260531",1
C2600M0,"26년 5월_B tv+ 비플리_UI 541 이상_2차(~5/25)_4(1770)",A1CP1020261000120859,[가정의 달] B tv+ 12개월 50% 할인 (~5/25),PM30000107,"20260522","20260515","20260525",3
C2600JZ,"JTBC 월정액 6개월 약정 3,300원_5월 2차",A1CP1020261000120658,"[온가족특가] JTBC 6개월 약정 기간 내내 월 3,300원",PM30000269,"20260517","20260421","20260531",5
C2600TM,<신의 악단> 할인쿠폰 프로모션,A1SA1020261000121384,"[신의 악단 런칭] 영화 3,300원 할인",PPV 등,"20260706","20260630","20260731",17
C2600R6,<슈퍼 마리오 갤럭시> 할인쿠폰 프로모션,A1SA1020261000120961,"[슈퍼마리오 갤럭시 런칭] 영화 3,300원 할인",PPV 등,"20260630","20260529","20260623",9
C2600N4,(주기성) 6월 쿠폰팩 GCP(5/24~6/21가입)_TB,A1CP1020261000120865,[FREE PASS] B tv+ 1개월 무료_26년6월,PM30000107,"20260601","20260519","20260629",1
C2600QQ,통합 월정액 첫달 무료_6월 4차,A1CP1020261000120948,[이용 감사 혜택] 주요 월정액 1개월 100% 할인 (택1),PM30000176,,"20260526","20260630",499002
C2600PN,JTBC 월정액 첫달 무료_6월 2차,A1SA1020261000119567,[깜짝 특가] JTBC 월정액 1개월 100% 할인 쿠폰,PM30000269,"20260620","20260119","20261231",511
C2600TH,<살목지> 할인쿠폰 프로모션,A1SA1020261000121380,"[살목지 런칭] 영화 3,300원 할인",PPV 등,"20260630","20260629","20260731",27
C2600QR,"6월 성인 1+1 프로모션_추가 (6/12~14 구매자)",A1SA1020261000121168,"[1+1이벤트] 3,300원 할인 쿠폰",PPV 등,"20260626","20260609","20260731",57
C2600UO,수요1+1무비쿠폰(7월 금토일 타겟편성),,,PPV 등,,,,650
C2600VN,<엘리베이션> 할인쿠폰 프로모션,A1SA1020261000121463,"[엘리베이션 런칭] 영화 3,300원 할인",PPV 등,"20260802","20260708","20260831",104
C2600KK,"CJ ENM 월정액 3개월 5,500원_5월 2차",A1CP1020261000120659,"[온가족특가] CJ ENM 월정액 3개월 내내 5,500원",PM30000154,"20260508","20260422","20260531",46
C2600IP,"CJ ENM 월정액 3개월 5,500원_5월 1차",A1CP1020261000120659,"[온가족특가] CJ ENM 월정액 3개월 내내 5,500원",PM30000154,"20260520","20260422","20260531",37
C2600XH,"26년 7월 B tv+ 50% 할인 연장 캠페인_25년9월할인",A1CP1020261000121665,[가입 유지 선물] B tv+ 50% 할인 혜택 6개월 자동 연장_7월,PPV 등,"20260901","20260721","20260831",23
C2600SA,SPOTV 6월 첫달무료_1차_0623,A1SA1020261000121164,[축구 이벤트] SPOTV Prime 1개월 무료,PM35000007,"20260628","20260609","20260630",66
C2600KO,<폭탄> 할인쿠폰 프로모션,A1SA1020261000120751,"[폭탄 런칭] 영화 5,500원 할인",PPV 등,,"20260430","20260531",55
C2600NI,<시에라 마드레: 카르텔 전쟁> 할인쿠폰 프로모션,A1SA1020261000120862,"[시에라 마드레: 카르텔 전쟁 런칭] 영화 5,500원 할인",PPV 등,"20260607","20260518","20260630",29
C2600SC,<금발이 되고 싶어> 할인쿠폰 프로모션,A1SA1020261000121360,"[금발이 되고 싶어 런칭] 영화 5,500원 할인",PPV 등,"20260721","20260622","20260731",2
C2600UE,"26년 7월_B tv+ 비플리_UI 541 이상_쿠폰&배너_3",A1CP1020261000121365,[고객님만 혜택] B tv+ 반값 할인 (최대 12개월),PM30000107,"20260705","20260624","20260731",2
C2600UV,모아나 소장용 패키지 프로모션 (7/10),A1SA1020261000121465,"[모아나 패키지 구매] 영화 5,500원 할인",PPV 등,"20260724","20260708","20260831",9
C2600LE,"CJ ENM 월정액 3개월 5,500원_5월 3차",A1CP1020261000120659,"[온가족특가] CJ ENM 월정액 3개월 내내 5,500원",PM30000154,"20260524","20260422","20260531",30
C2600QQ,통합 월정액 첫달 무료_6월 4차,A1CP1020261000120948,[이용 감사 혜택] 주요 월정액 1개월 100% 할인 (택1),PM30000176,"20260614","20260526","20260630",25
C2600N5,(일회성) 6월 쿠폰팩 GCP(5/1~5/23가입)_TB,A1CP1020261000120865,[FREE PASS] B tv+ 1개월 무료_26년6월,PM30000107,"20260604","20260519","20260629",17
C2600N4,(주기성) 6월 쿠폰팩 GCP(5/24~6/21가입)_TB,A1SA1020261000120869,[FREE PASS] SPOTV 프라임패키지 1개월 무료_26년6월,PM35000007,"20260608","20260519","20260629",9
C2600N5,(일회성) 6월 쿠폰팩 GCP(5/1~5/23가입)_TB,A1CP1020261000120866,[FREE PASS] 지상파 3사 1개월 무료_26년6월,PM30000150,"20260615","20260519","20260629",5
C2600JE,<캣 앤 독> 할인쿠폰 프로모션,A1SA1020261000120747,"[캣 앤 독 런칭] 영화 5,500원 할인",PPV 등,"20260601","20260428","20260531",1
C2600KN,JTBC 월정액 첫달 무료_5월 1차,A1SA1020261000119567,[깜짝 특가] JTBC 월정액 1개월 100% 할인 쿠폰,PM30000269,"20260527","20260119","20261231",1
C2600SH,<납치 48시간> 할인쿠폰 프로모션,A1SA1020261000121265,"[납치 48시간 런칭] 영화 3,300원 할인",PPV 등,"20260713","20260616","20260831",2
C2600PV,"26년 6월_B tv+ 파격할인_UI 541 이하_5",A1CP1020261000120874,"[72시간 한정] B tv+ 12개월 월 5,500원 혜택",PM30000107,"20260711","20260526","20260614",1
C2600L7,"26년 5월_B tv+ 비플리_UI 541 이상_1차(~5/17)_1(1770)",DummyOffer,,PPV 등,,,,787596
C2600OM,"26년 6월_B tv+ 국내여행_(6/3)_0123",DummyOffer,,PPV 등,,,,1083136
C2600OW,"26년 6월_B tv+ 국내여행_(6/4~7)_4567",DummyOffer,,PPV 등,,,,1081543
C2600TX,"2607_주기성_전환동의 띠배너",,,PPV 등,,,,6118
C2600N4,(주기성) 6월 쿠폰팩 GCP(5/24~6/21가입)_TB,A1SA1020261000120869,[FREE PASS] SPOTV 프라임패키지 1개월 무료_26년6월,PM35000007,"20260603","20260519","20260629",15
C2600O0,"26년 6월_B tv+ 짝수달 유료전환 테스트_UI 552 이상",A1CP1020261000120870,[6월 한정] B tv+ 첫달 무료,PM30000107,"20260624","20260520","20260630",57
C2600XG,"26년 7월 B tv+ 할인 연장 캠페인_6개월/9개월 할인재연",A1CP1020261000121664,"[가입 유지 선물] B tv+ 월 5,500원 이용 혜택 6개월 자동 연장_7월",PPV 등,"20261003","20260721","20260831",138
C2600S9,통합 월정액 첫달 90% 할인_추가 1차,A1CP1020261000121363,[쿨썸머 파격 특가] 주요 월정액 첫달 90% 할인 (택1),PM30000176,"20260625","20260622","20260629",92
C2600XG,"26년 7월 B tv+ 할인 연장 캠페인_6개월/9개월 할인재연",A1CP1020261000121664,"[가입 유지 선물] B tv+ 월 5,500원 이용 혜택 6개월 자동 연장_7월",PPV 등,"20260921","20260721","20260831",65
C2600ND,"지상파 월정액 첫달 3,300원_6월 1차",A1CP1020261000120947,"[6월 특가] 지상파 월정액 1개월 13,200원 할인",PM30000150,"20260627","20260526","20260630",83
C2600O6,"26년 6월_B tv+ 비플리_UI 541 이상_1차 쿠폰(~6/7) & 배너(~6/30)_1",A1CP1020261000120872,[위클리 혜택] B tv+ 12개월 50% 할인,PM30000107,"20260608","20260520","20260630",16
C2600WG,<디스클로저 데이> 할인쿠폰 프로모션,A1SA1020261000121558,"[디스클로저 데이 런칭] 영화 3,300원 할인",PPV 등,"20260730","20260713","20260831",82
C2600S0,SPOTV 6월 첫달무료_2차_0620,A1SA1020261000121165,[MLB 이벤트] SPOTV Prime 1개월 무료,PM35000007,"20260623","20260609","20260630",35
C2600M8,<짱구> 할인쿠폰 프로모션,A1SA1020261000120863,"[짱구 런칭] 영화 5,500원 할인",PPV 등,"20260611","20260518","20260630",50
C2600NH,<리 크로닌의 미이라> 할인쿠폰 프로모션,A1SA1020261000120855,"[리 크로닌의 미이라] 영화 3,300원 할인",PPV 등,"20260607","20260507","20260630",39
C2600PZ,SPOTV 6월 첫달무료_1차_0612,A1SA1020261000121164,[축구 이벤트] SPOTV Prime 1개월 무료,PM35000007,"20260617","20260609","20260630",84
C2600T1,"26년 6월_B tv+ KBO 올스타전_UI 541 이상_3",A1CP1020261000121364,"[올스타전 특가] B tv+ 월 5,500원 혜택 (최대 12개월)",PM30000107,"20260629","20260624","20260705",13
C2600N4,(주기성) 6월 쿠폰팩 GCP(5/24~6/21가입)_TB,A1CP1020261000120866,[FREE PASS] 지상파 3사 1개월 무료_26년6월,PM30000150,"20260612","20260519","20260629",9
C2600KO,<폭탄> 할인쿠폰 프로모션,A1SA1020261000120751,"[폭탄 런칭] 영화 5,500원 할인",PPV 등,"20260518","20260430","20260531",6
C2600LY,"26년 5월_B tv+ 비플리_UI 541 이상_2차(~5/25)_2(1770)",A1CP1020261000120859,[가정의 달] B tv+ 12개월 50% 할인 (~5/25),PM30000107,"20260521","20260515","20260525",29
C2600UD,"26년 7월_B tv+ 비플리_UI 541 이상_쿠폰&배너_2",A1CP1020261000121365,[고객님만 혜택] B tv+ 반값 할인 (최대 12개월),PM30000107,"20260715","20260624","20260731",18
C2600VD,"CJ ENM 월정액 3개월 5,500원_7월 2차",A1CP1020261000121358,"[쿨썸머 특가] CJ ENM 월정액 3개월 내내 월 5,500원",PM30000154,"20260722","20260622","20260731",17
C2600PY,SPOTV 6월 첫달무료_1차_0611,A1SA1020261000121164,[축구 이벤트] SPOTV Prime 1개월 무료,PM35000007,"20260622","20260609","20260630",27
C2600UE,"26년 7월_B tv+ 비플리_UI 541 이상_쿠폰&배너_3",A1CP1020261000121365,[고객님만 혜택] B tv+ 반값 할인 (최대 12개월),PM30000107,"20260728","20260624","20260731",20
C2600Q3,"6월 성인 1+1 프로모션 (6/11~6/20)",A1SA1020261000121168,"[1+1이벤트] 3,300원 할인 쿠폰",PPV 등,"20260620","20260609","20260731",25
C2600TA,[주기성] 26년 7월_B tv+ 비플리_UI 541 이하_쿠폰,A1CP1020261000121366,[고객님만 혜택] B tv+ 반값 할인 (최대 12개월),PM30000107,"20260702","20260624","20260731",17
C2600NP,<모탈 컴뱃2> 할인쿠폰 프로모션,A1SA1020261000120959,"[모탈컴뱃2 런칭] 영화 5,500원 할인",PPV 등,"20260629","20260528","20260615",3
C2600JE,<캣 앤 독> 할인쿠폰 프로모션,A1SA1020261000120747,"[캣 앤 독 런칭] 영화 5,500원 할인",PPV 등,"20260529","20260428","20260531",1
C2600WK,JTBC 월정액 3개월 70% 할인_7월 3차,A1SA1020261000121374,[쿨썸머 특가] JTBC 월정액 3개월 내내 70% 할인,PM30000269,"20260706","20260629","20260731",2
C2600WK,JTBC 월정액 3개월 70% 할인_7월 3차,A1SA1020261000121374,[쿨썸머 특가] JTBC 월정액 3개월 내내 70% 할인,PM30000269,"20260708","20260629","20260731",3
C2600OA,"26년 6월_B tv+ 비플리_UI 541 이상_1차 쿠폰(~6/7) & 배너(~6/30)_2",A1CP1020261000120872,[위클리 혜택] B tv+ 12개월 50% 할인,PM30000107,"20260716","20260520","20260630",1
C2600T8,<살목지(2차)> 할인쿠폰 프로모션,A1SA1020261000121161,"[살목지 런칭] 영화 4,444원 할인",PPV 등,"20260704","20260605","20260731",13
C2600VM,<헬파이어: 시수의 길> 할인쿠폰 프로모션,A1SA1020261000121461,"[헬파이어: 시수의 길 런칭] 영화 5,500원 할인",PPV 등,"20260727","20260708","20260831",9
C2600QN,"지상파 월정액 첫달 3,300원_6월 4차",A1CP1020261000120947,"[6월 특가] 지상파 월정액 1개월 13,200원 할인",PM30000150,"20260612","20260526","20260630",1
C2600O0,"26년 6월_B tv+ 짝수달 유료전환 테스트_UI 552 이상",A1CP1020261000120870,[6월 한정] B tv+ 첫달 무료,PM30000107,"20260713","20260520","20260630",1
C2600KM,"지상파 월정액 3개월 내내 5,500원_5월 3차",A1CP1020261000120660,"[온가족특가] 지상파 월정액 3개월 내내 월 5,500원",PM30000150,"20260601","20260422","20260531",1
C2600NU,[팝업] B tv All+(조합형)(26.6.2)_1-1차,,,PPV 등,,,,575800
C2600Q8,[팝업] 밸류애드팀 Btv 업_단기(26.6.16)_3-1차,,,PPV 등,,,,283091
C2600P7,[주기성] 26년 6월_B tv+ 비플리_UI 541 이상_2~4차_3,A1CP1020261000120872,[위클리 혜택] B tv+ 12개월 50% 할인,PM30000107,,"20260520","20260630",319277
C2600PU,"26년 6월_B tv+ 파격할인_UI 541 이상_4",A1CP1020261000120874,"[72시간 한정] B tv+ 12개월 월 5,500원 혜택",PM30000107,,"20260526","20260614",794605
C2600VQ,[팝업] 밸류애드팀 STB 교체(26.7.20)_3-2차,,,PPV 등,,,,338955
C2600P0,<쉘터> 타겟 프로모션_30%_0604,A1SA1020261000120953,[즉시 할인] 쉘터 30% 할인쿠폰,PPV 등,"20260611","20260526","20260630",210
C2600J7,"지상파 월정액 3개월 내내 5,500원_5월 2차",A1CP1020261000120660,"[온가족특가] 지상파 월정액 3개월 내내 월 5,500원",PM30000150,"20260505","20260422","20260531",102
C2600J5,"지상파 월정액 3개월 내내 5,500원_5월 1차",A1CP1020261000120660,"[온가족특가] 지상파 월정액 3개월 내내 월 5,500원",PM30000150,"20260520","20260422","20260531",55
C2600WG,<디스클로저 데이> 할인쿠폰 프로모션,A1SA1020261000121558,"[디스클로저 데이 런칭] 영화 3,300원 할인",PPV 등,"20260731","20260713","20260831",80
C2600S4,"6월 성인 1+1 프로모션_모바일 (6/21~6/30)",A1SA1020261000121171,"[1+1 앵콜 이벤트] 3,300원 할인 쿠폰 (모바일)",PPV 등,"20260625","20260609","20260731",42
C2600M6,JTBC 월정액 첫달 무료_5월 2차,A1SA1020261000119567,[깜짝 특가] JTBC 월정액 1개월 100% 할인 쿠폰,PM30000269,"20260613","20260119","20261231",41
C2600TL,"7월 성인 1+1 프로모션 (7/1~7/10)",A1SA1020261000121370,"[1+1이벤트] 3,300원 할인 쿠폰",PPV 등,"20260710","20260626","20260731",365
C2600PU,"26년 6월_B tv+ 파격할인_UI 541 이상_4",A1CP1020261000120874,"[파격할인] B tv+ 12개월 월 5,500원 혜택",PM30000107,"20260614","20260520","20260531",32
C2600KK,"CJ ENM 월정액 3개월 5,500원_5월 2차",A1CP1020261000120659,"[온가족특가] CJ ENM 월정액 3개월 내내 5,500원",PM30000154,"20260515","20260422","20260531",27
C2600J7,"지상파 월정액 3개월 내내 5,500원_5월 2차",A1CP1020261000120660,"[온가족특가] 지상파 월정액 3개월 내내 월 5,500원",PM30000150,"20260526","20260422","20260531",43
C2600OY,통합 월정액 첫달 무료_6월 2차,A1CP1020261000120948,[이용 감사 혜택] 주요 월정액 1개월 100% 할인 (택1),PM30000176,"20260622","20260526","20260630",11
C2600T9,"26년 6월 B tv+ 할인 연장 캠페인_8월할인 7,700원",A1CP1020261000121368,"[가입 유지 선물] B tv+ 월 7,700원 이용 혜택 6개월 자동 연장_6월",PPV 등,"20260810","20260625","20260731",76
C2600IY,"JTBC 월정액 6개월 약정 3,300원_5월 1차",A1CP1020261000120658,"[온가족특가] JTBC 6개월 약정 기간 내내 월 3,300원",PM30000269,"20260524","20260421","20260531",18
C2600M8,<짱구> 할인쿠폰 프로모션,A1SA1020261000120863,"[짱구 런칭] 영화 5,500원 할인",PPV 등,"20260619","20260518","20260630",6
C2600T9,"26년 6월 B tv+ 할인 연장 캠페인_8월할인 7,700원",A1CP1020261000121368,"[가입 유지 선물] B tv+ 월 7,700원 이용 혜택 6개월 자동 연장_6월",PPV 등,"20260829","20260625","20260731",12
C2600TA,[주기성] 26년 7월_B tv+ 비플리_UI 541 이하_쿠폰,A1CP1020261000121366,[고객님만 혜택] B tv+ 반값 할인 (최대 12개월),PM30000107,"20260714","20260624","20260731",9
C2600N5,(일회성) 6월 쿠폰팩 GCP(5/1~5/23가입)_TB,A1CP1020261000120865,[FREE PASS] B tv+ 1개월 무료_26년6월,PM30000107,"20260619","20260519","20260629",12
C2600KM,"지상파 월정액 3개월 내내 5,500원_5월 3차",A1CP1020261000120660,"[온가족특가] 지상파 월정액 3개월 내내 월 5,500원",PM30000150,"20260520","20260422","20260531",14
C2600TA,[주기성] 26년 7월_B tv+ 비플리_UI 541 이하_쿠폰,A1CP1020261000121366,[고객님만 혜택] B tv+ 반값 할인 (최대 12개월),PM30000107,"20260630","20260624","20260731",17
C2600O6,"26년 6월_B tv+ 비플리_UI 541 이상_1차 쿠폰(~6/7) & 배너(~6/30)_1",A1CP1020261000120872,[위클리 혜택] B tv+ 12개월 50% 할인,PM30000107,"20260610","20260520","20260630",10
C2600O7,"2606_캐치온 해지방어_B tv+ Cross-sell",A1CP1020261000120958,[비밀 특가] B tv+ 1개월 100원,PM30000107,"20260609","20260528","20260712",2
C2600LP,[팝업] B tv 스탠다드+(조합형)_(26.5.19)_3-1차,,,PPV 등,,,,442026
C2600X0,[팝업] 밸류애드팀 Btv 업_장기(26.7.29)_4-4차,,,PPV 등,,,,329668
C2600UA,[팝업] 밸류애드팀 Btv 업_장기(26.7.8)_1-3차,,,PPV 등,,,,369376
C2600L8,"26년 5월_B tv+ 비플리_UI 541 이상_1차(~5/17)_2(1770)",A1CP1020261000120853,[가정의 달] B tv+ 12개월 50% 할인 (~5/17),PM30000107,"20260517","20260507","20260517",55
C2600TM,<신의 악단> 할인쿠폰 프로모션,A1SA1020261000121384,"[신의 악단 런칭] 영화 3,300원 할인",PPV 등,,"20260630","20260731",2745
C2600ND,"지상파 월정액 첫달 3,300원_6월 1차",A1CP1020261000120947,"[6월 특가] 지상파 월정액 1개월 13,200원 할인",PM30000150,"20260612","20260526","20260630",69
C2600VD,"CJ ENM 월정액 3개월 5,500원_7월 2차",A1CP1020261000121358,"[쿨썸머 특가] CJ ENM 월정액 3개월 내내 월 5,500원",PM30000154,"20260728","20260622","20260731",26
C2600JA,<오시리스> 할인쿠폰 프로모션,A1SA1020261000120652,"[오시리스 런칭] 영화 3,300원 할인",PPV 등,,"20260421","20260531",346
C2600L7,"26년 5월_B tv+ 비플리_UI 541 이상_1차(~5/17)_1(1770)",A1CP1020261000120853,[가정의 달] B tv+ 12개월 50% 할인 (~5/17),PM30000107,"20260517","20260507","20260517",136
C2600KN,JTBC 월정액 첫달 무료_5월 1차,A1SA1020261000119567,[깜짝 특가] JTBC 월정액 1개월 100% 할인 쿠폰,PM30000269,"20260617","20260119","20261231",8
C2600J5,"지상파 월정액 3개월 내내 5,500원_5월 1차",A1CP1020261000120660,"[온가족특가] 지상파 월정액 3개월 내내 월 5,500원",PM30000150,"20260530","20260422","20260531",71
C2600PN,JTBC 월정액 첫달 무료_6월 2차,A1SA1020261000119567,[깜짝 특가] JTBC 월정액 1개월 100% 할인 쿠폰,PM30000269,"20260616","20260119","20261231",169
C2600UC,"26년 7월_B tv+ 비플리_UI 541 이상_쿠폰&배너_1",A1CP1020261000121365,[고객님만 혜택] B tv+ 반값 할인 (최대 12개월),PM30000107,"20260712","20260624","20260731",102
C2600S5,SPOTV 6월 첫달무료_1차_0622,A1SA1020261000121164,[축구 이벤트] SPOTV Prime 1개월 무료,PM35000007,"20260622","20260609","20260630",63
C2600TF,"지상파 월정액 3개월 5,500원_7월 1차",A1CP1020261000121373,"[쿨썸머 특가] 지상파 월정액 3개월 내내 월 5,500원",PM30000150,"20260723","20260629","20260731",61
C2600LA,"26년 5월_B tv+ 비플리_UI 541 이상_1차(~5/17)_4(1770)",A1CP1020261000120853,[가정의 달] B tv+ 12개월 50% 할인 (~5/17),PM30000107,"20260514","20260507","20260517",18
C2600SJ,[주기성]프라다입고문워크 신작혜택파티 프로모션,A1PR1020261000121272,[신작혜택파티] 영화 30% 할인(악마는프라다2 외 대상작),PPV 등,"20260627","20260618","20260706",17
C2600MM,"26년 5월_B tv+ 비플리_UI 541 이상_3차(~5/31)_3",A1CP1020261000120854,[가정의 달] B tv+ 12개월 50% 할인 (~5/31),PM30000107,"20260531","20260507","20260531",26
C2600LE,"CJ ENM 월정액 3개월 5,500원_5월 3차",A1CP1020261000120659,"[온가족특가] CJ ENM 월정액 3개월 내내 5,500원",PM30000154,"20260521","20260422","20260531",17
C2600KO,<폭탄> 할인쿠폰 프로모션,A1SA1020261000120751,"[폭탄 런칭] 영화 5,500원 할인",PPV 등,"20260525","20260430","20260531",8
C2600S4,"6월 성인 1+1 프로모션_모바일 (6/21~6/30)",A1SA1020261000121171,"[1+1 앵콜 이벤트] 3,300원 할인 쿠폰 (모바일)",PPV 등,"20260624","20260609","20260731",40
C2600QV,"6월 성인 1+1 프로모션_모바일 (6/11~6/20)_수정",A1SA1020261000121169,"[1+1이벤트] 3,300원 할인 쿠폰 (모바일)",PPV 등,"20260615","20260609","20260731",11
C2600NH,<리 크로닌의 미이라> 할인쿠폰 프로모션,A1SA1020261000120855,"[리 크로닌의 미이라] 영화 3,300원 할인",PPV 등,"20260611","20260507","20260630",22
C2600OL,"지상파 월정액 첫달 3,300원_6월 2차",A1CP1020261000120947,"[6월 특가] 지상파 월정액 1개월 13,200원 할인",PM30000150,"20260621","20260526","20260630",28
C2600KN,JTBC 월정액 첫달 무료_5월 1차,A1SA1020261000119567,[깜짝 특가] JTBC 월정액 1개월 100% 할인 쿠폰,PM30000269,"20260627","20260119","20261231",39
C2600UC,"26년 7월_B tv+ 비플리_UI 541 이상_쿠폰&배너_1",A1CP1020261000121365,[고객님만 혜택] B tv+ 반값 할인 (최대 12개월),PM30000107,"20260726","20260624","20260731",4
C2600IY,"JTBC 월정액 6개월 약정 3,300원_5월 1차",A1CP1020261000120658,"[온가족특가] JTBC 6개월 약정 기간 내내 월 3,300원",PM30000269,"20260510","20260421","20260531",14
C2600S6,토이스토리 소장용 패키지 프로모션_수정,A1SA1020261000121259,"[토이 스토리 패키지 구매] 영화 5,500원 할인",PPV 등,"20260719","20260615","20260731",5
C2600US,<잠금: 셧다운> 할인쿠폰 프로모션,A1SA1020261000121462,"[잠금: 셧다운 런칭] 영화 5,500원 할인",PPV 등,"20260727","20260708","20260831",8
C2600TK,<메가 샤크 어택> 할인쿠폰 프로모션,A1SA1020261000121369,"[메가 샤크 어택 런칭] 영화 5,500원 할인",PPV 등,"20260727","20260626","20260731",2
C2600NA,"26년 5월 B tv+ 할인 연장 캠페인_1주년 5,500원",A1CP1020261000120954,"[가입 유지 선물] B tv+ 월 5,500원 혜택 6개월 자동 연장_5월",PM30000107,,"20260526","20260731",2
C2600UD,"26년 7월_B tv+ 비플리_UI 541 이상_쿠폰&배너_2",A1CP1020261000121365,[고객님만 혜택] B tv+ 반값 할인 (최대 12개월),PM30000107,"20260724","20260624","20260731",3
C2600MN,"26년 5월_B tv+ 비플리_UI 541 이상_3차(~5/31)_4",A1CP1020261000120854,[가정의 달] B tv+ 12개월 50% 할인 (~5/31),PM30000107,"20260530","20260507","20260531",9
C2600UF,"26년 7월_B tv+ 비플리_UI 541 이상_쿠폰&배너_4",A1CP1020261000121365,[고객님만 혜택] B tv+ 반값 할인 (최대 12개월),PM30000107,"20260717","20260624","20260731",1
C2600WI,<뮌터 & 칸딘스키 - 사랑의 초상> 할인쿠폰 프로모션,A1SA1020261000121560,"[뮌터 & 칸딘스키 - 사랑의 초상 런칭] 영화 5,500원 할인",PPV 등,"20260729","20260716","20260831",2
C2600R1,JTBC 월정액 첫달 무료_6월 3차,A1SA1020261000119567,[깜짝 특가] JTBC 월정액 1개월 100% 할인 쿠폰,PM30000269,"20260527","20260119","20261231",1
C2600S0,SPOTV 6월 첫달무료_2차_0620,A1SA1020261000121165,[MLB 이벤트] SPOTV Prime 1개월 무료,PM35000007,"20260720","20260609","20260630",1
C2600ST,[팝업] 밸류애드팀 Btv 업_장기(26.7.1)_5-1차,,,PPV 등,,,,383250
C2600PR,"26년 6월_B tv+ 파격할인_UI 541 이상_1",A1CP1020261000120874,"[72시간 한정] B tv+ 12개월 월 5,500원 혜택",PM30000107,,"20260526","20260614",789110
C2600IY,"JTBC 월정액 6개월 약정 3,300원_5월 1차",A1CP1020261000120658,"[온가족특가] JTBC 6개월 약정 기간 내내 월 3,300원",PM30000269,"20260530","20260421","20260531",19
C2600RC,"<왕과 사는 남자> 타겟 프로모션_2,000원_0617",A1SA1020261000121266,"[즉시 할인] 왕과 사는 남자 2,200원 할인쿠폰",PPV 등,"20260621","20260616","20260731",367
C2600SG,"CJ ENM 월정액 3개월 5,500원_7월 1차",A1CP1020261000121358,"[쿨썸머 특가] CJ ENM 월정액 3개월 내내 월 5,500원",PM30000154,"20260707","20260622","20260731",65
C2600PR,"26년 6월_B tv+ 파격할인_UI 541 이상_1",A1CP1020261000120874,"[72시간 한정] B tv+ 12개월 월 5,500원 혜택",PM30000107,"20260613","20260526","20260614",183
C2600WD,통합 월정액 3개월 내내 80% 할인,A1CP1020261000121658,[쿨썸머 특가] 주요 월정액 3개월 내내 80% 할인 (택1),PM30000176,"20260728","20260720","20260731",65
C2600NL,<쉘터> 할인쿠폰 프로모션,A1SA1020261000120861,"[쉘터 런칭] 영화 3,300원 할인",PPV 등,"20260614","20260518","20260630",50
C2600T9,"26년 6월 B tv+ 할인 연장 캠페인_8월할인 7,700원",A1CP1020261000121368,"[가입 유지 선물] B tv+ 월 7,700원 이용 혜택 6개월 자동 연장_6월",PPV 등,"20260814","20260625","20260731",35
C2600SU,"26년 6월_B tv+ KBO 올스타전_UI 541 이상_1",A1CP1020261000121364,"[올스타전 특가] B tv+ 월 5,500원 혜택 (최대 12개월)",PM30000107,"20260628","20260624","20260705",156
C2600KO,<폭탄> 할인쿠폰 프로모션,A1SA1020261000120751,"[폭탄 런칭] 영화 5,500원 할인",PPV 등,"20260516","20260430","20260531",9
C2600PZ,SPOTV 6월 첫달무료_1차_0612,A1SA1020261000121164,[축구 이벤트] SPOTV Prime 1개월 무료,PM35000007,"20260613","20260609","20260630",125
C2600UT,"7월 성인 1+1 앵콜 프로모션_모바일 (7/11~7/20)",A1SA1020261000121459,"[1+1 앵콜 이벤트] 3,300원 할인 쿠폰 (모바일)",PPV 등,"20260716","20260708","20260831",33
C2600UF,"26년 7월_B tv+ 비플리_UI 541 이상_쿠폰&배너_4",A1CP1020261000121365,[고객님만 혜택] B tv+ 반값 할인 (최대 12개월),PM30000107,"20260716","20260624","20260731",2
C2600TJ,<데드 오브 윈터> 할인쿠폰 프로모션,A1SA1020261000121361,"[데드 오브 윈터 런칭] 영화 3,300원 할인",PPV 등,"20260709","20260622","20260731",24
C2600TZ,"지상파 월정액 3개월 5,500원_7월 2차",A1CP1020261000121373,"[쿨썸머 특가] 지상파 월정액 3개월 내내 월 5,500원",PM30000150,"20260729","20260629","20260731",42
C2600QV,"6월 성인 1+1 프로모션_모바일 (6/11~6/20)_수정",A1SA1020261000121169,"[1+1이벤트] 3,300원 할인 쿠폰 (모바일)",PPV 등,"20260628","20260609","20260731",8
C2600N5,(일회성) 6월 쿠폰팩 GCP(5/1~5/23가입)_TB,A1CP1020261000120865,[FREE PASS] B tv+ 1개월 무료_26년6월,PM30000107,"20260609","20260519","20260629",12
C2600P6,[주기성] 26년 6월_B tv+ 비플리_UI 541 이상_2~4차_2,A1CP1020261000120872,[위클리 혜택] B tv+ 12개월 50% 할인,PM30000107,"20260624","20260520","20260630",30
C2600TA,[주기성] 26년 7월_B tv+ 비플리_UI 541 이하_쿠폰,A1CP1020261000121366,[고객님만 혜택] B tv+ 반값 할인 (최대 12개월),PM30000107,"20260708","20260624","20260731",13
C2600NP,<모탈 컴뱃2> 할인쿠폰 프로모션,A1SA1020261000120959,"[모탈컴뱃2 런칭] 영화 5,500원 할인",PPV 등,"20260621","20260528","20260615",16
C2600N4,(주기성) 6월 쿠폰팩 GCP(5/24~6/21가입)_TB,A1SA1020261000120868,[FREE PASS] JTBC 1개월 무료_26년6월,PM30000269,"20260620","20260519","20260629",2
C2600M6,JTBC 월정액 첫달 무료_5월 2차,A1SA1020261000119567,[깜짝 특가] JTBC 월정액 1개월 100% 할인 쿠폰,PM30000269,"20260623","20260119","20261231",13
C2600LG,<스피드> 할인쿠폰 프로모션,A1SA1020261000120858,"[스피드 런칭] 영화 5,500원 할인",PPV 등,"20260520","20260512","20260531",3
C2600UV,모아나 소장용 패키지 프로모션 (7/10),A1SA1020261000121465,"[모아나 패키지 구매] 영화 5,500원 할인",PPV 등,"20260727","20260708","20260831",5
C2600TM,<신의 악단> 할인쿠폰 프로모션,A1SA1020261000121384,"[신의 악단 런칭] 영화 3,300원 할인",PPV 등,"20260731","20260630","20260731",2
C2600UF,"26년 7월_B tv+ 비플리_UI 541 이상_쿠폰&배너_4",A1CP1020261000121365,[고객님만 혜택] B tv+ 반값 할인 (최대 12개월),PM30000107,"20260706","20260624","20260731",1
C2600KI,"JTBC 월정액 6개월 약정 3,300원_5월 3차",A1CP1020261000120658,"[온가족특가] JTBC 6개월 약정 기간 내내 월 3,300원",PM30000269,"20260526","20260421","20260531",1
C2600N4,(주기성) 6월 쿠폰팩 GCP(5/24~6/21가입)_TB,A1SA1020261000120869,[FREE PASS] SPOTV 프라임패키지 1개월 무료_26년6월,PM35000007,"20260617","20260519","20260629",12
C2600KK,"CJ ENM 월정액 3개월 5,500원_5월 2차",A1CP1020261000120659,"[온가족특가] CJ ENM 월정액 3개월 내내 5,500원",PM30000154,"20260617","20260422","20260531",1
C2600R4,<피어스> 할인쿠폰 프로모션,A1SA1020261000121258,"[피어스 런칭] 영화 5,500원 할인",PPV 등,"20260702","20260615","20260731",1
C2600SH,<납치 48시간> 할인쿠폰 프로모션,A1SA1020261000121265,"[납치 48시간 런칭] 영화 3,300원 할인",PPV 등,"20260722","20260616","20260831",1
C2600N4,(주기성) 6월 쿠폰팩 GCP(5/24~6/21가입)_TB,A1SA1020261000120869,[FREE PASS] SPOTV 프라임패키지 1개월 무료_26년6월,PM35000007,,"20260519","20260629",51405
C2600SD,통합 월정액 첫달 90% 할인_추가 2차,A1CP1020261000121363,[쿨썸머 파격 특가] 주요 월정액 첫달 90% 할인 (택1),PM30000176,,"20260622","20260629",399409
C2600UD,"26년 7월_B tv+ 비플리_UI 541 이상_쿠폰&배너_2",A1CP1020261000121365,[고객님만 혜택] B tv+ 반값 할인 (최대 12개월),PM30000107,,"20260624","20260731",789318
C2600J7,"지상파 월정액 3개월 내내 5,500원_5월 2차",A1CP1020261000120660,"[온가족특가] 지상파 월정액 3개월 내내 월 5,500원",PM30000150,"20260503","20260422","20260531",140
C2600S0,SPOTV 6월 첫달무료_2차_0620,A1SA1020261000121165,[MLB 이벤트] SPOTV Prime 1개월 무료,PM35000007,"20260629","20260609","20260630",100
C2600UU,"7월 성인 1+1 앵콜 프로모션_모바일 (7/11~7/20)",A1SA1020261000121458,"[1+1 앵콜 이벤트] 3,300원 할인 쿠폰",PPV 등,"20260713","20260708","20260831",107
C2600N4,(주기성) 6월 쿠폰팩 GCP(5/24~6/21가입)_TB,A1CP1020261000120866,[FREE PASS] 지상파 3사 1개월 무료_26년6월,PM30000150,"20260614","20260519","20260629",13
C2600OC,"26년 6월_B tv+ 비플리_UI 541 이상_1차 쿠폰(~6/7) & 배너(~6/30)_4",A1CP1020261000120872,[위클리 혜택] B tv+ 12개월 50% 할인,PM30000107,"20260616","20260520","20260630",15
C2600O8,[주기성] 26년 6월_B tv+ 비플리_UI 541 이하_쿠폰,A1CP1020261000120872,[위클리 혜택] B tv+ 12개월 50% 할인,PM30000107,"20260531","20260520","20260630",16
C2600S3,"6월 성인 1+1 프로모션 (6/21~6/30)",A1SA1020261000121170,"[1+1 앵콜 이벤트] 3,300원 할인 쿠폰",PPV 등,"20260710","20260609","20260731",112
C2600S3,"6월 성인 1+1 프로모션 (6/21~6/30)",A1SA1020261000121170,"[1+1 앵콜 이벤트] 3,300원 할인 쿠폰",PPV 등,"20260713","20260609","20260731",74
C2600WF,<군체[예약구매]> 할인쿠폰 프로모션,A1SA1020261000121562,"[군체 예약] 영화 4,400원 할인",PPV 등,"20260726","20260716","20260831",23
C2600S9,통합 월정액 첫달 90% 할인_추가 1차,A1CP1020261000121363,[쿨썸머 파격 특가] 주요 월정액 첫달 90% 할인 (택1),PM30000176,"20260626","20260622","20260629",89
C2600TG,JTBC 월정액 3개월 70% 할인_7월 1차,A1SA1020261000121374,[쿨썸머 특가] JTBC 월정액 3개월 내내 70% 할인,PM30000269,"20260708","20260629","20260731",33
C2600PV,"26년 6월_B tv+ 파격할인_UI 541 이하_5",A1CP1020261000120874,"[72시간 한정] B tv+ 12개월 월 5,500원 혜택",PM30000107,"20260614","20260526","20260614",43
C2600ND,"지상파 월정액 첫달 3,300원_6월 1차",A1CP1020261000120947,"[6월 특가] 지상파 월정액 1개월 13,200원 할인",PM30000150,"20260603","20260526","20260630",183
C2600PZ,SPOTV 6월 첫달무료_1차_0612,A1SA1020261000121164,[축구 이벤트] SPOTV Prime 1개월 무료,PM35000007,"20260626","20260609","20260630",30
C2600QR,"6월 성인 1+1 프로모션_추가 (6/12~14 구매자)",A1SA1020261000121168,"[1+1이벤트] 3,300원 할인 쿠폰",PPV 등,"20260703","20260609","20260731",36
C2600SG,"CJ ENM 월정액 3개월 5,500원_7월 1차",A1CP1020261000121358,"[쿨썸머 특가] CJ ENM 월정액 3개월 내내 월 5,500원",PM30000154,"20260720","20260622","20260731",53
C2600US,<잠금: 셧다운> 할인쿠폰 프로모션,A1SA1020261000121462,"[잠금: 셧다운 런칭] 영화 5,500원 할인",PPV 등,"20260730","20260708","20260831",9
C2600MI,JTBC 월정액 첫달 무료_6월 1차,A1SA1020261000119567,[깜짝 특가] JTBC 월정액 1개월 100% 할인 쿠폰,PM30000269,"20260625","20260119","20261231",51
C2600KI,"JTBC 월정액 6개월 약정 3,300원_5월 3차",A1CP1020261000120658,"[온가족특가] JTBC 6개월 약정 기간 내내 월 3,300원",PM30000269,"20260511","20260421","20260531",1
C2600QN,"지상파 월정액 첫달 3,300원_6월 4차",A1CP1020261000120947,"[6월 특가] 지상파 월정액 1개월 13,200원 할인",PM30000150,"20260617","20260526","20260630",53
C2600KK,"CJ ENM 월정액 3개월 5,500원_5월 2차",A1CP1020261000120659,"[온가족특가] CJ ENM 월정액 3개월 내내 5,500원",PM30000154,"20260524","20260422","20260531",34
C2600SC,<금발이 되고 싶어> 할인쿠폰 프로모션,A1SA1020261000121360,"[금발이 되고 싶어 런칭] 영화 5,500원 할인",PPV 등,"20260709","20260622","20260731",9
C2600TG,JTBC 월정액 3개월 70% 할인_7월 1차,A1SA1020261000121374,[쿨썸머 특가] JTBC 월정액 3개월 내내 70% 할인,PM30000269,"20260724","20260629","20260731",20
C2600KN,JTBC 월정액 첫달 무료_5월 1차,A1SA1020261000119567,[깜짝 특가] JTBC 월정액 1개월 100% 할인 쿠폰,PM30000269,"20260623","20260119","20261231",12
C2600TI,JTBC 월정액 3개월 70% 할인_7월 2차,A1SA1020261000121374,[쿨썸머 특가] JTBC 월정액 3개월 내내 70% 할인,PM30000269,"20260721","20260629","20260731",3
C2600JE,<캣 앤 독> 할인쿠폰 프로모션,A1SA1020261000120747,"[캣 앤 독 런칭] 영화 5,500원 할인",PPV 등,"20260511","20260428","20260531",3
C2600OB,"26년 6월_B tv+ 비플리_UI 541 이상_1차 쿠폰(~6/7) & 배너(~6/30)_3",A1CP1020261000120872,[위클리 혜택] B tv+ 12개월 50% 할인,PM30000107,"20260606","20260520","20260630",9
C2600TA,[주기성] 26년 7월_B tv+ 비플리_UI 541 이하_쿠폰,A1CP1020261000121366,[고객님만 혜택] B tv+ 반값 할인 (최대 12개월),PM30000107,"20260716","20260624","20260731",12
C2600PT,"26년 6월_B tv+ 파격할인_UI 541 이상_3",A1CP1020261000120874,"[72시간 한정] B tv+ 12개월 월 5,500원 혜택",PM30000107,"20260613","20260526","20260614",3
C2600N5,(일회성) 6월 쿠폰팩 GCP(5/1~5/23가입)_TB,A1CP1020261000120866,[FREE PASS] 지상파 3사 1개월 무료_26년6월,PM30000150,"20260618","20260519","20260629",6
C2600Q5,<스위트 홈: 진격의 거인> 할인쿠폰 프로모션,A1SA1020261000121160,"[스위트 홈: 진격의 거인 런칭] 영화 3,300원 할인",PPV 등,"20260709","20260605","20260731",2
C2600NC,"26년 5월 B tv+ 할인 연장 캠페인_1주년 4,400원",A1CP1020261000120955,"[가입 유지 선물] B tv+ 월 4,400원 혜택 6개월 자동 연장_5월",PM30000107,"20260714","20260526","20260731",1
C2600R1,JTBC 월정액 첫달 무료_6월 3차,A1SA1020261000119567,[깜짝 특가] JTBC 월정액 1개월 100% 할인 쿠폰,PM30000269,"20260526","20260119","20261231",2
C2600RA,SPOTV 6월 첫달무료_1차_0617 토스트팝업,,,PPV 등,,,,1891714
C2600UQ,"2607_비플/캐치온 왕사남 해지취소",,,PPV 등,,,,2088
C2600O0,"26년 6월_B tv+ 짝수달 유료전환 테스트_UI 552 이상",A1CP1020261000120870,[6월 한정] B tv+ 첫달 무료,PM30000107,"20260605","20260520","20260630",65
C2600NP,<모탈 컴뱃2> 할인쿠폰 프로모션,A1SA1020261000120959,"[모탈컴뱃2 런칭] 영화 5,500원 할인",PPV 등,"20260616","20260528","20260615",21
C2600PY,SPOTV 6월 첫달무료_1차_0611,A1SA1020261000121164,[축구 이벤트] SPOTV Prime 1개월 무료,PM35000007,"20260611","20260609","20260630",104
C2600WC,"지상파 월정액 3개월 5,500원_7월 3차",A1CP1020261000121373,"[쿨썸머 특가] 지상파 월정액 3개월 내내 월 5,500원",PM30000150,"20260723","20260629","20260731",49
C2600R1,JTBC 월정액 첫달 무료_6월 3차,A1SA1020261000119567,[깜짝 특가] JTBC 월정액 1개월 100% 할인 쿠폰,PM30000269,"20260517","20260119","20261231",59
C2600QN,"지상파 월정액 첫달 3,300원_6월 4차",A1CP1020261000120947,"[6월 특가] 지상파 월정액 1개월 13,200원 할인",PM30000150,"20260623","20260526","20260630",52
C2600OY,통합 월정액 첫달 무료_6월 2차,A1CP1020261000120948,[이용 감사 혜택] 주요 월정액 1개월 100% 할인 (택1),PM30000176,"20260611","20260526","20260630",39
C2600UT,"7월 성인 1+1 앵콜 프로모션_모바일 (7/11~7/20)",A1SA1020261000121459,"[1+1 앵콜 이벤트] 3,300원 할인 쿠폰 (모바일)",PPV 등,"20260715","20260708","20260831",40
C2600TA,[주기성] 26년 7월_B tv+ 비플리_UI 541 이하_쿠폰,A1CP1020261000121366,[고객님만 혜택] B tv+ 반값 할인 (최대 12개월),PM30000107,"20260725","20260624","20260731",28
C2600S4,"6월 성인 1+1 프로모션_모바일 (6/21~6/30)",A1SA1020261000121171,"[1+1 앵콜 이벤트] 3,300원 할인 쿠폰 (모바일)",PPV 등,"20260712","20260609","20260731",14
C2600K8,<몽타주: 6일간의 추격> 타겟 프로모션_40%_0430,A1SA1020261000120748,[즉시 할인] 몽타주: 6일간의 추격 40% 할인쿠폰,PPV 등,"20260507","20260403","20260430",26
C2600QP,"지상파 월정액 첫달 3,300원_6월 5차",A1CP1020261000120947,"[6월 특가] 지상파 월정액 1개월 13,200원 할인",PM30000150,"20260606","20260526","20260630",2
C2600LG,<스피드> 할인쿠폰 프로모션,A1SA1020261000120858,"[스피드 런칭] 영화 5,500원 할인",PPV 등,"20260526","20260512","20260531",3
C2600Q3,"6월 성인 1+1 프로모션 (6/11~6/20)",A1SA1020261000121168,"[1+1이벤트] 3,300원 할인 쿠폰",PPV 등,"20260627","20260609","20260731",8
C2600O7,"2606_캐치온 해지방어_B tv+ Cross-sell",A1CP1020261000120958,[비밀 특가] B tv+ 1개월 100원,PM30000107,"20260624","20260528","20260712",3
C2600TO,<마이클> 할인쿠폰 프로모션,A1SA1020261000121261,"[마이클 런칭] 영화 3,300원 할인",PPV 등,"20260724","20260616","20260815",1
C2600PU,"26년 6월_B tv+ 파격할인_UI 541 이상_4",A1CP1020261000120874,"[72시간 한정] B tv+ 12개월 월 5,500원 혜택",PM30000107,"20260611","20260526","20260614",1
C2600WO,[팝업] 밸류애드팀 STB 교체(26.7.27)_4-1차,,,PPV 등,,,,243684
C2600OC,"26년 6월_B tv+ 비플리_UI 541 이상_1차 쿠폰(~6/7) & 배너(~6/30)_4",A1CP1020261000120872,[위클리 혜택] B tv+ 12개월 50% 할인,PM30000107,"20260622","20260520","20260630",19
C2600SG,"CJ ENM 월정액 3개월 5,500원_7월 1차",A1CP1020261000121358,"[쿨썸머 특가] CJ ENM 월정액 3개월 내내 월 5,500원",PM30000154,"20260719","20260622","20260731",56
C2600LY,"26년 5월_B tv+ 비플리_UI 541 이상_2차(~5/25)_2(1770)",A1CP1020261000120859,[가정의 달] B tv+ 12개월 50% 할인 (~5/25),PM30000107,"20260520","20260515","20260525",30
C2600VN,<엘리베이션> 할인쿠폰 프로모션,A1SA1020261000121463,"[엘리베이션 런칭] 영화 3,300원 할인",PPV 등,"20260718","20260708","20260831",48
C2600LX,"26년 5월_B tv+ 비플리_UI 541 이상_2차(~5/25)_1(1770)",A1CP1020261000120859,[가정의 달] B tv+ 12개월 50% 할인 (~5/25),PM30000107,"20260523","20260515","20260525",149
C2600XG,"26년 7월 B tv+ 할인 연장 캠페인_6개월/9개월 할인재연",A1CP1020261000121664,"[가입 유지 선물] B tv+ 월 5,500원 이용 혜택 6개월 자동 연장_7월",PPV 등,"20261007","20260721","20260831",129
C2600XQ,통합 월정액 3개월 내내 80% 할인_8월 2차,A1CP1020261000121658,[쿨썸머 특가] 주요 월정액 3개월 내내 80% 할인 (택1),PM30000176,"20260723","20260720","20260731",6
C2600TG,JTBC 월정액 3개월 70% 할인_7월 1차,A1SA1020261000121374,[쿨썸머 특가] JTBC 월정액 3개월 내내 70% 할인,PM30000269,"20260722","20260629","20260731",29
C2600J5,"지상파 월정액 3개월 내내 5,500원_5월 1차",A1CP1020261000120660,"[온가족특가] 지상파 월정액 3개월 내내 월 5,500원",PM30000150,"20260525","20260422","20260531",66
C2600LE,"CJ ENM 월정액 3개월 5,500원_5월 3차",A1CP1020261000120659,"[온가족특가] CJ ENM 월정액 3개월 내내 5,500원",PM30000154,"20260531","20260422","20260531",31
C2600IP,"CJ ENM 월정액 3개월 5,500원_5월 1차",A1CP1020261000120659,"[온가족특가] CJ ENM 월정액 3개월 내내 5,500원",PM30000154,"20260502","20260422","20260531",74
C2600J5,"지상파 월정액 3개월 내내 5,500원_5월 1차",A1CP1020261000120660,"[온가족특가] 지상파 월정액 3개월 내내 월 5,500원",PM30000150,"20260514","20260422","20260531",48
C2600PQ,통합 월정액 첫달 무료_6월 3차,A1CP1020261000120948,[이용 감사 혜택] 주요 월정액 1개월 100% 할인 (택1),PM30000176,"20260619","20260526","20260630",119
C2600TK,<메가 샤크 어택> 할인쿠폰 프로모션,A1SA1020261000121369,"[메가 샤크 어택 런칭] 영화 5,500원 할인",PPV 등,"20260703","20260626","20260731",6
C2600M6,JTBC 월정액 첫달 무료_5월 2차,A1SA1020261000119567,[깜짝 특가] JTBC 월정액 1개월 100% 할인 쿠폰,PM30000269,"20260608","20260119","20261231",35
C2600KD,[주기성/쿠폰] <프로젝트헤일메리&인생SF전> 할인쿠폰 프로모션,A1PR1020261000120752,[프로젝트헤일메리] 인생SF영화 추가 30% 할인,PPV 등,"20260522","20260430","20260524",6
C2600IP,"CJ ENM 월정액 3개월 5,500원_5월 1차",A1CP1020261000120659,"[온가족특가] CJ ENM 월정액 3개월 내내 5,500원",PM30000154,"20260525","20260422","20260531",58
C2600PT,"26년 6월_B tv+ 파격할인_UI 541 이상_3",A1CP1020261000120874,"[72시간 한정] B tv+ 12개월 월 5,500원 혜택",PM30000107,"20260614","20260526","20260614",14
C2600ML,"26년 5월_B tv+ 비플리_UI 541 이상_3차(~5/31)_2",A1CP1020261000120854,[가정의 달] B tv+ 12개월 50% 할인 (~5/31),PM30000107,"20260525","20260507","20260531",10
C2600LG,<스피드> 할인쿠폰 프로모션,A1SA1020261000120858,"[스피드 런칭] 영화 5,500원 할인",PPV 등,"20260605","20260512","20260531",3
C2600Q5,<스위트 홈: 진격의 거인> 할인쿠폰 프로모션,A1SA1020261000121160,"[스위트 홈: 진격의 거인 런칭] 영화 3,300원 할인",PPV 등,"20260614","20260605","20260731",21
C2600KK,"CJ ENM 월정액 3개월 5,500원_5월 2차",A1CP1020261000120659,"[온가족특가] CJ ENM 월정액 3개월 내내 5,500원",PM30000154,"20260523","20260422","20260531",38
C2600LE,"CJ ENM 월정액 3개월 5,500원_5월 3차",A1CP1020261000120659,"[온가족특가] CJ ENM 월정액 3개월 내내 5,500원",PM30000154,"20260522","20260422","20260531",23
C2600TZ,"지상파 월정액 3개월 5,500원_7월 2차",A1CP1020261000121373,"[쿨썸머 특가] 지상파 월정액 3개월 내내 월 5,500원",PM30000150,"20260722","20260629","20260731",36
C2600P8,[주기성] 26년 6월_B tv+ 비플리_UI 541 이상_2~4차_4,A1CP1020261000120872,[위클리 혜택] B tv+ 12개월 50% 할인,PM30000107,"20260625","20260520","20260630",8
C2600O0,"26년 6월_B tv+ 짝수달 유료전환 테스트_UI 552 이상",A1CP1020261000120870,[6월 한정] B tv+ 첫달 무료,PM30000107,"20260608","20260520","20260630",59
C2600P5,[주기성] 26년 6월_B tv+ 비플리_UI 541 이상_2~4차_1,A1CP1020261000120872,[위클리 혜택] B tv+ 12개월 50% 할인,PM30000107,"20260613","20260520","20260630",3
C2600JE,<캣 앤 독> 할인쿠폰 프로모션,A1SA1020261000120747,"[캣 앤 독 런칭] 영화 5,500원 할인",PPV 등,"20260509","20260428","20260531",7
C2600TA,[주기성] 26년 7월_B tv+ 비플리_UI 541 이하_쿠폰,A1CP1020261000121366,[고객님만 혜택] B tv+ 반값 할인 (최대 12개월),PM30000107,"20260720","20260624","20260731",13
C2600JA,<오시리스> 할인쿠폰 프로모션,A1SA1020261000120652,"[오시리스 런칭] 영화 3,300원 할인",PPV 등,"20260526","20260421","20260531",1
C2600JE,<캣 앤 독> 할인쿠폰 프로모션,A1SA1020261000120747,"[캣 앤 독 런칭] 영화 5,500원 할인",PPV 등,"20260514","20260428","20260531",5
C2600OL,"지상파 월정액 첫달 3,300원_6월 2차",A1CP1020261000120947,"[6월 특가] 지상파 월정액 1개월 13,200원 할인",PM30000150,"20260627","20260526","20260630",3
C2600JR,[팝업] B tv All+(조합형)(26.5.05)_1-1차,,,PPV 등,,,,573291
C2600RN,[팝업] 밸류애드팀 Btv 업_단기(26.6.23)_4-1차,,,PPV 등,,,,281002
C2600S9,통합 월정액 첫달 90% 할인_추가 1차,A1CP1020261000121363,[쿨썸머 파격 특가] 주요 월정액 첫달 90% 할인 (택1),PM30000176,,"20260622","20260629",399541
C2600N4,(주기성) 6월 쿠폰팩 GCP(5/24~6/21가입)_TB,A1CP1020261000120865,[FREE PASS] B tv+ 1개월 무료_26년6월,PM30000107,"20260621","20260519","20260629",35
C2600VN,<엘리베이션> 할인쿠폰 프로모션,A1SA1020261000121463,"[엘리베이션 런칭] 영화 3,300원 할인",PPV 등,"20260725","20260708","20260831",180
C2600VB,"2607_무빙 연장 동의_TV팝업_16차",,,PPV 등,,,,3758
C2600NA,"26년 5월 B tv+ 할인 연장 캠페인_1주년 5,500원",A1CP1020261000120954,"[가입 유지 선물] B tv+ 월 5,500원 혜택 6개월 자동 연장_5월",PM30000107,"20260722","20260526","20260731",51
C2600N5,(일회성) 6월 쿠폰팩 GCP(5/1~5/23가입)_TB,A1CP1020261000120865,[FREE PASS] B tv+ 1개월 무료_26년6월,PM30000107,"20260627","20260519","20260629",30
C2600Q3,"6월 성인 1+1 프로모션 (6/11~6/20)",A1SA1020261000121168,"[1+1이벤트] 3,300원 할인 쿠폰",PPV 등,"20260618","20260609","20260731",30
C2600W1,"26년 7월_B tv+ KBS 이승철 콘서트_타임딜_UI 541 이상_2",A1CP1020261000121559,"[이승철 특가] B tv+ 월 5,500원 이용 혜택 (최대 12개월)",PM30000107,"20260717","20260714","20260722",95
C2600O8,[주기성] 26년 6월_B tv+ 비플리_UI 541 이하_쿠폰,A1CP1020261000120872,[위클리 혜택] B tv+ 12개월 50% 할인,PM30000107,"20260605","20260520","20260630",14
C2600PP,"지상파 월정액 첫달 3,300원_6월 3차",A1CP1020261000120947,"[6월 특가] 지상파 월정액 1개월 13,200원 할인",PM30000150,"20260622","20260526","20260630",3
C2600NE,통합 월정액 첫달 무료_6월 1차,A1CP1020261000120948,[이용 감사 혜택] 주요 월정액 1개월 100% 할인 (택1),PM30000176,"20260620","20260526","20260630",35
C2600WJ,"CJ ENM 월정액 3개월 5,500원_7월 3차",A1CP1020261000121358,"[쿨썸머 특가] CJ ENM 월정액 3개월 내내 월 5,500원",PM30000154,"20260702","20260622","20260731",1
C2600N4,(주기성) 6월 쿠폰팩 GCP(5/24~6/21가입)_TB,A1SA1020261000120869,[FREE PASS] SPOTV 프라임패키지 1개월 무료_26년6월,PM35000007,"20260614","20260519","20260629",7
C2600XQ,통합 월정액 3개월 내내 80% 할인_8월 2차,A1CP1020261000121658,[쿨썸머 특가] 주요 월정액 3개월 내내 80% 할인 (택1),PM30000176,"20260725","20260720","20260731",3
C2600M6,JTBC 월정액 첫달 무료_5월 2차,A1SA1020261000119567,[깜짝 특가] JTBC 월정액 1개월 100% 할인 쿠폰,PM30000269,"20260625","20260119","20261231",23
C2600JZ,"JTBC 월정액 6개월 약정 3,300원_5월 2차",A1CP1020261000120658,"[온가족특가] JTBC 6개월 약정 기간 내내 월 3,300원",PM30000269,"20260521","20260421","20260531",12
C2600T9,"26년 6월 B tv+ 할인 연장 캠페인_8월할인 7,700원",A1CP1020261000121368,"[가입 유지 선물] B tv+ 월 7,700원 이용 혜택 6개월 자동 연장_6월",PPV 등,"20260820","20260625","20260731",2
C2600KY,[팝업] B tv All+(조합형)(26.5.12)_2-1차,,,PPV 등,,,,571806
C2600Q9,[팝업] 밸류애드팀 Btv 업_단기(26.6.16)_3-2차,,,PPV 등,,,,305417
C2600IY,"JTBC 월정액 6개월 약정 3,300원_5월 1차",A1CP1020261000120658,"[온가족특가] JTBC 6개월 약정 기간 내내 월 3,300원",PM30000269,"20260515","20260421","20260531",6
C2600VN,<엘리베이션> 할인쿠폰 프로모션,A1SA1020261000121463,"[엘리베이션 런칭] 영화 3,300원 할인",PPV 등,"20260724","20260708","20260831",158
C2600WH,<군체> 할인쿠폰 프로모션,A1SA1020261000121563,[군체 런칭] 영화 20% 할인,PPV 등,"20260726","20260716","20260831",198
C2600QQ,통합 월정액 첫달 무료_6월 4차,A1CP1020261000120948,[이용 감사 혜택] 주요 월정액 1개월 100% 할인 (택1),PM30000176,"20260608","20260526","20260630",26
C2600SD,통합 월정액 첫달 90% 할인_추가 2차,A1CP1020261000121363,[쿨썸머 파격 특가] 주요 월정액 첫달 90% 할인 (택1),PM30000176,"20260626","20260622","20260629",88
C2600PZ,SPOTV 6월 첫달무료_1차_0612,A1SA1020261000121164,[축구 이벤트] SPOTV Prime 1개월 무료,PM35000007,"20260614","20260609","20260630",79
C2600TF,"지상파 월정액 3개월 5,500원_7월 1차",A1CP1020261000121373,"[쿨썸머 특가] 지상파 월정액 3개월 내내 월 5,500원",PM30000150,"20260708","20260629","20260731",76
C2600S3,"6월 성인 1+1 프로모션 (6/21~6/30)",A1SA1020261000121170,"[1+1 앵콜 이벤트] 3,300원 할인 쿠폰",PPV 등,"20260714","20260609","20260731",70
C2600Q5,<스위트 홈: 진격의 거인> 할인쿠폰 프로모션,A1SA1020261000121160,"[스위트 홈: 진격의 거인 런칭] 영화 3,300원 할인",PPV 등,"20260613","20260605","20260731",10
C2600KN,JTBC 월정액 첫달 무료_5월 1차,A1SA1020261000119567,[깜짝 특가] JTBC 월정액 1개월 100% 할인 쿠폰,PM30000269,"20260618","20260119","20261231",25
C2600S5,SPOTV 6월 첫달무료_1차_0622,A1SA1020261000121164,[축구 이벤트] SPOTV Prime 1개월 무료,PM35000007,"20260624","20260609","20260630",33
C2600P6,[주기성] 26년 6월_B tv+ 비플리_UI 541 이상_2~4차_2,A1CP1020261000120872,[위클리 혜택] B tv+ 12개월 50% 할인,PM30000107,"20260626","20260520","20260630",1
C2600SH,<납치 48시간> 할인쿠폰 프로모션,A1SA1020261000121265,"[납치 48시간 런칭] 영화 3,300원 할인",PPV 등,"20260723","20260616","20260831",5
C2600WK,JTBC 월정액 3개월 70% 할인_7월 3차,A1SA1020261000121374,[쿨썸머 특가] JTBC 월정액 3개월 내내 70% 할인,PM30000269,"20260731","20260629","20260731",23
C2600N4,(주기성) 6월 쿠폰팩 GCP(5/24~6/21가입)_TB,A1CP1020261000120866,[FREE PASS] 지상파 3사 1개월 무료_26년6월,PM30000150,"20260622","20260519","20260629",22
C2600TM,<신의 악단> 할인쿠폰 프로모션,A1SA1020261000121384,"[신의 악단 런칭] 영화 3,300원 할인",PPV 등,"20260721","20260630","20260731",15
C2600TJ,<데드 오브 윈터> 할인쿠폰 프로모션,A1SA1020261000121361,"[데드 오브 윈터 런칭] 영화 3,300원 할인",PPV 등,"20260726","20260622","20260731",5
C2600VM,<헬파이어: 시수의 길> 할인쿠폰 프로모션,A1SA1020261000121461,"[헬파이어: 시수의 길 런칭] 영화 5,500원 할인",PPV 등,"20260728","20260708","20260831",12
C2600P5,[주기성] 26년 6월_B tv+ 비플리_UI 541 이상_2~4차_1,A1CP1020261000120872,[위클리 혜택] B tv+ 12개월 50% 할인,PM30000107,"20260624","20260520","20260630",67
C2600OB,"26년 6월_B tv+ 비플리_UI 541 이상_1차 쿠폰(~6/7) & 배너(~6/30)_3",A1CP1020261000120872,[위클리 혜택] B tv+ 12개월 50% 할인,PM30000107,"20260623","20260520","20260630",1
C2600XQ,통합 월정액 3개월 내내 80% 할인_8월 2차,A1CP1020261000121658,[쿨썸머 특가] 주요 월정액 3개월 내내 80% 할인 (택1),PM30000176,"20260724","20260720","20260731",1
C2600P6,[주기성] 26년 6월_B tv+ 비플리_UI 541 이상_2~4차_2,A1CP1020261000120872,[위클리 혜택] B tv+ 12개월 50% 할인,PM30000107,"20260716","20260520","20260630",1
C2600MB,<힌드의 목소리> 할인쿠폰 프로모션,A1SA1020261000120864,"[힌드의 목소리 런칭] 영화 5,500원 할인",PPV 등,"20260529","20260519","20260630",1
C2600ND,"지상파 월정액 첫달 3,300원_6월 1차",A1CP1020261000120947,"[6월 특가] 지상파 월정액 1개월 13,200원 할인",PM30000150,,"20260526","20260630",498499
C2600U9,[팝업] 밸류애드팀 Btv 업_장기(26.7.8)_1-2차,,,PPV 등,,,,381280
C2600J7,"지상파 월정액 3개월 내내 5,500원_5월 2차",A1CP1020261000120660,"[온가족특가] 지상파 월정액 3개월 내내 월 5,500원",PM30000150,"20260523","20260422","20260531",63
C2600LX,"26년 5월_B tv+ 비플리_UI 541 이상_2차(~5/25)_1(1770)",A1CP1020261000120859,[가정의 달] B tv+ 12개월 50% 할인 (~5/25),PM30000107,"20260525","20260515","20260525",118
C2600WH,<군체> 할인쿠폰 프로모션,A1SA1020261000121563,[군체 런칭] 영화 20% 할인,PPV 등,,"20260716","20260831",18685
C2600TF,"지상파 월정액 3개월 5,500원_7월 1차",A1CP1020261000121373,"[쿨썸머 특가] 지상파 월정액 3개월 내내 월 5,500원",PM30000150,"20260729","20260629","20260731",59
C2600VN,<엘리베이션> 할인쿠폰 프로모션,A1SA1020261000121463,"[엘리베이션 런칭] 영화 3,300원 할인",PPV 등,"20260729","20260708","20260831",91
C2600M0,"26년 5월_B tv+ 비플리_UI 541 이상_2차(~5/25)_4(1770)",A1CP1020261000120859,[가정의 달] B tv+ 12개월 50% 할인 (~5/25),PM30000107,"20260523","20260515","20260525",14
C2600J7,"지상파 월정액 3개월 내내 5,500원_5월 2차",A1CP1020261000120660,"[온가족특가] 지상파 월정액 3개월 내내 월 5,500원",PM30000150,"20260517","20260422","20260531",73
C2600UP,<서퍼> 할인쿠폰 프로모션,A1SA1020261000121460,"[서퍼 런칭] 영화 3,300원 할인",PPV 등,"20260718","20260708","20260831",16
C2600NO,<푸틴: 절대 권력의 최후> 할인쿠폰 프로모션,A1SA1020261000120952,"[푸틴: 절대 권력의 최후 런칭] 영화 3,300원 할인",PPV 등,"20260620","20260526","20260630",8
C2600N5,(일회성) 6월 쿠폰팩 GCP(5/1~5/23가입)_TB,A1CP1020261000120866,[FREE PASS] 지상파 3사 1개월 무료_26년6월,PM30000150,"20260622","20260519","20260629",5
C2600N4,(주기성) 6월 쿠폰팩 GCP(5/24~6/21가입)_TB,A1CP1020261000120865,[FREE PASS] B tv+ 1개월 무료_26년6월,PM30000107,"20260623","20260519","20260629",31
C2600J7,"지상파 월정액 3개월 내내 5,500원_5월 2차",A1CP1020261000120660,"[온가족특가] 지상파 월정액 3개월 내내 월 5,500원",PM30000150,"20260527","20260422","20260531",44
C2600JZ,"JTBC 월정액 6개월 약정 3,300원_5월 2차",A1CP1020261000120658,"[온가족특가] JTBC 6개월 약정 기간 내내 월 3,300원",PM30000269,"20260529","20260421","20260531",21
C2600TH,<살목지> 할인쿠폰 프로모션,A1SA1020261000121380,"[살목지 런칭] 영화 3,300원 할인",PPV 등,"20260706","20260629","20260731",20
C2600MB,<힌드의 목소리> 할인쿠폰 프로모션,A1SA1020261000120864,"[힌드의 목소리 런칭] 영화 5,500원 할인",PPV 등,"20260528","20260519","20260630",5
C2600S4,"6월 성인 1+1 프로모션_모바일 (6/21~6/30)",A1SA1020261000121171,"[1+1 앵콜 이벤트] 3,300원 할인 쿠폰 (모바일)",PPV 등,"20260715","20260609","20260731",15
C2600WI,<뮌터 & 칸딘스키 - 사랑의 초상> 할인쿠폰 프로모션,A1SA1020261000121560,"[뮌터 & 칸딘스키 - 사랑의 초상 런칭] 영화 5,500원 할인",PPV 등,"20260802","20260716","20260831",3
C2600MB,<힌드의 목소리> 할인쿠폰 프로모션,A1SA1020261000120864,"[힌드의 목소리 런칭] 영화 5,500원 할인",PPV 등,"20260525","20260519","20260630",5
C2600QN,"지상파 월정액 첫달 3,300원_6월 4차",A1CP1020261000120947,"[6월 특가] 지상파 월정액 1개월 13,200원 할인",PM30000150,"20260601","20260526","20260630",1
C2600LY,"26년 5월_B tv+ 비플리_UI 541 이상_2차(~5/25)_2(1770)",A1CP1020261000120859,[가정의 달] B tv+ 12개월 50% 할인 (~5/25),PM30000107,,"20260515","20260525",788671
C2600PG,[팝업] 밸류애드팀 Btv 업_장기(26.6.10)_2-4차,,,PPV 등,,,,398817
C2600KP,<왕과 사는 남자> 할인쿠폰 프로모션,A1SA1020261000120651,"[왕과 사는 남자 런칭] 영화 4,400원 할인",PPV 등,"20260516","20260421","20260531",20
C2600MI,JTBC 월정액 첫달 무료_6월 1차,A1SA1020261000119567,[깜짝 특가] JTBC 월정액 1개월 100% 할인 쿠폰,PM30000269,"20260608","20260119","20261231",525
C2600PN,JTBC 월정액 첫달 무료_6월 2차,A1SA1020261000119567,[깜짝 특가] JTBC 월정액 1개월 100% 할인 쿠폰,PM30000269,"20260615","20260119","20261231",228
C2600S7,토이스토리 소장용 패키지 프로모션 (6/18~6/21 발급),A1SA1020261000121259,"[토이 스토리 패키지 구매] 영화 5,500원 할인",PPV 등,"20260628","20260615","20260731",21
C2600VN,<엘리베이션> 할인쿠폰 프로모션,A1SA1020261000121463,"[엘리베이션 런칭] 영화 3,300원 할인",PPV 등,"20260731","20260708","20260831",84
C2600PQ,통합 월정액 첫달 무료_6월 3차,A1CP1020261000120948,[이용 감사 혜택] 주요 월정액 1개월 100% 할인 (택1),PM30000176,"20260618","20260526","20260630",146
C2600L8,"26년 5월_B tv+ 비플리_UI 541 이상_1차(~5/17)_2(1770)",A1CP1020261000120853,[가정의 달] B tv+ 12개월 50% 할인 (~5/17),PM30000107,"20260514","20260507","20260517",27
C2600KD,[주기성/쿠폰] <프로젝트헤일메리&인생SF전> 할인쿠폰 프로모션,A1PR1020261000120752,[프로젝트헤일메리] 인생SF영화 추가 30% 할인,PPV 등,"20260515","20260430","20260524",10
C2600N5,(일회성) 6월 쿠폰팩 GCP(5/1~5/23가입)_TB,A1CP1020261000120865,[FREE PASS] B tv+ 1개월 무료_26년6월,PM30000107,"20260610","20260519","20260629",11
C2600N4,(주기성) 6월 쿠폰팩 GCP(5/24~6/21가입)_TB,A1CP1020261000120865,[FREE PASS] B tv+ 1개월 무료_26년6월,PM30000107,"20260608","20260519","20260629",23
C2600UP,<서퍼> 할인쿠폰 프로모션,A1SA1020261000121460,"[서퍼 런칭] 영화 3,300원 할인",PPV 등,"20260710","20260708","20260831",5
C2600SC,<금발이 되고 싶어> 할인쿠폰 프로모션,A1SA1020261000121360,"[금발이 되고 싶어 런칭] 영화 5,500원 할인",PPV 등,"20260701","20260622","20260731",11
C2600TN,"7월 성인 1+1 프로모션_모바일 (7/1~7/10)",A1SA1020261000121371,"[1+1이벤트] 3,300원 할인 쿠폰 (모바일)",PPV 등,"20260711","20260626","20260731",55
C2600VH,"26년 7월_B tv+ KBS 이승철 콘서트_타임딜_UI 541 이상_1",A1CP1020261000121559,"[이승철 특가] B tv+ 월 5,500원 이용 혜택 (최대 12개월)",PM30000107,"20260721","20260714","20260722",69
C2600WK,JTBC 월정액 3개월 70% 할인_7월 3차,A1SA1020261000121374,[쿨썸머 특가] JTBC 월정액 3개월 내내 70% 할인,PM30000269,"20260723","20260629","20260731",20
C2600UP,<서퍼> 할인쿠폰 프로모션,A1SA1020261000121460,"[서퍼 런칭] 영화 3,300원 할인",PPV 등,"20260715","20260708","20260831",16
C2600P6,[주기성] 26년 6월_B tv+ 비플리_UI 541 이상_2~4차_2,A1CP1020261000120872,[위클리 혜택] B tv+ 12개월 50% 할인,PM30000107,"20260627","20260520","20260630",2
C2600TI,JTBC 월정액 3개월 70% 할인_7월 2차,A1SA1020261000121374,[쿨썸머 특가] JTBC 월정액 3개월 내내 70% 할인,PM30000269,"20260711","20260629","20260731",6
C2600OB,"26년 6월_B tv+ 비플리_UI 541 이상_1차 쿠폰(~6/7) & 배너(~6/30)_3",A1CP1020261000120872,[위클리 혜택] B tv+ 12개월 50% 할인,PM30000107,"20260621","20260520","20260630",9
C2600OA,"26년 6월_B tv+ 비플리_UI 541 이상_1차 쿠폰(~6/7) & 배너(~6/30)_2",A1CP1020261000120872,[위클리 혜택] B tv+ 12개월 50% 할인,PM30000107,"20260626","20260520","20260630",1
C2600O7,"2606_캐치온 해지방어_B tv+ Cross-sell",A1CP1020261000120958,[비밀 특가] B tv+ 1개월 100원,PM30000107,"20260613","20260528","20260712",2
C2600QS,"6월 성인 1+1 프로모션_모바일_추가 (6/12~6/14 구매자)",A1SA1020261000121169,"[1+1이벤트] 3,300원 할인 쿠폰 (모바일)",PPV 등,"20260621","20260609","20260731",8
C2600US,<잠금: 셧다운> 할인쿠폰 프로모션,A1SA1020261000121462,"[잠금: 셧다운 런칭] 영화 5,500원 할인",PPV 등,"20260729","20260708","20260831",6
C2600P7,[주기성] 26년 6월_B tv+ 비플리_UI 541 이상_2~4차_3,A1CP1020261000120872,[위클리 혜택] B tv+ 12개월 50% 할인,PM30000107,"20260616","20260520","20260630",3
C2600WC,"지상파 월정액 3개월 5,500원_7월 3차",A1CP1020261000121373,"[쿨썸머 특가] 지상파 월정액 3개월 내내 월 5,500원",PM30000150,"20260704","20260629","20260731",2
C2600QP,"지상파 월정액 첫달 3,300원_6월 5차",A1CP1020261000120947,"[6월 특가] 지상파 월정액 1개월 13,200원 할인",PM30000150,"20260531","20260526","20260630",1
C2600MF,AI커머스광고 5월 프로모션,,,PPV 등,,,,856555
C2600T1,"26년 6월_B tv+ KBO 올스타전_UI 541 이상_3",DummyOffer,,PPV 등,,,,795614
C2600OL,"지상파 월정액 첫달 3,300원_6월 2차",A1CP1020261000120947,"[6월 특가] 지상파 월정액 1개월 13,200원 할인",PM30000150,,"20260526","20260630",499457
C2600JD,"2605_무빙 연장 동의_TV팝업_6차",,,PPV 등,,,,4499
C2600PV,"26년 6월_B tv+ 파격할인_UI 541 이하_5",A1CP1020261000120874,"[72시간 한정] B tv+ 12개월 월 5,500원 혜택",PM30000107,,"20260526","20260614",272699
C2600NA,"26년 5월 B tv+ 할인 연장 캠페인_1주년 5,500원",A1CP1020261000120954,"[가입 유지 선물] B tv+ 월 5,500원 혜택 6개월 자동 연장_5월",PM30000107,"20260704","20260526","20260731",107
C2600ND,"지상파 월정액 첫달 3,300원_6월 1차",A1CP1020261000120947,"[6월 특가] 지상파 월정액 1개월 13,200원 할인",PM30000150,"20260604","20260526","20260630",108
C2600NL,<쉘터> 할인쿠폰 프로모션,A1SA1020261000120861,"[쉘터 런칭] 영화 3,300원 할인",PPV 등,"20260609","20260518","20260630",34
C2600T7,<노멀> 할인쿠폰 프로모션,A1SA1020261000121162,"[노멀 런칭] 영화 3,300원 할인",PPV 등,"20260704","20260605","20260731",58
C2600TN,"7월 성인 1+1 프로모션_모바일 (7/1~7/10)",A1SA1020261000121371,"[1+1이벤트] 3,300원 할인 쿠폰 (모바일)",PPV 등,"20260709","20260626","20260731",55
C2600PV,"26년 6월_B tv+ 파격할인_UI 541 이하_5",A1CP1020261000120874,"[파격할인] B tv+ 12개월 월 5,500원 혜택",PM30000107,"20260610","20260520","20260531",35
C2600LA,"26년 5월_B tv+ 비플리_UI 541 이상_1차(~5/17)_4(1770)",A1CP1020261000120853,[가정의 달] B tv+ 12개월 50% 할인 (~5/17),PM30000107,"20260516","20260507","20260517",22
C2600PZ,SPOTV 6월 첫달무료_1차_0612,A1SA1020261000121164,[축구 이벤트] SPOTV Prime 1개월 무료,PM35000007,"20260619","20260609","20260630",150
C2600M8,<짱구> 할인쿠폰 프로모션,A1SA1020261000120863,"[짱구 런칭] 영화 5,500원 할인",PPV 등,"20260610","20260518","20260630",50
C2600P8,[주기성] 26년 6월_B tv+ 비플리_UI 541 이상_2~4차_4,A1CP1020261000120872,[위클리 혜택] B tv+ 12개월 50% 할인,PM30000107,"20260627","20260520","20260630",4
C2600SU,"26년 6월_B tv+ KBO 올스타전_UI 541 이상_1",A1CP1020261000121364,"[올스타전 특가] B tv+ 월 5,500원 혜택 (최대 12개월)",PM30000107,"20260630","20260624","20260705",114
C2600UD,"26년 7월_B tv+ 비플리_UI 541 이상_쿠폰&배너_2",A1CP1020261000121365,[고객님만 혜택] B tv+ 반값 할인 (최대 12개월),PM30000107,"20260714","20260624","20260731",25
C2600T9,"26년 6월 B tv+ 할인 연장 캠페인_8월할인 7,700원",A1CP1020261000121368,"[가입 유지 선물] B tv+ 월 7,700원 이용 혜택 6개월 자동 연장_6월",PPV 등,"20260815","20260625","20260731",8
C2600Q5,<스위트 홈: 진격의 거인> 할인쿠폰 프로모션,A1SA1020261000121160,"[스위트 홈: 진격의 거인 런칭] 영화 3,300원 할인",PPV 등,"20260627","20260605","20260731",20
C2600TA,[주기성] 26년 7월_B tv+ 비플리_UI 541 이하_쿠폰,A1CP1020261000121366,[고객님만 혜택] B tv+ 반값 할인 (최대 12개월),PM30000107,"20260703","20260624","20260731",23
C2600IY,"JTBC 월정액 6개월 약정 3,300원_5월 1차",A1CP1020261000120658,"[온가족특가] JTBC 6개월 약정 기간 내내 월 3,300원",PM30000269,"20260531","20260421","20260531",19
C2600M6,JTBC 월정액 첫달 무료_5월 2차,A1SA1020261000119567,[깜짝 특가] JTBC 월정액 1개월 100% 할인 쿠폰,PM30000269,"20260622","20260119","20261231",13
C2600N3,[주기성/쿠폰] <살목지&K-공포상영회> 할인쿠폰 프로모션,A1PR1020261000120873,[K-공포 상영회] 영화 50% 할인,PPV 등,"20260530","20260520","20260609",42
C2600Q5,<스위트 홈: 진격의 거인> 할인쿠폰 프로모션,A1SA1020261000121160,"[스위트 홈: 진격의 거인 런칭] 영화 3,300원 할인",PPV 등,"20260705","20260605","20260731",7
C2600KO,<폭탄> 할인쿠폰 프로모션,A1SA1020261000120751,"[폭탄 런칭] 영화 5,500원 할인",PPV 등,"20260529","20260430","20260531",2
C2600UF,"26년 7월_B tv+ 비플리_UI 541 이상_쿠폰&배너_4",A1CP1020261000121365,[고객님만 혜택] B tv+ 반값 할인 (최대 12개월),PM30000107,"20260712","20260624","20260731",3
C2600PQ,통합 월정액 첫달 무료_6월 3차,A1CP1020261000120948,[이용 감사 혜택] 주요 월정액 1개월 100% 할인 (택1),PM30000176,"20260623","20260526","20260630",1
C2600R4,<피어스> 할인쿠폰 프로모션,A1SA1020261000121258,"[피어스 런칭] 영화 5,500원 할인",PPV 등,"20260715","20260615","20260731",1
C2600TK,<메가 샤크 어택> 할인쿠폰 프로모션,A1SA1020261000121369,"[메가 샤크 어택 런칭] 영화 5,500원 할인",PPV 등,"20260729","20260626","20260731",1
C2600O9,"26년 6월_B tv+ 비플리_UI 541 이하_배너",DummyOffer,,PPV 등,,,,275576
C2600PI,"2606_무빙 연장 동의_TV팝업_11차",,,PPV 등,,,,4156
C2600TR,신작혜택파티 프로모션 타겟안내,,,PPV 등,,,,11712
C2600WJ,"CJ ENM 월정액 3개월 5,500원_7월 3차",A1CP1020261000121358,"[쿨썸머 특가] CJ ENM 월정액 3개월 내내 월 5,500원",PM30000154,,"20260622","20260731",383558
C2600PP,"지상파 월정액 첫달 3,300원_6월 3차",A1CP1020261000120947,"[6월 특가] 지상파 월정액 1개월 13,200원 할인",PM30000150,"20260612","20260526","20260630",108
C2600PS,"26년 6월_B tv+ 파격할인_UI 541 이상_2",A1CP1020261000120874,"[파격할인] B tv+ 12개월 월 5,500원 혜택",PM30000107,"20260614","20260520","20260531",101
C2600T8,<살목지(2차)> 할인쿠폰 프로모션,A1SA1020261000121161,"[살목지 런칭] 영화 4,444원 할인",PPV 등,,"20260605","20260731",338
C2600TA,[주기성] 26년 7월_B tv+ 비플리_UI 541 이하_쿠폰,A1CP1020261000121366,[고객님만 혜택] B tv+ 반값 할인 (최대 12개월),PM30000107,"20260705","20260624","20260731",29
C2600XE,"26년 7월_B tv+ 7월 4주차 복날 타임딜_UI 541 이상_2_F",A1CP1020261000121662,"[복날 치킨비] B tv+ 월 5,500원 이용 혜택 (최대 12개월)",PM30000107,"20260725","20260721","20260726",110
C2600S0,SPOTV 6월 첫달무료_2차_0620,A1SA1020261000121165,[MLB 이벤트] SPOTV Prime 1개월 무료,PM35000007,"20260621","20260609","20260630",111
C2600O0,"26년 6월_B tv+ 짝수달 유료전환 테스트_UI 552 이상",A1CP1020261000120870,[6월 한정] B tv+ 첫달 무료,PM30000107,"20260616","20260520","20260630",46
C2600IP,"CJ ENM 월정액 3개월 5,500원_5월 1차",A1CP1020261000120659,"[온가족특가] CJ ENM 월정액 3개월 내내 5,500원",PM30000154,"20260508","20260422","20260531",35
C2600NL,<쉘터> 할인쿠폰 프로모션,A1SA1020261000120861,"[쉘터 런칭] 영화 3,300원 할인",PPV 등,"20260618","20260518","20260630",22
C2600OA,"26년 6월_B tv+ 비플리_UI 541 이상_1차 쿠폰(~6/7) & 배너(~6/30)_2",A1CP1020261000120872,[위클리 혜택] B tv+ 12개월 50% 할인,PM30000107,"20260624","20260520","20260630",30
C2600OL,"지상파 월정액 첫달 3,300원_6월 2차",A1CP1020261000120947,"[6월 특가] 지상파 월정액 1개월 13,200원 할인",PM30000150,"20260612","20260526","20260630",24
C2600N4,(주기성) 6월 쿠폰팩 GCP(5/24~6/21가입)_TB,A1CP1020261000120866,[FREE PASS] 지상파 3사 1개월 무료_26년6월,PM30000150,"20260626","20260519","20260629",32
C2600SG,"CJ ENM 월정액 3개월 5,500원_7월 1차",A1CP1020261000121358,"[쿨썸머 특가] CJ ENM 월정액 3개월 내내 월 5,500원",PM30000154,"20260726","20260622","20260731",57
C2600S6,토이스토리 소장용 패키지 프로모션_수정,A1SA1020261000121259,"[토이 스토리 패키지 구매] 영화 5,500원 할인",PPV 등,"20260704","20260615","20260731",26
C2600T9,"26년 6월 B tv+ 할인 연장 캠페인_8월할인 7,700원",A1CP1020261000121368,"[가입 유지 선물] B tv+ 월 7,700원 이용 혜택 6개월 자동 연장_6월",PPV 등,"20260827","20260625","20260731",27
C2600QS,"6월 성인 1+1 프로모션_모바일_추가 (6/12~6/14 구매자)",A1SA1020261000121169,"[1+1이벤트] 3,300원 할인 쿠폰 (모바일)",PPV 등,"20260618","20260609","20260731",5
C2600TN,"7월 성인 1+1 프로모션_모바일 (7/1~7/10)",A1SA1020261000121371,"[1+1이벤트] 3,300원 할인 쿠폰 (모바일)",PPV 등,"20260713","20260626","20260731",39
C2600XG,"26년 7월 B tv+ 할인 연장 캠페인_6개월/9개월 할인재연",A1CP1020261000121664,"[가입 유지 선물] B tv+ 월 5,500원 이용 혜택 6개월 자동 연장_7월",PPV 등,"20260902","20260721","20260831",13
C2600N4,(주기성) 6월 쿠폰팩 GCP(5/24~6/21가입)_TB,A1SA1020261000120868,[FREE PASS] JTBC 1개월 무료_26년6월,PM30000269,"20260626","20260519","20260629",11
C2600TI,JTBC 월정액 3개월 70% 할인_7월 2차,A1SA1020261000121374,[쿨썸머 특가] JTBC 월정액 3개월 내내 70% 할인,PM30000269,"20260709","20260629","20260731",13
C2600NH,<리 크로닌의 미이라> 할인쿠폰 프로모션,A1SA1020261000120855,"[리 크로닌의 미이라] 영화 3,300원 할인",PPV 등,"20260615","20260507","20260630",15
C2600UC,"26년 7월_B tv+ 비플리_UI 541 이상_쿠폰&배너_1",A1CP1020261000121365,[고객님만 혜택] B tv+ 반값 할인 (최대 12개월),PM30000107,"20260722","20260624","20260731",6
C2600P7,[주기성] 26년 6월_B tv+ 비플리_UI 541 이상_2~4차_3,A1CP1020261000120872,[위클리 혜택] B tv+ 12개월 50% 할인,PM30000107,"20260614","20260520","20260630",2
C2600XG,"26년 7월 B tv+ 할인 연장 캠페인_6개월/9개월 할인재연",A1CP1020261000121664,"[가입 유지 선물] B tv+ 월 5,500원 이용 혜택 6개월 자동 연장_7월",PPV 등,"20260901","20260721","20260831",6
C2600JE,<캣 앤 독> 할인쿠폰 프로모션,A1SA1020261000120747,"[캣 앤 독 런칭] 영화 5,500원 할인",PPV 등,"20260518","20260428","20260531",2
C2600TA,[주기성] 26년 7월_B tv+ 비플리_UI 541 이하_쿠폰,A1CP1020261000121366,[고객님만 혜택] B tv+ 반값 할인 (최대 12개월),PM30000107,"20260627","20260624","20260731",2
C2600P6,[주기성] 26년 6월_B tv+ 비플리_UI 541 이상_2~4차_2,A1CP1020261000120872,[위클리 혜택] B tv+ 12개월 50% 할인,PM30000107,"20260604","20260520","20260630",2
C2600KO,<폭탄> 할인쿠폰 프로모션,A1SA1020261000120751,"[폭탄 런칭] 영화 5,500원 할인",PPV 등,"20260528","20260430","20260531",1
C2600T4,"26년 6월_B tv+ KBO 올스타전_UI 541 이상_4",A1CP1020261000121364,"[올스타전 특가] B tv+ 월 5,500원 혜택 (최대 12개월)",PM30000107,"20260628","20260624","20260705",2
C2600UE,"26년 7월_B tv+ 비플리_UI 541 이상_쿠폰&배너_3",A1CP1020261000121365,[고객님만 혜택] B tv+ 반값 할인 (최대 12개월),PM30000107,"20260721","20260624","20260731",1
C2600M7,[모바일 B tv] '26년 5월 수요 1+1 무비 쿠폰 앱푸쉬 (Mass),,,PPV 등,,,,929676
C2600MJ,[팝업] 밸류애드팀 STB 교체(26.5.25)_4-1차,,,PPV 등,,,,296200
C2600MW,[팝업] 밸류애드팀 Btv 업_장기(26.5.27)_4-2차,,,PPV 등,,,,382285
C2600UW,"26년 7월_B tv+ KBS 이승철 콘서트_UI 541 이상_2",DummyOffer,,PPV 등,,,,1069490
C2600J2,[주기성]26년_5월 조합상품 미시청 고객 캐시 적립,PR102026100000125961,,PPV 등,,,,4059
C2600QQ,통합 월정액 첫달 무료_6월 4차,A1CP1020261000120948,[이용 감사 혜택] 주요 월정액 1개월 100% 할인 (택1),PM30000176,"20260623","20260526","20260630",135
C2600XG,"26년 7월 B tv+ 할인 연장 캠페인_6개월/9개월 할인재연",A1CP1020261000121664,"[가입 유지 선물] B tv+ 월 5,500원 이용 혜택 6개월 자동 연장_7월",PPV 등,"20260903","20260721","20260831",5
C2600TJ,<데드 오브 윈터> 할인쿠폰 프로모션,A1SA1020261000121361,"[데드 오브 윈터 런칭] 영화 3,300원 할인",PPV 등,"20260716","20260622","20260731",27
C2600N4,(주기성) 6월 쿠폰팩 GCP(5/24~6/21가입)_TB,A1CP1020261000120865,[FREE PASS] B tv+ 1개월 무료_26년6월,PM30000107,"20260626","20260519","20260629",53
C2600UU,"7월 성인 1+1 앵콜 프로모션_모바일 (7/11~7/20)",A1SA1020261000121458,"[1+1 앵콜 이벤트] 3,300원 할인 쿠폰",PPV 등,"20260728","20260708","20260831",48
C2600WF,<군체[예약구매]> 할인쿠폰 프로모션,A1SA1020261000121562,"[군체 예약] 영화 4,400원 할인",PPV 등,"20260723","20260716","20260831",25
C2600QR,"6월 성인 1+1 프로모션_추가 (6/12~14 구매자)",A1SA1020261000121168,"[1+1이벤트] 3,300원 할인 쿠폰",PPV 등,"20260701","20260609","20260731",36
C2600TG,JTBC 월정액 3개월 70% 할인_7월 1차,A1SA1020261000121374,[쿨썸머 특가] JTBC 월정액 3개월 내내 70% 할인,PM30000269,"20260718","20260629","20260731",22
C2600JZ,"JTBC 월정액 6개월 약정 3,300원_5월 2차",A1CP1020261000120658,"[온가족특가] JTBC 6개월 약정 기간 내내 월 3,300원",PM30000269,"20260525","20260421","20260531",8
C2600T7,<노멀> 할인쿠폰 프로모션,A1SA1020261000121162,"[노멀 런칭] 영화 3,300원 할인",PPV 등,"20260703","20260605","20260731",46
C2600L7,"26년 5월_B tv+ 비플리_UI 541 이상_1차(~5/17)_1(1770)",A1CP1020261000120853,[가정의 달] B tv+ 12개월 50% 할인 (~5/17),PM30000107,"20260510","20260507","20260517",42
C2600R6,<슈퍼 마리오 갤럭시> 할인쿠폰 프로모션,A1SA1020261000120961,"[슈퍼마리오 갤럭시 런칭] 영화 3,300원 할인",PPV 등,"20260625","20260529","20260623",7
C2600TI,JTBC 월정액 3개월 70% 할인_7월 2차,A1SA1020261000121374,[쿨썸머 특가] JTBC 월정액 3개월 내내 70% 할인,PM30000269,"20260730","20260629","20260731",5
C2600KM,"지상파 월정액 3개월 내내 5,500원_5월 3차",A1CP1020261000120660,"[온가족특가] 지상파 월정액 3개월 내내 월 5,500원",PM30000150,"20260514","20260422","20260531",16
C2600KI,"JTBC 월정액 6개월 약정 3,300원_5월 3차",A1CP1020261000120658,"[온가족특가] JTBC 6개월 약정 기간 내내 월 3,300원",PM30000269,"20260512","20260421","20260531",3
C2600O8,[주기성] 26년 6월_B tv+ 비플리_UI 541 이하_쿠폰,A1CP1020261000120872,[위클리 혜택] B tv+ 12개월 50% 할인,PM30000107,"20260627","20260520","20260630",11
C2600NN,<코드 네임: 알라룸> 할인쿠폰 프로모션,A1SA1020261000120951,"[코드 네임: 알라룸 런칭] 영화 5,500원 할인",PPV 등,"20260627","20260526","20260630",2
C2600P5,[주기성] 26년 6월_B tv+ 비플리_UI 541 이상_2~4차_1,A1CP1020261000120872,[위클리 혜택] B tv+ 12개월 50% 할인,PM30000107,"20260612","20260520","20260630",2
C2600NM,<살목지> 런칭 안내 팝업 (5/29),,,PPV 등,,,,6343714
C2600MR,[팝업] 밸류애드팀 Btv 업_단기(26.5.26)_4-2차,,,PPV 등,,,,296080
C2600P0,<쉘터> 타겟 프로모션_30%_0604,A1SA1020261000120953,[즉시 할인] 쉘터 30% 할인쿠폰,PPV 등,"20260608","20260526","20260630",124
C2600M6,JTBC 월정액 첫달 무료_5월 2차,A1SA1020261000119567,[깜짝 특가] JTBC 월정액 1개월 100% 할인 쿠폰,PM30000269,"20260525","20260119","20261231",232
C2600QR,"6월 성인 1+1 프로모션_추가 (6/12~14 구매자)",A1SA1020261000121168,"[1+1이벤트] 3,300원 할인 쿠폰",PPV 등,"20260617","20260609","20260731",227
C2600LX,"26년 5월_B tv+ 비플리_UI 541 이상_2차(~5/25)_1(1770)",A1CP1020261000120859,[가정의 달] B tv+ 12개월 50% 할인 (~5/25),PM30000107,"20260521","20260515","20260525",38
C2600QR,"6월 성인 1+1 프로모션_추가 (6/12~14 구매자)",A1SA1020261000121168,"[1+1이벤트] 3,300원 할인 쿠폰",PPV 등,"20260705","20260609","20260731",33
C2600TZ,"지상파 월정액 3개월 5,500원_7월 2차",A1CP1020261000121373,"[쿨썸머 특가] 지상파 월정액 3개월 내내 월 5,500원",PM30000150,"20260717","20260629","20260731",67
C2600PS,"26년 6월_B tv+ 파격할인_UI 541 이상_2",A1CP1020261000120874,"[파격할인] B tv+ 12개월 월 5,500원 혜택",PM30000107,"20260612","20260520","20260531",61
C2600IY,"JTBC 월정액 6개월 약정 3,300원_5월 1차",A1CP1020261000120658,"[온가족특가] JTBC 6개월 약정 기간 내내 월 3,300원",PM30000269,"20260517","20260421","20260531",13
C2600WD,통합 월정액 3개월 내내 80% 할인,A1CP1020261000121658,[쿨썸머 특가] 주요 월정액 3개월 내내 80% 할인 (택1),PM30000176,"20260721","20260720","20260731",55
C2600JZ,"JTBC 월정액 6개월 약정 3,300원_5월 2차",A1CP1020261000120658,"[온가족특가] JTBC 6개월 약정 기간 내내 월 3,300원",PM30000269,"20260524","20260421","20260531",14
C2600IY,"JTBC 월정액 6개월 약정 3,300원_5월 1차",A1CP1020261000120658,"[온가족특가] JTBC 6개월 약정 기간 내내 월 3,300원",PM30000269,"20260523","20260421","20260531",14
C2600W2,"26년 7월_B tv+ KBS 이승철 콘서트_타임딜_UI 541 이상_3",A1CP1020261000121559,"[이승철 특가] B tv+ 월 5,500원 이용 혜택 (최대 12개월)",PM30000107,"20260721","20260714","20260722",30
C2600NI,<시에라 마드레: 카르텔 전쟁> 할인쿠폰 프로모션,A1SA1020261000120862,"[시에라 마드레: 카르텔 전쟁 런칭] 영화 5,500원 할인",PPV 등,"20260611","20260518","20260630",20
C2600TM,<신의 악단> 할인쿠폰 프로모션,A1SA1020261000121384,"[신의 악단 런칭] 영화 3,300원 할인",PPV 등,"20260727","20260630","20260731",7
C2600UV,모아나 소장용 패키지 프로모션 (7/10),A1SA1020261000121465,"[모아나 패키지 구매] 영화 5,500원 할인",PPV 등,"20260802","20260708","20260831",5
C2600UE,"26년 7월_B tv+ 비플리_UI 541 이상_쿠폰&배너_3",A1CP1020261000121365,[고객님만 혜택] B tv+ 반값 할인 (최대 12개월),PM30000107,"20260709","20260624","20260731",26
C2600QN,"지상파 월정액 첫달 3,300원_6월 4차",A1CP1020261000120947,"[6월 특가] 지상파 월정액 1개월 13,200원 할인",PM30000150,"20260614","20260526","20260630",1
C2600S6,토이스토리 소장용 패키지 프로모션_수정,A1SA1020261000121259,"[토이 스토리 패키지 구매] 영화 5,500원 할인",PPV 등,"20260710","20260615","20260731",16
C2600NN,<코드 네임: 알라룸> 할인쿠폰 프로모션,A1SA1020261000120951,"[코드 네임: 알라룸 런칭] 영화 5,500원 할인",PPV 등,"20260622","20260526","20260630",4
C2600MI,JTBC 월정액 첫달 무료_6월 1차,A1SA1020261000119567,[깜짝 특가] JTBC 월정액 1개월 100% 할인 쿠폰,PM30000269,"20260524","20260119","20261231",2
C2600QQ,통합 월정액 첫달 무료_6월 4차,A1CP1020261000120948,[이용 감사 혜택] 주요 월정액 1개월 100% 할인 (택1),PM30000176,"20260616","20260526","20260630",4
C2600NO,<푸틴: 절대 권력의 최후> 할인쿠폰 프로모션,A1SA1020261000120952,"[푸틴: 절대 권력의 최후 런칭] 영화 3,300원 할인",PPV 등,"20260605","20260526","20260630",5
C2600SU,"26년 6월_B tv+ KBO 올스타전_UI 541 이상_1",A1CP1020261000121364,"[올스타전 특가] B tv+ 월 5,500원 혜택 (최대 12개월)",PM30000107,"20260723","20260624","20260705",1
C2600P2,[팝업] 밸류애드팀 STB 교체(26.6.8))_2-2차,,,PPV 등,,,,274028
C2600J5,"지상파 월정액 3개월 내내 5,500원_5월 1차",A1CP1020261000120660,"[온가족특가] 지상파 월정액 3개월 내내 월 5,500원",PM30000150,"20260503","20260422","20260531",102
C2600JG,"2605_주기성_전환동의 띠배너 편성제외",,,PPV 등,,,,595
C2600LE,"CJ ENM 월정액 3개월 5,500원_5월 3차",A1CP1020261000120659,"[온가족특가] CJ ENM 월정액 3개월 내내 5,500원",PM30000154,"20260519","20260422","20260531",27
C2600ND,"지상파 월정액 첫달 3,300원_6월 1차",A1CP1020261000120947,"[6월 특가] 지상파 월정액 1개월 13,200원 할인",PM30000150,"20260626","20260526","20260630",44
C2600ND,"지상파 월정액 첫달 3,300원_6월 1차",A1CP1020261000120947,"[6월 특가] 지상파 월정액 1개월 13,200원 할인",PM30000150,"20260617","20260526","20260630",106
C2600WG,<디스클로저 데이> 할인쿠폰 프로모션,A1SA1020261000121558,"[디스클로저 데이 런칭] 영화 3,300원 할인",PPV 등,"20260723","20260713","20260831",6
C2600UC,"26년 7월_B tv+ 비플리_UI 541 이상_쿠폰&배너_1",A1CP1020261000121365,[고객님만 혜택] B tv+ 반값 할인 (최대 12개월),PM30000107,"20260813","20260624","20260731",1
C2600S6,토이스토리 소장용 패키지 프로모션_수정,A1SA1020261000121259,"[토이 스토리 패키지 구매] 영화 5,500원 할인",PPV 등,"20260630","20260615","20260731",15
C2600LE,"CJ ENM 월정액 3개월 5,500원_5월 3차",A1CP1020261000120659,"[온가족특가] CJ ENM 월정액 3개월 내내 5,500원",PM30000154,"20260515","20260422","20260531",26
C2600KI,"JTBC 월정액 6개월 약정 3,300원_5월 3차",A1CP1020261000120658,"[온가족특가] JTBC 6개월 약정 기간 내내 월 3,300원",PM30000269,"20260529","20260421","20260531",4
C2600QQ,통합 월정액 첫달 무료_6월 4차,A1CP1020261000120948,[이용 감사 혜택] 주요 월정액 1개월 100% 할인 (택1),PM30000176,"20260609","20260526","20260630",21
C2600S7,토이스토리 소장용 패키지 프로모션 (6/18~6/21 발급),A1SA1020261000121259,"[토이 스토리 패키지 구매] 영화 5,500원 할인",PPV 등,"20260708","20260615","20260731",1
C2600XG,"26년 7월 B tv+ 할인 연장 캠페인_6개월/9개월 할인재연",A1CP1020261000121664,"[가입 유지 선물] B tv+ 월 5,500원 이용 혜택 6개월 자동 연장_7월",PPV 등,"20260910","20260721","20260831",9
C2600N5,(일회성) 6월 쿠폰팩 GCP(5/1~5/23가입)_TB,A1CP1020261000120866,[FREE PASS] 지상파 3사 1개월 무료_26년6월,PM30000150,"20260610","20260519","20260629",10
C2600TI,JTBC 월정액 3개월 70% 할인_7월 2차,A1SA1020261000121374,[쿨썸머 특가] JTBC 월정액 3개월 내내 70% 할인,PM30000269,"20260715","20260629","20260731",6
C2600T8,<살목지(2차)> 할인쿠폰 프로모션,A1SA1020261000121161,"[살목지 런칭] 영화 4,444원 할인",PPV 등,"20260712","20260605","20260731",5
C2600P6,[주기성] 26년 6월_B tv+ 비플리_UI 541 이상_2~4차_2,A1CP1020261000120872,[위클리 혜택] B tv+ 12개월 50% 할인,PM30000107,"20260602","20260520","20260630",2
C2600TI,JTBC 월정액 3개월 70% 할인_7월 2차,A1SA1020261000121374,[쿨썸머 특가] JTBC 월정액 3개월 내내 70% 할인,PM30000269,"20260714","20260629","20260731",6
C2600T0,"26년 6월_B tv+ KBO 올스타전_UI 541 이상_2",A1CP1020261000121364,"[올스타전 특가] B tv+ 월 5,500원 혜택 (최대 12개월)",PM30000107,"20260709","20260624","20260705",1
C2600NN,<코드 네임: 알라룸> 할인쿠폰 프로모션,A1SA1020261000120951,"[코드 네임: 알라룸 런칭] 영화 5,500원 할인",PPV 등,"20260623","20260526","20260630",4
C2600TI,JTBC 월정액 3개월 70% 할인_7월 2차,A1SA1020261000121374,[쿨썸머 특가] JTBC 월정액 3개월 내내 70% 할인,PM30000269,"20260722","20260629","20260731",1
C2600IP,"CJ ENM 월정액 3개월 5,500원_5월 1차",A1CP1020261000120659,"[온가족특가] CJ ENM 월정액 3개월 내내 5,500원",PM30000154,,"20260422","20260531",498089
C2600PV,"26년 6월_B tv+ 파격할인_UI 541 이하_5",DummyOffer,,PPV 등,,,,272403
C2600L4,"2605_무빙 연장 동의_TV팝업_7차",,,PPV 등,,,,4411
C2600UX,"26년 7월_B tv+ KBS 이승철 콘서트_UI 541 이상_3",DummyOffer,,PPV 등,,,,534234
C2600U8,[팝업] 밸류애드팀 Btv 업_장기(26.7.8)_1-1차,,,PPV 등,,,,381531
C2600J5,"지상파 월정액 3개월 내내 5,500원_5월 1차",A1CP1020261000120660,"[온가족특가] 지상파 월정액 3개월 내내 월 5,500원",PM30000150,"20260508","20260422","20260531",48
C2600PR,"26년 6월_B tv+ 파격할인_UI 541 이상_1",A1CP1020261000120874,"[72시간 한정] B tv+ 12개월 월 5,500원 혜택",PM30000107,"20260614","20260526","20260614",218
C2600J7,"지상파 월정액 3개월 내내 5,500원_5월 2차",A1CP1020261000120660,"[온가족특가] 지상파 월정액 3개월 내내 월 5,500원",PM30000150,"20260514","20260422","20260531",40
C2600SD,통합 월정액 첫달 90% 할인_추가 2차,A1CP1020261000121363,[쿨썸머 파격 특가] 주요 월정액 첫달 90% 할인 (택1),PM30000176,"20260625","20260622","20260629",116
C2600KP,<왕과 사는 남자> 할인쿠폰 프로모션,A1SA1020261000120651,"[왕과 사는 남자 런칭] 영화 4,400원 할인",PPV 등,"20260522","20260421","20260531",12
C2600QU,"6월 성인 1+1 프로모션 (6/11~6/20)_수정",A1SA1020261000121168,"[1+1이벤트] 3,300원 할인 쿠폰",PPV 등,"20260705","20260609","20260731",57
C2600OL,"지상파 월정액 첫달 3,300원_6월 2차",A1CP1020261000120947,"[6월 특가] 지상파 월정액 1개월 13,200원 할인",PM30000150,"20260618","20260526","20260630",24
C2600RC,"<왕과 사는 남자> 타겟 프로모션_2,000원_0617",A1SA1020261000121266,"[즉시 할인] 왕과 사는 남자 2,200원 할인쿠폰",PPV 등,"20260629","20260616","20260731",1
C2600TI,JTBC 월정액 3개월 70% 할인_7월 2차,A1SA1020261000121374,[쿨썸머 특가] JTBC 월정액 3개월 내내 70% 할인,PM30000269,"20260710","20260629","20260731",6
C2600N5,(일회성) 6월 쿠폰팩 GCP(5/1~5/23가입)_TB,A1CP1020261000120866,[FREE PASS] 지상파 3사 1개월 무료_26년6월,PM30000150,"20260606","20260519","20260629",14
C2600TG,JTBC 월정액 3개월 70% 할인_7월 1차,A1SA1020261000121374,[쿨썸머 특가] JTBC 월정액 3개월 내내 70% 할인,PM30000269,"20260726","20260629","20260731",25
C2600OA,"26년 6월_B tv+ 비플리_UI 541 이상_1차 쿠폰(~6/7) & 배너(~6/30)_2",A1CP1020261000120872,[위클리 혜택] B tv+ 12개월 50% 할인,PM30000107,"20260606","20260520","20260630",60
C2600KM,"지상파 월정액 3개월 내내 5,500원_5월 3차",A1CP1020261000120660,"[온가족특가] 지상파 월정액 3개월 내내 월 5,500원",PM30000150,"20260517","20260422","20260531",22
C2600N5,(일회성) 6월 쿠폰팩 GCP(5/1~5/23가입)_TB,A1CP1020261000120866,[FREE PASS] 지상파 3사 1개월 무료_26년6월,PM30000150,"20260611","20260519","20260629",3
C2600KO,<폭탄> 할인쿠폰 프로모션,A1SA1020261000120751,"[폭탄 런칭] 영화 5,500원 할인",PPV 등,"20260523","20260430","20260531",5
C2600NO,<푸틴: 절대 권력의 최후> 할인쿠폰 프로모션,A1SA1020261000120952,"[푸틴: 절대 권력의 최후 런칭] 영화 3,300원 할인",PPV 등,"20260623","20260526","20260630",2
C2600TJ,<데드 오브 윈터> 할인쿠폰 프로모션,A1SA1020261000121361,"[데드 오브 윈터 런칭] 영화 3,300원 할인",PPV 등,"20260725","20260622","20260731",2
C2600NI,<시에라 마드레: 카르텔 전쟁> 할인쿠폰 프로모션,A1SA1020261000120862,"[시에라 마드레: 카르텔 전쟁 런칭] 영화 5,500원 할인",PPV 등,"20260623","20260518","20260630",1
C2600JB,<극장의 시간들> 할인쿠폰 프로모션,A1SA1020261000120746,"[극장의 시간들 런칭] 영화 5,500원 할인",PPV 등,"20260503","20260428","20260531",1
C2600O0,"26년 6월_B tv+ 짝수달 유료전환 테스트_UI 552 이상",DummyOffer,,PPV 등,,,,1308489
C2600OX,"26년 6월_B tv+ 국내여행_(6/4~7)_89",DummyOffer,,PPV 등,,,,540593
C2600SU,"26년 6월_B tv+ KBO 올스타전_UI 541 이상_1",A1CP1020261000121364,"[올스타전 특가] B tv+ 월 5,500원 혜택 (최대 12개월)",PM30000107,,"20260624","20260705",792101
C2600KM,"지상파 월정액 3개월 내내 5,500원_5월 3차",A1CP1020261000120660,"[온가족특가] 지상파 월정액 3개월 내내 월 5,500원",PM30000150,"20260515","20260422","20260531",22
C2600NL,<쉘터> 할인쿠폰 프로모션,A1SA1020261000120861,"[쉘터 런칭] 영화 3,300원 할인",PPV 등,,"20260518","20260630",1412
C2600N4,(주기성) 6월 쿠폰팩 GCP(5/24~6/21가입)_TB,A1CP1020261000120865,[FREE PASS] B tv+ 1개월 무료_26년6월,PM30000107,"20260629","20260519","20260629",66
C2600LE,"CJ ENM 월정액 3개월 5,500원_5월 3차",A1CP1020261000120659,"[온가족특가] CJ ENM 월정액 3개월 내내 5,500원",PM30000154,"20260517","20260422","20260531",33
C2600O6,"26년 6월_B tv+ 비플리_UI 541 이상_1차 쿠폰(~6/7) & 배너(~6/30)_1",A1CP1020261000120872,[위클리 혜택] B tv+ 12개월 50% 할인,PM30000107,"20260607","20260520","20260630",157
C2600TL,"7월 성인 1+1 프로모션 (7/1~7/10)",A1SA1020261000121370,"[1+1이벤트] 3,300원 할인 쿠폰",PPV 등,"20260713","20260626","20260731",275
C2600XG,"26년 7월 B tv+ 할인 연장 캠페인_6개월/9개월 할인재연",A1CP1020261000121664,"[가입 유지 선물] B tv+ 월 5,500원 이용 혜택 6개월 자동 연장_7월",PPV 등,"20261005","20260721","20260831",131
C2600SG,"CJ ENM 월정액 3개월 5,500원_7월 1차",A1CP1020261000121358,"[쿨썸머 특가] CJ ENM 월정액 3개월 내내 월 5,500원",PM30000154,"20260731","20260622","20260731",83
C2600NA,"26년 5월 B tv+ 할인 연장 캠페인_1주년 5,500원",A1CP1020261000120954,"[가입 유지 선물] B tv+ 월 5,500원 혜택 6개월 자동 연장_5월",PM30000107,"20260702","20260526","20260731",150
C2600S5,SPOTV 6월 첫달무료_1차_0622,A1SA1020261000121164,[축구 이벤트] SPOTV Prime 1개월 무료,PM35000007,"20260625","20260609","20260630",39
C2600J7,"지상파 월정액 3개월 내내 5,500원_5월 2차",A1CP1020261000120660,"[온가족특가] 지상파 월정액 3개월 내내 월 5,500원",PM30000150,"20260525","20260422","20260531",82
C2600TH,<살목지> 할인쿠폰 프로모션,A1SA1020261000121380,"[살목지 런칭] 영화 3,300원 할인",PPV 등,"20260705","20260629","20260731",51
C2600S1,SPOTV 6월 첫달무료_2차_0622,A1SA1020261000121165,[MLB 이벤트] SPOTV Prime 1개월 무료,PM35000007,"20260626","20260609","20260630",62
C2600OC,"26년 6월_B tv+ 비플리_UI 541 이상_1차 쿠폰(~6/7) & 배너(~6/30)_4",A1CP1020261000120872,[위클리 혜택] B tv+ 12개월 50% 할인,PM30000107,"20260618","20260520","20260630",28
C2600M8,<짱구> 할인쿠폰 프로모션,A1SA1020261000120863,"[짱구 런칭] 영화 5,500원 할인",PPV 등,"20260614","20260518","20260630",58
C2600TM,<신의 악단> 할인쿠폰 프로모션,A1SA1020261000121384,"[신의 악단 런칭] 영화 3,300원 할인",PPV 등,"20260720","20260630","20260731",22
C2600UD,"26년 7월_B tv+ 비플리_UI 541 이상_쿠폰&배너_2",A1CP1020261000121365,[고객님만 혜택] B tv+ 반값 할인 (최대 12개월),PM30000107,"20260706","20260624","20260731",40
C2600N4,(주기성) 6월 쿠폰팩 GCP(5/24~6/21가입)_TB,A1SA1020261000120869,[FREE PASS] SPOTV 프라임패키지 1개월 무료_26년6월,PM35000007,"20260622","20260519","20260629",6
C2600QP,"지상파 월정액 첫달 3,300원_6월 5차",A1CP1020261000120947,"[6월 특가] 지상파 월정액 1개월 13,200원 할인",PM30000150,"20260613","20260526","20260630",3
C2600LG,<스피드> 할인쿠폰 프로모션,A1SA1020261000120858,"[스피드 런칭] 영화 5,500원 할인",PPV 등,"20260603","20260512","20260531",5
C2600TA,[주기성] 26년 7월_B tv+ 비플리_UI 541 이하_쿠폰,A1CP1020261000121366,[고객님만 혜택] B tv+ 반값 할인 (최대 12개월),PM30000107,"20260704","20260624","20260731",27
C2600S6,토이스토리 소장용 패키지 프로모션_수정,A1SA1020261000121259,"[토이 스토리 패키지 구매] 영화 5,500원 할인",PPV 등,"20260717","20260615","20260731",15
C2600JZ,"JTBC 월정액 6개월 약정 3,300원_5월 2차",A1CP1020261000120658,"[온가족특가] JTBC 6개월 약정 기간 내내 월 3,300원",PM30000269,"20260514","20260421","20260531",6
C2600QQ,통합 월정액 첫달 무료_6월 4차,A1CP1020261000120948,[이용 감사 혜택] 주요 월정액 1개월 100% 할인 (택1),PM30000176,"20260604","20260526","20260630",8
C2600N4,(주기성) 6월 쿠폰팩 GCP(5/24~6/21가입)_TB,A1SA1020261000120868,[FREE PASS] JTBC 1개월 무료_26년6월,PM30000269,"20260622","20260519","20260629",7
C2600JZ,"JTBC 월정액 6개월 약정 3,300원_5월 2차",A1CP1020261000120658,"[온가족특가] JTBC 6개월 약정 기간 내내 월 3,300원",PM30000269,"20260515","20260421","20260531",6
C2600N4,(주기성) 6월 쿠폰팩 GCP(5/24~6/21가입)_TB,A1SA1020261000120869,[FREE PASS] SPOTV 프라임패키지 1개월 무료_26년6월,PM35000007,"20260613","20260519","20260629",8
C2600QV,"6월 성인 1+1 프로모션_모바일 (6/11~6/20)_수정",A1SA1020261000121169,"[1+1이벤트] 3,300원 할인 쿠폰 (모바일)",PPV 등,"20260617","20260609","20260731",7
C2600PT,"26년 6월_B tv+ 파격할인_UI 541 이상_3",A1CP1020261000120874,"[파격할인] B tv+ 12개월 월 5,500원 혜택",PM30000107,"20260613","20260520","20260531",3
C2600SC,<금발이 되고 싶어> 할인쿠폰 프로모션,A1SA1020261000121360,"[금발이 되고 싶어 런칭] 영화 5,500원 할인",PPV 등,"20260719","20260622","20260731",1
C2600KO,<폭탄> 할인쿠폰 프로모션,A1SA1020261000120751,"[폭탄 런칭] 영화 5,500원 할인",PPV 등,"20260602","20260430","20260531",1
C2600QM,[보정용][주기성] 26년 6월_B tv+ 비플리_UI 541 이상_2~4차_1,A1CP1020261000120872,[위클리 혜택] B tv+ 12개월 50% 할인,PM30000107,"20260607","20260520","20260630",1
C2600JB,<극장의 시간들> 할인쿠폰 프로모션,A1SA1020261000120746,"[극장의 시간들 런칭] 영화 5,500원 할인",PPV 등,"20260529","20260428","20260531",1
C2600L9,"26년 5월_B tv+ 비플리_UI 541 이상_1차(~5/17)_3(1770)",A1CP1020261000120853,[가정의 달] B tv+ 12개월 50% 할인 (~5/17),PM30000107,,"20260507","20260517",307714
C2600LD,"2605_무빙 연장 동의_TV팝업_8차",,,PPV 등,,,,4348
C2600QK,"2606_SPOTV_르망24시간",DummyOffer,,PPV 등,,,,144130
C2600T4,"26년 6월_B tv+ KBO 올스타전_UI 541 이상_4",A1CP1020261000121364,"[올스타전 특가] B tv+ 월 5,500원 혜택 (최대 12개월)",PM30000107,,"20260624","20260705",303480
C2600IP,"CJ ENM 월정액 3개월 5,500원_5월 1차",A1CP1020261000120659,"[온가족특가] CJ ENM 월정액 3개월 내내 5,500원",PM30000154,"20260501","20260422","20260531",107
C2600J5,"지상파 월정액 3개월 내내 5,500원_5월 1차",A1CP1020261000120660,"[온가족특가] 지상파 월정액 3개월 내내 월 5,500원",PM30000150,"20260507","20260422","20260531",49
C2600IP,"CJ ENM 월정액 3개월 5,500원_5월 1차",A1CP1020261000120659,"[온가족특가] CJ ENM 월정액 3개월 내내 5,500원",PM30000154,"20260504","20260422","20260531",101
C2600NI,<시에라 마드레: 카르텔 전쟁> 할인쿠폰 프로모션,A1SA1020261000120862,"[시에라 마드레: 카르텔 전쟁 런칭] 영화 5,500원 할인",PPV 등,"20260529","20260518","20260630",16
C2600O6,"26년 6월_B tv+ 비플리_UI 541 이상_1차 쿠폰(~6/7) & 배너(~6/30)_1",A1CP1020261000120872,[위클리 혜택] B tv+ 12개월 50% 할인,PM30000107,"20260604","20260520","20260630",98
C2600J5,"지상파 월정액 3개월 내내 5,500원_5월 1차",A1CP1020261000120660,"[온가족특가] 지상파 월정액 3개월 내내 월 5,500원",PM30000150,"20260519","20260422","20260531",35
C2600XG,"26년 7월 B tv+ 할인 연장 캠페인_6개월/9개월 할인재연",A1CP1020261000121664,"[가입 유지 선물] B tv+ 월 5,500원 이용 혜택 6개월 자동 연장_7월",PPV 등,"20261004","20260721","20260831",127
C2600UC,"26년 7월_B tv+ 비플리_UI 541 이상_쿠폰&배너_1",A1CP1020261000121365,[고객님만 혜택] B tv+ 반값 할인 (최대 12개월),PM30000107,"20260711","20260624","20260731",85
C2600TF,"지상파 월정액 3개월 5,500원_7월 1차",A1CP1020261000121373,"[쿨썸머 특가] 지상파 월정액 3개월 내내 월 5,500원",PM30000150,"20260713","20260629","20260731",70
C2600TO,<마이클> 할인쿠폰 프로모션,A1SA1020261000121261,"[마이클 런칭] 영화 3,300원 할인",PPV 등,"20260710","20260616","20260815",42
C2600IP,"CJ ENM 월정액 3개월 5,500원_5월 1차",A1CP1020261000120659,"[온가족특가] CJ ENM 월정액 3개월 내내 5,500원",PM30000154,"20260519","20260422","20260531",36
C2600XG,"26년 7월 B tv+ 할인 연장 캠페인_6개월/9개월 할인재연",A1CP1020261000121664,"[가입 유지 선물] B tv+ 월 5,500원 이용 혜택 6개월 자동 연장_7월",PPV 등,"20260922","20260721","20260831",32
C2600PQ,통합 월정액 첫달 무료_6월 3차,A1CP1020261000120948,[이용 감사 혜택] 주요 월정액 1개월 100% 할인 (택1),PM30000176,"20260613","20260526","20260630",148
C2600VD,"CJ ENM 월정액 3개월 5,500원_7월 2차",A1CP1020261000121358,"[쿨썸머 특가] CJ ENM 월정액 3개월 내내 월 5,500원",PM30000154,"20260729","20260622","20260731",21
C2600NH,<리 크로닌의 미이라> 할인쿠폰 프로모션,A1SA1020261000120855,"[리 크로닌의 미이라] 영화 3,300원 할인",PPV 등,"20260616","20260507","20260630",13
C2600N4,(주기성) 6월 쿠폰팩 GCP(5/24~6/21가입)_TB,A1CP1020261000120866,[FREE PASS] 지상파 3사 1개월 무료_26년6월,PM30000150,"20260602","20260519","20260629",7
C2600NN,<코드 네임: 알라룸> 할인쿠폰 프로모션,A1SA1020261000120951,"[코드 네임: 알라룸 런칭] 영화 5,500원 할인",PPV 등,"20260629","20260526","20260630",1
C2600QV,"6월 성인 1+1 프로모션_모바일 (6/11~6/20)_수정",A1SA1020261000121169,"[1+1이벤트] 3,300원 할인 쿠폰 (모바일)",PPV 등,"20260701","20260609","20260731",5
C2600ND,"지상파 월정액 첫달 3,300원_6월 1차",A1CP1020261000120947,"[6월 특가] 지상파 월정액 1개월 13,200원 할인",PM30000150,"20260620","20260526","20260630",4
C2600IY,"JTBC 월정액 6개월 약정 3,300원_5월 1차",A1CP1020261000120658,"[온가족특가] JTBC 6개월 약정 기간 내내 월 3,300원",PM30000269,"20260507","20260421","20260531",9
C2600P6,[주기성] 26년 6월_B tv+ 비플리_UI 541 이상_2~4차_2,A1CP1020261000120872,[위클리 혜택] B tv+ 12개월 50% 할인,PM30000107,"20260606","20260520","20260630",1
C2600XB,"26년 7월_B tv+ 7월 4주차 복날 타임딜_UI 541 이상_4_F",A1CP1020261000121662,"[복날 치킨비] B tv+ 월 5,500원 이용 혜택 (최대 12개월)",PM30000107,"20260724","20260721","20260726",7
C2600NO,<푸틴: 절대 권력의 최후> 할인쿠폰 프로모션,A1SA1020261000120952,"[푸틴: 절대 권력의 최후 런칭] 영화 3,300원 할인",PPV 등,"20260625","20260526","20260630",3
C2600NI,<시에라 마드레: 카르텔 전쟁> 할인쿠폰 프로모션,A1SA1020261000120862,"[시에라 마드레: 카르텔 전쟁 런칭] 영화 5,500원 할인",PPV 등,"20260528","20260518","20260630",7
C2600QP,"지상파 월정액 첫달 3,300원_6월 5차",A1CP1020261000120947,"[6월 특가] 지상파 월정액 1개월 13,200원 할인",PM30000150,"20260603","20260526","20260630",1
C2600P8,[주기성] 26년 6월_B tv+ 비플리_UI 541 이상_2~4차_4,A1CP1020261000120872,[위클리 혜택] B tv+ 12개월 50% 할인,PM30000107,"20260608","20260520","20260630",1
C2600MU,[팝업] B tv 스탠다드+(조합형)_(26.5.26)_4-1차,,,PPV 등,,,,441226
C2600Q0,노후 AP 교체 안내 TV팝업_1차,,,PPV 등,,,,17946
C2600P4,[팝업] 밸류애드팀 Btv 업_단기(26.6.9)_2-1차,,,PPV 등,,,,278324
C2600UI,수요1+1무비쿠폰(7월 프로모션 안내),,,PPV 등,,,,3801871
C2600IP,"CJ ENM 월정액 3개월 5,500원_5월 1차",A1CP1020261000120659,"[온가족특가] CJ ENM 월정액 3개월 내내 5,500원",PM30000154,"20260503","20260422","20260531",93
C2600TL,"7월 성인 1+1 프로모션 (7/1~7/10)",A1SA1020261000121370,"[1+1이벤트] 3,300원 할인 쿠폰",PPV 등,"20260712","20260626","20260731",348
C2600R5,<내 이름은> 할인쿠폰 프로모션,A1SA1020261000121159,"[내 이름은 런칭] 영화 5,500원 할인",PPV 등,"20260702","20260605","20260731",31
C2600S7,토이스토리 소장용 패키지 프로모션 (6/18~6/21 발급),A1SA1020261000121259,"[토이 스토리 패키지 구매] 영화 5,500원 할인",PPV 등,,"20260615","20260731",850
C2600XG,"26년 7월 B tv+ 할인 연장 캠페인_6개월/9개월 할인재연",A1CP1020261000121664,"[가입 유지 선물] B tv+ 월 5,500원 이용 혜택 6개월 자동 연장_7월",PPV 등,"20261006","20260721","20260831",147
C2600TZ,"지상파 월정액 3개월 5,500원_7월 2차",A1CP1020261000121373,"[쿨썸머 특가] 지상파 월정액 3개월 내내 월 5,500원",PM30000150,"20260728","20260629","20260731",49
C2600RD,"<짱구> 타겟 프로모션_2,000원_0617",A1SA1020261000121267,"[즉시 할인] 짱구 2,200원 할인쿠폰",PPV 등,"20260619","20260616","20260731",84
C2600SU,"26년 6월_B tv+ KBO 올스타전_UI 541 이상_1",A1CP1020261000121364,"[올스타전 특가] B tv+ 월 5,500원 혜택 (최대 12개월)",PM30000107,"20260626","20260624","20260705",166
C2600R1,JTBC 월정액 첫달 무료_6월 3차,A1SA1020261000119567,[깜짝 특가] JTBC 월정액 1개월 100% 할인 쿠폰,PM30000269,"20260626","20260119","20261231",249
C2600S1,SPOTV 6월 첫달무료_2차_0622,A1SA1020261000121165,[MLB 이벤트] SPOTV Prime 1개월 무료,PM35000007,"20260625","20260609","20260630",56
C2600JZ,"JTBC 월정액 6개월 약정 3,300원_5월 2차",A1CP1020261000120658,"[온가족특가] JTBC 6개월 약정 기간 내내 월 3,300원",PM30000269,"20260516","20260421","20260531",18
C2600N4,(주기성) 6월 쿠폰팩 GCP(5/24~6/21가입)_TB,A1CP1020261000120866,[FREE PASS] 지상파 3사 1개월 무료_26년6월,PM30000150,"20260618","20260519","20260629",9
C2600L8,"26년 5월_B tv+ 비플리_UI 541 이상_1차(~5/17)_2(1770)",A1CP1020261000120853,[가정의 달] B tv+ 12개월 50% 할인 (~5/17),PM30000107,"20260516","20260507","20260517",48
C2600S7,토이스토리 소장용 패키지 프로모션 (6/18~6/21 발급),A1SA1020261000121259,"[토이 스토리 패키지 구매] 영화 5,500원 할인",PPV 등,"20260625","20260615","20260731",8
C2600TG,JTBC 월정액 3개월 70% 할인_7월 1차,A1SA1020261000121374,[쿨썸머 특가] JTBC 월정액 3개월 내내 70% 할인,PM30000269,"20260719","20260629","20260731",35
C2600KN,JTBC 월정액 첫달 무료_5월 1차,A1SA1020261000119567,[깜짝 특가] JTBC 월정액 1개월 100% 할인 쿠폰,PM30000269,"20260604","20260119","20261231",5
C2600NP,<모탈 컴뱃2> 할인쿠폰 프로모션,A1SA1020261000120959,"[모탈컴뱃2 런칭] 영화 5,500원 할인",PPV 등,"20260617","20260528","20260615",29
C2600PU,"26년 6월_B tv+ 파격할인_UI 541 이상_4",A1CP1020261000120874,"[72시간 한정] B tv+ 12개월 월 5,500원 혜택",PM30000107,"20260612","20260526","20260614",27
C2600O8,[주기성] 26년 6월_B tv+ 비플리_UI 541 이하_쿠폰,A1CP1020261000120872,[위클리 혜택] B tv+ 12개월 50% 할인,PM30000107,"20260622","20260520","20260630",11
C2600TO,<마이클> 할인쿠폰 프로모션,A1SA1020261000121261,"[마이클 런칭] 영화 3,300원 할인",PPV 등,"20260715","20260616","20260815",20
C2600R1,JTBC 월정액 첫달 무료_6월 3차,A1SA1020261000119567,[깜짝 특가] JTBC 월정액 1개월 100% 할인 쿠폰,PM30000269,"20260525","20260119","20261231",3
C2600M0,"26년 5월_B tv+ 비플리_UI 541 이상_2차(~5/25)_4(1770)",A1CP1020261000120859,[가정의 달] B tv+ 12개월 50% 할인 (~5/25),PM30000107,"20260518","20260515","20260525",8
C2600LY,"26년 5월_B tv+ 비플리_UI 541 이상_2차(~5/25)_2(1770)",A1CP1020261000120859,[가정의 달] B tv+ 12개월 50% 할인 (~5/25),PM30000107,"20260517","20260515","20260525",9
C2600UT,"7월 성인 1+1 앵콜 프로모션_모바일 (7/11~7/20)",A1SA1020261000121459,"[1+1 앵콜 이벤트] 3,300원 할인 쿠폰 (모바일)",PPV 등,"20260727","20260708","20260831",4
C2600NO,<푸틴: 절대 권력의 최후> 할인쿠폰 프로모션,A1SA1020261000120952,"[푸틴: 절대 권력의 최후 런칭] 영화 3,300원 할인",PPV 등,"20260616","20260526","20260630",6
C2600P6,[주기성] 26년 6월_B tv+ 비플리_UI 541 이상_2~4차_2,A1CP1020261000120872,[위클리 혜택] B tv+ 12개월 50% 할인,PM30000107,"20260605","20260520","20260630",1
C2600TI,JTBC 월정액 3개월 70% 할인_7월 2차,A1SA1020261000121374,[쿨썸머 특가] JTBC 월정액 3개월 내내 70% 할인,PM30000269,"20260725","20260629","20260731",2
C2600UE,"26년 7월_B tv+ 비플리_UI 541 이상_쿠폰&배너_3",A1CP1020261000121365,[고객님만 혜택] B tv+ 반값 할인 (최대 12개월),PM30000107,,"20260624","20260731",793918
C2600IP,"CJ ENM 월정액 3개월 5,500원_5월 1차",A1CP1020261000120659,"[온가족특가] CJ ENM 월정액 3개월 내내 5,500원",PM30000154,"20260505","20260422","20260531",99
C2600RC,"<왕과 사는 남자> 타겟 프로모션_2,000원_0617",A1SA1020261000121266,"[즉시 할인] 왕과 사는 남자 2,200원 할인쿠폰",PPV 등,"20260622","20260616","20260731",178
C2600XQ,통합 월정액 3개월 내내 80% 할인_8월 2차,A1CP1020261000121658,[쿨썸머 특가] 주요 월정액 3개월 내내 80% 할인 (택1),PM30000176,"20260731","20260720","20260731",227
C2600S3,"6월 성인 1+1 프로모션 (6/21~6/30)",A1SA1020261000121170,"[1+1 앵콜 이벤트] 3,300원 할인 쿠폰",PPV 등,"20260704","20260609","20260731",266
C2600M6,JTBC 월정액 첫달 무료_5월 2차,A1SA1020261000119567,[깜짝 특가] JTBC 월정액 1개월 100% 할인 쿠폰,PM30000269,"20260606","20260119","20261231",19
C2600OA,"26년 6월_B tv+ 비플리_UI 541 이상_1차 쿠폰(~6/7) & 배너(~6/30)_2",A1CP1020261000120872,[위클리 혜택] B tv+ 12개월 50% 할인,PM30000107,"20260603","20260520","20260630",58
C2600WD,통합 월정액 3개월 내내 80% 할인,A1CP1020261000121658,[쿨썸머 특가] 주요 월정액 3개월 내내 80% 할인 (택1),PM30000176,"20260727","20260720","20260731",64
C2600QP,"지상파 월정액 첫달 3,300원_6월 5차",A1CP1020261000120947,"[6월 특가] 지상파 월정액 1개월 13,200원 할인",PM30000150,"20260629","20260526","20260630",91
C2600TI,JTBC 월정액 3개월 70% 할인_7월 2차,A1SA1020261000121374,[쿨썸머 특가] JTBC 월정액 3개월 내내 70% 할인,PM30000269,"20260713","20260629","20260731",8
C2600NI,<시에라 마드레: 카르텔 전쟁> 할인쿠폰 프로모션,A1SA1020261000120862,"[시에라 마드레: 카르텔 전쟁 런칭] 영화 5,500원 할인",PPV 등,"20260530","20260518","20260630",19
C2600PV,"26년 6월_B tv+ 파격할인_UI 541 이하_5",A1CP1020261000120874,"[파격할인] B tv+ 12개월 월 5,500원 혜택",PM30000107,"20260613","20260520","20260531",25
C2600N5,(일회성) 6월 쿠폰팩 GCP(5/1~5/23가입)_TB,A1CP1020261000120865,[FREE PASS] B tv+ 1개월 무료_26년6월,PM30000107,"20260611","20260519","20260629",11
C2600R6,<슈퍼 마리오 갤럭시> 할인쿠폰 프로모션,A1SA1020261000120961,"[슈퍼마리오 갤럭시 런칭] 영화 3,300원 할인",PPV 등,"20260708","20260529","20260623",2
C2600UT,"7월 성인 1+1 앵콜 프로모션_모바일 (7/11~7/20)",A1SA1020261000121459,"[1+1 앵콜 이벤트] 3,300원 할인 쿠폰 (모바일)",PPV 등,"20260729","20260708","20260831",4
C2600JB,<극장의 시간들> 할인쿠폰 프로모션,A1SA1020261000120746,"[극장의 시간들 런칭] 영화 5,500원 할인",PPV 등,"20260510","20260428","20260531",1
C2600KI,"JTBC 월정액 6개월 약정 3,300원_5월 3차",A1CP1020261000120658,"[온가족특가] JTBC 6개월 약정 기간 내내 월 3,300원",PM30000269,"20260510","20260421","20260531",3
C2600KO,<폭탄> 할인쿠폰 프로모션,A1SA1020261000120751,"[폭탄 런칭] 영화 5,500원 할인",PPV 등,"20260524","20260430","20260531",5
C2600P5,[주기성] 26년 6월_B tv+ 비플리_UI 541 이상_2~4차_1,A1CP1020261000120872,[위클리 혜택] B tv+ 12개월 50% 할인,PM30000107,"20260604","20260520","20260630",1
C2600PP,"지상파 월정액 첫달 3,300원_6월 3차",A1CP1020261000120947,"[6월 특가] 지상파 월정액 1개월 13,200원 할인",PM30000150,"20260601","20260526","20260630",2
C2600N4,(주기성) 6월 쿠폰팩 GCP(5/24~6/21가입)_TB,A1CP1020261000120866,[FREE PASS] 지상파 3사 1개월 무료_26년6월,PM30000150,"20260601","20260519","20260629",1
C2600L7,"26년 5월_B tv+ 비플리_UI 541 이상_1차(~5/17)_1(1770)",A1CP1020261000120853,[가정의 달] B tv+ 12개월 50% 할인 (~5/17),PM30000107,,"20260507","20260517",788612
C2600WR,[팝업] 밸류애드팀 Btv 업_단기(26.7.28)_4-1차,,,PPV 등,,,,281287
C2600UZ,[팝업] 밸류애드팀 STB 교체(26.7.13)_2-2차,,,PPV 등,,,,343762
C2600WD,통합 월정액 3개월 내내 80% 할인,A1CP1020261000121658,[쿨썸머 특가] 주요 월정액 3개월 내내 80% 할인 (택1),PM30000176,"20260724","20260720","20260731",95
C2600LZ,"26년 5월_B tv+ 비플리_UI 541 이상_2차(~5/25)_3(1770)",A1CP1020261000120859,[가정의 달] B tv+ 12개월 50% 할인 (~5/25),PM30000107,"20260524","20260515","20260525",31
C2600O0,"26년 6월_B tv+ 짝수달 유료전환 테스트_UI 552 이상",A1CP1020261000120870,[6월 한정] B tv+ 첫달 무료,PM30000107,"20260609","20260520","20260630",59
C2600TF,"지상파 월정액 3개월 5,500원_7월 1차",A1CP1020261000121373,"[쿨썸머 특가] 지상파 월정액 3개월 내내 월 5,500원",PM30000150,"20260727","20260629","20260731",82
C2600IY,"JTBC 월정액 6개월 약정 3,300원_5월 1차",A1CP1020261000120658,"[온가족특가] JTBC 6개월 약정 기간 내내 월 3,300원",PM30000269,"20260511","20260421","20260531",12
C2600N5,(일회성) 6월 쿠폰팩 GCP(5/1~5/23가입)_TB,A1CP1020261000120865,[FREE PASS] B tv+ 1개월 무료_26년6월,PM30000107,"20260622","20260519","20260629",12
C2600S0,SPOTV 6월 첫달무료_2차_0620,A1SA1020261000121165,[MLB 이벤트] SPOTV Prime 1개월 무료,PM35000007,"20260628","20260609","20260630",94
C2600UT,"7월 성인 1+1 앵콜 프로모션_모바일 (7/11~7/20)",A1SA1020261000121459,"[1+1 앵콜 이벤트] 3,300원 할인 쿠폰 (모바일)",PPV 등,,"20260708","20260831",343
C2600WC,"지상파 월정액 3개월 5,500원_7월 3차",A1CP1020261000121373,"[쿨썸머 특가] 지상파 월정액 3개월 내내 월 5,500원",PM30000150,"20260730","20260629","20260731",42
C2600TF,"지상파 월정액 3개월 5,500원_7월 1차",A1CP1020261000121373,"[쿨썸머 특가] 지상파 월정액 3개월 내내 월 5,500원",PM30000150,"20260726","20260629","20260731",87
C2600KN,JTBC 월정액 첫달 무료_5월 1차,A1SA1020261000119567,[깜짝 특가] JTBC 월정액 1개월 100% 할인 쿠폰,PM30000269,"20260616","20260119","20261231",6
C2600WG,<디스클로저 데이> 할인쿠폰 프로모션,A1SA1020261000121558,"[디스클로저 데이 런칭] 영화 3,300원 할인",PPV 등,"20260728","20260713","20260831",81
C2600OC,"26년 6월_B tv+ 비플리_UI 541 이상_1차 쿠폰(~6/7) & 배너(~6/30)_4",A1CP1020261000120872,[위클리 혜택] B tv+ 12개월 50% 할인,PM30000107,"20260620","20260520","20260630",25
C2600TZ,"지상파 월정액 3개월 5,500원_7월 2차",A1CP1020261000121373,"[쿨썸머 특가] 지상파 월정액 3개월 내내 월 5,500원",PM30000150,"20260709","20260629","20260731",140
C2600SG,"CJ ENM 월정액 3개월 5,500원_7월 1차",A1CP1020261000121358,"[쿨썸머 특가] CJ ENM 월정액 3개월 내내 월 5,500원",PM30000154,"20260723","20260622","20260731",54
C2600NI,<시에라 마드레: 카르텔 전쟁> 할인쿠폰 프로모션,A1SA1020261000120862,"[시에라 마드레: 카르텔 전쟁 런칭] 영화 5,500원 할인",PPV 등,"20260606","20260518","20260630",35
C2600OA,"26년 6월_B tv+ 비플리_UI 541 이상_1차 쿠폰(~6/7) & 배너(~6/30)_2",A1CP1020261000120872,[위클리 혜택] B tv+ 12개월 50% 할인,PM30000107,"20260615","20260520","20260630",26
C2600LA,"26년 5월_B tv+ 비플리_UI 541 이상_1차(~5/17)_4(1770)",A1CP1020261000120853,[가정의 달] B tv+ 12개월 50% 할인 (~5/17),PM30000107,"20260624","20260507","20260517",1
C2600QS,"6월 성인 1+1 프로모션_모바일_추가 (6/12~6/14 구매자)",A1SA1020261000121169,"[1+1이벤트] 3,300원 할인 쿠폰 (모바일)",PPV 등,"20260616","20260609","20260731",21
C2600QV,"6월 성인 1+1 프로모션_모바일 (6/11~6/20)_수정",A1SA1020261000121169,"[1+1이벤트] 3,300원 할인 쿠폰 (모바일)",PPV 등,"20260702","20260609","20260731",7
C2600UP,<서퍼> 할인쿠폰 프로모션,A1SA1020261000121460,"[서퍼 런칭] 영화 3,300원 할인",PPV 등,"20260726","20260708","20260831",11
C2600JE,<캣 앤 독> 할인쿠폰 프로모션,A1SA1020261000120747,"[캣 앤 독 런칭] 영화 5,500원 할인",PPV 등,"20260506","20260428","20260531",2
C2600T8,<살목지(2차)> 할인쿠폰 프로모션,A1SA1020261000121161,"[살목지 런칭] 영화 4,444원 할인",PPV 등,"20260708","20260605","20260731",5
C2600T8,<살목지(2차)> 할인쿠폰 프로모션,A1SA1020261000121161,"[살목지 런칭] 영화 4,444원 할인",PPV 등,"20260706","20260605","20260731",1
C2600OB,"26년 6월_B tv+ 비플리_UI 541 이상_1차 쿠폰(~6/7) & 배너(~6/30)_3",A1CP1020261000120872,[위클리 혜택] B tv+ 12개월 50% 할인,PM30000107,"20260614","20260520","20260630",2
C2600PV,"26년 6월_B tv+ 파격할인_UI 541 이하_5",A1CP1020261000120874,"[72시간 한정] B tv+ 12개월 월 5,500원 혜택",PM30000107,"20260731","20260526","20260614",1
C2600L1,[팝업] 밸류애드팀 Btv 업_장기(26.5.13)_2-2차,,,PPV 등,,,,384050
C2600OJ,"2606_플레이보이 디맨드_첫달무료",,,PPV 등,,,,205092
C2600ND,"지상파 월정액 첫달 3,300원_6월 1차",A1CP1020261000120947,"[6월 특가] 지상파 월정액 1개월 13,200원 할인",PM30000150,"20260605","20260526","20260630",134
C2600W7,"7월 성인 1+1 이열치열 프로모션 (7/21~/20)",A1SA1020261000121561,"[1+1 이열치열 이벤트] 3,300원 할인 쿠폰",PPV 등,,"20260716","20260831",3702
C2600SH,<납치 48시간> 할인쿠폰 프로모션,A1SA1020261000121265,"[납치 48시간 런칭] 영화 3,300원 할인",PPV 등,,"20260616","20260831",233
C2600QV,"6월 성인 1+1 프로모션_모바일 (6/11~6/20)_수정",A1SA1020261000121169,"[1+1이벤트] 3,300원 할인 쿠폰 (모바일)",PPV 등,,"20260609","20260731",79
C2600QR,"6월 성인 1+1 프로모션_추가 (6/12~14 구매자)",A1SA1020261000121168,"[1+1이벤트] 3,300원 할인 쿠폰",PPV 등,"20260630","20260609","20260731",43
C2600VN,<엘리베이션> 할인쿠폰 프로모션,A1SA1020261000121463,"[엘리베이션 런칭] 영화 3,300원 할인",PPV 등,"20260801","20260708","20260831",135
C2600TF,"지상파 월정액 3개월 5,500원_7월 1차",A1CP1020261000121373,"[쿨썸머 특가] 지상파 월정액 3개월 내내 월 5,500원",PM30000150,"20260721","20260629","20260731",71
C2600QR,"6월 성인 1+1 프로모션_추가 (6/12~14 구매자)",A1SA1020261000121168,"[1+1이벤트] 3,300원 할인 쿠폰",PPV 등,"20260615","20260609","20260731",173
C2600KD,[주기성/쿠폰] <프로젝트헤일메리&인생SF전> 할인쿠폰 프로모션,A1PR1020261000120752,[프로젝트헤일메리] 인생SF영화 추가 30% 할인,PPV 등,"20260520","20260430","20260524",5
C2600OL,"지상파 월정액 첫달 3,300원_6월 2차",A1CP1020261000120947,"[6월 특가] 지상파 월정액 1개월 13,200원 할인",PM30000150,"20260609","20260526","20260630",32
C2600WJ,"CJ ENM 월정액 3개월 5,500원_7월 3차",A1CP1020261000121358,"[쿨썸머 특가] CJ ENM 월정액 3개월 내내 월 5,500원",PM30000154,"20260724","20260622","20260731",16
C2600TZ,"지상파 월정액 3개월 5,500원_7월 2차",A1CP1020261000121373,"[쿨썸머 특가] 지상파 월정액 3개월 내내 월 5,500원",PM30000150,"20260716","20260629","20260731",44
C2600ND,"지상파 월정액 첫달 3,300원_6월 1차",A1CP1020261000120947,"[6월 특가] 지상파 월정액 1개월 13,200원 할인",PM30000150,"20260618","20260526","20260630",80
C2600TA,[주기성] 26년 7월_B tv+ 비플리_UI 541 이하_쿠폰,A1CP1020261000121366,[고객님만 혜택] B tv+ 반값 할인 (최대 12개월),PM30000107,"20260717","20260624","20260731",26
C2600W2,"26년 7월_B tv+ KBS 이승철 콘서트_타임딜_UI 541 이상_3",A1CP1020261000121559,"[이승철 특가] B tv+ 월 5,500원 이용 혜택 (최대 12개월)",PM30000107,"20260720","20260714","20260722",23
C2600IY,"JTBC 월정액 6개월 약정 3,300원_5월 1차",A1CP1020261000120658,"[온가족특가] JTBC 6개월 약정 기간 내내 월 3,300원",PM30000269,"20260512","20260421","20260531",6
C2600QQ,통합 월정액 첫달 무료_6월 4차,A1CP1020261000120948,[이용 감사 혜택] 주요 월정액 1개월 100% 할인 (택1),PM30000176,"20260607","20260526","20260630",16
C2600TK,<메가 샤크 어택> 할인쿠폰 프로모션,A1SA1020261000121369,"[메가 샤크 어택 런칭] 영화 5,500원 할인",PPV 등,"20260728","20260626","20260731",5
C2600JA,<오시리스> 할인쿠폰 프로모션,A1SA1020261000120652,"[오시리스 런칭] 영화 3,300원 할인",PPV 등,"20260507","20260421","20260531",11
C2600NP,<모탈 컴뱃2> 할인쿠폰 프로모션,A1SA1020261000120959,"[모탈컴뱃2 런칭] 영화 5,500원 할인",PPV 등,"20260625","20260528","20260615",7
C2600P5,[주기성] 26년 6월_B tv+ 비플리_UI 541 이상_2~4차_1,A1CP1020261000120872,[위클리 혜택] B tv+ 12개월 50% 할인,PM30000107,"20260625","20260520","20260630",11
C2600JZ,"JTBC 월정액 6개월 약정 3,300원_5월 2차",A1CP1020261000120658,"[온가족특가] JTBC 6개월 약정 기간 내내 월 3,300원",PM30000269,"20260530","20260421","20260531",14
C2600WC,"지상파 월정액 3개월 5,500원_7월 3차",A1CP1020261000121373,"[쿨썸머 특가] 지상파 월정액 3개월 내내 월 5,500원",PM30000150,"20260708","20260629","20260731",1
C2600TA,[주기성] 26년 7월_B tv+ 비플리_UI 541 이하_쿠폰,A1CP1020261000121366,[고객님만 혜택] B tv+ 반값 할인 (최대 12개월),PM30000107,"20260706","20260624","20260731",6
C2600Q4,"6월 성인 1+1 프로모션_모바일 (6/11~6/20)",A1SA1020261000121169,"[1+1이벤트] 3,300원 할인 쿠폰 (모바일)",PPV 등,"20260619","20260609","20260731",2
C2600OB,"26년 6월_B tv+ 비플리_UI 541 이상_1차 쿠폰(~6/7) & 배너(~6/30)_3",A1CP1020261000120872,[위클리 혜택] B tv+ 12개월 50% 할인,PM30000107,,"20260520","20260630",320549
C2600N4,(주기성) 6월 쿠폰팩 GCP(5/24~6/21가입)_TB,A1CP1020261000120865,[FREE PASS] B tv+ 1개월 무료_26년6월,PM30000107,,"20260519","20260629",51078
C2600VL,"2607_SPOTV 럭키슈팅 이벤트_B캐시 발급",PR102026100000126962,,PPV 등,,,,11299
C2600QR,"6월 성인 1+1 프로모션_추가 (6/12~14 구매자)",A1SA1020261000121168,"[1+1이벤트] 3,300원 할인 쿠폰",PPV 등,"20260621","20260609","20260731",170
C2600MM,"26년 5월_B tv+ 비플리_UI 541 이상_3차(~5/31)_3",A1CP1020261000120854,[가정의 달] B tv+ 12개월 50% 할인 (~5/31),PM30000107,"20260530","20260507","20260531",30
C2600KK,"CJ ENM 월정액 3개월 5,500원_5월 2차",A1CP1020261000120659,"[온가족특가] CJ ENM 월정액 3개월 내내 5,500원",PM30000154,"20260529","20260422","20260531",49
C2600N4,(주기성) 6월 쿠폰팩 GCP(5/24~6/21가입)_TB,A1CP1020261000120866,[FREE PASS] 지상파 3사 1개월 무료_26년6월,PM30000150,"20260628","20260519","20260629",70
C2600OY,통합 월정액 첫달 무료_6월 2차,A1CP1020261000120948,[이용 감사 혜택] 주요 월정액 1개월 100% 할인 (택1),PM30000176,"20260612","20260526","20260630",39
C2600J5,"지상파 월정액 3개월 내내 5,500원_5월 1차",A1CP1020261000120660,"[온가족특가] 지상파 월정액 3개월 내내 월 5,500원",PM30000150,"20260523","20260422","20260531",61
C2600QV,"6월 성인 1+1 프로모션_모바일 (6/11~6/20)_수정",A1SA1020261000121169,"[1+1이벤트] 3,300원 할인 쿠폰 (모바일)",PPV 등,"20260704","20260609","20260731",6
C2600PY,SPOTV 6월 첫달무료_1차_0611,A1SA1020261000121164,[축구 이벤트] SPOTV Prime 1개월 무료,PM35000007,"20260616","20260609","20260630",35
C2600QM,[보정용][주기성] 26년 6월_B tv+ 비플리_UI 541 이상_2~4차_1,A1CP1020261000120872,[위클리 혜택] B tv+ 12개월 50% 할인,PM30000107,"20260616","20260520","20260630",37
C2600WC,"지상파 월정액 3개월 5,500원_7월 3차",A1CP1020261000121373,"[쿨썸머 특가] 지상파 월정액 3개월 내내 월 5,500원",PM30000150,"20260726","20260629","20260731",62
C2600QQ,통합 월정액 첫달 무료_6월 4차,A1CP1020261000120948,[이용 감사 혜택] 주요 월정액 1개월 100% 할인 (택1),PM30000176,"20260613","20260526","20260630",27
C2600KM,"지상파 월정액 3개월 내내 5,500원_5월 3차",A1CP1020261000120660,"[온가족특가] 지상파 월정액 3개월 내내 월 5,500원",PM30000150,"20260526","20260422","20260531",15
C2600N4,(주기성) 6월 쿠폰팩 GCP(5/24~6/21가입)_TB,A1SA1020261000120869,[FREE PASS] SPOTV 프라임패키지 1개월 무료_26년6월,PM35000007,"20260623","20260519","20260629",12
C2600NA,"26년 5월 B tv+ 할인 연장 캠페인_1주년 5,500원",A1CP1020261000120954,"[가입 유지 선물] B tv+ 월 5,500원 혜택 6개월 자동 연장_5월",PM30000107,"20260701","20260526","20260731",20
C2600UV,모아나 소장용 패키지 프로모션 (7/10),A1SA1020261000121465,"[모아나 패키지 구매] 영화 5,500원 할인",PPV 등,"20260711","20260708","20260831",3
C2600KO,<폭탄> 할인쿠폰 프로모션,A1SA1020261000120751,"[폭탄 런칭] 영화 5,500원 할인",PPV 등,"20260510","20260430","20260531",4
C2600NN,<코드 네임: 알라룸> 할인쿠폰 프로모션,A1SA1020261000120951,"[코드 네임: 알라룸 런칭] 영화 5,500원 할인",PPV 등,"20260609","20260526","20260630",10
C2600S4,"6월 성인 1+1 프로모션_모바일 (6/21~6/30)",A1SA1020261000121171,"[1+1 앵콜 이벤트] 3,300원 할인 쿠폰 (모바일)",PPV 등,"20260714","20260609","20260731",8
C2600VD,"CJ ENM 월정액 3개월 5,500원_7월 2차",A1CP1020261000121358,"[쿨썸머 특가] CJ ENM 월정액 3개월 내내 월 5,500원",PM30000154,"20260706","20260622","20260731",1
C2600N4,(주기성) 6월 쿠폰팩 GCP(5/24~6/21가입)_TB,A1CP1020261000120867,[FREE PASS] CJ ENM 1개월 무료_26년6월,PM30000154,"20260615","20260519","20260629",6
C2600KU,[팝업] 밸류애드팀 STB 교체(26.5.11)_2-3차,,,PPV 등,,,,283020
C2600K8,<몽타주: 6일간의 추격> 타겟 프로모션_40%_0430,A1SA1020261000120748,[즉시 할인] 몽타주: 6일간의 추격 40% 할인쿠폰,PPV 등,,"20260403","20260430",736426
C2600KV,[팝업] 밸류애드팀 Btv 업_단기(26.5.12)_2-1차,,,PPV 등,,,,267321
C2600O8,[주기성] 26년 6월_B tv+ 비플리_UI 541 이하_쿠폰,A1CP1020261000120872,[위클리 혜택] B tv+ 12개월 50% 할인,PM30000107,,"20260520","20260630",275283
C2600N3,[주기성/쿠폰] <살목지&K-공포상영회> 할인쿠폰 프로모션,A1PR1020261000120873,[K-공포 상영회] 영화 50% 할인,PPV 등,,"20260520","20260609",34044
C2600S0,SPOTV 6월 첫달무료_2차_0620,A1SA1020261000121165,[MLB 이벤트] SPOTV Prime 1개월 무료,PM35000007,,"20260609","20260630",998970
C2600U0,[팝업] 밸류애드팀 STB 교체(26.7.6)_1-1차,,,PPV 등,,,,247637
C2600PV,"26년 6월_B tv+ 파격할인_UI 541 이하_5",A1CP1020261000120874,"[파격할인] B tv+ 12개월 월 5,500원 혜택",PM30000107,,"20260520","20260531",272699
C2600QU,"6월 성인 1+1 프로모션 (6/11~6/20)_수정",A1SA1020261000121168,"[1+1이벤트] 3,300원 할인 쿠폰",PPV 등,"20260630","20260609","20260731",92
C2600Q3,"6월 성인 1+1 프로모션 (6/11~6/20)",A1SA1020261000121168,"[1+1이벤트] 3,300원 할인 쿠폰",PPV 등,"20260626","20260609","20260731",17
C2600UU,"7월 성인 1+1 앵콜 프로모션_모바일 (7/11~7/20)",A1SA1020261000121458,"[1+1 앵콜 이벤트] 3,300원 할인 쿠폰",PPV 등,"20260725","20260708","20260831",216
C2600P0,<쉘터> 타겟 프로모션_30%_0604,A1SA1020261000120953,[즉시 할인] 쉘터 30% 할인쿠폰,PPV 등,"20260607","20260526","20260630",260
C2600UU,"7월 성인 1+1 앵콜 프로모션_모바일 (7/11~7/20)",A1SA1020261000121458,"[1+1 앵콜 이벤트] 3,300원 할인 쿠폰",PPV 등,"20260729","20260708","20260831",31
C2600T1,"26년 6월_B tv+ KBO 올스타전_UI 541 이상_3",A1CP1020261000121364,"[올스타전 특가] B tv+ 월 5,500원 혜택 (최대 12개월)",PM30000107,"20260626","20260624","20260705",27
C2600PY,SPOTV 6월 첫달무료_1차_0611,A1SA1020261000121164,[축구 이벤트] SPOTV Prime 1개월 무료,PM35000007,"20260614","20260609","20260630",75
C2600SG,"CJ ENM 월정액 3개월 5,500원_7월 1차",A1CP1020261000121358,"[쿨썸머 특가] CJ ENM 월정액 3개월 내내 월 5,500원",PM30000154,"20260704","20260622","20260731",90
C2600NL,<쉘터> 할인쿠폰 프로모션,A1SA1020261000120861,"[쉘터 런칭] 영화 3,300원 할인",PPV 등,"20260612","20260518","20260630",24
C2600RD,"<짱구> 타겟 프로모션_2,000원_0617",A1SA1020261000121267,"[즉시 할인] 짱구 2,200원 할인쿠폰",PPV 등,"20260618","20260616","20260731",68
C2600TM,<신의 악단> 할인쿠폰 프로모션,A1SA1020261000121384,"[신의 악단 런칭] 영화 3,300원 할인",PPV 등,"20260719","20260630","20260731",49
C2600TG,JTBC 월정액 3개월 70% 할인_7월 1차,A1SA1020261000121374,[쿨썸머 특가] JTBC 월정액 3개월 내내 70% 할인,PM30000269,"20260706","20260629","20260731",48
C2600QV,"6월 성인 1+1 프로모션_모바일 (6/11~6/20)_수정",A1SA1020261000121169,"[1+1이벤트] 3,300원 할인 쿠폰 (모바일)",PPV 등,"20260629","20260609","20260731",6
C2600NA,"26년 5월 B tv+ 할인 연장 캠페인_1주년 5,500원",A1CP1020261000120954,"[가입 유지 선물] B tv+ 월 5,500원 혜택 6개월 자동 연장_5월",PM30000107,"20260710","20260526","20260731",121
C2600NE,통합 월정액 첫달 무료_6월 1차,A1CP1020261000120948,[이용 감사 혜택] 주요 월정액 1개월 100% 할인 (택1),PM30000176,"20260609","20260526","20260630",53
C2600NA,"26년 5월 B tv+ 할인 연장 캠페인_1주년 5,500원",A1CP1020261000120954,"[가입 유지 선물] B tv+ 월 5,500원 혜택 6개월 자동 연장_5월",PM30000107,"20260727","20260526","20260731",94
C2600NN,<코드 네임: 알라룸> 할인쿠폰 프로모션,A1SA1020261000120951,"[코드 네임: 알라룸 런칭] 영화 5,500원 할인",PPV 등,"20260614","20260526","20260630",28
C2600JA,<오시리스> 할인쿠폰 프로모션,A1SA1020261000120652,"[오시리스 런칭] 영화 3,300원 할인",PPV 등,"20260502","20260421","20260531",8
C2600L5,"26년 5월_B tv+ 크런치롤_할인쿠폰",A1PR1020261000120053,[크런치롤] B tv 애니 장르 30% 할인,PPV 등,"20260510","20260225","20260531",2
C2600QY,수요1+1무비쿠폰(6월 쿠폰발급),A1PR1020261000121167,[금토일무비쿠폰] 20% 할인(5천원 이상 사용),PPV 등,"20260621","20260609","20261231",25
C2600NI,<시에라 마드레: 카르텔 전쟁> 할인쿠폰 프로모션,A1SA1020261000120862,"[시에라 마드레: 카르텔 전쟁 런칭] 영화 5,500원 할인",PPV 등,"20260605","20260518","20260630",21
C2600SH,<납치 48시간> 할인쿠폰 프로모션,A1SA1020261000121265,"[납치 48시간 런칭] 영화 3,300원 할인",PPV 등,"20260629","20260616","20260831",9
C2600T8,<살목지(2차)> 할인쿠폰 프로모션,A1SA1020261000121161,"[살목지 런칭] 영화 4,444원 할인",PPV 등,"20260707","20260605","20260731",4
C2600P7,[주기성] 26년 6월_B tv+ 비플리_UI 541 이상_2~4차_3,A1CP1020261000120872,[위클리 혜택] B tv+ 12개월 50% 할인,PM30000107,"20260627","20260520","20260630",2
C2600S6,토이스토리 소장용 패키지 프로모션_수정,A1SA1020261000121259,"[토이 스토리 패키지 구매] 영화 5,500원 할인",PPV 등,"20260715","20260615","20260731",7
C2600KM,"지상파 월정액 3개월 내내 5,500원_5월 3차",A1CP1020261000120660,"[온가족특가] 지상파 월정액 3개월 내내 월 5,500원",PM30000150,"20260513","20260422","20260531",18
C2600T7,<노멀> 할인쿠폰 프로모션,A1SA1020261000121162,"[노멀 런칭] 영화 3,300원 할인",PPV 등,"20260714","20260605","20260731",13
C2600NO,<푸틴: 절대 권력의 최후> 할인쿠폰 프로모션,A1SA1020261000120952,"[푸틴: 절대 권력의 최후 런칭] 영화 3,300원 할인",PPV 등,"20260611","20260526","20260630",9
C2600P8,[주기성] 26년 6월_B tv+ 비플리_UI 541 이상_2~4차_4,A1CP1020261000120872,[위클리 혜택] B tv+ 12개월 50% 할인,PM30000107,"20260628","20260520","20260630",1
C2600JE,<캣 앤 독> 할인쿠폰 프로모션,A1SA1020261000120747,"[캣 앤 독 런칭] 영화 5,500원 할인",PPV 등,"20260521","20260428","20260531",4
C2600NH,<리 크로닌의 미이라> 할인쿠폰 프로모션,A1SA1020261000120855,"[리 크로닌의 미이라] 영화 3,300원 할인",PPV 등,"20260610","20260507","20260630",14
C2600P7,[주기성] 26년 6월_B tv+ 비플리_UI 541 이상_2~4차_3,A1CP1020261000120872,[위클리 혜택] B tv+ 12개월 50% 할인,PM30000107,"20260617","20260520","20260630",1
C2600SU,"26년 6월_B tv+ KBO 올스타전_UI 541 이상_1",A1CP1020261000121364,"[올스타전 특가] B tv+ 월 5,500원 혜택 (최대 12개월)",PM30000107,"20260706","20260624","20260705",1
C2600N4,(주기성) 6월 쿠폰팩 GCP(5/24~6/21가입)_TB,A1SA1020261000120869,[FREE PASS] SPOTV 프라임패키지 1개월 무료_26년6월,PM35000007,"20260601","20260519","20260629",2
C2600MI,JTBC 월정액 첫달 무료_6월 1차,A1SA1020261000119567,[깜짝 특가] JTBC 월정액 1개월 100% 할인 쿠폰,PM30000269,"20260528","20260119","20261231",1
C2600QS,"6월 성인 1+1 프로모션_모바일_추가 (6/12~6/14 구매자)",A1SA1020261000121169,"[1+1이벤트] 3,300원 할인 쿠폰 (모바일)",PPV 등,"20260622","20260609","20260731",1
C2600UF,"26년 7월_B tv+ 비플리_UI 541 이상_쿠폰&배너_4",A1CP1020261000121365,[고객님만 혜택] B tv+ 반값 할인 (최대 12개월),PM30000107,"20260714","20260624","20260731",1
C2600NS,[팝업] 밸류애드팀 Btv 업_단기(26.6.2)_1-2차,,,PPV 등,,,,295298
C2600NQ,[팝업] 밸류애드팀 STB 교체(26.6.1))_1-3차,,,PPV 등,,,,327188
C2600LX,"26년 5월_B tv+ 비플리_UI 541 이상_2차(~5/25)_1(1770)",A1CP1020261000120859,[가정의 달] B tv+ 12개월 50% 할인 (~5/25),PM30000107,,"20260515","20260525",785078
C2600RS,[팝업] 밸류애드팀 Btv 업_장기(26.6.24)_4-1차,,,PPV 등,,,,385304
C2600VH,"26년 7월_B tv+ KBS 이승철 콘서트_타임딜_UI 541 이상_1",DummyOffer,,PPV 등,,,,1064601
C2600KM,"지상파 월정액 3개월 내내 5,500원_5월 3차",A1CP1020261000120660,"[온가족특가] 지상파 월정액 3개월 내내 월 5,500원",PM30000150,"20260522","20260422","20260531",17
C2600O6,"26년 6월_B tv+ 비플리_UI 541 이상_1차 쿠폰(~6/7) & 배너(~6/30)_1",A1CP1020261000120872,[위클리 혜택] B tv+ 12개월 50% 할인,PM30000107,"20260619","20260520","20260630",80
C2600O6,"26년 6월_B tv+ 비플리_UI 541 이상_1차 쿠폰(~6/7) & 배너(~6/30)_1",A1CP1020261000120872,[위클리 혜택] B tv+ 12개월 50% 할인,PM30000107,"20260620","20260520","20260630",119
C2600P5,[주기성] 26년 6월_B tv+ 비플리_UI 541 이상_2~4차_1,A1CP1020261000120872,[위클리 혜택] B tv+ 12개월 50% 할인,PM30000107,"20260603","20260520","20260630",4
C2600PZ,SPOTV 6월 첫달무료_1차_0612,A1SA1020261000121164,[축구 이벤트] SPOTV Prime 1개월 무료,PM35000007,"20260624","20260609","20260630",38
C2600TB,[주기성] 26년 7월_B tv+ 7월 비플리 하위_가입자 제외,DummyOffer,,PPV 등,,,,1242
C2600TL,"7월 성인 1+1 프로모션 (7/1~7/10)",A1SA1020261000121370,"[1+1이벤트] 3,300원 할인 쿠폰",PPV 등,"20260705","20260626","20260731",308
C2600PY,SPOTV 6월 첫달무료_1차_0611,A1SA1020261000121164,[축구 이벤트] SPOTV Prime 1개월 무료,PM35000007,"20260623","20260609","20260630",106
C2600LA,"26년 5월_B tv+ 비플리_UI 541 이상_1차(~5/17)_4(1770)",A1CP1020261000120853,[가정의 달] B tv+ 12개월 50% 할인 (~5/17),PM30000107,"20260517","20260507","20260517",34
C2600O6,"26년 6월_B tv+ 비플리_UI 541 이상_1차 쿠폰(~6/7) & 배너(~6/30)_1",A1CP1020261000120872,[위클리 혜택] B tv+ 12개월 50% 할인,PM30000107,"20260602","20260520","20260630",81
C2600OA,"26년 6월_B tv+ 비플리_UI 541 이상_1차 쿠폰(~6/7) & 배너(~6/30)_2",A1CP1020261000120872,[위클리 혜택] B tv+ 12개월 50% 할인,PM30000107,"20260604","20260520","20260630",30
C2600SG,"CJ ENM 월정액 3개월 5,500원_7월 1차",A1CP1020261000121358,"[쿨썸머 특가] CJ ENM 월정액 3개월 내내 월 5,500원",PM30000154,"20260730","20260622","20260731",43
C2600PT,"26년 6월_B tv+ 파격할인_UI 541 이상_3",A1CP1020261000120874,"[72시간 한정] B tv+ 12개월 월 5,500원 혜택",PM30000107,"20260612","20260526","20260614",4
C2600KO,<폭탄> 할인쿠폰 프로모션,A1SA1020261000120751,"[폭탄 런칭] 영화 5,500원 할인",PPV 등,"20260511","20260430","20260531",4
C2600IP,"CJ ENM 월정액 3개월 5,500원_5월 1차",A1CP1020261000120659,"[온가족특가] CJ ENM 월정액 3개월 내내 5,500원",PM30000154,"20260527","20260422","20260531",30
C2600XG,"26년 7월 B tv+ 할인 연장 캠페인_6개월/9개월 할인재연",A1CP1020261000121664,"[가입 유지 선물] B tv+ 월 5,500원 이용 혜택 6개월 자동 연장_7월",PPV 등,"20260924","20260721","20260831",29
C2600IY,"JTBC 월정액 6개월 약정 3,300원_5월 1차",A1CP1020261000120658,"[온가족특가] JTBC 6개월 약정 기간 내내 월 3,300원",PM30000269,"20260520","20260421","20260531",8
C2600OY,통합 월정액 첫달 무료_6월 2차,A1CP1020261000120948,[이용 감사 혜택] 주요 월정액 1개월 100% 할인 (택1),PM30000176,"20260624","20260526","20260630",11
C2600S4,"6월 성인 1+1 프로모션_모바일 (6/21~6/30)",A1SA1020261000121171,"[1+1 앵콜 이벤트] 3,300원 할인 쿠폰 (모바일)",PPV 등,"20260623","20260609","20260731",33
C2600OY,통합 월정액 첫달 무료_6월 2차,A1CP1020261000120948,[이용 감사 혜택] 주요 월정액 1개월 100% 할인 (택1),PM30000176,"20260610","20260526","20260630",19
C2600N4,(주기성) 6월 쿠폰팩 GCP(5/24~6/21가입)_TB,A1SA1020261000120869,[FREE PASS] SPOTV 프라임패키지 1개월 무료_26년6월,PM35000007,"20260619","20260519","20260629",5
C2600TN,"7월 성인 1+1 프로모션_모바일 (7/1~7/10)",A1SA1020261000121371,"[1+1이벤트] 3,300원 할인 쿠폰 (모바일)",PPV 등,"20260719","20260626","20260731",4
C2600OL,"지상파 월정액 첫달 3,300원_6월 2차",A1CP1020261000120947,"[6월 특가] 지상파 월정액 1개월 13,200원 할인",PM30000150,"20260625","20260526","20260630",4
C2600N4,(주기성) 6월 쿠폰팩 GCP(5/24~6/21가입)_TB,A1SA1020261000120869,[FREE PASS] SPOTV 프라임패키지 1개월 무료_26년6월,PM35000007,"20260604","20260519","20260629",8
C2600Q3,"6월 성인 1+1 프로모션 (6/11~6/20)",A1SA1020261000121168,"[1+1이벤트] 3,300원 할인 쿠폰",PPV 등,"20260623","20260609","20260731",22
C2600O7,"2606_캐치온 해지방어_B tv+ Cross-sell",A1CP1020261000120958,[비밀 특가] B tv+ 1개월 100원,PM30000107,"20260627","20260528","20260712",1
C2600P6,[주기성] 26년 6월_B tv+ 비플리_UI 541 이상_2~4차_2,A1CP1020261000120872,[위클리 혜택] B tv+ 12개월 50% 할인,PM30000107,"20260628","20260520","20260630",3
C2600SU,"26년 6월_B tv+ KBO 올스타전_UI 541 이상_1",A1CP1020261000121364,"[올스타전 특가] B tv+ 월 5,500원 혜택 (최대 12개월)",PM30000107,"20260724","20260624","20260705",1
C2600P5,[주기성] 26년 6월_B tv+ 비플리_UI 541 이상_2~4차_1,A1CP1020261000120872,[위클리 혜택] B tv+ 12개월 50% 할인,PM30000107,"20260713","20260520","20260630",1
C2600LV,수요1+1무비쿠폰(5월 프로모션 안내),,,PPV 등,,,,3742303
C2600IZ,[모바일 B tv] '26년 4월 무비 쿠폰 도미노 앱푸쉬 (Mass),,,PPV 등,,,,936525
C2600W1,"26년 7월_B tv+ KBS 이승철 콘서트_타임딜_UI 541 이상_2",DummyOffer,,PPV 등,,,,1064473
C2600N3,[주기성/쿠폰] <살목지&K-공포상영회> 할인쿠폰 프로모션,A1PR1020261000120873,[K-공포 상영회] 영화 50% 할인,PPV 등,"20260608","20260520","20260609",26
C2600N4,(주기성) 6월 쿠폰팩 GCP(5/24~6/21가입)_TB,A1CP1020261000120865,[FREE PASS] B tv+ 1개월 무료_26년6월,PM30000107,"20260604","20260519","20260629",19
C2600QM,[보정용][주기성] 26년 6월_B tv+ 비플리_UI 541 이상_2~4차_1,A1CP1020261000120872,[위클리 혜택] B tv+ 12개월 50% 할인,PM30000107,"20260625","20260520","20260630",4
C2600P5,[주기성] 26년 6월_B tv+ 비플리_UI 541 이상_2~4차_1,A1CP1020261000120872,[위클리 혜택] B tv+ 12개월 50% 할인,PM30000107,"20260622","20260520","20260630",93
C2600XG,"26년 7월 B tv+ 할인 연장 캠페인_6개월/9개월 할인재연",A1CP1020261000121664,"[가입 유지 선물] B tv+ 월 5,500원 이용 혜택 6개월 자동 연장_7월",PPV 등,"20260928","20260721","20260831",24
C2600WC,"지상파 월정액 3개월 5,500원_7월 3차",A1CP1020261000121373,"[쿨썸머 특가] 지상파 월정액 3개월 내내 월 5,500원",PM30000150,"20260706","20260629","20260731",3
C2600T0,"26년 6월_B tv+ KBO 올스타전_UI 541 이상_2",A1CP1020261000121364,"[올스타전 특가] B tv+ 월 5,500원 혜택 (최대 12개월)",PM30000107,"20260630","20260624","20260705",39
C2600XG,"26년 7월 B tv+ 할인 연장 캠페인_6개월/9개월 할인재연",A1CP1020261000121664,"[가입 유지 선물] B tv+ 월 5,500원 이용 혜택 6개월 자동 연장_7월",PPV 등,,"20260721","20260831",98
C2600TA,[주기성] 26년 7월_B tv+ 비플리_UI 541 이하_쿠폰,A1CP1020261000121366,[고객님만 혜택] B tv+ 반값 할인 (최대 12개월),PM30000107,"20260713","20260624","20260731",12
C2600NH,<리 크로닌의 미이라> 할인쿠폰 프로모션,A1SA1020261000120855,"[리 크로닌의 미이라] 영화 3,300원 할인",PPV 등,"20260614","20260507","20260630",27
C2600TM,<신의 악단> 할인쿠폰 프로모션,A1SA1020261000121384,"[신의 악단 런칭] 영화 3,300원 할인",PPV 등,"20260709","20260630","20260731",57
C2600IY,"JTBC 월정액 6개월 약정 3,300원_5월 1차",A1CP1020261000120658,"[온가족특가] JTBC 6개월 약정 기간 내내 월 3,300원",PM30000269,"20260501","20260421","20260531",29
C2600TH,<살목지> 할인쿠폰 프로모션,A1SA1020261000121380,"[살목지 런칭] 영화 3,300원 할인",PPV 등,"20260708","20260629","20260731",23
C2600RD,"<짱구> 타겟 프로모션_2,000원_0617",A1SA1020261000121267,"[즉시 할인] 짱구 2,200원 할인쿠폰",PPV 등,"20260617","20260616","20260731",6
C2600SC,<금발이 되고 싶어> 할인쿠폰 프로모션,A1SA1020261000121360,"[금발이 되고 싶어 런칭] 영화 5,500원 할인",PPV 등,"20260714","20260622","20260731",3
C2600KM,"지상파 월정액 3개월 내내 5,500원_5월 3차",A1CP1020261000120660,"[온가족특가] 지상파 월정액 3개월 내내 월 5,500원",PM30000150,"20260508","20260422","20260531",53
C2600KI,"JTBC 월정액 6개월 약정 3,300원_5월 3차",A1CP1020261000120658,"[온가족특가] JTBC 6개월 약정 기간 내내 월 3,300원",PM30000269,"20260531","20260421","20260531",2
C2600KP,<왕과 사는 남자> 할인쿠폰 프로모션,A1SA1020261000120651,"[왕과 사는 남자 런칭] 영화 4,400원 할인",PPV 등,"20260515","20260421","20260531",10
C2600R4,<피어스> 할인쿠폰 프로모션,A1SA1020261000121258,"[피어스 런칭] 영화 5,500원 할인",PPV 등,"20260619","20260615","20260731",2
C2600TG,JTBC 월정액 3개월 70% 할인_7월 1차,A1SA1020261000121374,[쿨썸머 특가] JTBC 월정액 3개월 내내 70% 할인,PM30000269,"20260714","20260629","20260731",17
C2600O6,"26년 6월_B tv+ 비플리_UI 541 이상_1차 쿠폰(~6/7) & 배너(~6/30)_1",A1CP1020261000120872,[위클리 혜택] B tv+ 12개월 50% 할인,PM30000107,"20260627","20260520","20260630",6
C2600NN,<코드 네임: 알라룸> 할인쿠폰 프로모션,A1SA1020261000120951,"[코드 네임: 알라룸 런칭] 영화 5,500원 할인",PPV 등,"20260624","20260526","20260630",1
C2600QS,"6월 성인 1+1 프로모션_모바일_추가 (6/12~6/14 구매자)",A1SA1020261000121169,"[1+1이벤트] 3,300원 할인 쿠폰 (모바일)",PPV 등,"20260628","20260609","20260731",4
C2600MN,"26년 5월_B tv+ 비플리_UI 541 이상_3차(~5/31)_4",A1CP1020261000120854,[가정의 달] B tv+ 12개월 50% 할인 (~5/31),PM30000107,"20260529","20260507","20260531",6
C2600JB,<극장의 시간들> 할인쿠폰 프로모션,A1SA1020261000120746,"[극장의 시간들 런칭] 영화 5,500원 할인",PPV 등,"20260509","20260428","20260531",2
C2600PY,SPOTV 6월 첫달무료_1차_0611,A1SA1020261000121164,[축구 이벤트] SPOTV Prime 1개월 무료,PM35000007,"20260624","20260609","20260630",53
C2600PZ,SPOTV 6월 첫달무료_1차_0612,A1SA1020261000121164,[축구 이벤트] SPOTV Prime 1개월 무료,PM35000007,"20260627","20260609","20260630",96
C2600O0,"26년 6월_B tv+ 짝수달 유료전환 테스트_UI 552 이상",A1CP1020261000120870,[6월 한정] B tv+ 첫달 무료,PM30000107,"20260611","20260520","20260630",67
C2600NC,"26년 5월 B tv+ 할인 연장 캠페인_1주년 4,400원",A1CP1020261000120955,"[가입 유지 선물] B tv+ 월 4,400원 혜택 6개월 자동 연장_5월",PM30000107,"20260712","20260526","20260731",245
C2600J7,"지상파 월정액 3개월 내내 5,500원_5월 2차",A1CP1020261000120660,"[온가족특가] 지상파 월정액 3개월 내내 월 5,500원",PM30000150,"20260515","20260422","20260531",46
C2600XG,"26년 7월 B tv+ 할인 연장 캠페인_6개월/9개월 할인재연",A1CP1020261000121664,"[가입 유지 선물] B tv+ 월 5,500원 이용 혜택 6개월 자동 연장_7월",PPV 등,"20261008","20260721","20260831",164
C2600NO,<푸틴: 절대 권력의 최후> 할인쿠폰 프로모션,A1SA1020261000120952,"[푸틴: 절대 권력의 최후 런칭] 영화 3,300원 할인",PPV 등,"20260609","20260526","20260630",5
C2600US,<잠금: 셧다운> 할인쿠폰 프로모션,A1SA1020261000121462,"[잠금: 셧다운 런칭] 영화 5,500원 할인",PPV 등,"20260718","20260708","20260831",10
C2600S6,토이스토리 소장용 패키지 프로모션_수정,A1SA1020261000121259,"[토이 스토리 패키지 구매] 영화 5,500원 할인",PPV 등,"20260712","20260615","20260731",26
C2600P5,[주기성] 26년 6월_B tv+ 비플리_UI 541 이상_2~4차_1,A1CP1020261000120872,[위클리 혜택] B tv+ 12개월 50% 할인,PM30000107,"20260616","20260520","20260630",41
C2600TN,"7월 성인 1+1 프로모션_모바일 (7/1~7/10)",A1SA1020261000121371,"[1+1이벤트] 3,300원 할인 쿠폰 (모바일)",PPV 등,"20260703","20260626","20260731",37
C2600TZ,"지상파 월정액 3개월 5,500원_7월 2차",A1CP1020261000121373,"[쿨썸머 특가] 지상파 월정액 3개월 내내 월 5,500원",PM30000150,"20260714","20260629","20260731",66
C2600T7,<노멀> 할인쿠폰 프로모션,A1SA1020261000121162,"[노멀 런칭] 영화 3,300원 할인",PPV 등,"20260712","20260605","20260731",32
C2600N4,(주기성) 6월 쿠폰팩 GCP(5/24~6/21가입)_TB,A1CP1020261000120865,[FREE PASS] B tv+ 1개월 무료_26년6월,PM30000107,"20260612","20260519","20260629",14
C2600QS,"6월 성인 1+1 프로모션_모바일_추가 (6/12~6/14 구매자)",A1SA1020261000121169,"[1+1이벤트] 3,300원 할인 쿠폰 (모바일)",PPV 등,"20260617","20260609","20260731",13
C2600TZ,"지상파 월정액 3개월 5,500원_7월 2차",A1CP1020261000121373,"[쿨썸머 특가] 지상파 월정액 3개월 내내 월 5,500원",PM30000150,"20260730","20260629","20260731",53
C2600JZ,"JTBC 월정액 6개월 약정 3,300원_5월 2차",A1CP1020261000120658,"[온가족특가] JTBC 6개월 약정 기간 내내 월 3,300원",PM30000269,"20260505","20260421","20260531",18
C2600UE,"26년 7월_B tv+ 비플리_UI 541 이상_쿠폰&배너_3",A1CP1020261000121365,[고객님만 혜택] B tv+ 반값 할인 (최대 12개월),PM30000107,"20260718","20260624","20260731",1
C2600LZ,"26년 5월_B tv+ 비플리_UI 541 이상_2차(~5/25)_3(1770)",A1CP1020261000120859,[가정의 달] B tv+ 12개월 50% 할인 (~5/25),PM30000107,"20260520","20260515","20260525",14
C2600TK,<메가 샤크 어택> 할인쿠폰 프로모션,A1SA1020261000121369,"[메가 샤크 어택 런칭] 영화 5,500원 할인",PPV 등,"20260706","20260626","20260731",7
C2600TH,<살목지> 할인쿠폰 프로모션,A1SA1020261000121380,"[살목지 런칭] 영화 3,300원 할인",PPV 등,"20260703","20260629","20260731",30
C2600TK,<메가 샤크 어택> 할인쿠폰 프로모션,A1SA1020261000121369,"[메가 샤크 어택 런칭] 영화 5,500원 할인",PPV 등,"20260726","20260626","20260731",12
C2600QV,"6월 성인 1+1 프로모션_모바일 (6/11~6/20)_수정",A1SA1020261000121169,"[1+1이벤트] 3,300원 할인 쿠폰 (모바일)",PPV 등,"20260625","20260609","20260731",12
C2600MB,<힌드의 목소리> 할인쿠폰 프로모션,A1SA1020261000120864,"[힌드의 목소리 런칭] 영화 5,500원 할인",PPV 등,"20260603","20260519","20260630",3
C2600N0,"26년 5월_B tv+ 당첨자_UI 541 이상_2(1770)",DummyOffer,,PPV 등,,,,788395
C2600JZ,"JTBC 월정액 6개월 약정 3,300원_5월 2차",DummyOffer,,PPV 등,,,,499422
C2600LT,[팝업] 밸류애드팀 Btv 업_장기(26.5.20)_3-3차,,,PPV 등,,,,177041
C2600JJ,[팝업] 밸류애드팀 STB 교체(26.5.04)_1-1차,,,PPV 등,,,,298566
C2600UB,[팝업] 밸류애드팀 Btv 업_장기(26.7.8)_1-4차,,,PPV 등,,,,221451
C2600M8,<짱구> 할인쿠폰 프로모션,A1SA1020261000120863,"[짱구 런칭] 영화 5,500원 할인",PPV 등,,"20260518","20260630",6837
C2600O6,"26년 6월_B tv+ 비플리_UI 541 이상_1차 쿠폰(~6/7) & 배너(~6/30)_1",A1CP1020261000120872,[위클리 혜택] B tv+ 12개월 50% 할인,PM30000107,"20260617","20260520","20260630",71
C2600N5,(일회성) 6월 쿠폰팩 GCP(5/1~5/23가입)_TB,A1CP1020261000120866,[FREE PASS] 지상파 3사 1개월 무료_26년6월,PM30000150,"20260601","20260519","20260629",65
C2600N4,(주기성) 6월 쿠폰팩 GCP(5/24~6/21가입)_TB,A1CP1020261000120865,[FREE PASS] B tv+ 1개월 무료_26년6월,PM30000107,"20260617","20260519","20260629",19
C2600PY,SPOTV 6월 첫달무료_1차_0611,A1SA1020261000121164,[축구 이벤트] SPOTV Prime 1개월 무료,PM35000007,"20260617","20260609","20260630",113
C2600S3,"6월 성인 1+1 프로모션 (6/21~6/30)",A1SA1020261000121170,"[1+1 앵콜 이벤트] 3,300원 할인 쿠폰",PPV 등,,"20260609","20260731",3807
C2600W7,"7월 성인 1+1 이열치열 프로모션 (7/21~/20)",A1SA1020261000121561,"[1+1 이열치열 이벤트] 3,300원 할인 쿠폰",PPV 등,"20260729","20260716","20260831",303
C2600PT,"26년 6월_B tv+ 파격할인_UI 541 이상_3",A1CP1020261000120874,"[파격할인] B tv+ 12개월 월 5,500원 혜택",PM30000107,"20260614","20260520","20260531",14
C2600O0,"26년 6월_B tv+ 짝수달 유료전환 테스트_UI 552 이상",A1CP1020261000120870,[6월 한정] B tv+ 첫달 무료,PM30000107,"20260615","20260520","20260630",46
C2600WH,<군체> 할인쿠폰 프로모션,A1SA1020261000121563,[군체 런칭] 영화 20% 할인,PPV 등,"20260730","20260716","20260831",293
C2600NA,"26년 5월 B tv+ 할인 연장 캠페인_1주년 5,500원",A1CP1020261000120954,"[가입 유지 선물] B tv+ 월 5,500원 혜택 6개월 자동 연장_5월",PM30000107,"20260723","20260526","20260731",41
C2600WH,<군체> 할인쿠폰 프로모션,A1SA1020261000121563,[군체 런칭] 영화 20% 할인,PPV 등,"20260727","20260716","20260831",200
C2600TJ,<데드 오브 윈터> 할인쿠폰 프로모션,A1SA1020261000121361,"[데드 오브 윈터 런칭] 영화 3,300원 할인",PPV 등,"20260715","20260622","20260731",37
C2600QU,"6월 성인 1+1 프로모션 (6/11~6/20)_수정",A1SA1020261000121168,"[1+1이벤트] 3,300원 할인 쿠폰",PPV 등,"20260622","20260609","20260731",249
C2600NE,통합 월정액 첫달 무료_6월 1차,A1CP1020261000120948,[이용 감사 혜택] 주요 월정액 1개월 100% 할인 (택1),PM30000176,"20260623","20260526","20260630",43
C2600IP,"CJ ENM 월정액 3개월 5,500원_5월 1차",A1CP1020261000120659,"[온가족특가] CJ ENM 월정액 3개월 내내 5,500원",PM30000154,"20260529","20260422","20260531",65
C2600OC,"26년 6월_B tv+ 비플리_UI 541 이상_1차 쿠폰(~6/7) & 배너(~6/30)_4",A1CP1020261000120872,[위클리 혜택] B tv+ 12개월 50% 할인,PM30000107,"20260606","20260520","20260630",33
C2600R5,<내 이름은> 할인쿠폰 프로모션,A1SA1020261000121159,"[내 이름은 런칭] 영화 5,500원 할인",PPV 등,"20260704","20260605","20260731",28
C2600O7,"2606_캐치온 해지방어_B tv+ Cross-sell",A1CP1020261000120958,[비밀 특가] B tv+ 1개월 100원,PM30000107,"20260604","20260528","20260712",1
C2600PN,JTBC 월정액 첫달 무료_6월 2차,A1SA1020261000119567,[깜짝 특가] JTBC 월정액 1개월 100% 할인 쿠폰,PM30000269,"20260512","20260119","20261231",1
C2600TK,<메가 샤크 어택> 할인쿠폰 프로모션,A1SA1020261000121369,"[메가 샤크 어택 런칭] 영화 5,500원 할인",PPV 등,"20260724","20260626","20260731",12
C2600P5,[주기성] 26년 6월_B tv+ 비플리_UI 541 이상_2~4차_1,A1CP1020261000120872,[위클리 혜택] B tv+ 12개월 50% 할인,PM30000107,"20260628","20260520","20260630",6
C2600JZ,"JTBC 월정액 6개월 약정 3,300원_5월 2차",A1CP1020261000120658,"[온가족특가] JTBC 6개월 약정 기간 내내 월 3,300원",PM30000269,"20260518","20260421","20260531",8
C2600JA,<오시리스> 할인쿠폰 프로모션,A1SA1020261000120652,"[오시리스 런칭] 영화 3,300원 할인",PPV 등,"20260522","20260421","20260531",15
C2600UP,<서퍼> 할인쿠폰 프로모션,A1SA1020261000121460,"[서퍼 런칭] 영화 3,300원 할인",PPV 등,"20260801","20260708","20260831",4
C2600LG,<스피드> 할인쿠폰 프로모션,A1SA1020261000120858,"[스피드 런칭] 영화 5,500원 할인",PPV 등,"20260601","20260512","20260531",1
C2600UP,<서퍼> 할인쿠폰 프로모션,A1SA1020261000121460,"[서퍼 런칭] 영화 3,300원 할인",PPV 등,"20260729","20260708","20260831",3
C2600KI,"JTBC 월정액 6개월 약정 3,300원_5월 3차",A1CP1020261000120658,"[온가족특가] JTBC 6개월 약정 기간 내내 월 3,300원",PM30000269,"20260522","20260421","20260531",1
C2600P6,[주기성] 26년 6월_B tv+ 비플리_UI 541 이상_2~4차_2,A1CP1020261000120872,[위클리 혜택] B tv+ 12개월 50% 할인,PM30000107,"20260603","20260520","20260630",2
C2600MI,JTBC 월정액 첫달 무료_6월 1차,A1SA1020261000119567,[깜짝 특가] JTBC 월정액 1개월 100% 할인 쿠폰,PM30000269,"20260703","20260119","20261231",1
C2600PQ,통합 월정액 첫달 무료_6월 3차,A1CP1020261000120948,[이용 감사 혜택] 주요 월정액 1개월 100% 할인 (택1),PM30000176,"20260625","20260526","20260630",1
C2600JZ,"JTBC 월정액 6개월 약정 3,300원_5월 2차",A1CP1020261000120658,"[온가족특가] JTBC 6개월 약정 기간 내내 월 3,300원",PM30000269,,"20260421","20260531",499673
C2600L9,"26년 5월_B tv+ 비플리_UI 541 이상_1차(~5/17)_3(1770)",DummyOffer,,PPV 등,,,,307274
C2600KS,[팝업] 밸류애드팀 STB 교체(26.5.11)_2-1차,,,PPV 등,,,,297620
C2600O6,"26년 6월_B tv+ 비플리_UI 541 이상_1차 쿠폰(~6/7) & 배너(~6/30)_1",A1CP1020261000120872,[위클리 혜택] B tv+ 12개월 50% 할인,PM30000107,,"20260520","20260630",792486
C2600L8,"26년 5월_B tv+ 비플리_UI 541 이상_1차(~5/17)_2(1770)",A1CP1020261000120853,[가정의 달] B tv+ 12개월 50% 할인 (~5/17),PM30000107,,"20260507","20260517",790426
C2600N4,(주기성) 6월 쿠폰팩 GCP(5/24~6/21가입)_TB,A1CP1020261000120866,[FREE PASS] 지상파 3사 1개월 무료_26년6월,PM30000150,,"20260519","20260629",51476
C2600J7,"지상파 월정액 3개월 내내 5,500원_5월 2차",A1CP1020261000120660,"[온가족특가] 지상파 월정액 3개월 내내 월 5,500원",PM30000150,"20260506","20260422","20260531",73
C2600UU,"7월 성인 1+1 앵콜 프로모션_모바일 (7/11~7/20)",A1SA1020261000121458,"[1+1 앵콜 이벤트] 3,300원 할인 쿠폰",PPV 등,"20260720","20260708","20260831",347
C2600W7,"7월 성인 1+1 이열치열 프로모션 (7/21~/20)",A1SA1020261000121561,"[1+1 이열치열 이벤트] 3,300원 할인 쿠폰",PPV 등,"20260726","20260716","20260831",250
C2600T9,"26년 6월 B tv+ 할인 연장 캠페인_8월할인 7,700원",A1CP1020261000121368,"[가입 유지 선물] B tv+ 월 7,700원 이용 혜택 6개월 자동 연장_6월",PPV 등,"20260826","20260625","20260731",40
C2600T9,"26년 6월 B tv+ 할인 연장 캠페인_8월할인 7,700원",A1CP1020261000121368,"[가입 유지 선물] B tv+ 월 7,700원 이용 혜택 6개월 자동 연장_6월",PPV 등,"20260830","20260625","20260731",23
C2600PV,"26년 6월_B tv+ 파격할인_UI 541 이하_5",A1CP1020261000120874,"[파격할인] B tv+ 12개월 월 5,500원 혜택",PM30000107,"20260614","20260520","20260531",43
C2600TL,"7월 성인 1+1 프로모션 (7/1~7/10)",A1SA1020261000121370,"[1+1이벤트] 3,300원 할인 쿠폰",PPV 등,"20260706","20260626","20260731",378
C2600M8,<짱구> 할인쿠폰 프로모션,A1SA1020261000120863,"[짱구 런칭] 영화 5,500원 할인",PPV 등,"20260613","20260518","20260630",82
C2600TO,<마이클> 할인쿠폰 프로모션,A1SA1020261000121261,"[마이클 런칭] 영화 3,300원 할인",PPV 등,"20260717","20260616","20260815",48
C2600LE,"CJ ENM 월정액 3개월 5,500원_5월 3차",A1CP1020261000120659,"[온가족특가] CJ ENM 월정액 3개월 내내 5,500원",PM30000154,"20260518","20260422","20260531",20
C2600N4,(주기성) 6월 쿠폰팩 GCP(5/24~6/21가입)_TB,A1CP1020261000120865,[FREE PASS] B tv+ 1개월 무료_26년6월,PM30000107,"20260606","20260519","20260629",32
C2600MI,JTBC 월정액 첫달 무료_6월 1차,A1SA1020261000119567,[깜짝 특가] JTBC 월정액 1개월 100% 할인 쿠폰,PM30000269,"20260626","20260119","20261231",39
C2600N5,(일회성) 6월 쿠폰팩 GCP(5/1~5/23가입)_TB,A1CP1020261000120865,[FREE PASS] B tv+ 1개월 무료_26년6월,PM30000107,"20260628","20260519","20260629",25
C2600TF,"지상파 월정액 3개월 5,500원_7월 1차",A1CP1020261000121373,"[쿨썸머 특가] 지상파 월정액 3개월 내내 월 5,500원",PM30000150,"20260724","20260629","20260731",69
C2600US,<잠금: 셧다운> 할인쿠폰 프로모션,A1SA1020261000121462,"[잠금: 셧다운 런칭] 영화 5,500원 할인",PPV 등,"20260726","20260708","20260831",15
C2600TO,<마이클> 할인쿠폰 프로모션,A1SA1020261000121261,"[마이클 런칭] 영화 3,300원 할인",PPV 등,"20260718","20260616","20260815",49
C2600KN,JTBC 월정액 첫달 무료_5월 1차,A1SA1020261000119567,[깜짝 특가] JTBC 월정액 1개월 100% 할인 쿠폰,PM30000269,"20260605","20260119","20261231",10
C2600S7,토이스토리 소장용 패키지 프로모션 (6/18~6/21 발급),A1SA1020261000121259,"[토이 스토리 패키지 구매] 영화 5,500원 할인",PPV 등,"20260624","20260615","20260731",16
C2600N4,(주기성) 6월 쿠폰팩 GCP(5/24~6/21가입)_TB,A1CP1020261000120865,[FREE PASS] B tv+ 1개월 무료_26년6월,PM30000107,"20260607","20260519","20260629",16
C2600OB,"26년 6월_B tv+ 비플리_UI 541 이상_1차 쿠폰(~6/7) & 배너(~6/30)_3",A1CP1020261000120872,[위클리 혜택] B tv+ 12개월 50% 할인,PM30000107,"20260601","20260520","20260630",5
C2600S4,"6월 성인 1+1 프로모션_모바일 (6/21~6/30)",A1SA1020261000121171,"[1+1 앵콜 이벤트] 3,300원 할인 쿠폰 (모바일)",PPV 등,"20260710","20260609","20260731",11
C2600WF,<군체[예약구매]> 할인쿠폰 프로모션,A1SA1020261000121562,"[군체 예약] 영화 4,400원 할인",PPV 등,"20260724","20260716","20260831",40
C2600WJ,"CJ ENM 월정액 3개월 5,500원_7월 3차",A1CP1020261000121358,"[쿨썸머 특가] CJ ENM 월정액 3개월 내내 월 5,500원",PM30000154,"20260726","20260622","20260731",11
C2600N4,(주기성) 6월 쿠폰팩 GCP(5/24~6/21가입)_TB,A1SA1020261000120869,[FREE PASS] SPOTV 프라임패키지 1개월 무료_26년6월,PM35000007,"20260606","20260519","20260629",19
C2600M6,JTBC 월정액 첫달 무료_5월 2차,A1SA1020261000119567,[깜짝 특가] JTBC 월정액 1개월 100% 할인 쿠폰,PM30000269,"20260619","20260119","20261231",15
C2600SC,<금발이 되고 싶어> 할인쿠폰 프로모션,A1SA1020261000121360,"[금발이 되고 싶어 런칭] 영화 5,500원 할인",PPV 등,"20260716","20260622","20260731",6
C2600N4,(주기성) 6월 쿠폰팩 GCP(5/24~6/21가입)_TB,A1CP1020261000120867,[FREE PASS] CJ ENM 1개월 무료_26년6월,PM30000154,"20260619","20260519","20260629",9
C2600R1,JTBC 월정액 첫달 무료_6월 3차,A1SA1020261000119567,[깜짝 특가] JTBC 월정액 1개월 100% 할인 쿠폰,PM30000269,"20260530","20260119","20261231",1
C2600OB,"26년 6월_B tv+ 비플리_UI 541 이상_1차 쿠폰(~6/7) & 배너(~6/30)_3",A1CP1020261000120872,[위클리 혜택] B tv+ 12개월 50% 할인,PM30000107,"20260617","20260520","20260630",1
C2600N4,(주기성) 6월 쿠폰팩 GCP(5/24~6/21가입)_TB,A1CP1020261000120867,[FREE PASS] CJ ENM 1개월 무료_26년6월,PM30000154,"20260604","20260519","20260629",5
C2600IY,"JTBC 월정액 6개월 약정 3,300원_5월 1차",DummyOffer,,PPV 등,,,,499109
C2600LL,[팝업] 밸류애드팀 Btv 업_단기(26.5.19)_3-2차,,,PPV 등,,,,296826
C2600R8,"26년 6월_B tv+ 주말 야식비 지원_UI 541 이상_1",DummyOffer,,PPV 등,,,,785447
C2600O0,"26년 6월_B tv+ 짝수달 유료전환 테스트_UI 552 이상",A1CP1020261000120870,[6월 한정] B tv+ 첫달 무료,PM30000107,,"20260520","20260630",1308051
C2600PY,SPOTV 6월 첫달무료_1차_0611,A1SA1020261000121164,[축구 이벤트] SPOTV Prime 1개월 무료,PM35000007,,"20260609","20260630",998971
C2600NN,<코드 네임: 알라룸> 할인쿠폰 프로모션,A1SA1020261000120951,"[코드 네임: 알라룸 런칭] 영화 5,500원 할인",PPV 등,,"20260526","20260630",291
C2600KO,<폭탄> 할인쿠폰 프로모션,A1SA1020261000120751,"[폭탄 런칭] 영화 5,500원 할인",PPV 등,"20260519","20260430","20260531",2
C2600TT,<현상수배> 타겟 프로모션_30%_0702,A1SA1020261000121372,[즉시 할인] 현상수배 30% 할인쿠폰,PPV 등,,"20260626","20260731",745196
C2600KK,"CJ ENM 월정액 3개월 5,500원_5월 2차",A1CP1020261000120659,"[온가족특가] CJ ENM 월정액 3개월 내내 5,500원",PM30000154,"20260513","20260422","20260531",48
C2600RJ,"2606_무빙 연장 동의_TV팝업_13차",,,PPV 등,,,,4007
C2600PN,JTBC 월정액 첫달 무료_6월 2차,A1SA1020261000119567,[깜짝 특가] JTBC 월정액 1개월 100% 할인 쿠폰,PM30000269,"20260613","20260119","20261231",607
C2600NI,<시에라 마드레: 카르텔 전쟁> 할인쿠폰 프로모션,A1SA1020261000120862,"[시에라 마드레: 카르텔 전쟁 런칭] 영화 5,500원 할인",PPV 등,"20260602","20260518","20260630",22
C2600RC,"<왕과 사는 남자> 타겟 프로모션_2,000원_0617",A1SA1020261000121266,"[즉시 할인] 왕과 사는 남자 2,200원 할인쿠폰",PPV 등,"20260618","20260616","20260731",189
C2600NP,<모탈 컴뱃2> 할인쿠폰 프로모션,A1SA1020261000120959,"[모탈컴뱃2 런칭] 영화 5,500원 할인",PPV 등,"20260611","20260528","20260615",37
C2600K8,<몽타주: 6일간의 추격> 타겟 프로모션_40%_0430,A1SA1020261000120748,[즉시 할인] 몽타주: 6일간의 추격 40% 할인쿠폰,PPV 등,"20260505","20260403","20260430",57
C2600MI,JTBC 월정액 첫달 무료_6월 1차,A1SA1020261000119567,[깜짝 특가] JTBC 월정액 1개월 100% 할인 쿠폰,PM30000269,"20260605","20260119","20261231",169
C2600W7,"7월 성인 1+1 이열치열 프로모션 (7/21~/20)",A1SA1020261000121561,"[1+1 이열치열 이벤트] 3,300원 할인 쿠폰",PPV 등,"20260727","20260716","20260831",299
C2600O6,"26년 6월_B tv+ 비플리_UI 541 이상_1차 쿠폰(~6/7) & 배너(~6/30)_1",A1CP1020261000120872,[위클리 혜택] B tv+ 12개월 50% 할인,PM30000107,"20260605","20260520","20260630",114
C2600PP,"지상파 월정액 첫달 3,300원_6월 3차",A1CP1020261000120947,"[6월 특가] 지상파 월정액 1개월 13,200원 할인",PM30000150,"20260626","20260526","20260630",48
C2600T7,<노멀> 할인쿠폰 프로모션,A1SA1020261000121162,"[노멀 런칭] 영화 3,300원 할인",PPV 등,"20260713","20260605","20260731",18
C2600QV,"6월 성인 1+1 프로모션_모바일 (6/11~6/20)_수정",A1SA1020261000121169,"[1+1이벤트] 3,300원 할인 쿠폰 (모바일)",PPV 등,"20260618","20260609","20260731",8
C2600TL,"7월 성인 1+1 프로모션 (7/1~7/10)",A1SA1020261000121370,"[1+1이벤트] 3,300원 할인 쿠폰",PPV 등,"20260702","20260626","20260731",61
C2600ML,"26년 5월_B tv+ 비플리_UI 541 이상_3차(~5/31)_2",A1CP1020261000120854,[가정의 달] B tv+ 12개월 50% 할인 (~5/31),PM30000107,"20260527","20260507","20260531",35
C2600UC,"26년 7월_B tv+ 비플리_UI 541 이상_쿠폰&배너_1",A1CP1020261000121365,[고객님만 혜택] B tv+ 반값 할인 (최대 12개월),PM30000107,"20260716","20260624","20260731",32
C2600WF,<군체[예약구매]> 할인쿠폰 프로모션,A1SA1020261000121562,"[군체 예약] 영화 4,400원 할인",PPV 등,"20260802","20260716","20260831",13
C2600NI,<시에라 마드레: 카르텔 전쟁> 할인쿠폰 프로모션,A1SA1020261000120862,"[시에라 마드레: 카르텔 전쟁 런칭] 영화 5,500원 할인",PPV 등,"20260609","20260518","20260630",18
C2600Q5,<스위트 홈: 진격의 거인> 할인쿠폰 프로모션,A1SA1020261000121160,"[스위트 홈: 진격의 거인 런칭] 영화 3,300원 할인",PPV 등,"20260612","20260605","20260731",5
C2600QM,[보정용][주기성] 26년 6월_B tv+ 비플리_UI 541 이상_2~4차_1,A1CP1020261000120872,[위클리 혜택] B tv+ 12개월 50% 할인,PM30000107,"20260626","20260520","20260630",4
C2600N4,(주기성) 6월 쿠폰팩 GCP(5/24~6/21가입)_TB,A1CP1020261000120866,[FREE PASS] 지상파 3사 1개월 무료_26년6월,PM30000150,"20260608","20260519","20260629",7
C2600QS,"6월 성인 1+1 프로모션_모바일_추가 (6/12~6/14 구매자)",A1SA1020261000121169,"[1+1이벤트] 3,300원 할인 쿠폰 (모바일)",PPV 등,"20260619","20260609","20260731",9
C2600T4,"26년 6월_B tv+ KBO 올스타전_UI 541 이상_4",A1CP1020261000121364,"[올스타전 특가] B tv+ 월 5,500원 혜택 (최대 12개월)",PM30000107,"20260629","20260624","20260705",1
C2600NI,<시에라 마드레: 카르텔 전쟁> 할인쿠폰 프로모션,A1SA1020261000120862,"[시에라 마드레: 카르텔 전쟁 런칭] 영화 5,500원 할인",PPV 등,"20260618","20260518","20260630",6
C2600UF,"26년 7월_B tv+ 비플리_UI 541 이상_쿠폰&배너_4",A1CP1020261000121365,[고객님만 혜택] B tv+ 반값 할인 (최대 12개월),PM30000107,"20260728","20260624","20260731",3
C2600OA,"26년 6월_B tv+ 비플리_UI 541 이상_1차 쿠폰(~6/7) & 배너(~6/30)_2",A1CP1020261000120872,[위클리 혜택] B tv+ 12개월 50% 할인,PM30000107,"20260628","20260520","20260630",3
C2600WC,"지상파 월정액 3개월 5,500원_7월 3차",A1CP1020261000121373,"[쿨썸머 특가] 지상파 월정액 3개월 내내 월 5,500원",PM30000150,"20260702","20260629","20260731",1
C2600MB,<힌드의 목소리> 할인쿠폰 프로모션,A1SA1020261000120864,"[힌드의 목소리 런칭] 영화 5,500원 할인",PPV 등,"20260605","20260519","20260630",1
C2600KB,[주기성] 26년 5월_B tv+ 5월 비플리_가입자 제외,DummyOffer,,PPV 등,,,,33901
C2600VA,[보정용] 26년 7월_B tv+ KBS 이승철 콘서트_UI 541 이상_2,DummyOffer,,PPV 등,,,,535526
C2600IP,"CJ ENM 월정액 3개월 5,500원_5월 1차",A1CP1020261000120659,"[온가족특가] CJ ENM 월정액 3개월 내내 5,500원",PM30000154,"20260530","20260422","20260531",66
C2600KM,"지상파 월정액 3개월 내내 5,500원_5월 3차",A1CP1020261000120660,"[온가족특가] 지상파 월정액 3개월 내내 월 5,500원",PM30000150,"20260512","20260422","20260531",31
C2600TJ,<데드 오브 윈터> 할인쿠폰 프로모션,A1SA1020261000121361,"[데드 오브 윈터 런칭] 영화 3,300원 할인",PPV 등,"20260714","20260622","20260731",14
C2600T0,"26년 6월_B tv+ KBO 올스타전_UI 541 이상_2",A1CP1020261000121364,"[올스타전 특가] B tv+ 월 5,500원 혜택 (최대 12개월)",PM30000107,"20260704","20260624","20260705",89
C2600QQ,통합 월정액 첫달 무료_6월 4차,A1CP1020261000120948,[이용 감사 혜택] 주요 월정액 1개월 100% 할인 (택1),PM30000176,"20260622","20260526","20260630",120
C2600MK,"26년 5월_B tv+ 비플리_UI 541 이상_3차(~5/31)_1",A1CP1020261000120854,[가정의 달] B tv+ 12개월 50% 할인 (~5/31),PM30000107,"20260529","20260507","20260531",111
C2600XG,"26년 7월 B tv+ 할인 연장 캠페인_6개월/9개월 할인재연",A1CP1020261000121664,"[가입 유지 선물] B tv+ 월 5,500원 이용 혜택 6개월 자동 연장_7월",PPV 등,"20260925","20260721","20260831",45
C2600PQ,통합 월정액 첫달 무료_6월 3차,A1CP1020261000120948,[이용 감사 혜택] 주요 월정액 1개월 100% 할인 (택1),PM30000176,"20260614","20260526","20260630",143
C2600SG,"CJ ENM 월정액 3개월 5,500원_7월 1차",A1CP1020261000121358,"[쿨썸머 특가] CJ ENM 월정액 3개월 내내 월 5,500원",PM30000154,"20260724","20260622","20260731",46
C2600P8,[주기성] 26년 6월_B tv+ 비플리_UI 541 이상_2~4차_4,A1CP1020261000120872,[위클리 혜택] B tv+ 12개월 50% 할인,PM30000107,"20260616","20260520","20260630",15
C2600XG,"26년 7월 B tv+ 할인 연장 캠페인_6개월/9개월 할인재연",A1CP1020261000121664,"[가입 유지 선물] B tv+ 월 5,500원 이용 혜택 6개월 자동 연장_7월",PPV 등,"20260908","20260721","20260831",7
C2600MI,JTBC 월정액 첫달 무료_6월 1차,A1SA1020261000119567,[깜짝 특가] JTBC 월정액 1개월 100% 할인 쿠폰,PM30000269,"20260523","20260119","20261231",2
C2600M6,JTBC 월정액 첫달 무료_5월 2차,A1SA1020261000119567,[깜짝 특가] JTBC 월정액 1개월 100% 할인 쿠폰,PM30000269,"20260627","20260119","20261231",34
C2600TG,JTBC 월정액 3개월 70% 할인_7월 1차,A1SA1020261000121374,[쿨썸머 특가] JTBC 월정액 3개월 내내 70% 할인,PM30000269,"20260720","20260629","20260731",33
C2600N4,(주기성) 6월 쿠폰팩 GCP(5/24~6/21가입)_TB,A1SA1020261000120868,[FREE PASS] JTBC 1개월 무료_26년6월,PM30000269,"20260619","20260519","20260629",5
C2600R4,<피어스> 할인쿠폰 프로모션,A1SA1020261000121258,"[피어스 런칭] 영화 5,500원 할인",PPV 등,,"20260615","20260731",7
C2600N4,(주기성) 6월 쿠폰팩 GCP(5/24~6/21가입)_TB,A1SA1020261000120869,[FREE PASS] SPOTV 프라임패키지 1개월 무료_26년6월,PM35000007,"20260615","20260519","20260629",9
C2600Q5,<스위트 홈: 진격의 거인> 할인쿠폰 프로모션,A1SA1020261000121160,"[스위트 홈: 진격의 거인 런칭] 영화 3,300원 할인",PPV 등,"20260706","20260605","20260731",6
C2600TZ,"지상파 월정액 3개월 5,500원_7월 2차",A1CP1020261000121373,"[쿨썸머 특가] 지상파 월정액 3개월 내내 월 5,500원",PM30000150,"20260704","20260629","20260731",1
C2600UE,"26년 7월_B tv+ 비플리_UI 541 이상_쿠폰&배너_3",A1CP1020261000121365,[고객님만 혜택] B tv+ 반값 할인 (최대 12개월),PM30000107,"20260720","20260624","20260731",2
C2600VD,"CJ ENM 월정액 3개월 5,500원_7월 2차",A1CP1020261000121358,"[쿨썸머 특가] CJ ENM 월정액 3개월 내내 월 5,500원",PM30000154,"20260704","20260622","20260731",2
C2600T4,"26년 6월_B tv+ KBO 올스타전_UI 541 이상_4",A1CP1020261000121364,"[올스타전 특가] B tv+ 월 5,500원 혜택 (최대 12개월)",PM30000107,"20260627","20260624","20260705",3
C2600TZ,"지상파 월정액 3개월 5,500원_7월 2차",A1CP1020261000121373,"[쿨썸머 특가] 지상파 월정액 3개월 내내 월 5,500원",PM30000150,"20260705","20260629","20260731",1
C2600WY,[팝업] 밸류애드팀 Btv 업_장기(26.7.29)_4-2차,,,PPV 등,,,,367225
C2600RV,[팝업] 밸류애드팀 Btv 업_장기(26.6.24)_4-4차,,,PPV 등,,,,224465
C2600XD,"26년 7월_B tv+ 7월 4주차 복날 타임딜_UI 541 이상_1_F",DummyOffer,,PPV 등,,,,782344
C2600M6,JTBC 월정액 첫달 무료_5월 2차,A1SA1020261000119567,[깜짝 특가] JTBC 월정액 1개월 100% 할인 쿠폰,PM30000269,"20260620","20260119","20261231",83
C2600TN,"7월 성인 1+1 프로모션_모바일 (7/1~7/10)",A1SA1020261000121371,"[1+1이벤트] 3,300원 할인 쿠폰 (모바일)",PPV 등,"20260714","20260626","20260731",33
C2600TL,"7월 성인 1+1 프로모션 (7/1~7/10)",A1SA1020261000121370,"[1+1이벤트] 3,300원 할인 쿠폰",PPV 등,"20260709","20260626","20260731",383
C2600PZ,SPOTV 6월 첫달무료_1차_0612,A1SA1020261000121164,[축구 이벤트] SPOTV Prime 1개월 무료,PM35000007,"20260618","20260609","20260630",66
C2600QU,"6월 성인 1+1 프로모션 (6/11~6/20)_수정",A1SA1020261000121168,"[1+1이벤트] 3,300원 할인 쿠폰",PPV 등,"20260703","20260609","20260731",64
C2600TL,"7월 성인 1+1 프로모션 (7/1~7/10)",A1SA1020261000121370,"[1+1이벤트] 3,300원 할인 쿠폰",PPV 등,"20260711","20260626","20260731",375
C2600S6,토이스토리 소장용 패키지 프로모션_수정,A1SA1020261000121259,"[토이 스토리 패키지 구매] 영화 5,500원 할인",PPV 등,"20260705","20260615","20260731",24
C2600MK,"26년 5월_B tv+ 비플리_UI 541 이상_3차(~5/31)_1",A1CP1020261000120854,[가정의 달] B tv+ 12개월 50% 할인 (~5/31),PM30000107,"20260526","20260507","20260531",59
C2600NP,<모탈 컴뱃2> 할인쿠폰 프로모션,A1SA1020261000120959,"[모탈컴뱃2 런칭] 영화 5,500원 할인",PPV 등,"20260609","20260528","20260615",22
C2600N5,(일회성) 6월 쿠폰팩 GCP(5/1~5/23가입)_TB,A1CP1020261000120866,[FREE PASS] 지상파 3사 1개월 무료_26년6월,PM30000150,"20260602","20260519","20260629",16
C2600OL,"지상파 월정액 첫달 3,300원_6월 2차",A1CP1020261000120947,"[6월 특가] 지상파 월정액 1개월 13,200원 할인",PM30000150,"20260619","20260526","20260630",19
C2600IY,"JTBC 월정액 6개월 약정 3,300원_5월 1차",A1CP1020261000120658,"[온가족특가] JTBC 6개월 약정 기간 내내 월 3,300원",PM30000269,"20260522","20260421","20260531",13
C2600WC,"지상파 월정액 3개월 5,500원_7월 3차",A1CP1020261000121373,"[쿨썸머 특가] 지상파 월정액 3개월 내내 월 5,500원",PM30000150,"20260721","20260629","20260731",10
C2600N4,(주기성) 6월 쿠폰팩 GCP(5/24~6/21가입)_TB,A1CP1020261000120867,[FREE PASS] CJ ENM 1개월 무료_26년6월,PM30000154,"20260625","20260519","20260629",15
C2600SG,"CJ ENM 월정액 3개월 5,500원_7월 1차",A1CP1020261000121358,"[쿨썸머 특가] CJ ENM 월정액 3개월 내내 월 5,500원",PM30000154,"20260729","20260622","20260731",58
C2600QN,"지상파 월정액 첫달 3,300원_6월 4차",A1CP1020261000120947,"[6월 특가] 지상파 월정액 1개월 13,200원 할인",PM30000150,"20260608","20260526","20260630",1
C2600N3,[주기성/쿠폰] <살목지&K-공포상영회> 할인쿠폰 프로모션,A1PR1020261000120873,[K-공포 상영회] 영화 50% 할인,PPV 등,"20260602","20260520","20260609",32
C2600TN,"7월 성인 1+1 프로모션_모바일 (7/1~7/10)",A1SA1020261000121371,"[1+1이벤트] 3,300원 할인 쿠폰 (모바일)",PPV 등,"20260705","20260626","20260731",39
C2600US,<잠금: 셧다운> 할인쿠폰 프로모션,A1SA1020261000121462,"[잠금: 셧다운 런칭] 영화 5,500원 할인",PPV 등,"20260802","20260708","20260831",12
C2600MB,<힌드의 목소리> 할인쿠폰 프로모션,A1SA1020261000120864,"[힌드의 목소리 런칭] 영화 5,500원 할인",PPV 등,,"20260519","20260630",11
C2600UD,"26년 7월_B tv+ 비플리_UI 541 이상_쿠폰&배너_2",A1CP1020261000121365,[고객님만 혜택] B tv+ 반값 할인 (최대 12개월),PM30000107,"20260718","20260624","20260731",1
C2600L5,"26년 5월_B tv+ 크런치롤_할인쿠폰",A1PR1020261000120053,[크런치롤] B tv 애니 장르 30% 할인,PPV 등,"20260509","20260225","20260531",1
C2600KO,<폭탄> 할인쿠폰 프로모션,A1SA1020261000120751,"[폭탄 런칭] 영화 5,500원 할인",PPV 등,"20260517","20260430","20260531",3
C2600P8,[주기성] 26년 6월_B tv+ 비플리_UI 541 이상_2~4차_4,A1CP1020261000120872,[위클리 혜택] B tv+ 12개월 50% 할인,PM30000107,"20260601","20260520","20260630",1
C2600PT,"26년 6월_B tv+ 파격할인_UI 541 이상_3",A1CP1020261000120874,"[파격할인] B tv+ 12개월 월 5,500원 혜택",PM30000107,"20260610","20260520","20260531",3
C2600JQ,[팝업] 밸류애드팀 Btv 업_단기(26.5.05)_1-3차,,,PPV 등,,,,142792
C2600M0,"26년 5월_B tv+ 비플리_UI 541 이상_2차(~5/25)_4(1770)",A1CP1020261000120859,[가정의 달] B tv+ 12개월 50% 할인 (~5/25),PM30000107,,"20260515","20260525",306953
C2600M6,JTBC 월정액 첫달 무료_5월 2차,A1SA1020261000119567,[깜짝 특가] JTBC 월정액 1개월 100% 할인 쿠폰,PM30000269,"20260527","20260119","20261231",126
C2600Q5,<스위트 홈: 진격의 거인> 할인쿠폰 프로모션,A1SA1020261000121160,"[스위트 홈: 진격의 거인 런칭] 영화 3,300원 할인",PPV 등,"20260626","20260605","20260731",23
C2600TF,"지상파 월정액 3개월 5,500원_7월 1차",A1CP1020261000121373,"[쿨썸머 특가] 지상파 월정액 3개월 내내 월 5,500원",PM30000150,"20260706","20260629","20260731",120
C2600N4,(주기성) 6월 쿠폰팩 GCP(5/24~6/21가입)_TB,A1CP1020261000120865,[FREE PASS] B tv+ 1개월 무료_26년6월,PM30000107,"20260620","20260519","20260629",29
C2600L7,"26년 5월_B tv+ 비플리_UI 541 이상_1차(~5/17)_1(1770)",A1CP1020261000120853,[가정의 달] B tv+ 12개월 50% 할인 (~5/17),PM30000107,"20260515","20260507","20260517",99
C2600O0,"26년 6월_B tv+ 짝수달 유료전환 테스트_UI 552 이상",A1CP1020261000120870,[6월 한정] B tv+ 첫달 무료,PM30000107,"20260607","20260520","20260630",104
C2600TF,"지상파 월정액 3개월 5,500원_7월 1차",A1CP1020261000121373,"[쿨썸머 특가] 지상파 월정액 3개월 내내 월 5,500원",PM30000150,"20260716","20260629","20260731",69
C2600T1,"26년 6월_B tv+ KBO 올스타전_UI 541 이상_3",A1CP1020261000121364,"[올스타전 특가] B tv+ 월 5,500원 혜택 (최대 12개월)",PM30000107,"20260630","20260624","20260705",19
C2600IP,"CJ ENM 월정액 3개월 5,500원_5월 1차",A1CP1020261000120659,"[온가족특가] CJ ENM 월정액 3개월 내내 5,500원",PM30000154,"20260512","20260422","20260531",50
C2600ND,"지상파 월정액 첫달 3,300원_6월 1차",A1CP1020261000120947,"[6월 특가] 지상파 월정액 1개월 13,200원 할인",PM30000150,"20260613","20260526","20260630",118
C2600PR,"26년 6월_B tv+ 파격할인_UI 541 이상_1",A1CP1020261000120874,"[파격할인] B tv+ 12개월 월 5,500원 혜택",PM30000107,"20260611","20260520","20260531",108
C2600SC,<금발이 되고 싶어> 할인쿠폰 프로모션,A1SA1020261000121360,"[금발이 되고 싶어 런칭] 영화 5,500원 할인",PPV 등,"20260711","20260622","20260731",7
C2600T8,<살목지(2차)> 할인쿠폰 프로모션,A1SA1020261000121161,"[살목지 런칭] 영화 4,444원 할인",PPV 등,"20260713","20260605","20260731",4
C2600N4,(주기성) 6월 쿠폰팩 GCP(5/24~6/21가입)_TB,A1CP1020261000120866,[FREE PASS] 지상파 3사 1개월 무료_26년6월,PM30000150,"20260617","20260519","20260629",12
C2600N5,(일회성) 6월 쿠폰팩 GCP(5/1~5/23가입)_TB,A1CP1020261000120866,[FREE PASS] 지상파 3사 1개월 무료_26년6월,PM30000150,"20260608","20260519","20260629",6
C2600X8,"26년 7월_B tv+ 7월 4주차 복날 타임딜_UI 541 이상_3_F",A1CP1020261000121662,"[복날 치킨비] B tv+ 월 5,500원 이용 혜택 (최대 12개월)",PM30000107,"20260722","20260721","20260726",2
C2600WI,<뮌터 & 칸딘스키 - 사랑의 초상> 할인쿠폰 프로모션,A1SA1020261000121560,"[뮌터 & 칸딘스키 - 사랑의 초상 런칭] 영화 5,500원 할인",PPV 등,"20260727","20260716","20260831",3
C2600P6,[주기성] 26년 6월_B tv+ 비플리_UI 541 이상_2~4차_2,A1CP1020261000120872,[위클리 혜택] B tv+ 12개월 50% 할인,PM30000107,"20260616","20260520","20260630",27
C2600T8,<살목지(2차)> 할인쿠폰 프로모션,A1SA1020261000121161,"[살목지 런칭] 영화 4,444원 할인",PPV 등,"20260711","20260605","20260731",5
C2600UD,"26년 7월_B tv+ 비플리_UI 541 이상_쿠폰&배너_2",A1CP1020261000121365,[고객님만 혜택] B tv+ 반값 할인 (최대 12개월),PM30000107,"20260721","20260624","20260731",4
C2600JE,<캣 앤 독> 할인쿠폰 프로모션,A1SA1020261000120747,"[캣 앤 독 런칭] 영화 5,500원 할인",PPV 등,"20260516","20260428","20260531",9
C2600KD,[주기성/쿠폰] <프로젝트헤일메리&인생SF전> 할인쿠폰 프로모션,A1PR1020261000120752,[프로젝트헤일메리] 인생SF영화 추가 30% 할인,PPV 등,"20260524","20260430","20260524",3
C2600VH,"26년 7월_B tv+ KBS 이승철 콘서트_타임딜_UI 541 이상_1",A1CP1020261000121559,"[이승철 특가] B tv+ 월 5,500원 이용 혜택 (최대 12개월)",PM30000107,"20260816","20260714","20260722",1
C2600Q2,[팝업] 밸류애드팀 STB 교체(26.6.15))_3-1차,,,PPV 등,,,,253465
C2600RC,"<왕과 사는 남자> 타겟 프로모션_2,000원_0617",A1SA1020261000121266,"[즉시 할인] 왕과 사는 남자 2,200원 할인쿠폰",PPV 등,"20260617","20260616","20260731",101
C2600KM,"지상파 월정액 3개월 내내 5,500원_5월 3차",A1CP1020261000120660,"[온가족특가] 지상파 월정액 3개월 내내 월 5,500원",PM30000150,"20260516","20260422","20260531",29
C2600WD,통합 월정액 3개월 내내 80% 할인,A1CP1020261000121658,[쿨썸머 특가] 주요 월정액 3개월 내내 80% 할인 (택1),PM30000176,,"20260720","20260731",477108
C2600J7,"지상파 월정액 3개월 내내 5,500원_5월 2차",A1CP1020261000120660,"[온가족특가] 지상파 월정액 3개월 내내 월 5,500원",PM30000150,"20260516","20260422","20260531",66
C2600O0,"26년 6월_B tv+ 짝수달 유료전환 테스트_UI 552 이상",A1CP1020261000120870,[6월 한정] B tv+ 첫달 무료,PM30000107,"20260612","20260520","20260630",66
C2600QQ,통합 월정액 첫달 무료_6월 4차,A1CP1020261000120948,[이용 감사 혜택] 주요 월정액 1개월 100% 할인 (택1),PM30000176,"20260620","20260526","20260630",174
C2600ND,"지상파 월정액 첫달 3,300원_6월 1차",A1CP1020261000120947,"[6월 특가] 지상파 월정액 1개월 13,200원 할인",PM30000150,"20260606","20260526","20260630",189
C2600TZ,"지상파 월정액 3개월 5,500원_7월 2차",A1CP1020261000121373,"[쿨썸머 특가] 지상파 월정액 3개월 내내 월 5,500원",PM30000150,"20260725","20260629","20260731",66
C2600TF,"지상파 월정액 3개월 5,500원_7월 1차",A1CP1020261000121373,"[쿨썸머 특가] 지상파 월정액 3개월 내내 월 5,500원",PM30000150,"20260715","20260629","20260731",66
C2600PY,SPOTV 6월 첫달무료_1차_0611,A1SA1020261000121164,[축구 이벤트] SPOTV Prime 1개월 무료,PM35000007,"20260615","20260609","20260630",57
C2600LZ,"26년 5월_B tv+ 비플리_UI 541 이상_2차(~5/25)_3(1770)",A1CP1020261000120859,[가정의 달] B tv+ 12개월 50% 할인 (~5/25),PM30000107,"20260522","20260515","20260525",18
C2600O0,"26년 6월_B tv+ 짝수달 유료전환 테스트_UI 552 이상",A1CP1020261000120870,[6월 한정] B tv+ 첫달 무료,PM30000107,"20260627","20260520","20260630",139
C2600UP,<서퍼> 할인쿠폰 프로모션,A1SA1020261000121460,"[서퍼 런칭] 영화 3,300원 할인",PPV 등,"20260721","20260708","20260831",15
C2600S3,"6월 성인 1+1 프로모션 (6/21~6/30)",A1SA1020261000121170,"[1+1 앵콜 이벤트] 3,300원 할인 쿠폰",PPV 등,"20260706","20260609","20260731",169
C2600PR,"26년 6월_B tv+ 파격할인_UI 541 이상_1",A1CP1020261000120874,"[72시간 한정] B tv+ 12개월 월 5,500원 혜택",PM30000107,"20260611","20260526","20260614",108
C2600TM,<신의 악단> 할인쿠폰 프로모션,A1SA1020261000121384,"[신의 악단 런칭] 영화 3,300원 할인",PPV 등,"20260710","20260630","20260731",53
C2600N4,(주기성) 6월 쿠폰팩 GCP(5/24~6/21가입)_TB,A1SA1020261000120868,[FREE PASS] JTBC 1개월 무료_26년6월,PM30000269,"20260617","20260519","20260629",6
C2600VN,<엘리베이션> 할인쿠폰 프로모션,A1SA1020261000121463,"[엘리베이션 런칭] 영화 3,300원 할인",PPV 등,"20260728","20260708","20260831",92
C2600KN,JTBC 월정액 첫달 무료_5월 1차,A1SA1020261000119567,[깜짝 특가] JTBC 월정액 1개월 100% 할인 쿠폰,PM30000269,"20260613","20260119","20261231",56
C2600NL,<쉘터> 할인쿠폰 프로모션,A1SA1020261000120861,"[쉘터 런칭] 영화 3,300원 할인",PPV 등,"20260605","20260518","20260630",56
C2600NE,통합 월정액 첫달 무료_6월 1차,A1CP1020261000120948,[이용 감사 혜택] 주요 월정액 1개월 100% 할인 (택1),PM30000176,"20260627","20260526","20260630",64
C2600WC,"지상파 월정액 3개월 5,500원_7월 3차",A1CP1020261000121373,"[쿨썸머 특가] 지상파 월정액 3개월 내내 월 5,500원",PM30000150,"20260710","20260629","20260731",1
C2600WF,<군체[예약구매]> 할인쿠폰 프로모션,A1SA1020261000121562,"[군체 예약] 영화 4,400원 할인",PPV 등,"20260729","20260716","20260831",27
C2600N4,(주기성) 6월 쿠폰팩 GCP(5/24~6/21가입)_TB,A1SA1020261000120869,[FREE PASS] SPOTV 프라임패키지 1개월 무료_26년6월,PM35000007,"20260621","20260519","20260629",15
C2600OB,"26년 6월_B tv+ 비플리_UI 541 이상_1차 쿠폰(~6/7) & 배너(~6/30)_3",A1CP1020261000120872,[위클리 혜택] B tv+ 12개월 50% 할인,PM30000107,"20260620","20260520","20260630",8
C2600S7,토이스토리 소장용 패키지 프로모션 (6/18~6/21 발급),A1SA1020261000121259,"[토이 스토리 패키지 구매] 영화 5,500원 할인",PPV 등,"20260623","20260615","20260731",19
C2600P8,[주기성] 26년 6월_B tv+ 비플리_UI 541 이상_2~4차_4,A1CP1020261000120872,[위클리 혜택] B tv+ 12개월 50% 할인,PM30000107,"20260614","20260520","20260630",1
C2600PT,"26년 6월_B tv+ 파격할인_UI 541 이상_3",DummyOffer,,PPV 등,,,,319601
C2600XC,비캐시 혜택위크 프로모션 안내(1),,,PPV 등,,,,1232993
C2600XD,"26년 7월_B tv+ 7월 4주차 복날 타임딜_UI 541 이상_1_F",A1CP1020261000121662,"[복날 치킨비] B tv+ 월 5,500원 이용 혜택 (최대 12개월)",PM30000107,,"20260721","20260726",782131
C2600X2,<군체> 런칭 안내 팝업 (7/25),,,PPV 등,,,,6386960
C2600O0,"26년 6월_B tv+ 짝수달 유료전환 테스트_UI 552 이상",A1CP1020261000120870,[6월 한정] B tv+ 첫달 무료,PM30000107,"20260617","20260520","20260630",67
C2600KK,"CJ ENM 월정액 3개월 5,500원_5월 2차",A1CP1020261000120659,"[온가족특가] CJ ENM 월정액 3개월 내내 5,500원",PM30000154,"20260518","20260422","20260531",20
C2600PN,JTBC 월정액 첫달 무료_6월 2차,A1SA1020261000119567,[깜짝 특가] JTBC 월정액 1개월 100% 할인 쿠폰,PM30000269,"20260614","20260119","20261231",367
C2600M8,<짱구> 할인쿠폰 프로모션,A1SA1020261000120863,"[짱구 런칭] 영화 5,500원 할인",PPV 등,"20260604","20260518","20260630",88
C2600TG,JTBC 월정액 3개월 70% 할인_7월 1차,A1SA1020261000121374,[쿨썸머 특가] JTBC 월정액 3개월 내내 70% 할인,PM30000269,"20260709","20260629","20260731",39
C2600KO,<폭탄> 할인쿠폰 프로모션,A1SA1020261000120751,"[폭탄 런칭] 영화 5,500원 할인",PPV 등,"20260521","20260430","20260531",8
C2600T6,"26년 6월 B tv+ 할인 연장 캠페인_광복절 5,500원",A1CP1020261000121367,"[가입 유지 선물] B tv+ 월 5,500원 이용 혜택 6개월 자동 연장_6월",PPV 등,"20260816","20260625","20260731",147
C2600O8,[주기성] 26년 6월_B tv+ 비플리_UI 541 이하_쿠폰,A1CP1020261000120872,[위클리 혜택] B tv+ 12개월 50% 할인,PM30000107,"20260615","20260520","20260630",18
C2600M8,<짱구> 할인쿠폰 프로모션,A1SA1020261000120863,"[짱구 런칭] 영화 5,500원 할인",PPV 등,"20260530","20260518","20260630",287
C2600PP,"지상파 월정액 첫달 3,300원_6월 3차",A1CP1020261000120947,"[6월 특가] 지상파 월정액 1개월 13,200원 할인",PM30000150,"20260627","20260526","20260630",91
C2600T7,<노멀> 할인쿠폰 프로모션,A1SA1020261000121162,"[노멀 런칭] 영화 3,300원 할인",PPV 등,"20260709","20260605","20260731",19
C2600QU,"6월 성인 1+1 프로모션 (6/11~6/20)_수정",A1SA1020261000121168,"[1+1이벤트] 3,300원 할인 쿠폰",PPV 등,"20260626","20260609","20260731",134
C2600XD,"26년 7월_B tv+ 7월 4주차 복날 타임딜_UI 541 이상_1_F",A1CP1020261000121662,"[복날 치킨비] B tv+ 월 5,500원 이용 혜택 (최대 12개월)",PM30000107,"20260726","20260721","20260726",160
C2600OC,"26년 6월_B tv+ 비플리_UI 541 이상_1차 쿠폰(~6/7) & 배너(~6/30)_4",A1CP1020261000120872,[위클리 혜택] B tv+ 12개월 50% 할인,PM30000107,"20260605","20260520","20260630",18
C2600JZ,"JTBC 월정액 6개월 약정 3,300원_5월 2차",A1CP1020261000120658,"[온가족특가] JTBC 6개월 약정 기간 내내 월 3,300원",PM30000269,"20260512","20260421","20260531",15
C2600XG,"26년 7월 B tv+ 할인 연장 캠페인_6개월/9개월 할인재연",A1CP1020261000121664,"[가입 유지 선물] B tv+ 월 5,500원 이용 혜택 6개월 자동 연장_7월",PPV 등,"20260920","20260721","20260831",66
C2600S6,토이스토리 소장용 패키지 프로모션_수정,A1SA1020261000121259,"[토이 스토리 패키지 구매] 영화 5,500원 할인",PPV 등,"20260706","20260615","20260731",19
C2600KI,"JTBC 월정액 6개월 약정 3,300원_5월 3차",A1CP1020261000120658,"[온가족특가] JTBC 6개월 약정 기간 내내 월 3,300원",PM30000269,"20260509","20260421","20260531",1
C2600TN,"7월 성인 1+1 프로모션_모바일 (7/1~7/10)",A1SA1020261000121371,"[1+1이벤트] 3,300원 할인 쿠폰 (모바일)",PPV 등,"20260704","20260626","20260731",37
C2600TI,JTBC 월정액 3개월 70% 할인_7월 2차,A1SA1020261000121374,[쿨썸머 특가] JTBC 월정액 3개월 내내 70% 할인,PM30000269,"20260719","20260629","20260731",6
C2600UP,<서퍼> 할인쿠폰 프로모션,A1SA1020261000121460,"[서퍼 런칭] 영화 3,300원 할인",PPV 등,"20260725","20260708","20260831",20
C2600R5,<내 이름은> 할인쿠폰 프로모션,A1SA1020261000121159,"[내 이름은 런칭] 영화 5,500원 할인",PPV 등,"20260630","20260605","20260731",25
C2600UE,"26년 7월_B tv+ 비플리_UI 541 이상_쿠폰&배너_3",A1CP1020261000121365,[고객님만 혜택] B tv+ 반값 할인 (최대 12개월),PM30000107,"20260713","20260624","20260731",12
C2600TI,JTBC 월정액 3개월 70% 할인_7월 2차,A1SA1020261000121374,[쿨썸머 특가] JTBC 월정액 3개월 내내 70% 할인,PM30000269,"20260728","20260629","20260731",4
C2600WJ,"CJ ENM 월정액 3개월 5,500원_7월 3차",A1CP1020261000121358,"[쿨썸머 특가] CJ ENM 월정액 3개월 내내 월 5,500원",PM30000154,"20260706","20260622","20260731",1
C2600MY,[팝업] 밸류애드팀 Btv 업_장기(26.5.27)_4-4차,,,PPV 등,,,,402636
C2600OU,"2606_SPOTV_BWF 인도네시아 오픈",DummyOffer,,PPV 등,,,,947792
C2600TW,"2607_무빙 연장 동의_TDB_3차",,,PPV 등,,,,3853
C2600UU,"7월 성인 1+1 앵콜 프로모션_모바일 (7/11~7/20)",A1SA1020261000121458,"[1+1 앵콜 이벤트] 3,300원 할인 쿠폰",PPV 등,"20260717","20260708","20260831",305
C2600TN,"7월 성인 1+1 프로모션_모바일 (7/1~7/10)",A1SA1020261000121371,"[1+1이벤트] 3,300원 할인 쿠폰 (모바일)",PPV 등,"20260716","20260626","20260731",15
C2600UU,"7월 성인 1+1 앵콜 프로모션_모바일 (7/11~7/20)",A1SA1020261000121458,"[1+1 앵콜 이벤트] 3,300원 할인 쿠폰",PPV 등,,"20260708","20260831",4121
C2600N4,(주기성) 6월 쿠폰팩 GCP(5/24~6/21가입)_TB,A1CP1020261000120866,[FREE PASS] 지상파 3사 1개월 무료_26년6월,PM30000150,"20260627","20260519","20260629",69
C2600S1,SPOTV 6월 첫달무료_2차_0622,A1SA1020261000121165,[MLB 이벤트] SPOTV Prime 1개월 무료,PM35000007,"20260628","20260609","20260630",97
C2600QP,"지상파 월정액 첫달 3,300원_6월 5차",A1CP1020261000120947,"[6월 특가] 지상파 월정액 1개월 13,200원 할인",PM30000150,"20260623","20260526","20260630",111
C2600TG,JTBC 월정액 3개월 70% 할인_7월 1차,A1SA1020261000121374,[쿨썸머 특가] JTBC 월정액 3개월 내내 70% 할인,PM30000269,"20260731","20260629","20260731",53
C2600VM,<헬파이어: 시수의 길> 할인쿠폰 프로모션,A1SA1020261000121461,"[헬파이어: 시수의 길 런칭] 영화 5,500원 할인",PPV 등,"20260725","20260708","20260831",28
C2600TF,"지상파 월정액 3개월 5,500원_7월 1차",A1CP1020261000121373,"[쿨썸머 특가] 지상파 월정액 3개월 내내 월 5,500원",PM30000150,"20260709","20260629","20260731",79
C2600VM,<헬파이어: 시수의 길> 할인쿠폰 프로모션,A1SA1020261000121461,"[헬파이어: 시수의 길 런칭] 영화 5,500원 할인",PPV 등,"20260720","20260708","20260831",21
C2600MN,"26년 5월_B tv+ 비플리_UI 541 이상_3차(~5/31)_4",A1CP1020261000120854,[가정의 달] B tv+ 12개월 50% 할인 (~5/31),PM30000107,"20260528","20260507","20260531",3
C2600NO,<푸틴: 절대 권력의 최후> 할인쿠폰 프로모션,A1SA1020261000120952,"[푸틴: 절대 권력의 최후 런칭] 영화 3,300원 할인",PPV 등,"20260612","20260526","20260630",10
C2600Q4,"6월 성인 1+1 프로모션_모바일 (6/11~6/20)",A1SA1020261000121169,"[1+1이벤트] 3,300원 할인 쿠폰 (모바일)",PPV 등,"20260613","20260609","20260731",6
C2600JE,<캣 앤 독> 할인쿠폰 프로모션,A1SA1020261000120747,"[캣 앤 독 런칭] 영화 5,500원 할인",PPV 등,"20260512","20260428","20260531",2
C2600M0,"26년 5월_B tv+ 비플리_UI 541 이상_2차(~5/25)_4(1770)",A1CP1020261000120859,[가정의 달] B tv+ 12개월 50% 할인 (~5/25),PM30000107,"20260521","20260515","20260525",2
C2600N4,(주기성) 6월 쿠폰팩 GCP(5/24~6/21가입)_TB,A1SA1020261000120868,[FREE PASS] JTBC 1개월 무료_26년6월,PM30000269,"20260603","20260519","20260629",1
C2600QN,"지상파 월정액 첫달 3,300원_6월 4차",A1CP1020261000120947,"[6월 특가] 지상파 월정액 1개월 13,200원 할인",PM30000150,"20260606","20260526","20260630",1
C2600WU,[팝업] B tv All+(조합형)(26.7.28)_4-1차,,,PPV 등,,,,582092
C2600LG,<스피드> 할인쿠폰 프로모션,A1SA1020261000120858,"[스피드 런칭] 영화 5,500원 할인",PPV 등,,"20260512","20260531",70
C2600Q3,"6월 성인 1+1 프로모션 (6/11~6/20)",A1SA1020261000121168,"[1+1이벤트] 3,300원 할인 쿠폰",PPV 등,"20260705","20260609","20260731",5
C2600S1,SPOTV 6월 첫달무료_2차_0622,A1SA1020261000121165,[MLB 이벤트] SPOTV Prime 1개월 무료,PM35000007,"20260627","20260609","20260630",150
C2600UT,"7월 성인 1+1 앵콜 프로모션_모바일 (7/11~7/20)",A1SA1020261000121459,"[1+1 앵콜 이벤트] 3,300원 할인 쿠폰 (모바일)",PPV 등,"20260718","20260708","20260831",54
C2600SH,<납치 48시간> 할인쿠폰 프로모션,A1SA1020261000121265,"[납치 48시간 런칭] 영화 3,300원 할인",PPV 등,"20260708","20260616","20260831",12
C2600TM,<신의 악단> 할인쿠폰 프로모션,A1SA1020261000121384,"[신의 악단 런칭] 영화 3,300원 할인",PPV 등,"20260718","20260630","20260731",51
C2600QM,[보정용][주기성] 26년 6월_B tv+ 비플리_UI 541 이상_2~4차_1,A1CP1020261000120872,[위클리 혜택] B tv+ 12개월 50% 할인,PM30000107,"20260620","20260520","20260630",62
C2600UU,"7월 성인 1+1 앵콜 프로모션_모바일 (7/11~7/20)",A1SA1020261000121458,"[1+1 앵콜 이벤트] 3,300원 할인 쿠폰",PPV 등,"20260726","20260708","20260831",151
C2600NA,"26년 5월 B tv+ 할인 연장 캠페인_1주년 5,500원",A1CP1020261000120954,"[가입 유지 선물] B tv+ 월 5,500원 혜택 6개월 자동 연장_5월",PM30000107,"20260717","20260526","20260731",20
C2600TI,JTBC 월정액 3개월 70% 할인_7월 2차,A1SA1020261000121374,[쿨썸머 특가] JTBC 월정액 3개월 내내 70% 할인,PM30000269,"20260716","20260629","20260731",3
C2600J7,"지상파 월정액 3개월 내내 5,500원_5월 2차",A1CP1020261000120660,"[온가족특가] 지상파 월정액 3개월 내내 월 5,500원",PM30000150,"20260528","20260422","20260531",33
C2600JZ,"JTBC 월정액 6개월 약정 3,300원_5월 2차",A1CP1020261000120658,"[온가족특가] JTBC 6개월 약정 기간 내내 월 3,300원",PM30000269,"20260527","20260421","20260531",4
C2600VD,"CJ ENM 월정액 3개월 5,500원_7월 2차",A1CP1020261000121358,"[쿨썸머 특가] CJ ENM 월정액 3개월 내내 월 5,500원",PM30000154,"20260715","20260622","20260731",30
C2600WF,<군체[예약구매]> 할인쿠폰 프로모션,A1SA1020261000121562,"[군체 예약] 영화 4,400원 할인",PPV 등,"20260801","20260716","20260831",29
C2600S6,토이스토리 소장용 패키지 프로모션_수정,A1SA1020261000121259,"[토이 스토리 패키지 구매] 영화 5,500원 할인",PPV 등,"20260625","20260615","20260731",8
C2600QS,"6월 성인 1+1 프로모션_모바일_추가 (6/12~6/14 구매자)",A1SA1020261000121169,"[1+1이벤트] 3,300원 할인 쿠폰 (모바일)",PPV 등,"20260615","20260609","20260731",16
C2600SC,<금발이 되고 싶어> 할인쿠폰 프로모션,A1SA1020261000121360,"[금발이 되고 싶어 런칭] 영화 5,500원 할인",PPV 등,"20260703","20260622","20260731",12
C2600SH,<납치 48시간> 할인쿠폰 프로모션,A1SA1020261000121265,"[납치 48시간 런칭] 영화 3,300원 할인",PPV 등,"20260711","20260616","20260831",4
C2600L8,"26년 5월_B tv+ 비플리_UI 541 이상_1차(~5/17)_2(1770)",A1CP1020261000120853,[가정의 달] B tv+ 12개월 50% 할인 (~5/17),PM30000107,"20260615","20260507","20260517",2
C2600JA,<오시리스> 할인쿠폰 프로모션,A1SA1020261000120652,"[오시리스 런칭] 영화 3,300원 할인",PPV 등,"20260521","20260421","20260531",5
C2600UC,"26년 7월_B tv+ 비플리_UI 541 이상_쿠폰&배너_1",A1CP1020261000121365,[고객님만 혜택] B tv+ 반값 할인 (최대 12개월),PM30000107,"20260717","20260624","20260731",2
C2600KO,<폭탄> 할인쿠폰 프로모션,A1SA1020261000120751,"[폭탄 런칭] 영화 5,500원 할인",PPV 등,"20260509","20260430","20260531",2
C2600MB,<힌드의 목소리> 할인쿠폰 프로모션,A1SA1020261000120864,"[힌드의 목소리 런칭] 영화 5,500원 할인",PPV 등,"20260608","20260519","20260630",1
C2600SD,통합 월정액 첫달 90% 할인_추가 2차,A1CP1020261000121363,[쿨썸머 파격 특가] 주요 월정액 첫달 90% 할인 (택1),PM30000176,"20260724","20260622","20260629",1
C2600JB,<극장의 시간들> 할인쿠폰 프로모션,A1SA1020261000120746,"[극장의 시간들 런칭] 영화 5,500원 할인",PPV 등,"20260505","20260428","20260531",2
C2600LA,"26년 5월_B tv+ 비플리_UI 541 이상_1차(~5/17)_4(1770)",A1CP1020261000120853,[가정의 달] B tv+ 12개월 50% 할인 (~5/17),PM30000107,,"20260507","20260517",794047
C2600X8,"26년 7월_B tv+ 7월 4주차 복날 타임딜_UI 541 이상_3_F",DummyOffer,,PPV 등,,,,790381
C2600SE,SPOTV 6월 첫달무료_1차_0623 TV팝업,,,PPV 등,,,,896893
C2600P5,[주기성] 26년 6월_B tv+ 비플리_UI 541 이상_2~4차_1,A1CP1020261000120872,[위클리 혜택] B tv+ 12개월 50% 할인,PM30000107,"20260621","20260520","20260630",130
C2600WC,"지상파 월정액 3개월 5,500원_7월 3차",A1CP1020261000121373,"[쿨썸머 특가] 지상파 월정액 3개월 내내 월 5,500원",PM30000150,,"20260629","20260731",487394
C2600SJ,[주기성]프라다입고문워크 신작혜택파티 프로모션,A1PR1020261000121272,[신작혜택파티] 영화 30% 할인(악마는프라다2 외 대상작),PPV 등,"20260628","20260618","20260706",28
C2600J7,"지상파 월정액 3개월 내내 5,500원_5월 2차",A1CP1020261000120660,"[온가족특가] 지상파 월정액 3개월 내내 월 5,500원",PM30000150,"20260530","20260422","20260531",70
C2600PP,"지상파 월정액 첫달 3,300원_6월 3차",A1CP1020261000120947,"[6월 특가] 지상파 월정액 1개월 13,200원 할인",PM30000150,"20260630","20260526","20260630",23
C2600QM,[보정용][주기성] 26년 6월_B tv+ 비플리_UI 541 이상_2~4차_1,A1CP1020261000120872,[위클리 혜택] B tv+ 12개월 50% 할인,PM30000107,"20260618","20260520","20260630",38
C2600VG,"2607_비플/캐치온 왕사남 해지취소_2주차_토팝",,,PPV 등,,,,1965
C2600VN,<엘리베이션> 할인쿠폰 프로모션,A1SA1020261000121463,"[엘리베이션 런칭] 영화 3,300원 할인",PPV 등,"20260723","20260708","20260831",179
C2600N5,(일회성) 6월 쿠폰팩 GCP(5/1~5/23가입)_TB,A1CP1020261000120865,[FREE PASS] B tv+ 1개월 무료_26년6월,PM30000107,"20260601","20260519","20260629",118
C2600KK,"CJ ENM 월정액 3개월 5,500원_5월 2차",A1CP1020261000120659,"[온가족특가] CJ ENM 월정액 3개월 내내 5,500원",PM30000154,"20260514","20260422","20260531",38
C2600LY,"26년 5월_B tv+ 비플리_UI 541 이상_2차(~5/25)_2(1770)",A1CP1020261000120859,[가정의 달] B tv+ 12개월 50% 할인 (~5/25),PM30000107,"20260525","20260515","20260525",54
C2600TF,"지상파 월정액 3개월 5,500원_7월 1차",A1CP1020261000121373,"[쿨썸머 특가] 지상파 월정액 3개월 내내 월 5,500원",PM30000150,"20260731","20260629","20260731",73
C2600PP,"지상파 월정액 첫달 3,300원_6월 3차",A1CP1020261000120947,"[6월 특가] 지상파 월정액 1개월 13,200원 할인",PM30000150,"20260617","20260526","20260630",120
C2600XG,"26년 7월 B tv+ 할인 연장 캠페인_6개월/9개월 할인재연",A1CP1020261000121664,"[가입 유지 선물] B tv+ 월 5,500원 이용 혜택 6개월 자동 연장_7월",PPV 등,"20261002","20260721","20260831",79
C2600N4,(주기성) 6월 쿠폰팩 GCP(5/24~6/21가입)_TB,A1CP1020261000120865,[FREE PASS] B tv+ 1개월 무료_26년6월,PM30000107,"20260609","20260519","20260629",17
C2600TA,[주기성] 26년 7월_B tv+ 비플리_UI 541 이하_쿠폰,A1CP1020261000121366,[고객님만 혜택] B tv+ 반값 할인 (최대 12개월),PM30000107,"20260801","20260624","20260731",34
C2600XG,"26년 7월 B tv+ 할인 연장 캠페인_6개월/9개월 할인재연",A1CP1020261000121664,"[가입 유지 선물] B tv+ 월 5,500원 이용 혜택 6개월 자동 연장_7월",PPV 등,"20260907","20260721","20260831",17
C2600VD,"CJ ENM 월정액 3개월 5,500원_7월 2차",A1CP1020261000121358,"[쿨썸머 특가] CJ ENM 월정액 3개월 내내 월 5,500원",PM30000154,"20260723","20260622","20260731",22
C2600L9,"26년 5월_B tv+ 비플리_UI 541 이상_1차(~5/17)_3(1770)",A1CP1020261000120853,[가정의 달] B tv+ 12개월 50% 할인 (~5/17),PM30000107,"20260512","20260507","20260517",4
C2600TA,[주기성] 26년 7월_B tv+ 비플리_UI 541 이하_쿠폰,A1CP1020261000121366,[고객님만 혜택] B tv+ 반값 할인 (최대 12개월),PM30000107,"20260730","20260624","20260731",18
C2600SC,<금발이 되고 싶어> 할인쿠폰 프로모션,A1SA1020261000121360,"[금발이 되고 싶어 런칭] 영화 5,500원 할인",PPV 등,"20260705","20260622","20260731",10
C2600UD,"26년 7월_B tv+ 비플리_UI 541 이상_쿠폰&배너_2",A1CP1020261000121365,[고객님만 혜택] B tv+ 반값 할인 (최대 12개월),PM30000107,"20260705","20260624","20260731",8
C2600WI,<뮌터 & 칸딘스키 - 사랑의 초상> 할인쿠폰 프로모션,A1SA1020261000121560,"[뮌터 & 칸딘스키 - 사랑의 초상 런칭] 영화 5,500원 할인",PPV 등,"20260801","20260716","20260831",4
C2600N5,(일회성) 6월 쿠폰팩 GCP(5/1~5/23가입)_TB,A1CP1020261000120866,[FREE PASS] 지상파 3사 1개월 무료_26년6월,PM30000150,"20260609","20260519","20260629",4
C2600JZ,"JTBC 월정액 6개월 약정 3,300원_5월 2차",A1CP1020261000120658,"[온가족특가] JTBC 6개월 약정 기간 내내 월 3,300원",PM30000269,"20260523","20260421","20260531",10
C2600O6,"26년 6월_B tv+ 비플리_UI 541 이상_1차 쿠폰(~6/7) & 배너(~6/30)_1",A1CP1020261000120872,[위클리 혜택] B tv+ 12개월 50% 할인,PM30000107,"20260713","20260520","20260630",1
C2600IP,"CJ ENM 월정액 3개월 5,500원_5월 1차",A1CP1020261000120659,"[온가족특가] CJ ENM 월정액 3개월 내내 5,500원",PM30000154,"20260601","20260422","20260531",1
C2600P5,[주기성] 26년 6월_B tv+ 비플리_UI 541 이상_2~4차_1,A1CP1020261000120872,[위클리 혜택] B tv+ 12개월 50% 할인,PM30000107,"20260531","20260520","20260630",1
C2600J5,"지상파 월정액 3개월 내내 5,500원_5월 1차",A1CP1020261000120660,"[온가족특가] 지상파 월정액 3개월 내내 월 5,500원",PM30000150,"20260604","20260422","20260531",1
C2600NW,[팝업] 밸류애드팀 Btv 업_장기(26.6.3)_1-1차,,,PPV 등,,,,402711
C2600UN,"26년 7월_B tv+ KBS 이승철 콘서트_UI 541 이상_1",DummyOffer,,PPV 등,,,,1069382
C2600O3,"2605_무빙 연장 동의_TV팝업_10차",,,PPV 등,,,,4205
C2600M8,<짱구> 할인쿠폰 프로모션,A1SA1020261000120863,"[짱구 런칭] 영화 5,500원 할인",PPV 등,"20260603","20260518","20260630",230
C2600O0,"26년 6월_B tv+ 짝수달 유료전환 테스트_UI 552 이상",A1CP1020261000120870,[6월 한정] B tv+ 첫달 무료,PM30000107,"20260606","20260520","20260630",127
C2600OA,"26년 6월_B tv+ 비플리_UI 541 이상_1차 쿠폰(~6/7) & 배너(~6/30)_2",A1CP1020261000120872,[위클리 혜택] B tv+ 12개월 50% 할인,PM30000107,"20260620","20260520","20260630",59
C2600WD,통합 월정액 3개월 내내 80% 할인,A1CP1020261000121658,[쿨썸머 특가] 주요 월정액 3개월 내내 80% 할인 (택1),PM30000176,"20260730","20260720","20260731",76
C2600NA,"26년 5월 B tv+ 할인 연장 캠페인_1주년 5,500원",A1CP1020261000120954,"[가입 유지 선물] B tv+ 월 5,500원 혜택 6개월 자동 연장_5월",PM30000107,"20260703","20260526","20260731",133
C2600Q3,"6월 성인 1+1 프로모션 (6/11~6/20)",A1SA1020261000121168,"[1+1이벤트] 3,300원 할인 쿠폰",PPV 등,,"20260609","20260731",290
C2600VD,"CJ ENM 월정액 3개월 5,500원_7월 2차",A1CP1020261000121358,"[쿨썸머 특가] CJ ENM 월정액 3개월 내내 월 5,500원",PM30000154,"20260716","20260622","20260731",22
C2600T1,"26년 6월_B tv+ KBO 올스타전_UI 541 이상_3",A1CP1020261000121364,"[올스타전 특가] B tv+ 월 5,500원 혜택 (최대 12개월)",PM30000107,"20260628","20260624","20260705",18
C2600WH,<군체> 할인쿠폰 프로모션,A1SA1020261000121563,[군체 런칭] 영화 20% 할인,PPV 등,"20260728","20260716","20260831",222
C2600XB,"26년 7월_B tv+ 7월 4주차 복날 타임딜_UI 541 이상_4_F",A1CP1020261000121662,"[복날 치킨비] B tv+ 월 5,500원 이용 혜택 (최대 12개월)",PM30000107,"20260725","20260721","20260726",13
C2600KK,"CJ ENM 월정액 3개월 5,500원_5월 2차",A1CP1020261000120659,"[온가족특가] CJ ENM 월정액 3개월 내내 5,500원",PM30000154,"20260531","20260422","20260531",68
C2600TN,"7월 성인 1+1 프로모션_모바일 (7/1~7/10)",A1SA1020261000121371,"[1+1이벤트] 3,300원 할인 쿠폰 (모바일)",PPV 등,"20260708","20260626","20260731",69
C2600TK,<메가 샤크 어택> 할인쿠폰 프로모션,A1SA1020261000121369,"[메가 샤크 어택 런칭] 영화 5,500원 할인",PPV 등,"20260716","20260626","20260731",30
C2600TM,<신의 악단> 할인쿠폰 프로모션,A1SA1020261000121384,"[신의 악단 런칭] 영화 3,300원 할인",PPV 등,"20260725","20260630","20260731",28
C2600T4,"26년 6월_B tv+ KBO 올스타전_UI 541 이상_4",A1CP1020261000121364,"[올스타전 특가] B tv+ 월 5,500원 혜택 (최대 12개월)",PM30000107,"20260626","20260624","20260705",6
C2600XG,"26년 7월 B tv+ 할인 연장 캠페인_6개월/9개월 할인재연",A1CP1020261000121664,"[가입 유지 선물] B tv+ 월 5,500원 이용 혜택 6개월 자동 연장_7월",PPV 등,"20260930","20260721","20260831",76
C2600QP,"지상파 월정액 첫달 3,300원_6월 5차",A1CP1020261000120947,"[6월 특가] 지상파 월정액 1개월 13,200원 할인",PM30000150,"20260625","20260526","20260630",52
C2600IY,"JTBC 월정액 6개월 약정 3,300원_5월 1차",A1CP1020261000120658,"[온가족특가] JTBC 6개월 약정 기간 내내 월 3,300원",PM30000269,"20260518","20260421","20260531",10
C2600LE,"CJ ENM 월정액 3개월 5,500원_5월 3차",A1CP1020261000120659,"[온가족특가] CJ ENM 월정액 3개월 내내 5,500원",PM30000154,"20260729","20260422","20260531",1
C2600QS,"6월 성인 1+1 프로모션_모바일_추가 (6/12~6/14 구매자)",A1SA1020261000121169,"[1+1이벤트] 3,300원 할인 쿠폰 (모바일)",PPV 등,,"20260609","20260731",42
C2600N4,(주기성) 6월 쿠폰팩 GCP(5/24~6/21가입)_TB,A1CP1020261000120866,[FREE PASS] 지상파 3사 1개월 무료_26년6월,PM30000150,"20260611","20260519","20260629",8
C2600VM,<헬파이어: 시수의 길> 할인쿠폰 프로모션,A1SA1020261000121461,"[헬파이어: 시수의 길 런칭] 영화 5,500원 할인",PPV 등,"20260723","20260708","20260831",17
C2600KI,"JTBC 월정액 6개월 약정 3,300원_5월 3차",A1CP1020261000120658,"[온가족특가] JTBC 6개월 약정 기간 내내 월 3,300원",PM30000269,"20260507","20260421","20260531",10
C2600NE,통합 월정액 첫달 무료_6월 1차,A1CP1020261000120948,[이용 감사 혜택] 주요 월정액 1개월 100% 할인 (택1),PM30000176,"20260622","20260526","20260630",24
C2600UD,"26년 7월_B tv+ 비플리_UI 541 이상_쿠폰&배너_2",A1CP1020261000121365,[고객님만 혜택] B tv+ 반값 할인 (최대 12개월),PM30000107,"20260720","20260624","20260731",2
C2600UP,<서퍼> 할인쿠폰 프로모션,A1SA1020261000121460,"[서퍼 런칭] 영화 3,300원 할인",PPV 등,"20260713","20260708","20260831",7
C2600O7,"2606_캐치온 해지방어_B tv+ Cross-sell",A1CP1020261000120958,[비밀 특가] B tv+ 1개월 100원,PM30000107,"20260606","20260528","20260712",1
C2600NI,<시에라 마드레: 카르텔 전쟁> 할인쿠폰 프로모션,A1SA1020261000120862,"[시에라 마드레: 카르텔 전쟁 런칭] 영화 5,500원 할인",PPV 등,"20260622","20260518","20260630",2
C2600QS,"6월 성인 1+1 프로모션_모바일_추가 (6/12~6/14 구매자)",A1SA1020261000121169,"[1+1이벤트] 3,300원 할인 쿠폰 (모바일)",PPV 등,"20260704","20260609","20260731",2
C2600WC,"지상파 월정액 3개월 5,500원_7월 3차",A1CP1020261000121373,"[쿨썸머 특가] 지상파 월정액 3개월 내내 월 5,500원",PM30000150,"20260705","20260629","20260731",2
C2600UF,"26년 7월_B tv+ 비플리_UI 541 이상_쿠폰&배너_4",A1CP1020261000121365,[고객님만 혜택] B tv+ 반값 할인 (최대 12개월),PM30000107,"20260730","20260624","20260731",3
C2600Q4,"6월 성인 1+1 프로모션_모바일 (6/11~6/20)",A1SA1020261000121169,"[1+1이벤트] 3,300원 할인 쿠폰 (모바일)",PPV 등,"20260620","20260609","20260731",1
C2600WK,JTBC 월정액 3개월 70% 할인_7월 3차,A1SA1020261000121374,[쿨썸머 특가] JTBC 월정액 3개월 내내 70% 할인,PM30000269,"20260714","20260629","20260731",1
C2600PV,"26년 6월_B tv+ 파격할인_UI 541 이하_5",A1CP1020261000120874,"[파격할인] B tv+ 12개월 월 5,500원 혜택",PM30000107,"20260711","20260520","20260531",1
C2600W2,"26년 7월_B tv+ KBS 이승철 콘서트_타임딜_UI 541 이상_3",A1CP1020261000121559,"[이승철 특가] B tv+ 월 5,500원 이용 혜택 (최대 12개월)",PM30000107,"20270719","20260714","20260722",1
C2600ND,"지상파 월정액 첫달 3,300원_6월 1차",A1CP1020261000120947,"[6월 특가] 지상파 월정액 1개월 13,200원 할인",PM30000150,"20260601","20260526","20260630",188
C2600VK,"2607_무빙 연장 동의_TV팝업_17차",,,PPV 등,,,,3686
C2600WF,<군체[예약구매]> 할인쿠폰 프로모션,A1SA1020261000121562,"[군체 예약] 영화 4,400원 할인",PPV 등,,"20260716","20260831",810
C2600XG,"26년 7월 B tv+ 할인 연장 캠페인_6개월/9개월 할인재연",A1CP1020261000121664,"[가입 유지 선물] B tv+ 월 5,500원 이용 혜택 6개월 자동 연장_7월",PPV 등,"20260919","20260721","20260831",51
C2600S7,토이스토리 소장용 패키지 프로모션 (6/18~6/21 발급),A1SA1020261000121259,"[토이 스토리 패키지 구매] 영화 5,500원 할인",PPV 등,"20260707","20260615","20260731",16
C2600SA,SPOTV 6월 첫달무료_1차_0623,A1SA1020261000121164,[축구 이벤트] SPOTV Prime 1개월 무료,PM35000007,"20260625","20260609","20260630",43
C2600KK,"CJ ENM 월정액 3개월 5,500원_5월 2차",A1CP1020261000120659,"[온가족특가] CJ ENM 월정액 3개월 내내 5,500원",PM30000154,"20260522","20260422","20260531",20
C2600S7,토이스토리 소장용 패키지 프로모션 (6/18~6/21 발급),A1SA1020261000121259,"[토이 스토리 패키지 구매] 영화 5,500원 할인",PPV 등,"20260706","20260615","20260731",14
C2600TG,JTBC 월정액 3개월 70% 할인_7월 1차,A1SA1020261000121374,[쿨썸머 특가] JTBC 월정액 3개월 내내 70% 할인,PM30000269,"20260712","20260629","20260731",40
C2600OY,통합 월정액 첫달 무료_6월 2차,A1CP1020261000120948,[이용 감사 혜택] 주요 월정액 1개월 100% 할인 (택1),PM30000176,"20260607","20260526","20260630",36
C2600Q5,<스위트 홈: 진격의 거인> 할인쿠폰 프로모션,A1SA1020261000121160,"[스위트 홈: 진격의 거인 런칭] 영화 3,300원 할인",PPV 등,"20260617","20260605","20260731",19
C2600Q5,<스위트 홈: 진격의 거인> 할인쿠폰 프로모션,A1SA1020261000121160,"[스위트 홈: 진격의 거인 런칭] 영화 3,300원 할인",PPV 등,"20260619","20260605","20260731",23
C2600QQ,통합 월정액 첫달 무료_6월 4차,A1CP1020261000120948,[이용 감사 혜택] 주요 월정액 1개월 100% 할인 (택1),PM30000176,"20260610","20260526","20260630",25
C2600JZ,"JTBC 월정액 6개월 약정 3,300원_5월 2차",A1CP1020261000120658,"[온가족특가] JTBC 6개월 약정 기간 내내 월 3,300원",PM30000269,"20260526","20260421","20260531",6
C2600KN,JTBC 월정액 첫달 무료_5월 1차,A1SA1020261000119567,[깜짝 특가] JTBC 월정액 1개월 100% 할인 쿠폰,PM30000269,"20260528","20260119","20261231",1
C2600P5,[주기성] 26년 6월_B tv+ 비플리_UI 541 이상_2~4차_1,A1CP1020261000120872,[위클리 혜택] B tv+ 12개월 50% 할인,PM30000107,"20260601","20260520","20260630",4
C2600KI,"JTBC 월정액 6개월 약정 3,300원_5월 3차",A1CP1020261000120658,"[온가족특가] JTBC 6개월 약정 기간 내내 월 3,300원",PM30000269,"20260523","20260421","20260531",4
C2600P7,[주기성] 26년 6월_B tv+ 비플리_UI 541 이상_2~4차_3,A1CP1020261000120872,[위클리 혜택] B tv+ 12개월 50% 할인,PM30000107,"20260606","20260520","20260630",2
C2600MB,<힌드의 목소리> 할인쿠폰 프로모션,A1SA1020261000120864,"[힌드의 목소리 런칭] 영화 5,500원 할인",PPV 등,"20260526","20260519","20260630",1
C2600QU,"6월 성인 1+1 프로모션 (6/11~6/20)_수정",A1SA1020261000121168,"[1+1이벤트] 3,300원 할인 쿠폰",PPV 등,"20260702","20260609","20260731",71
C2600P0,<쉘터> 타겟 프로모션_30%_0604,A1SA1020261000120953,[즉시 할인] 쉘터 30% 할인쿠폰,PPV 등,"20260610","20260526","20260630",129
C2600NH,<리 크로닌의 미이라> 할인쿠폰 프로모션,A1SA1020261000120855,"[리 크로닌의 미이라] 영화 3,300원 할인",PPV 등,"20260608","20260507","20260630",18
C2600S0,SPOTV 6월 첫달무료_2차_0620,A1SA1020261000121165,[MLB 이벤트] SPOTV Prime 1개월 무료,PM35000007,"20260626","20260609","20260630",67
C2600N4,(주기성) 6월 쿠폰팩 GCP(5/24~6/21가입)_TB,A1CP1020261000120867,[FREE PASS] CJ ENM 1개월 무료_26년6월,PM30000154,"20260620","20260519","20260629",13
C2600PU,"26년 6월_B tv+ 파격할인_UI 541 이상_4",A1CP1020261000120874,"[72시간 한정] B tv+ 12개월 월 5,500원 혜택",PM30000107,"20260614","20260526","20260614",32
C2600TH,<살목지> 할인쿠폰 프로모션,A1SA1020261000121380,"[살목지 런칭] 영화 3,300원 할인",PPV 등,"20260702","20260629","20260731",31
C2600NA,"26년 5월 B tv+ 할인 연장 캠페인_1주년 5,500원",A1CP1020261000120954,"[가입 유지 선물] B tv+ 월 5,500원 혜택 6개월 자동 연장_5월",PM30000107,"20260705","20260526","20260731",168
C2600NE,통합 월정액 첫달 무료_6월 1차,A1CP1020261000120948,[이용 감사 혜택] 주요 월정액 1개월 100% 할인 (택1),PM30000176,"20260603","20260526","20260630",37
C2600UC,"26년 7월_B tv+ 비플리_UI 541 이상_쿠폰&배너_1",A1CP1020261000121365,[고객님만 혜택] B tv+ 반값 할인 (최대 12개월),PM30000107,"20260730","20260624","20260731",68
C2600WC,"지상파 월정액 3개월 5,500원_7월 3차",A1CP1020261000121373,"[쿨썸머 특가] 지상파 월정액 3개월 내내 월 5,500원",PM30000150,"20260729","20260629","20260731",43
C2600SG,"CJ ENM 월정액 3개월 5,500원_7월 1차",A1CP1020261000121358,"[쿨썸머 특가] CJ ENM 월정액 3개월 내내 월 5,500원",PM30000154,"20260721","20260622","20260731",60
C2600NN,<코드 네임: 알라룸> 할인쿠폰 프로모션,A1SA1020261000120951,"[코드 네임: 알라룸 런칭] 영화 5,500원 할인",PPV 등,"20260611","20260526","20260630",23
C2600N5,(일회성) 6월 쿠폰팩 GCP(5/1~5/23가입)_TB,A1CP1020261000120865,[FREE PASS] B tv+ 1개월 무료_26년6월,PM30000107,"20260605","20260519","20260629",17
C2600TJ,<데드 오브 윈터> 할인쿠폰 프로모션,A1SA1020261000121361,"[데드 오브 윈터 런칭] 영화 3,300원 할인",PPV 등,"20260707","20260622","20260731",16
C2600UV,모아나 소장용 패키지 프로모션 (7/10),A1SA1020261000121465,"[모아나 패키지 구매] 영화 5,500원 할인",PPV 등,"20260712","20260708","20260831",9
C2600KI,"JTBC 월정액 6개월 약정 3,300원_5월 3차",A1CP1020261000120658,"[온가족특가] JTBC 6개월 약정 기간 내내 월 3,300원",PM30000269,"20260524","20260421","20260531",4
C2600R1,JTBC 월정액 첫달 무료_6월 3차,A1SA1020261000119567,[깜짝 특가] JTBC 월정액 1개월 100% 할인 쿠폰,PM30000269,"20260529","20260119","20261231",7
C2600JB,<극장의 시간들> 할인쿠폰 프로모션,A1SA1020261000120746,"[극장의 시간들 런칭] 영화 5,500원 할인",PPV 등,"20260507","20260428","20260531",4
C2600KP,<왕과 사는 남자> 할인쿠폰 프로모션,A1SA1020261000120651,"[왕과 사는 남자 런칭] 영화 4,400원 할인",PPV 등,"20260524","20260421","20260531",12
C2600NP,<모탈 컴뱃2> 할인쿠폰 프로모션,A1SA1020261000120959,"[모탈컴뱃2 런칭] 영화 5,500원 할인",PPV 등,"20260628","20260528","20260615",3
C2600SJ,[주기성]프라다입고문워크 신작혜택파티 프로모션,A1PR1020261000121272,[신작혜택파티] 영화 30% 할인(악마는프라다2 외 대상작),PPV 등,"20260702","20260618","20260706",91
C2600N5,(일회성) 6월 쿠폰팩 GCP(5/1~5/23가입)_TB,A1CP1020261000120865,[FREE PASS] B tv+ 1개월 무료_26년6월,PM30000107,"20260621","20260519","20260629",14
C2600P5,[주기성] 26년 6월_B tv+ 비플리_UI 541 이상_2~4차_1,A1CP1020261000120872,[위클리 혜택] B tv+ 12개월 50% 할인,PM30000107,"20260609","20260520","20260630",8
C2600N4,(주기성) 6월 쿠폰팩 GCP(5/24~6/21가입)_TB,A1CP1020261000120866,[FREE PASS] 지상파 3사 1개월 무료_26년6월,PM30000150,"20260605","20260519","20260629",5
C2600NE,통합 월정액 첫달 무료_6월 1차,A1CP1020261000120948,[이용 감사 혜택] 주요 월정액 1개월 100% 할인 (택1),PM30000176,"20260625","20260526","20260630",33
C2600R1,JTBC 월정액 첫달 무료_6월 3차,A1SA1020261000119567,[깜짝 특가] JTBC 월정액 1개월 100% 할인 쿠폰,PM30000269,"20260528","20260119","20261231",8
C2600R5,<내 이름은> 할인쿠폰 프로모션,A1SA1020261000121159,"[내 이름은 런칭] 영화 5,500원 할인",PPV 등,"20260707","20260605","20260731",12
C2600UE,"26년 7월_B tv+ 비플리_UI 541 이상_쿠폰&배너_3",A1CP1020261000121365,[고객님만 혜택] B tv+ 반값 할인 (최대 12개월),PM30000107,"20260731","20260624","20260731",20
C2600TM,<신의 악단> 할인쿠폰 프로모션,A1SA1020261000121384,"[신의 악단 런칭] 영화 3,300원 할인",PPV 등,"20260705","20260630","20260731",18
C2600UV,모아나 소장용 패키지 프로모션 (7/10),A1SA1020261000121465,"[모아나 패키지 구매] 영화 5,500원 할인",PPV 등,"20260718","20260708","20260831",15
C2600LW,수요1+1무비쿠폰(5월 쿠폰발급),A1PR1020261000120851,[연휴무비쿠폰] 20% 할인(5천원 이상 사용),PPV 등,"20260521","20260408","20260525",15
C2600KI,"JTBC 월정액 6개월 약정 3,300원_5월 3차",A1CP1020261000120658,"[온가족특가] JTBC 6개월 약정 기간 내내 월 3,300원",PM30000269,"20260527","20260421","20260531",1
C2600KP,<왕과 사는 남자> 할인쿠폰 프로모션,A1SA1020261000120651,"[왕과 사는 남자 런칭] 영화 4,400원 할인",PPV 등,"20260521","20260421","20260531",7
C2600SC,<금발이 되고 싶어> 할인쿠폰 프로모션,A1SA1020261000121360,"[금발이 되고 싶어 런칭] 영화 5,500원 할인",PPV 등,"20260706","20260622","20260731",3
C2600TM,<신의 악단> 할인쿠폰 프로모션,A1SA1020261000121384,"[신의 악단 런칭] 영화 3,300원 할인",PPV 등,"20260703","20260630","20260731",9
C2600L9,"26년 5월_B tv+ 비플리_UI 541 이상_1차(~5/17)_3(1770)",A1CP1020261000120853,[가정의 달] B tv+ 12개월 50% 할인 (~5/17),PM30000107,"20260513","20260507","20260517",2
C2600QP,"지상파 월정액 첫달 3,300원_6월 5차",A1CP1020261000120947,"[6월 특가] 지상파 월정액 1개월 13,200원 할인",PM30000150,"20260601","20260526","20260630",1
C2600L3,[팝업] 밸류애드팀 Btv 업_장기(26.5.13)_2-4차,,,PPV 등,,,,174521
C2600M2,"26년 5월_B tv+ 당첨자_UI 541 이상_1(1770)",DummyOffer,,PPV 등,,,,784223
C2600JF,"2605_주기성_전환동의 띠배너",,,PPV 등,,,,11079
C2600SA,SPOTV 6월 첫달무료_1차_0623,A1SA1020261000121164,[축구 이벤트] SPOTV Prime 1개월 무료,PM35000007,,"20260609","20260630",999742
C2600QJ,"2606_무빙 연장 동의_TV팝업_12차",,,PPV 등,,,,4077
C2600M8,<짱구> 할인쿠폰 프로모션,A1SA1020261000120863,"[짱구 런칭] 영화 5,500원 할인",PPV 등,"20260602","20260518","20260630",166
C2600L7,"26년 5월_B tv+ 비플리_UI 541 이상_1차(~5/17)_1(1770)",A1CP1020261000120853,[가정의 달] B tv+ 12개월 50% 할인 (~5/17),PM30000107,"20260514","20260507","20260517",74
C2600XQ,통합 월정액 3개월 내내 80% 할인_8월 2차,A1CP1020261000121658,[쿨썸머 특가] 주요 월정액 3개월 내내 80% 할인 (택1),PM30000176,"20260730","20260720","20260731",154
C2600OL,"지상파 월정액 첫달 3,300원_6월 2차",A1CP1020261000120947,"[6월 특가] 지상파 월정액 1개월 13,200원 할인",PM30000150,"20260610","20260526","20260630",33
C2600TO,<마이클> 할인쿠폰 프로모션,A1SA1020261000121261,"[마이클 런칭] 영화 3,300원 할인",PPV 등,"20260722","20260616","20260815",35
C2600W2,"26년 7월_B tv+ KBS 이승철 콘서트_타임딜_UI 541 이상_3",A1CP1020261000121559,"[이승철 특가] B tv+ 월 5,500원 이용 혜택 (최대 12개월)",PM30000107,"20260719","20260714","20260722",30
C2600LE,"CJ ENM 월정액 3개월 5,500원_5월 3차",A1CP1020261000120659,"[온가족특가] CJ ENM 월정액 3개월 내내 5,500원",PM30000154,"20260525","20260422","20260531",32
C2600J5,"지상파 월정액 3개월 내내 5,500원_5월 1차",A1CP1020261000120660,"[온가족특가] 지상파 월정액 3개월 내내 월 5,500원",PM30000150,"20260512","20260422","20260531",33
C2600VM,<헬파이어: 시수의 길> 할인쿠폰 프로모션,A1SA1020261000121461,"[헬파이어: 시수의 길 런칭] 영화 5,500원 할인",PPV 등,"20260717","20260708","20260831",7
C2600NP,<모탈 컴뱃2> 할인쿠폰 프로모션,A1SA1020261000120959,"[모탈컴뱃2 런칭] 영화 5,500원 할인",PPV 등,"20260618","20260528","20260615",32
C2600TF,"지상파 월정액 3개월 5,500원_7월 1차",A1CP1020261000121373,"[쿨썸머 특가] 지상파 월정액 3개월 내내 월 5,500원",PM30000150,"20260707","20260629","20260731",112
C2600T0,"26년 6월_B tv+ KBO 올스타전_UI 541 이상_2",A1CP1020261000121364,"[올스타전 특가] B tv+ 월 5,500원 혜택 (최대 12개월)",PM30000107,"20260626","20260624","20260705",43
C2600WK,JTBC 월정액 3개월 70% 할인_7월 3차,A1SA1020261000121374,[쿨썸머 특가] JTBC 월정액 3개월 내내 70% 할인,PM30000269,"20260728","20260629","20260731",17
C2600TH,<살목지> 할인쿠폰 프로모션,A1SA1020261000121380,"[살목지 런칭] 영화 3,300원 할인",PPV 등,"20260701","20260629","20260731",30
C2600UV,모아나 소장용 패키지 프로모션 (7/10),A1SA1020261000121465,"[모아나 패키지 구매] 영화 5,500원 할인",PPV 등,"20260717","20260708","20260831",12
C2600KM,"지상파 월정액 3개월 내내 5,500원_5월 3차",A1CP1020261000120660,"[온가족특가] 지상파 월정액 3개월 내내 월 5,500원",PM30000150,"20260519","20260422","20260531",19
C2600XG,"26년 7월 B tv+ 할인 연장 캠페인_6개월/9개월 할인재연",A1CP1020261000121664,"[가입 유지 선물] B tv+ 월 5,500원 이용 혜택 6개월 자동 연장_7월",PPV 등,"20260909","20260721","20260831",9
C2600KM,"지상파 월정액 3개월 내내 5,500원_5월 3차",A1CP1020261000120660,"[온가족특가] 지상파 월정액 3개월 내내 월 5,500원",PM30000150,"20260523","20260422","20260531",23
C2600JE,<캣 앤 독> 할인쿠폰 프로모션,A1SA1020261000120747,"[캣 앤 독 런칭] 영화 5,500원 할인",PPV 등,"20260527","20260428","20260531",1
C2600S7,토이스토리 소장용 패키지 프로모션 (6/18~6/21 발급),A1SA1020261000121259,"[토이 스토리 패키지 구매] 영화 5,500원 할인",PPV 등,"20260703","20260615","20260731",16
C2600M8,<짱구> 할인쿠폰 프로모션,A1SA1020261000120863,"[짱구 런칭] 영화 5,500원 할인",PPV 등,"20260523","20260518","20260630",41
C2600PP,"지상파 월정액 첫달 3,300원_6월 3차",A1CP1020261000120947,"[6월 특가] 지상파 월정액 1개월 13,200원 할인",PM30000150,"20260628","20260526","20260630",84
C2600O6,"26년 6월_B tv+ 비플리_UI 541 이상_1차 쿠폰(~6/7) & 배너(~6/30)_1",A1CP1020261000120872,[위클리 혜택] B tv+ 12개월 50% 할인,PM30000107,"20260616","20260520","20260630",78
C2600N4,(주기성) 6월 쿠폰팩 GCP(5/24~6/21가입)_TB,A1SA1020261000120868,[FREE PASS] JTBC 1개월 무료_26년6월,PM30000269,"20260627","20260519","20260629",14
C2600UV,모아나 소장용 패키지 프로모션 (7/10),A1SA1020261000121465,"[모아나 패키지 구매] 영화 5,500원 할인",PPV 등,"20260726","20260708","20260831",18
C2600T8,<살목지(2차)> 할인쿠폰 프로모션,A1SA1020261000121161,"[살목지 런칭] 영화 4,444원 할인",PPV 등,"20260703","20260605","20260731",11
C2600K8,<몽타주: 6일간의 추격> 타겟 프로모션_40%_0430,A1SA1020261000120748,[즉시 할인] 몽타주: 6일간의 추격 40% 할인쿠폰,PPV 등,"20260501","20260403","20260430",21
C2600XG,"26년 7월 B tv+ 할인 연장 캠페인_6개월/9개월 할인재연",A1CP1020261000121664,"[가입 유지 선물] B tv+ 월 5,500원 이용 혜택 6개월 자동 연장_7월",PPV 등,"20260912","20260721","20260831",24
C2600UP,<서퍼> 할인쿠폰 프로모션,A1SA1020261000121460,"[서퍼 런칭] 영화 3,300원 할인",PPV 등,"20260711","20260708","20260831",5
C2600NI,<시에라 마드레: 카르텔 전쟁> 할인쿠폰 프로모션,A1SA1020261000120862,"[시에라 마드레: 카르텔 전쟁 런칭] 영화 5,500원 할인",PPV 등,"20260613","20260518","20260630",22
C2600OL,"지상파 월정액 첫달 3,300원_6월 2차",A1CP1020261000120947,"[6월 특가] 지상파 월정액 1개월 13,200원 할인",PM30000150,"20260611","20260526","20260630",59
C2600T0,"26년 6월_B tv+ KBO 올스타전_UI 541 이상_2",A1CP1020261000121364,"[올스타전 특가] B tv+ 월 5,500원 혜택 (최대 12개월)",PM30000107,"20260629","20260624","20260705",37
C2600SH,<납치 48시간> 할인쿠폰 프로모션,A1SA1020261000121265,"[납치 48시간 런칭] 영화 3,300원 할인",PPV 등,"20260704","20260616","20260831",15
C2600O8,[주기성] 26년 6월_B tv+ 비플리_UI 541 이하_쿠폰,A1CP1020261000120872,[위클리 혜택] B tv+ 12개월 50% 할인,PM30000107,"20260621","20260520","20260630",15
C2600LA,"26년 5월_B tv+ 비플리_UI 541 이상_1차(~5/17)_4(1770)",A1CP1020261000120853,[가정의 달] B tv+ 12개월 50% 할인 (~5/17),PM30000107,"20260515","20260507","20260517",15
C2600XQ,통합 월정액 3개월 내내 80% 할인_8월 2차,A1CP1020261000121658,[쿨썸머 특가] 주요 월정액 3개월 내내 80% 할인 (택1),PM30000176,"20260722","20260720","20260731",6
C2600UD,"26년 7월_B tv+ 비플리_UI 541 이상_쿠폰&배너_2",A1CP1020261000121365,[고객님만 혜택] B tv+ 반값 할인 (최대 12개월),PM30000107,"20260726","20260624","20260731",3
C2600IY,"JTBC 월정액 6개월 약정 3,300원_5월 1차",A1CP1020261000120658,"[온가족특가] JTBC 6개월 약정 기간 내내 월 3,300원",PM30000269,"20260525","20260421","20260531",12
C2600O8,[주기성] 26년 6월_B tv+ 비플리_UI 541 이하_쿠폰,A1CP1020261000120872,[위클리 혜택] B tv+ 12개월 50% 할인,PM30000107,"20260616","20260520","20260630",8
C2600PP,"지상파 월정액 첫달 3,300원_6월 3차",A1CP1020261000120947,"[6월 특가] 지상파 월정액 1개월 13,200원 할인",PM30000150,"20260606","20260526","20260630",3
C2600P7,[주기성] 26년 6월_B tv+ 비플리_UI 541 이상_2~4차_3,A1CP1020261000120872,[위클리 혜택] B tv+ 12개월 50% 할인,PM30000107,"20260628","20260520","20260630",1
C2600PM,[보정용][D+1] 쿠폰팩 등록 혜택 지급_2601,A1PR1020261000119553,[쿠폰팩 등록 감사] VOD 20% 할인쿠폰,PPV 등,"20260607","20260114","99991231",1
C2600XG,"26년 7월 B tv+ 할인 연장 캠페인_6개월/9개월 할인재연",A1CP1020261000121664,"[가입 유지 선물] B tv+ 월 5,500원 이용 혜택 6개월 자동 연장_7월",PPV 등,"20261031","20260721","20260831",1
C2600WC,"지상파 월정액 3개월 5,500원_7월 3차",A1CP1020261000121373,"[쿨썸머 특가] 지상파 월정액 3개월 내내 월 5,500원",PM30000150,"20260712","20260629","20260731",1
C2600N2,"26년 5월_B tv+ 당첨자_UI 541 이상_4(1770)",DummyOffer,,PPV 등,,,,306420
C2600KD,[주기성/쿠폰] <프로젝트헤일메리&인생SF전> 할인쿠폰 프로모션,A1PR1020261000120752,[프로젝트헤일메리] 인생SF영화 추가 30% 할인,PPV 등,,"20260430","20260524",9249
C2600SJ,[주기성]프라다입고문워크 신작혜택파티 프로모션,A1PR1020261000121272,[신작혜택파티] 영화 30% 할인(악마는프라다2 외 대상작),PPV 등,,"20260618","20260706",18813
C2600M6,JTBC 월정액 첫달 무료_5월 2차,A1SA1020261000119567,[깜짝 특가] JTBC 월정액 1개월 100% 할인 쿠폰,PM30000269,"20260523","20260119","20261231",572
C2600IY,"JTBC 월정액 6개월 약정 3,300원_5월 1차",A1CP1020261000120658,"[온가족특가] JTBC 6개월 약정 기간 내내 월 3,300원",PM30000269,"20260514","20260421","20260531",5
C2600X8,"26년 7월_B tv+ 7월 4주차 복날 타임딜_UI 541 이상_3_F",A1CP1020261000121662,"[복날 치킨비] B tv+ 월 5,500원 이용 혜택 (최대 12개월)",PM30000107,,"20260721","20260726",790500
C2600TL,"7월 성인 1+1 프로모션 (7/1~7/10)",A1SA1020261000121370,"[1+1이벤트] 3,300원 할인 쿠폰",PPV 등,,"20260626","20260731",4034
C2600NL,<쉘터> 할인쿠폰 프로모션,A1SA1020261000120861,"[쉘터 런칭] 영화 3,300원 할인",PPV 등,"20260607","20260518","20260630",75
C2600KN,JTBC 월정액 첫달 무료_5월 1차,A1SA1020261000119567,[깜짝 특가] JTBC 월정액 1개월 100% 할인 쿠폰,PM30000269,"20260512","20260119","20261231",134
C2600UP,<서퍼> 할인쿠폰 프로모션,A1SA1020261000121460,"[서퍼 런칭] 영화 3,300원 할인",PPV 등,,"20260708","20260831",202
C2600TM,<신의 악단> 할인쿠폰 프로모션,A1SA1020261000121384,"[신의 악단 런칭] 영화 3,300원 할인",PPV 등,"20260712","20260630","20260731",55
C2600PP,"지상파 월정액 첫달 3,300원_6월 3차",A1CP1020261000120947,"[6월 특가] 지상파 월정액 1개월 13,200원 할인",PM30000150,"20260613","20260526","20260630",167
C2600VM,<헬파이어: 시수의 길> 할인쿠폰 프로모션,A1SA1020261000121461,"[헬파이어: 시수의 길 런칭] 영화 5,500원 할인",PPV 등,"20260726","20260708","20260831",32
C2600W7,"7월 성인 1+1 이열치열 프로모션 (7/21~/20)",A1SA1020261000121561,"[1+1 이열치열 이벤트] 3,300원 할인 쿠폰",PPV 등,"20260802","20260716","20260831",135
C2600WC,"지상파 월정액 3개월 5,500원_7월 3차",A1CP1020261000121373,"[쿨썸머 특가] 지상파 월정액 3개월 내내 월 5,500원",PM30000150,"20260722","20260629","20260731",85
C2600TK,<메가 샤크 어택> 할인쿠폰 프로모션,A1SA1020261000121369,"[메가 샤크 어택 런칭] 영화 5,500원 할인",PPV 등,"20260710","20260626","20260731",31
C2600NA,"26년 5월 B tv+ 할인 연장 캠페인_1주년 5,500원",A1CP1020261000120954,"[가입 유지 선물] B tv+ 월 5,500원 혜택 6개월 자동 연장_5월",PM30000107,"20260724","20260526","20260731",67
C2600O0,"26년 6월_B tv+ 짝수달 유료전환 테스트_UI 552 이상",A1CP1020261000120870,[6월 한정] B tv+ 첫달 무료,PM30000107,"20260613","20260520","20260630",97
C2600QU,"6월 성인 1+1 프로모션 (6/11~6/20)_수정",A1SA1020261000121168,"[1+1이벤트] 3,300원 할인 쿠폰",PPV 등,"20260624","20260609","20260731",166
C2600MM,"26년 5월_B tv+ 비플리_UI 541 이상_3차(~5/31)_3",A1CP1020261000120854,[가정의 달] B tv+ 12개월 50% 할인 (~5/31),PM30000107,"20260528","20260507","20260531",18
C2600ND,"지상파 월정액 첫달 3,300원_6월 1차",A1CP1020261000120947,"[6월 특가] 지상파 월정액 1개월 13,200원 할인",PM30000150,"20260625","20260526","20260630",34
C2600S3,"6월 성인 1+1 프로모션 (6/21~6/30)",A1SA1020261000121170,"[1+1 앵콜 이벤트] 3,300원 할인 쿠폰",PPV 등,"20260624","20260609","20260731",230
C2600O0,"26년 6월_B tv+ 짝수달 유료전환 테스트_UI 552 이상",A1CP1020261000120870,[6월 한정] B tv+ 첫달 무료,PM30000107,"20260628","20260520","20260630",122
C2600NL,<쉘터> 할인쿠폰 프로모션,A1SA1020261000120861,"[쉘터 런칭] 영화 3,300원 할인",PPV 등,"20260617","20260518","20260630",20
C2600O8,[주기성] 26년 6월_B tv+ 비플리_UI 541 이하_쿠폰,A1CP1020261000120872,[위클리 혜택] B tv+ 12개월 50% 할인,PM30000107,"20260623","20260520","20260630",20
C2600UC,"26년 7월_B tv+ 비플리_UI 541 이상_쿠폰&배너_1",A1CP1020261000121365,[고객님만 혜택] B tv+ 반값 할인 (최대 12개월),PM30000107,"20260713","20260624","20260731",65
C2600MM,"26년 5월_B tv+ 비플리_UI 541 이상_3차(~5/31)_3",A1CP1020261000120854,[가정의 달] B tv+ 12개월 50% 할인 (~5/31),PM30000107,"20260526","20260507","20260531",21
C2600KN,JTBC 월정액 첫달 무료_5월 1차,A1SA1020261000119567,[깜짝 특가] JTBC 월정액 1개월 100% 할인 쿠폰,PM30000269,"20260625","20260119","20261231",35
C2600UP,<서퍼> 할인쿠폰 프로모션,A1SA1020261000121460,"[서퍼 런칭] 영화 3,300원 할인",PPV 등,"20260720","20260708","20260831",10
C2600TA,[주기성] 26년 7월_B tv+ 비플리_UI 541 이하_쿠폰,A1CP1020261000121366,[고객님만 혜택] B tv+ 반값 할인 (최대 12개월),PM30000107,"20260719","20260624","20260731",20
C2600UD,"26년 7월_B tv+ 비플리_UI 541 이상_쿠폰&배너_2",A1CP1020261000121365,[고객님만 혜택] B tv+ 반값 할인 (최대 12개월),PM30000107,"20260712","20260624","20260731",44
C2600J7,"지상파 월정액 3개월 내내 5,500원_5월 2차",A1CP1020261000120660,"[온가족특가] 지상파 월정액 3개월 내내 월 5,500원",PM30000150,"20260522","20260422","20260531",45
C2600R1,JTBC 월정액 첫달 무료_6월 3차,A1SA1020261000119567,[깜짝 특가] JTBC 월정액 1개월 100% 할인 쿠폰,PM30000269,"20260510","20260119","20261231",53
C2600SC,<금발이 되고 싶어> 할인쿠폰 프로모션,A1SA1020261000121360,"[금발이 되고 싶어 런칭] 영화 5,500원 할인",PPV 등,"20260704","20260622","20260731",13
C2600S9,통합 월정액 첫달 90% 할인_추가 1차,A1CP1020261000121363,[쿨썸머 파격 특가] 주요 월정액 첫달 90% 할인 (택1),PM30000176,"20260623","20260622","20260629",10
C2600UD,"26년 7월_B tv+ 비플리_UI 541 이상_쿠폰&배너_2",A1CP1020261000121365,[고객님만 혜택] B tv+ 반값 할인 (최대 12개월),PM30000107,"20260711","20260624","20260731",40
C2600UC,"26년 7월_B tv+ 비플리_UI 541 이상_쿠폰&배너_1",A1CP1020261000121365,[고객님만 혜택] B tv+ 반값 할인 (최대 12개월),PM30000107,"20260724","20260624","20260731",6
C2600NN,<코드 네임: 알라룸> 할인쿠폰 프로모션,A1SA1020261000120951,"[코드 네임: 알라룸 런칭] 영화 5,500원 할인",PPV 등,"20260621","20260526","20260630",8
C2600T8,<살목지(2차)> 할인쿠폰 프로모션,A1SA1020261000121161,"[살목지 런칭] 영화 4,444원 할인",PPV 등,"20260705","20260605","20260731",6
C2600QG,[팝업] 밸류애드팀 Btv 업_장기(26.6.17)_3-4차,,,PPV 등,,,,226660
C2600SP,[팝업] 밸류애드팀 Btv 업_단기(26.6.30)_5-2차,,,PPV 등,,,,304119
C2600PS,"26년 6월_B tv+ 파격할인_UI 541 이상_2",A1CP1020261000120874,"[72시간 한정] B tv+ 12개월 월 5,500원 혜택",PM30000107,,"20260526","20260614",792932
C2600KK,"CJ ENM 월정액 3개월 5,500원_5월 2차",A1CP1020261000120659,"[온가족특가] CJ ENM 월정액 3개월 내내 5,500원",PM30000154,"20260526","20260422","20260531",36
C2600SJ,[주기성]프라다입고문워크 신작혜택파티 프로모션,A1PR1020261000121272,[신작혜택파티] 영화 30% 할인(악마는프라다2 외 대상작),PPV 등,"20260706","20260618","20260706",60
C2600S3,"6월 성인 1+1 프로모션 (6/21~6/30)",A1SA1020261000121170,"[1+1 앵콜 이벤트] 3,300원 할인 쿠폰",PPV 등,"20260703","20260609","20260731",255
C2600WG,<디스클로저 데이> 할인쿠폰 프로모션,A1SA1020261000121558,"[디스클로저 데이 런칭] 영화 3,300원 할인",PPV 등,"20260727","20260713","20260831",60
C2600NA,"26년 5월 B tv+ 할인 연장 캠페인_1주년 5,500원",A1CP1020261000120954,"[가입 유지 선물] B tv+ 월 5,500원 혜택 6개월 자동 연장_5월",PM30000107,"20260709","20260526","20260731",128
C2600J5,"지상파 월정액 3개월 내내 5,500원_5월 1차",A1CP1020261000120660,"[온가족특가] 지상파 월정액 3개월 내내 월 5,500원",PM30000150,"20260515","20260422","20260531",41
C2600NN,<코드 네임: 알라룸> 할인쿠폰 프로모션,A1SA1020261000120951,"[코드 네임: 알라룸 런칭] 영화 5,500원 할인",PPV 등,"20260606","20260526","20260630",20
C2600TZ,"지상파 월정액 3개월 5,500원_7월 2차",A1CP1020261000121373,"[쿨썸머 특가] 지상파 월정액 3개월 내내 월 5,500원",PM30000150,"20260710","20260629","20260731",111
C2600VH,"26년 7월_B tv+ KBS 이승철 콘서트_타임딜_UI 541 이상_1",A1CP1020261000121559,"[이승철 특가] B tv+ 월 5,500원 이용 혜택 (최대 12개월)",PM30000107,"20260718","20260714","20260722",101
C2600TO,<마이클> 할인쿠폰 프로모션,A1SA1020261000121261,"[마이클 런칭] 영화 3,300원 할인",PPV 등,"20260712","20260616","20260815",67
C2600T6,"26년 6월 B tv+ 할인 연장 캠페인_광복절 5,500원",A1CP1020261000121367,"[가입 유지 선물] B tv+ 월 5,500원 이용 혜택 6개월 자동 연장_6월",PPV 등,"20260814","20260625","20260731",63
C2600KP,<왕과 사는 남자> 할인쿠폰 프로모션,A1SA1020261000120651,"[왕과 사는 남자 런칭] 영화 4,400원 할인",PPV 등,"20260514","20260421","20260531",8
C2600LG,<스피드> 할인쿠폰 프로모션,A1SA1020261000120858,"[스피드 런칭] 영화 5,500원 할인",PPV 등,"20260531","20260512","20260531",7
C2600P8,[주기성] 26년 6월_B tv+ 비플리_UI 541 이상_2~4차_4,A1CP1020261000120872,[위클리 혜택] B tv+ 12개월 50% 할인,PM30000107,"20260617","20260520","20260630",15
C2600TJ,<데드 오브 윈터> 할인쿠폰 프로모션,A1SA1020261000121361,"[데드 오브 윈터 런칭] 영화 3,300원 할인",PPV 등,"20260721","20260622","20260731",6
C2600NN,<코드 네임: 알라룸> 할인쿠폰 프로모션,A1SA1020261000120951,"[코드 네임: 알라룸 런칭] 영화 5,500원 할인",PPV 등,"20260628","20260526","20260630",2
C2600NE,통합 월정액 첫달 무료_6월 1차,A1CP1020261000120948,[이용 감사 혜택] 주요 월정액 1개월 100% 할인 (택1),PM30000176,"20260610","20260526","20260630",45
C2600SH,<납치 48시간> 할인쿠폰 프로모션,A1SA1020261000121265,"[납치 48시간 런칭] 영화 3,300원 할인",PPV 등,"20260710","20260616","20260831",9
C2600Q3,"6월 성인 1+1 프로모션 (6/11~6/20)",A1SA1020261000121168,"[1+1이벤트] 3,300원 할인 쿠폰",PPV 등,"20260625","20260609","20260731",10
C2600WJ,"CJ ENM 월정액 3개월 5,500원_7월 3차",A1CP1020261000121358,"[쿨썸머 특가] CJ ENM 월정액 3개월 내내 월 5,500원",PM30000154,"20260722","20260622","20260731",25
C2600N4,(주기성) 6월 쿠폰팩 GCP(5/24~6/21가입)_TB,A1SA1020261000120868,[FREE PASS] JTBC 1개월 무료_26년6월,PM30000269,"20260608","20260519","20260629",4
C2600KI,"JTBC 월정액 6개월 약정 3,300원_5월 3차",A1CP1020261000120658,"[온가족특가] JTBC 6개월 약정 기간 내내 월 3,300원",PM30000269,"20260520","20260421","20260531",3
C2600UF,"26년 7월_B tv+ 비플리_UI 541 이상_쿠폰&배너_4",A1CP1020261000121365,[고객님만 혜택] B tv+ 반값 할인 (최대 12개월),PM30000107,"20260727","20260624","20260731",2
C2600N4,(주기성) 6월 쿠폰팩 GCP(5/24~6/21가입)_TB,A1CP1020261000120867,[FREE PASS] CJ ENM 1개월 무료_26년6월,PM30000154,"20260607","20260519","20260629",6
C2600PN,JTBC 월정액 첫달 무료_6월 2차,A1SA1020261000119567,[깜짝 특가] JTBC 월정액 1개월 100% 할인 쿠폰,PM30000269,"20260523","20260119","20261231",4
C2600JZ,"JTBC 월정액 6개월 약정 3,300원_5월 2차",A1CP1020261000120658,"[온가족특가] JTBC 6개월 약정 기간 내내 월 3,300원",PM30000269,"20260616","20260421","20260531",1
C2600OC,"26년 6월_B tv+ 비플리_UI 541 이상_1차 쿠폰(~6/7) & 배너(~6/30)_4",A1CP1020261000120872,[위클리 혜택] B tv+ 12개월 50% 할인,PM30000107,"20260628","20260520","20260630",1
C2600RW,"2606_비너스 디맨드_첫달무료_개편전",,,PPV 등,,,,210204
C2600WG,<디스클로저 데이> 할인쿠폰 프로모션,A1SA1020261000121558,"[디스클로저 데이 런칭] 영화 3,300원 할인",PPV 등,"20260801","20260713","20260831",126
C2600VD,"CJ ENM 월정액 3개월 5,500원_7월 2차",A1CP1020261000121358,"[쿨썸머 특가] CJ ENM 월정액 3개월 내내 월 5,500원",PM30000154,,"20260622","20260731",190722
C2600IP,"CJ ENM 월정액 3개월 5,500원_5월 1차",A1CP1020261000120659,"[온가족특가] CJ ENM 월정액 3개월 내내 5,500원",PM30000154,"20260510","20260422","20260531",89
C2600N4,(주기성) 6월 쿠폰팩 GCP(5/24~6/21가입)_TB,A1CP1020261000120866,[FREE PASS] 지상파 3사 1개월 무료_26년6월,PM30000150,"20260621","20260519","20260629",12
C2600QQ,통합 월정액 첫달 무료_6월 4차,A1CP1020261000120948,[이용 감사 혜택] 주요 월정액 1개월 100% 할인 (택1),PM30000176,"20260621","20260526","20260630",144
C2600QY,수요1+1무비쿠폰(6월 쿠폰발급),A1PR1020261000121167,[금토일무비쿠폰] 20% 할인(5천원 이상 사용),PPV 등,"20260619","20260609","20261231",23
C2600M8,<짱구> 할인쿠폰 프로모션,A1SA1020261000120863,"[짱구 런칭] 영화 5,500원 할인",PPV 등,"20260615","20260518","20260630",25
C2600UU,"7월 성인 1+1 앵콜 프로모션_모바일 (7/11~7/20)",A1SA1020261000121458,"[1+1 앵콜 이벤트] 3,300원 할인 쿠폰",PPV 등,"20260719","20260708","20260831",329
C2600Q3,"6월 성인 1+1 프로모션 (6/11~6/20)",A1SA1020261000121168,"[1+1이벤트] 3,300원 할인 쿠폰",PPV 등,"20260613","20260609","20260731",66
C2600R1,JTBC 월정액 첫달 무료_6월 3차,A1SA1020261000119567,[깜짝 특가] JTBC 월정액 1개월 100% 할인 쿠폰,PM30000269,"20260515","20260119","20261231",38
C2600X8,"26년 7월_B tv+ 7월 4주차 복날 타임딜_UI 541 이상_3_F",A1CP1020261000121662,"[복날 치킨비] B tv+ 월 5,500원 이용 혜택 (최대 12개월)",PM30000107,"20260725","20260721","20260726",51
C2600MM,"26년 5월_B tv+ 비플리_UI 541 이상_3차(~5/31)_3",A1CP1020261000120854,[가정의 달] B tv+ 12개월 50% 할인 (~5/31),PM30000107,"20260529","20260507","20260531",17
C2600UT,"7월 성인 1+1 앵콜 프로모션_모바일 (7/11~7/20)",A1SA1020261000121459,"[1+1 앵콜 이벤트] 3,300원 할인 쿠폰 (모바일)",PPV 등,"20260720","20260708","20260831",33
C2600SG,"CJ ENM 월정액 3개월 5,500원_7월 1차",A1CP1020261000121358,"[쿨썸머 특가] CJ ENM 월정액 3개월 내내 월 5,500원",PM30000154,"20260727","20260622","20260731",53
C2600KK,"CJ ENM 월정액 3개월 5,500원_5월 2차",A1CP1020261000120659,"[온가족특가] CJ ENM 월정액 3개월 내내 5,500원",PM30000154,"20260528","20260422","20260531",37
C2600UC,"26년 7월_B tv+ 비플리_UI 541 이상_쿠폰&배너_1",A1CP1020261000121365,[고객님만 혜택] B tv+ 반값 할인 (최대 12개월),PM30000107,"20260728","20260624","20260731",71
C2600TA,[주기성] 26년 7월_B tv+ 비플리_UI 541 이하_쿠폰,A1CP1020261000121366,[고객님만 혜택] B tv+ 반값 할인 (최대 12개월),PM30000107,"20260731","20260624","20260731",15
C2600M6,JTBC 월정액 첫달 무료_5월 2차,A1SA1020261000119567,[깜짝 특가] JTBC 월정액 1개월 100% 할인 쿠폰,PM30000269,"20260626","20260119","20261231",24
C2600XH,"26년 7월 B tv+ 50% 할인 연장 캠페인_25년9월할인",A1CP1020261000121665,[가입 유지 선물] B tv+ 50% 할인 혜택 6개월 자동 연장_7월,PPV 등,"20260905","20260721","20260831",32
C2600T9,"26년 6월 B tv+ 할인 연장 캠페인_8월할인 7,700원",A1CP1020261000121368,"[가입 유지 선물] B tv+ 월 7,700원 이용 혜택 6개월 자동 연장_6월",PPV 등,"20260806","20260625","20260731",72
C2600Q4,"6월 성인 1+1 프로모션_모바일 (6/11~6/20)",A1SA1020261000121169,"[1+1이벤트] 3,300원 할인 쿠폰 (모바일)",PPV 등,"20260615","20260609","20260731",4
C2600TK,<메가 샤크 어택> 할인쿠폰 프로모션,A1SA1020261000121369,"[메가 샤크 어택 런칭] 영화 5,500원 할인",PPV 등,"20260715","20260626","20260731",33
C2600NP,<모탈 컴뱃2> 할인쿠폰 프로모션,A1SA1020261000120959,"[모탈컴뱃2 런칭] 영화 5,500원 할인",PPV 등,"20260608","20260528","20260615",26
C2600NP,<모탈 컴뱃2> 할인쿠폰 프로모션,A1SA1020261000120959,"[모탈컴뱃2 런칭] 영화 5,500원 할인",PPV 등,"20260610","20260528","20260615",30
C2600JA,<오시리스> 할인쿠폰 프로모션,A1SA1020261000120652,"[오시리스 런칭] 영화 3,300원 할인",PPV 등,"20260511","20260421","20260531",17
C2600P8,[주기성] 26년 6월_B tv+ 비플리_UI 541 이상_2~4차_4,A1CP1020261000120872,[위클리 혜택] B tv+ 12개월 50% 할인,PM30000107,"20260626","20260520","20260630",4
C2600NI,<시에라 마드레: 카르텔 전쟁> 할인쿠폰 프로모션,A1SA1020261000120862,"[시에라 마드레: 카르텔 전쟁 런칭] 영화 5,500원 할인",PPV 등,"20260621","20260518","20260630",8
C2600N4,(주기성) 6월 쿠폰팩 GCP(5/24~6/21가입)_TB,A1SA1020261000120868,[FREE PASS] JTBC 1개월 무료_26년6월,PM30000269,"20260618","20260519","20260629",5
C2600NI,<시에라 마드레: 카르텔 전쟁> 할인쿠폰 프로모션,A1SA1020261000120862,"[시에라 마드레: 카르텔 전쟁 런칭] 영화 5,500원 할인",PPV 등,"20260620","20260518","20260630",5
C2600R4,<피어스> 할인쿠폰 프로모션,A1SA1020261000121258,"[피어스 런칭] 영화 5,500원 할인",PPV 등,"20260629","20260615","20260731",3
C2600QM,[보정용][주기성] 26년 6월_B tv+ 비플리_UI 541 이상_2~4차_1,A1CP1020261000120872,[위클리 혜택] B tv+ 12개월 50% 할인,PM30000107,"20260601","20260520","20260630",1
C2600TH,<살목지> 할인쿠폰 프로모션,A1SA1020261000121380,"[살목지 런칭] 영화 3,300원 할인",PPV 등,"20260709","20260629","20260731",13
C2600KO,<폭탄> 할인쿠폰 프로모션,A1SA1020261000120751,"[폭탄 런칭] 영화 5,500원 할인",PPV 등,"20260531","20260430","20260531",1
C2600Q4,"6월 성인 1+1 프로모션_모바일 (6/11~6/20)",A1SA1020261000121169,"[1+1이벤트] 3,300원 할인 쿠폰 (모바일)",PPV 등,"20260629","20260609","20260731",1
C2600R4,<피어스> 할인쿠폰 프로모션,A1SA1020261000121258,"[피어스 런칭] 영화 5,500원 할인",PPV 등,"20260624","20260615","20260731",1
C2600R1,JTBC 월정액 첫달 무료_6월 3차,A1SA1020261000119567,[깜짝 특가] JTBC 월정액 1개월 100% 할인 쿠폰,PM30000269,,"20260119","20261231",418370
C2600N5,(일회성) 6월 쿠폰팩 GCP(5/1~5/23가입)_TB,A1CP1020261000120866,[FREE PASS] 지상파 3사 1개월 무료_26년6월,PM30000150,,"20260519","20260629",39177
C2600TZ,"지상파 월정액 3개월 5,500원_7월 2차",A1CP1020261000121373,"[쿨썸머 특가] 지상파 월정액 3개월 내내 월 5,500원",PM30000150,,"20260629","20260731",279176
C2600NN,<코드 네임: 알라룸> 할인쿠폰 프로모션,A1SA1020261000120951,"[코드 네임: 알라룸 런칭] 영화 5,500원 할인",PPV 등,"20260605","20260526","20260630",29
C2600WG,<디스클로저 데이> 할인쿠폰 프로모션,A1SA1020261000121558,"[디스클로저 데이 런칭] 영화 3,300원 할인",PPV 등,,"20260713","20260831",1541
C2600OA,"26년 6월_B tv+ 비플리_UI 541 이상_1차 쿠폰(~6/7) & 배너(~6/30)_2",A1CP1020261000120872,[위클리 혜택] B tv+ 12개월 50% 할인,PM30000107,"20260618","20260520","20260630",38
C2600O8,[주기성] 26년 6월_B tv+ 비플리_UI 541 이하_쿠폰,A1CP1020261000120872,[위클리 혜택] B tv+ 12개월 50% 할인,PM30000107,"20260626","20260520","20260630",16
C2600W1,"26년 7월_B tv+ KBS 이승철 콘서트_타임딜_UI 541 이상_2",A1CP1020261000121559,"[이승철 특가] B tv+ 월 5,500원 이용 혜택 (최대 12개월)",PM30000107,"20260719","20260714","20260722",66
C2600UU,"7월 성인 1+1 앵콜 프로모션_모바일 (7/11~7/20)",A1SA1020261000121458,"[1+1 앵콜 이벤트] 3,300원 할인 쿠폰",PPV 등,"20260722","20260708","20260831",307
C2600UU,"7월 성인 1+1 앵콜 프로모션_모바일 (7/11~7/20)",A1SA1020261000121458,"[1+1 앵콜 이벤트] 3,300원 할인 쿠폰",PPV 등,"20260724","20260708","20260831",195
C2600WF,<군체[예약구매]> 할인쿠폰 프로모션,A1SA1020261000121562,"[군체 예약] 영화 4,400원 할인",PPV 등,"20260728","20260716","20260831",17
C2600TH,<살목지> 할인쿠폰 프로모션,A1SA1020261000121380,"[살목지 런칭] 영화 3,300원 할인",PPV 등,"20260707","20260629","20260731",16
C2600O0,"26년 6월_B tv+ 짝수달 유료전환 테스트_UI 552 이상",A1CP1020261000120870,[6월 한정] B tv+ 첫달 무료,PM30000107,"20260618","20260520","20260630",54
C2600M6,JTBC 월정액 첫달 무료_5월 2차,A1SA1020261000119567,[깜짝 특가] JTBC 월정액 1개월 100% 할인 쿠폰,PM30000269,"20260526","20260119","20261231",165
C2600QN,"지상파 월정액 첫달 3,300원_6월 4차",A1CP1020261000120947,"[6월 특가] 지상파 월정액 1개월 13,200원 할인",PM30000150,"20260620","20260526","20260630",67
C2600NL,<쉘터> 할인쿠폰 프로모션,A1SA1020261000120861,"[쉘터 런칭] 영화 3,300원 할인",PPV 등,"20260610","20260518","20260630",31
C2600XG,"26년 7월 B tv+ 할인 연장 캠페인_6개월/9개월 할인재연",A1CP1020261000121664,"[가입 유지 선물] B tv+ 월 5,500원 이용 혜택 6개월 자동 연장_7월",PPV 등,"20260918","20260721","20260831",20
C2600TM,<신의 악단> 할인쿠폰 프로모션,A1SA1020261000121384,"[신의 악단 런칭] 영화 3,300원 할인",PPV 등,"20260724","20260630","20260731",35
C2600T9,"26년 6월 B tv+ 할인 연장 캠페인_8월할인 7,700원",A1CP1020261000121368,"[가입 유지 선물] B tv+ 월 7,700원 이용 혜택 6개월 자동 연장_6월",PPV 등,"20260807","20260625","20260731",64
C2600TT,<현상수배> 타겟 프로모션_30%_0702,A1SA1020261000121372,[즉시 할인] 현상수배 30% 할인쿠폰,PPV 등,"20260707","20260626","20260731",40
C2600XG,"26년 7월 B tv+ 할인 연장 캠페인_6개월/9개월 할인재연",A1CP1020261000121664,"[가입 유지 선물] B tv+ 월 5,500원 이용 혜택 6개월 자동 연장_7월",PPV 등,"20260914","20260721","20260831",59
C2600W1,"26년 7월_B tv+ KBS 이승철 콘서트_타임딜_UI 541 이상_2",A1CP1020261000121559,"[이승철 특가] B tv+ 월 5,500원 이용 혜택 (최대 12개월)",PM30000107,"20260716","20260714","20260722",15
C2600WC,"지상파 월정액 3개월 5,500원_7월 3차",A1CP1020261000121373,"[쿨썸머 특가] 지상파 월정액 3개월 내내 월 5,500원",PM30000150,"20260724","20260629","20260731",48
C2600SH,<납치 48시간> 할인쿠폰 프로모션,A1SA1020261000121265,"[납치 48시간 런칭] 영화 3,300원 할인",PPV 등,"20260701","20260616","20260831",13
C2600TA,[주기성] 26년 7월_B tv+ 비플리_UI 541 이하_쿠폰,A1CP1020261000121366,[고객님만 혜택] B tv+ 반값 할인 (최대 12개월),PM30000107,"20260707","20260624","20260731",14
C2600N4,(주기성) 6월 쿠폰팩 GCP(5/24~6/21가입)_TB,A1SA1020261000120868,[FREE PASS] JTBC 1개월 무료_26년6월,PM30000269,"20260621","20260519","20260629",5
C2600Q5,<스위트 홈: 진격의 거인> 할인쿠폰 프로모션,A1SA1020261000121160,"[스위트 홈: 진격의 거인 런칭] 영화 3,300원 할인",PPV 등,"20260629","20260605","20260731",9
C2600MK,"26년 5월_B tv+ 비플리_UI 541 이상_3차(~5/31)_1",A1CP1020261000120854,[가정의 달] B tv+ 12개월 50% 할인 (~5/31),PM30000107,"20260624","20260507","20260531",1
C2600UM,[모바일 B tv] '26년 7월 수요 1+1 무비 쿠폰 앱푸쉬 (Mass),,,PPV 등,,,,915733
C2600JE,<캣 앤 독> 할인쿠폰 프로모션,A1SA1020261000120747,"[캣 앤 독 런칭] 영화 5,500원 할인",PPV 등,"20260517","20260428","20260531",4
C2600VX,[팝업] 밸류애드팀 Btv 업_장기(26.7.22)_3-1차,,,PPV 등,,,,290360
C2600UC,"26년 7월_B tv+ 비플리_UI 541 이상_쿠폰&배너_1",A1CP1020261000121365,[고객님만 혜택] B tv+ 반값 할인 (최대 12개월),PM30000107,"20260727","20260624","20260731",97
C2600Q3,"6월 성인 1+1 프로모션 (6/11~6/20)",A1SA1020261000121168,"[1+1이벤트] 3,300원 할인 쿠폰",PPV 등,"20260619","20260609","20260731",28
C2600S3,"6월 성인 1+1 프로모션 (6/21~6/30)",A1SA1020261000121170,"[1+1 앵콜 이벤트] 3,300원 할인 쿠폰",PPV 등,"20260705","20260609","20260731",206
C2600UE,"26년 7월_B tv+ 비플리_UI 541 이상_쿠폰&배너_3",A1CP1020261000121365,[고객님만 혜택] B tv+ 반값 할인 (최대 12개월),PM30000107,"20260707","20260624","20260731",19
C2600NL,<쉘터> 할인쿠폰 프로모션,A1SA1020261000120861,"[쉘터 런칭] 영화 3,300원 할인",PPV 등,"20260615","20260518","20260630",23
C2600QU,"6월 성인 1+1 프로모션 (6/11~6/20)_수정",A1SA1020261000121168,"[1+1이벤트] 3,300원 할인 쿠폰",PPV 등,"20260701","20260609","20260731",78
C2600S6,토이스토리 소장용 패키지 프로모션_수정,A1SA1020261000121259,"[토이 스토리 패키지 구매] 영화 5,500원 할인",PPV 등,"20260703","20260615","20260731",20
C2600VN,<엘리베이션> 할인쿠폰 프로모션,A1SA1020261000121463,"[엘리베이션 런칭] 영화 3,300원 할인",PPV 등,"20260730","20260708","20260831",81
C2600QM,[보정용][주기성] 26년 6월_B tv+ 비플리_UI 541 이상_2~4차_1,A1CP1020261000120872,[위클리 혜택] B tv+ 12개월 50% 할인,PM30000107,"20260624","20260520","20260630",31
C2600OY,통합 월정액 첫달 무료_6월 2차,A1CP1020261000120948,[이용 감사 혜택] 주요 월정액 1개월 100% 할인 (택1),PM30000176,"20260625","20260526","20260630",26
C2600OA,"26년 6월_B tv+ 비플리_UI 541 이상_1차 쿠폰(~6/7) & 배너(~6/30)_2",A1CP1020261000120872,[위클리 혜택] B tv+ 12개월 50% 할인,PM30000107,"20260622","20260520","20260630",41
C2600JA,<오시리스> 할인쿠폰 프로모션,A1SA1020261000120652,"[오시리스 런칭] 영화 3,300원 할인",PPV 등,"20260520","20260421","20260531",12
C2600UF,"26년 7월_B tv+ 비플리_UI 541 이상_쿠폰&배너_4",A1CP1020261000121365,[고객님만 혜택] B tv+ 반값 할인 (최대 12개월),PM30000107,"20260729","20260624","20260731",8
C2600QM,[보정용][주기성] 26년 6월_B tv+ 비플리_UI 541 이상_2~4차_1,A1CP1020261000120872,[위클리 혜택] B tv+ 12개월 50% 할인,PM30000107,"20260617","20260520","20260630",35
C2600VM,<헬파이어: 시수의 길> 할인쿠폰 프로모션,A1SA1020261000121461,"[헬파이어: 시수의 길 런칭] 영화 5,500원 할인",PPV 등,"20260722","20260708","20260831",24
C2600R5,<내 이름은> 할인쿠폰 프로모션,A1SA1020261000121159,"[내 이름은 런칭] 영화 5,500원 할인",PPV 등,"20260623","20260605","20260731",18
C2600SH,<납치 48시간> 할인쿠폰 프로모션,A1SA1020261000121265,"[납치 48시간 런칭] 영화 3,300원 할인",PPV 등,"20260628","20260616","20260831",8
C2600N4,(주기성) 6월 쿠폰팩 GCP(5/24~6/21가입)_TB,A1CP1020261000120867,[FREE PASS] CJ ENM 1개월 무료_26년6월,PM30000154,"20260617","20260519","20260629",8
C2600T4,"26년 6월_B tv+ KBO 올스타전_UI 541 이상_4",A1CP1020261000121364,"[올스타전 특가] B tv+ 월 5,500원 혜택 (최대 12개월)",PM30000107,"20260704","20260624","20260705",7
C2600J7,"지상파 월정액 3개월 내내 5,500원_5월 2차",A1CP1020261000120660,"[온가족특가] 지상파 월정액 3개월 내내 월 5,500원",PM30000150,"20260710","20260422","20260531",1
C2600N4,(주기성) 6월 쿠폰팩 GCP(5/24~6/21가입)_TB,A1CP1020261000120866,[FREE PASS] 지상파 3사 1개월 무료_26년6월,PM30000150,"20260623","20260519","20260629",14
C2600P7,[주기성] 26년 6월_B tv+ 비플리_UI 541 이상_2~4차_3,A1CP1020261000120872,[위클리 혜택] B tv+ 12개월 50% 할인,PM30000107,"20260625","20260520","20260630",2
C2600P7,[주기성] 26년 6월_B tv+ 비플리_UI 541 이상_2~4차_3,A1CP1020261000120872,[위클리 혜택] B tv+ 12개월 50% 할인,PM30000107,"20260619","20260520","20260630",8
C2600QP,"지상파 월정액 첫달 3,300원_6월 5차",A1CP1020261000120947,"[6월 특가] 지상파 월정액 1개월 13,200원 할인",PM30000150,"20260622","20260526","20260630",4
C2600KK,"CJ ENM 월정액 3개월 5,500원_5월 2차",A1CP1020261000120659,"[온가족특가] CJ ENM 월정액 3개월 내내 5,500원",PM30000154,"20260630","20260422","20260531",1
C2600OA,"26년 6월_B tv+ 비플리_UI 541 이상_1차 쿠폰(~6/7) & 배너(~6/30)_2",A1CP1020261000120872,[위클리 혜택] B tv+ 12개월 50% 할인,PM30000107,,"20260520","20260630",796196
C2600W2,"26년 7월_B tv+ KBS 이승철 콘서트_타임딜_UI 541 이상_3",DummyOffer,,PPV 등,,,,531780
C2600VZ,[팝업] 밸류애드팀 Btv 업_장기(26.7.22)_3-3차,,,PPV 등,,,,388122
C2600QR,"6월 성인 1+1 프로모션_추가 (6/12~14 구매자)",A1SA1020261000121168,"[1+1이벤트] 3,300원 할인 쿠폰",PPV 등,"20260616","20260609","20260731",292
C2600WQ,[팝업] 밸류애드팀 STB 교체(26.7.27)_4-3차,,,PPV 등,,,,194458
C2600PY,SPOTV 6월 첫달무료_1차_0611,A1SA1020261000121164,[축구 이벤트] SPOTV Prime 1개월 무료,PM35000007,"20260619","20260609","20260630",158
C2600PP,"지상파 월정액 첫달 3,300원_6월 3차",A1CP1020261000120947,"[6월 특가] 지상파 월정액 1개월 13,200원 할인",PM30000150,"20260619","20260526","20260630",126
C2600O6,"26년 6월_B tv+ 비플리_UI 541 이상_1차 쿠폰(~6/7) & 배너(~6/30)_1",A1CP1020261000120872,[위클리 혜택] B tv+ 12개월 50% 할인,PM30000107,"20260623","20260520","20260630",75
C2600LE,"CJ ENM 월정액 3개월 5,500원_5월 3차",A1CP1020261000120659,"[온가족특가] CJ ENM 월정액 3개월 내내 5,500원",PM30000154,"20260529","20260422","20260531",24
C2600MI,JTBC 월정액 첫달 무료_6월 1차,A1SA1020261000119567,[깜짝 특가] JTBC 월정액 1개월 100% 할인 쿠폰,PM30000269,"20260621","20260119","20261231",48
C2600KM,"지상파 월정액 3개월 내내 5,500원_5월 3차",A1CP1020261000120660,"[온가족특가] 지상파 월정액 3개월 내내 월 5,500원",PM30000150,"20260529","20260422","20260531",18
C2600KN,JTBC 월정액 첫달 무료_5월 1차,A1SA1020261000119567,[깜짝 특가] JTBC 월정액 1개월 100% 할인 쿠폰,PM30000269,"20260621","20260119","20261231",32
C2600MK,"26년 5월_B tv+ 비플리_UI 541 이상_3차(~5/31)_1",A1CP1020261000120854,[가정의 달] B tv+ 12개월 50% 할인 (~5/31),PM30000107,"20260531","20260507","20260531",133
C2600QV,"6월 성인 1+1 프로모션_모바일 (6/11~6/20)_수정",A1SA1020261000121169,"[1+1이벤트] 3,300원 할인 쿠폰 (모바일)",PPV 등,"20260621","20260609","20260731",14
C2600T9,"26년 6월 B tv+ 할인 연장 캠페인_8월할인 7,700원",A1CP1020261000121368,"[가입 유지 선물] B tv+ 월 7,700원 이용 혜택 6개월 자동 연장_6월",PPV 등,"20260822","20260625","20260731",35
C2600TJ,<데드 오브 윈터> 할인쿠폰 프로모션,A1SA1020261000121361,"[데드 오브 윈터 런칭] 영화 3,300원 할인",PPV 등,"20260705","20260622","20260731",20
C2600VD,"CJ ENM 월정액 3개월 5,500원_7월 2차",A1CP1020261000121358,"[쿨썸머 특가] CJ ENM 월정액 3개월 내내 월 5,500원",PM30000154,"20260717","20260622","20260731",35
C2600QS,"6월 성인 1+1 프로모션_모바일_추가 (6/12~6/14 구매자)",A1SA1020261000121169,"[1+1이벤트] 3,300원 할인 쿠폰 (모바일)",PPV 등,"20260623","20260609","20260731",4
C2600LE,"CJ ENM 월정액 3개월 5,500원_5월 3차",A1CP1020261000120659,"[온가족특가] CJ ENM 월정액 3개월 내내 5,500원",PM30000154,"20260528","20260422","20260531",22
C2600N4,(주기성) 6월 쿠폰팩 GCP(5/24~6/21가입)_TB,A1CP1020261000120866,[FREE PASS] 지상파 3사 1개월 무료_26년6월,PM30000150,"20260619","20260519","20260629",15
C2600S3,"6월 성인 1+1 프로모션 (6/21~6/30)",A1SA1020261000121170,"[1+1 앵콜 이벤트] 3,300원 할인 쿠폰",PPV 등,"20260622","20260609","20260731",23
C2600TI,JTBC 월정액 3개월 70% 할인_7월 2차,A1SA1020261000121374,[쿨썸머 특가] JTBC 월정액 3개월 내내 70% 할인,PM30000269,"20260727","20260629","20260731",3
C2600KD,[주기성/쿠폰] <프로젝트헤일메리&인생SF전> 할인쿠폰 프로모션,A1PR1020261000120752,[프로젝트헤일메리] 인생SF영화 추가 30% 할인,PPV 등,"20260523","20260430","20260524",8
C2600S6,토이스토리 소장용 패키지 프로모션_수정,A1SA1020261000121259,"[토이 스토리 패키지 구매] 영화 5,500원 할인",PPV 등,"20260716","20260615","20260731",10
C2600Q5,<스위트 홈: 진격의 거인> 할인쿠폰 프로모션,A1SA1020261000121160,"[스위트 홈: 진격의 거인 런칭] 영화 3,300원 할인",PPV 등,"20260701","20260605","20260731",8
C2600SC,<금발이 되고 싶어> 할인쿠폰 프로모션,A1SA1020261000121360,"[금발이 되고 싶어 런칭] 영화 5,500원 할인",PPV 등,"20260627","20260622","20260731",5
C2600KO,<폭탄> 할인쿠폰 프로모션,A1SA1020261000120751,"[폭탄 런칭] 영화 5,500원 할인",PPV 등,"20260512","20260430","20260531",2
C2600LG,<스피드> 할인쿠폰 프로모션,A1SA1020261000120858,"[스피드 런칭] 영화 5,500원 할인",PPV 등,"20260518","20260512","20260531",2
C2600QE,[팝업] 밸류애드팀 Btv 업_장기(26.6.17)_3-2차,,,PPV 등,,,,387744
C2600RH,"26년 6월_B tv+ 주말 야식비 지원_UI 541 이상_4",DummyOffer,,PPV 등,,,,792670
C2600XB,"26년 7월_B tv+ 7월 4주차 복날 타임딜_UI 541 이상_4_F",DummyOffer,,PPV 등,,,,301402
C2600J7,"지상파 월정액 3개월 내내 5,500원_5월 2차",A1CP1020261000120660,"[온가족특가] 지상파 월정액 3개월 내내 월 5,500원",PM30000150,"20260504","20260422","20260531",74
C2600W2,"26년 7월_B tv+ KBS 이승철 콘서트_타임딜_UI 541 이상_3",A1CP1020261000121559,"[이승철 특가] B tv+ 월 5,500원 이용 혜택 (최대 12개월)",PM30000107,,"20260714","20260722",531789
C2600KN,JTBC 월정액 첫달 무료_5월 1차,A1SA1020261000119567,[깜짝 특가] JTBC 월정액 1개월 100% 할인 쿠폰,PM30000269,"20260511","20260119","20261231",187
C2600ND,"지상파 월정액 첫달 3,300원_6월 1차",A1CP1020261000120947,"[6월 특가] 지상파 월정액 1개월 13,200원 할인",PM30000150,"20260531","20260526","20260630",293
C2600W2,"26년 7월_B tv+ KBS 이승철 콘서트_타임딜_UI 541 이상_3",A1CP1020261000121559,"[이승철 특가] B tv+ 월 5,500원 이용 혜택 (최대 12개월)",PM30000107,"20260718","20260714","20260722",24
C2600XE,"26년 7월_B tv+ 7월 4주차 복날 타임딜_UI 541 이상_2_F",A1CP1020261000121662,"[복날 치킨비] B tv+ 월 5,500원 이용 혜택 (최대 12개월)",PM30000107,"20260723","20260721","20260726",23
C2600S5,SPOTV 6월 첫달무료_1차_0622,A1SA1020261000121164,[축구 이벤트] SPOTV Prime 1개월 무료,PM35000007,"20260623","20260609","20260630",94
C2600PZ,SPOTV 6월 첫달무료_1차_0612,A1SA1020261000121164,[축구 이벤트] SPOTV Prime 1개월 무료,PM35000007,"20260628","20260609","20260630",51
C2600JA,<오시리스> 할인쿠폰 프로모션,A1SA1020261000120652,"[오시리스 런칭] 영화 3,300원 할인",PPV 등,"20260513","20260421","20260531",14
C2600R5,<내 이름은> 할인쿠폰 프로모션,A1SA1020261000121159,"[내 이름은 런칭] 영화 5,500원 할인",PPV 등,"20260703","20260605","20260731",17
C2600TK,<메가 샤크 어택> 할인쿠폰 프로모션,A1SA1020261000121369,"[메가 샤크 어택 런칭] 영화 5,500원 할인",PPV 등,"20260711","20260626","20260731",31
C2600TG,JTBC 월정액 3개월 70% 할인_7월 1차,A1SA1020261000121374,[쿨썸머 특가] JTBC 월정액 3개월 내내 70% 할인,PM30000269,"20260710","20260629","20260731",37
C2600T1,"26년 6월_B tv+ KBO 올스타전_UI 541 이상_3",A1CP1020261000121364,"[올스타전 특가] B tv+ 월 5,500원 혜택 (최대 12개월)",PM30000107,"20260705","20260624","20260705",32
C2600LZ,"26년 5월_B tv+ 비플리_UI 541 이상_2차(~5/25)_3(1770)",A1CP1020261000120859,[가정의 달] B tv+ 12개월 50% 할인 (~5/25),PM30000107,"20260523","20260515","20260525",48
C2600TM,<신의 악단> 할인쿠폰 프로모션,A1SA1020261000121384,"[신의 악단 런칭] 영화 3,300원 할인",PPV 등,"20260716","20260630","20260731",44
C2600T8,<살목지(2차)> 할인쿠폰 프로모션,A1SA1020261000121161,"[살목지 런칭] 영화 4,444원 할인",PPV 등,"20260714","20260605","20260731",6
C2600KK,"CJ ENM 월정액 3개월 5,500원_5월 2차",A1CP1020261000120659,"[온가족특가] CJ ENM 월정액 3개월 내내 5,500원",PM30000154,"20260527","20260422","20260531",28
C2600TF,"지상파 월정액 3개월 5,500원_7월 1차",A1CP1020261000121373,"[쿨썸머 특가] 지상파 월정액 3개월 내내 월 5,500원",PM30000150,"20260710","20260629","20260731",75
C2600JA,<오시리스> 할인쿠폰 프로모션,A1SA1020261000120652,"[오시리스 런칭] 영화 3,300원 할인",PPV 등,"20260516","20260421","20260531",27
C2600O8,[주기성] 26년 6월_B tv+ 비플리_UI 541 이하_쿠폰,A1CP1020261000120872,[위클리 혜택] B tv+ 12개월 50% 할인,PM30000107,"20260612","20260520","20260630",2
C2600T4,"26년 6월_B tv+ KBO 올스타전_UI 541 이상_4",A1CP1020261000121364,"[올스타전 특가] B tv+ 월 5,500원 혜택 (최대 12개월)",PM30000107,"20260703","20260624","20260705",5
C2600NI,<시에라 마드레: 카르텔 전쟁> 할인쿠폰 프로모션,A1SA1020261000120862,"[시에라 마드레: 카르텔 전쟁 런칭] 영화 5,500원 할인",PPV 등,"20260610","20260518","20260630",12
C2600KP,<왕과 사는 남자> 할인쿠폰 프로모션,A1SA1020261000120651,"[왕과 사는 남자 런칭] 영화 4,400원 할인",PPV 등,"20260517","20260421","20260531",9
C2600T1,"26년 6월_B tv+ KBO 올스타전_UI 541 이상_3",A1CP1020261000121364,"[올스타전 특가] B tv+ 월 5,500원 혜택 (최대 12개월)",PM30000107,"20260703","20260624","20260705",14
C2600OB,"26년 6월_B tv+ 비플리_UI 541 이상_1차 쿠폰(~6/7) & 배너(~6/30)_3",A1CP1020261000120872,[위클리 혜택] B tv+ 12개월 50% 할인,PM30000107,"20260624","20260520","20260630",4
C2600T4,"26년 6월_B tv+ KBO 올스타전_UI 541 이상_4",A1CP1020261000121364,"[올스타전 특가] B tv+ 월 5,500원 혜택 (최대 12개월)",PM30000107,"20260705","20260624","20260705",2
C2600O8,[주기성] 26년 6월_B tv+ 비플리_UI 541 이하_쿠폰,A1CP1020261000120872,[위클리 혜택] B tv+ 12개월 50% 할인,PM30000107,"20260613","20260520","20260630",1
C2600NJ,[팝업] 밸류애드팀 STB 교체(26.6.1))_1-1차,,,PPV 등,,,,293639
C2600PE,[팝업] 밸류애드팀 Btv 업_장기(26.6.10)_2-2차,,,PPV 등,,,,375033
C2600O2,"2606_주기성_전환동의 띠배너 편성제외",,,PPV 등,,,,1381
C2600S2,"2606_무빙 연장 동의_TV팝업_14차",,,PPV 등,,,,3955
C2600M6,JTBC 월정액 첫달 무료_5월 2차,A1SA1020261000119567,[깜짝 특가] JTBC 월정액 1개월 100% 할인 쿠폰,PM30000269,"20260603","20260119","20261231",58
C2600N5,(일회성) 6월 쿠폰팩 GCP(5/1~5/23가입)_TB,A1CP1020261000120865,[FREE PASS] B tv+ 1개월 무료_26년6월,PM30000107,"20260603","20260519","20260629",46
C2600T6,"26년 6월 B tv+ 할인 연장 캠페인_광복절 5,500원",A1CP1020261000121367,"[가입 유지 선물] B tv+ 월 5,500원 이용 혜택 6개월 자동 연장_6월",PPV 등,"20260815","20260625","20260731",168
C2600QQ,통합 월정액 첫달 무료_6월 4차,A1CP1020261000120948,[이용 감사 혜택] 주요 월정액 1개월 100% 할인 (택1),PM30000176,"20260627","20260526","20260630",258
C2600O0,"26년 6월_B tv+ 짝수달 유료전환 테스트_UI 552 이상",A1CP1020261000120870,[6월 한정] B tv+ 첫달 무료,PM30000107,"20260622","20260520","20260630",61
C2600WH,<군체> 할인쿠폰 프로모션,A1SA1020261000121563,[군체 런칭] 영화 20% 할인,PPV 등,"20260725","20260716","20260831",129
C2600MI,JTBC 월정액 첫달 무료_6월 1차,A1SA1020261000119567,[깜짝 특가] JTBC 월정액 1개월 100% 할인 쿠폰,PM30000269,"20260607","20260119","20261231",210
C2600S6,토이스토리 소장용 패키지 프로모션_수정,A1SA1020261000121259,"[토이 스토리 패키지 구매] 영화 5,500원 할인",PPV 등,"20260702","20260615","20260731",18
C2600J5,"지상파 월정액 3개월 내내 5,500원_5월 1차",A1CP1020261000120660,"[온가족특가] 지상파 월정액 3개월 내내 월 5,500원",PM30000150,"20260522","20260422","20260531",29
C2600T9,"26년 6월 B tv+ 할인 연장 캠페인_8월할인 7,700원",A1CP1020261000121368,"[가입 유지 선물] B tv+ 월 7,700원 이용 혜택 6개월 자동 연장_6월",PPV 등,"20260812","20260625","20260731",37
C2600UD,"26년 7월_B tv+ 비플리_UI 541 이상_쿠폰&배너_2",A1CP1020261000121365,[고객님만 혜택] B tv+ 반값 할인 (최대 12개월),PM30000107,"20260713","20260624","20260731",18
C2600TF,"지상파 월정액 3개월 5,500원_7월 1차",A1CP1020261000121373,"[쿨썸머 특가] 지상파 월정액 3개월 내내 월 5,500원",PM30000150,"20260728","20260629","20260731",68
C2600T7,<노멀> 할인쿠폰 프로모션,A1SA1020261000121162,"[노멀 런칭] 영화 3,300원 할인",PPV 등,"20260702","20260605","20260731",32
C2600O8,[주기성] 26년 6월_B tv+ 비플리_UI 541 이하_쿠폰,A1CP1020261000120872,[위클리 혜택] B tv+ 12개월 50% 할인,PM30000107,"20260602","20260520","20260630",12
C2600N5,(일회성) 6월 쿠폰팩 GCP(5/1~5/23가입)_TB,A1CP1020261000120865,[FREE PASS] B tv+ 1개월 무료_26년6월,PM30000107,"20260624","20260519","20260629",6
C2600QN,"지상파 월정액 첫달 3,300원_6월 4차",A1CP1020261000120947,"[6월 특가] 지상파 월정액 1개월 13,200원 할인",PM30000150,"20260613","20260526","20260630",2
C2600NO,<푸틴: 절대 권력의 최후> 할인쿠폰 프로모션,A1SA1020261000120952,"[푸틴: 절대 권력의 최후 런칭] 영화 3,300원 할인",PPV 등,"20260627","20260526","20260630",2
C2600O6,"26년 6월_B tv+ 비플리_UI 541 이상_1차 쿠폰(~6/7) & 배너(~6/30)_1",A1CP1020261000120872,[위클리 혜택] B tv+ 12개월 50% 할인,PM30000107,"20260626","20260520","20260630",8
C2600JA,<오시리스> 할인쿠폰 프로모션,A1SA1020261000120652,"[오시리스 런칭] 영화 3,300원 할인",PPV 등,"20260506","20260421","20260531",2
C2600KW,[팝업] 밸류애드팀 Btv 업_단기(26.5.12)_2-2차,,,PPV 등,,,,291390
C2600JV,[팝업] 밸류애드팀 Btv 업_장기(26.5.06)_1-3차,,,PPV 등,,,,397448
C2600MX,[팝업] 밸류애드팀 Btv 업_장기(26.5.27)_4-3차,,,PPV 등,,,,175522
C2600TG,JTBC 월정액 3개월 70% 할인_7월 1차,A1SA1020261000121374,[쿨썸머 특가] JTBC 월정액 3개월 내내 70% 할인,PM30000269,,"20260629","20260731",498974
C2600L7,"26년 5월_B tv+ 비플리_UI 541 이상_1차(~5/17)_1(1770)",A1CP1020261000120853,[가정의 달] B tv+ 12개월 50% 할인 (~5/17),PM30000107,"20260512","20260507","20260517",56
C2600M8,<짱구> 할인쿠폰 프로모션,A1SA1020261000120863,"[짱구 런칭] 영화 5,500원 할인",PPV 등,"20260529","20260518","20260630",219
C2600PZ,SPOTV 6월 첫달무료_1차_0612,A1SA1020261000121164,[축구 이벤트] SPOTV Prime 1개월 무료,PM35000007,"20260615","20260609","20260630",44
C2600SU,"26년 6월_B tv+ KBO 올스타전_UI 541 이상_1",A1CP1020261000121364,"[올스타전 특가] B tv+ 월 5,500원 혜택 (최대 12개월)",PM30000107,"20260702","20260624","20260705",107
C2600N4,(주기성) 6월 쿠폰팩 GCP(5/24~6/21가입)_TB,A1CP1020261000120866,[FREE PASS] 지상파 3사 1개월 무료_26년6월,PM30000150,"20260629","20260519","20260629",58
C2600RD,"<짱구> 타겟 프로모션_2,000원_0617",A1SA1020261000121267,"[즉시 할인] 짱구 2,200원 할인쿠폰",PPV 등,"20260622","20260616","20260731",47
C2600KN,JTBC 월정액 첫달 무료_5월 1차,A1SA1020261000119567,[깜짝 특가] JTBC 월정액 1개월 100% 할인 쿠폰,PM30000269,"20260510","20260119","20261231",436
C2600JA,<오시리스> 할인쿠폰 프로모션,A1SA1020261000120652,"[오시리스 런칭] 영화 3,300원 할인",PPV 등,"20260517","20260421","20260531",30
C2600UT,"7월 성인 1+1 앵콜 프로모션_모바일 (7/11~7/20)",A1SA1020261000121459,"[1+1 앵콜 이벤트] 3,300원 할인 쿠폰 (모바일)",PPV 등,"20260714","20260708","20260831",46
C2600TO,<마이클> 할인쿠폰 프로모션,A1SA1020261000121261,"[마이클 런칭] 영화 3,300원 할인",PPV 등,"20260716","20260616","20260815",30
C2600XH,"26년 7월 B tv+ 50% 할인 연장 캠페인_25년9월할인",A1CP1020261000121665,[가입 유지 선물] B tv+ 50% 할인 혜택 6개월 자동 연장_7월,PPV 등,"20260902","20260721","20260831",26
C2600TH,<살목지> 할인쿠폰 프로모션,A1SA1020261000121380,"[살목지 런칭] 영화 3,300원 할인",PPV 등,"20260704","20260629","20260731",54
C2600XD,"26년 7월_B tv+ 7월 4주차 복날 타임딜_UI 541 이상_1_F",A1CP1020261000121662,"[복날 치킨비] B tv+ 월 5,500원 이용 혜택 (최대 12개월)",PM30000107,"20260724","20260721","20260726",182
C2600VN,<엘리베이션> 할인쿠폰 프로모션,A1SA1020261000121463,"[엘리베이션 런칭] 영화 3,300원 할인",PPV 등,"20260719","20260708","20260831",48
C2600KM,"지상파 월정액 3개월 내내 5,500원_5월 3차",A1CP1020261000120660,"[온가족특가] 지상파 월정액 3개월 내내 월 5,500원",PM30000150,"20260530","20260422","20260531",35
C2600N4,(주기성) 6월 쿠폰팩 GCP(5/24~6/21가입)_TB,A1CP1020261000120867,[FREE PASS] CJ ENM 1개월 무료_26년6월,PM30000154,"20260618","20260519","20260629",10
C2600US,<잠금: 셧다운> 할인쿠폰 프로모션,A1SA1020261000121462,"[잠금: 셧다운 런칭] 영화 5,500원 할인",PPV 등,"20260719","20260708","20260831",14
C2600N3,[주기성/쿠폰] <살목지&K-공포상영회> 할인쿠폰 프로모션,A1PR1020261000120873,[K-공포 상영회] 영화 50% 할인,PPV 등,"20260528","20260520","20260609",4
C2600KP,<왕과 사는 남자> 할인쿠폰 프로모션,A1SA1020261000120651,"[왕과 사는 남자 런칭] 영화 4,400원 할인",PPV 등,"20260519","20260421","20260531",3
C2600P8,[주기성] 26년 6월_B tv+ 비플리_UI 541 이상_2~4차_4,A1CP1020261000120872,[위클리 혜택] B tv+ 12개월 50% 할인,PM30000107,"20260623","20260520","20260630",13
C2600N5,(일회성) 6월 쿠폰팩 GCP(5/1~5/23가입)_TB,A1CP1020261000120865,[FREE PASS] B tv+ 1개월 무료_26년6월,PM30000107,"20260606","20260519","20260629",27
C2600L5,"26년 5월_B tv+ 크런치롤_할인쿠폰",A1PR1020261000120053,[크런치롤] B tv 애니 장르 30% 할인,PPV 등,"20260530","20260225","20260531",1
C2600O8,[주기성] 26년 6월_B tv+ 비플리_UI 541 이하_쿠폰,A1CP1020261000120872,[위클리 혜택] B tv+ 12개월 50% 할인,PM30000107,"20260619","20260520","20260630",13
C2600VN,<엘리베이션> 할인쿠폰 프로모션,A1SA1020261000121463,"[엘리베이션 런칭] 영화 3,300원 할인",PPV 등,"20260716","20260708","20260831",8
C2600N4,(주기성) 6월 쿠폰팩 GCP(5/24~6/21가입)_TB,A1SA1020261000120868,[FREE PASS] JTBC 1개월 무료_26년6월,PM30000269,"20260615","20260519","20260629",6
C2600N4,(주기성) 6월 쿠폰팩 GCP(5/24~6/21가입)_TB,A1CP1020261000120867,[FREE PASS] CJ ENM 1개월 무료_26년6월,PM30000154,"20260605","20260519","20260629",4
C2600QS,"6월 성인 1+1 프로모션_모바일_추가 (6/12~6/14 구매자)",A1SA1020261000121169,"[1+1이벤트] 3,300원 할인 쿠폰 (모바일)",PPV 등,"20260705","20260609","20260731",1
C2600QN,"지상파 월정액 첫달 3,300원_6월 4차",A1CP1020261000120947,"[6월 특가] 지상파 월정액 1개월 13,200원 할인",PM30000150,"20260531","20260526","20260630",1
C2600JB,<극장의 시간들> 할인쿠폰 프로모션,A1SA1020261000120746,"[극장의 시간들 런칭] 영화 5,500원 할인",PPV 등,"20260516","20260428","20260531",1
C2600LN,[모바일 B tv] '26년 5월 페어링 이벤트 앱푸쉬 (Mass),,,PPV 등,,,,931781
C2600RL,[팝업] 밸류애드팀 STB 교체(26.6.22)_4-2차,,,PPV 등,,,,353634
C2600V7,[팝업] 밸류애드팀 Btv 업_장기(26.7.15)_2-2차,,,PPV 등,,,,373270
C2600TA,[주기성] 26년 7월_B tv+ 비플리_UI 541 이하_쿠폰,A1CP1020261000121366,[고객님만 혜택] B tv+ 반값 할인 (최대 12개월),PM30000107,,"20260624","20260731",286608
C2600KN,JTBC 월정액 첫달 무료_5월 1차,A1SA1020261000119567,[깜짝 특가] JTBC 월정액 1개월 100% 할인 쿠폰,PM30000269,"20260516","20260119","20261231",223
C2600WN,[주기성] 26년 7월_B tv+ 7월 비플리 상위_가입자 제외,DummyOffer,,PPV 등,,,,11397
C2600O6,"26년 6월_B tv+ 비플리_UI 541 이상_1차 쿠폰(~6/7) & 배너(~6/30)_1",A1CP1020261000120872,[위클리 혜택] B tv+ 12개월 50% 할인,PM30000107,"20260618","20260520","20260630",89
C2600WG,<디스클로저 데이> 할인쿠폰 프로모션,A1SA1020261000121558,"[디스클로저 데이 런칭] 영화 3,300원 할인",PPV 등,"20260726","20260713","20260831",81
C2600OC,"26년 6월_B tv+ 비플리_UI 541 이상_1차 쿠폰(~6/7) & 배너(~6/30)_4",A1CP1020261000120872,[위클리 혜택] B tv+ 12개월 50% 할인,PM30000107,"20260603","20260520","20260630",36
C2600QV,"6월 성인 1+1 프로모션_모바일 (6/11~6/20)_수정",A1SA1020261000121169,"[1+1이벤트] 3,300원 할인 쿠폰 (모바일)",PPV 등,"20260622","20260609","20260731",15
C2600S3,"6월 성인 1+1 프로모션 (6/21~6/30)",A1SA1020261000121170,"[1+1 앵콜 이벤트] 3,300원 할인 쿠폰",PPV 등,"20260711","20260609","20260731",123
C2600OA,"26년 6월_B tv+ 비플리_UI 541 이상_1차 쿠폰(~6/7) & 배너(~6/30)_2",A1CP1020261000120872,[위클리 혜택] B tv+ 12개월 50% 할인,PM30000107,"20260625","20260520","20260630",11
C2600QU,"6월 성인 1+1 프로모션 (6/11~6/20)_수정",A1SA1020261000121168,"[1+1이벤트] 3,300원 할인 쿠폰",PPV 등,"20260628","20260609","20260731",107
C2600KK,"CJ ENM 월정액 3개월 5,500원_5월 2차",A1CP1020261000120659,"[온가족특가] CJ ENM 월정액 3개월 내내 5,500원",PM30000154,"20260510","20260422","20260531",63
C2600O0,"26년 6월_B tv+ 짝수달 유료전환 테스트_UI 552 이상",A1CP1020261000120870,[6월 한정] B tv+ 첫달 무료,PM30000107,"20260626","20260520","20260630",55
C2600UV,모아나 소장용 패키지 프로모션 (7/10),A1SA1020261000121465,"[모아나 패키지 구매] 영화 5,500원 할인",PPV 등,"20260723","20260708","20260831",7
C2600SH,<납치 48시간> 할인쿠폰 프로모션,A1SA1020261000121265,"[납치 48시간 런칭] 영화 3,300원 할인",PPV 등,"20260706","20260616","20260831",6
C2600OC,"26년 6월_B tv+ 비플리_UI 541 이상_1차 쿠폰(~6/7) & 배너(~6/30)_4",A1CP1020261000120872,[위클리 혜택] B tv+ 12개월 50% 할인,PM30000107,"20260617","20260520","20260630",15
C2600T7,<노멀> 할인쿠폰 프로모션,A1SA1020261000121162,"[노멀 런칭] 영화 3,300원 할인",PPV 등,"20260711","20260605","20260731",25
C2600T6,"26년 6월 B tv+ 할인 연장 캠페인_광복절 5,500원",A1CP1020261000121367,"[가입 유지 선물] B tv+ 월 5,500원 이용 혜택 6개월 자동 연장_6월",PPV 등,"20260819","20260625","20260731",89
C2600NI,<시에라 마드레: 카르텔 전쟁> 할인쿠폰 프로모션,A1SA1020261000120862,"[시에라 마드레: 카르텔 전쟁 런칭] 영화 5,500원 할인",PPV 등,"20260531","20260518","20260630",25
C2600UT,"7월 성인 1+1 앵콜 프로모션_모바일 (7/11~7/20)",A1SA1020261000121459,"[1+1 앵콜 이벤트] 3,300원 할인 쿠폰 (모바일)",PPV 등,"20260725","20260708","20260831",11
C2600SH,<납치 48시간> 할인쿠폰 프로모션,A1SA1020261000121265,"[납치 48시간 런칭] 영화 3,300원 할인",PPV 등,"20260718","20260616","20260831",5
C2600TF,"지상파 월정액 3개월 5,500원_7월 1차",A1CP1020261000121373,"[쿨썸머 특가] 지상파 월정액 3개월 내내 월 5,500원",PM30000150,"20260725","20260629","20260731",93
C2600IP,"CJ ENM 월정액 3개월 5,500원_5월 1차",A1CP1020261000120659,"[온가족특가] CJ ENM 월정액 3개월 내내 5,500원",PM30000154,"20260517","20260422","20260531",65
C2600N4,(주기성) 6월 쿠폰팩 GCP(5/24~6/21가입)_TB,A1CP1020261000120867,[FREE PASS] CJ ENM 1개월 무료_26년6월,PM30000154,"20260603","20260519","20260629",15
C2600S3,"6월 성인 1+1 프로모션 (6/21~6/30)",A1SA1020261000121170,"[1+1 앵콜 이벤트] 3,300원 할인 쿠폰",PPV 등,"20260715","20260609","20260731",74
C2600XG,"26년 7월 B tv+ 할인 연장 캠페인_6개월/9개월 할인재연",A1CP1020261000121664,"[가입 유지 선물] B tv+ 월 5,500원 이용 혜택 6개월 자동 연장_7월",PPV 등,"20260915","20260721","20260831",32
C2600UC,"26년 7월_B tv+ 비플리_UI 541 이상_쿠폰&배너_1",A1CP1020261000121365,[고객님만 혜택] B tv+ 반값 할인 (최대 12개월),PM30000107,"20260714","20260624","20260731",60
C2600S7,토이스토리 소장용 패키지 프로모션 (6/18~6/21 발급),A1SA1020261000121259,"[토이 스토리 패키지 구매] 영화 5,500원 할인",PPV 등,"20260702","20260615","20260731",11
C2600N4,(주기성) 6월 쿠폰팩 GCP(5/24~6/21가입)_TB,A1CP1020261000120865,[FREE PASS] B tv+ 1개월 무료_26년6월,PM30000107,"20260602","20260519","20260629",13
C2600QS,"6월 성인 1+1 프로모션_모바일_추가 (6/12~6/14 구매자)",A1SA1020261000121169,"[1+1이벤트] 3,300원 할인 쿠폰 (모바일)",PPV 등,"20260629","20260609","20260731",2
C2600UV,모아나 소장용 패키지 프로모션 (7/10),A1SA1020261000121465,"[모아나 패키지 구매] 영화 5,500원 할인",PPV 등,"20260731","20260708","20260831",2
C2600SH,<납치 48시간> 할인쿠폰 프로모션,A1SA1020261000121265,"[납치 48시간 런칭] 영화 3,300원 할인",PPV 등,"20260707","20260616","20260831",11
C2600UF,"26년 7월_B tv+ 비플리_UI 541 이상_쿠폰&배너_4",A1CP1020261000121365,[고객님만 혜택] B tv+ 반값 할인 (최대 12개월),PM30000107,"20260731","20260624","20260731",5
C2600JB,<극장의 시간들> 할인쿠폰 프로모션,A1SA1020261000120746,"[극장의 시간들 런칭] 영화 5,500원 할인",PPV 등,"20260511","20260428","20260531",2
C2600MN,"26년 5월_B tv+ 비플리_UI 541 이상_3차(~5/31)_4",A1CP1020261000120854,[가정의 달] B tv+ 12개월 50% 할인 (~5/31),PM30000107,"20260527","20260507","20260531",1
C2600N4,(주기성) 6월 쿠폰팩 GCP(5/24~6/21가입)_TB,A1SA1020261000120868,[FREE PASS] JTBC 1개월 무료_26년6월,PM30000269,"20260606","20260519","20260629",1
C2600MT,[팝업] B tv All+(조합형)(26.5.26)_4-1차,,,PPV 등,,,,578964
C2600SZ,SPOTV 6월 첫달무료_2차_0626 TV팝업,,,PPV 등,,,,1870138
C2600MK,"26년 5월_B tv+ 비플리_UI 541 이상_3차(~5/31)_1",A1CP1020261000120854,[가정의 달] B tv+ 12개월 50% 할인 (~5/31),PM30000107,,"20260507","20260531",782610
C2600RX,"2606_비너스 디맨드_첫달무료_개편후",,,PPV 등,,,,210828
C2600TZ,"지상파 월정액 3개월 5,500원_7월 2차",A1CP1020261000121373,"[쿨썸머 특가] 지상파 월정액 3개월 내내 월 5,500원",PM30000150,"20260711","20260629","20260731",148
C2600SU,"26년 6월_B tv+ KBO 올스타전_UI 541 이상_1",A1CP1020261000121364,"[올스타전 특가] B tv+ 월 5,500원 혜택 (최대 12개월)",PM30000107,"20260705","20260624","20260705",215
C2600QU,"6월 성인 1+1 프로모션 (6/11~6/20)_수정",A1SA1020261000121168,"[1+1이벤트] 3,300원 할인 쿠폰",PPV 등,"20260619","20260609","20260731",316
C2600Q3,"6월 성인 1+1 프로모션 (6/11~6/20)",A1SA1020261000121168,"[1+1이벤트] 3,300원 할인 쿠폰",PPV 등,"20260614","20260609","20260731",69
C2600US,<잠금: 셧다운> 할인쿠폰 프로모션,A1SA1020261000121462,"[잠금: 셧다운 런칭] 영화 5,500원 할인",PPV 등,,"20260708","20260831",178
C2600TG,JTBC 월정액 3개월 70% 할인_7월 1차,A1SA1020261000121374,[쿨썸머 특가] JTBC 월정액 3개월 내내 70% 할인,PM30000269,"20260704","20260629","20260731",91
C2600WD,통합 월정액 3개월 내내 80% 할인,A1CP1020261000121658,[쿨썸머 특가] 주요 월정액 3개월 내내 80% 할인 (택1),PM30000176,"20260723","20260720","20260731",82
C2600SH,<납치 48시간> 할인쿠폰 프로모션,A1SA1020261000121265,"[납치 48시간 런칭] 영화 3,300원 할인",PPV 등,"20260702","20260616","20260831",8
C2600TF,"지상파 월정액 3개월 5,500원_7월 1차",A1CP1020261000121373,"[쿨썸머 특가] 지상파 월정액 3개월 내내 월 5,500원",PM30000150,"20260705","20260629","20260731",159
C2600J7,"지상파 월정액 3개월 내내 5,500원_5월 2차",A1CP1020261000120660,"[온가족특가] 지상파 월정액 3개월 내내 월 5,500원",PM30000150,"20260511","20260422","20260531",52
C2600N4,(주기성) 6월 쿠폰팩 GCP(5/24~6/21가입)_TB,A1SA1020261000120869,[FREE PASS] SPOTV 프라임패키지 1개월 무료_26년6월,PM35000007,"20260605","20260519","20260629",12
C2600TF,"지상파 월정액 3개월 5,500원_7월 1차",A1CP1020261000121373,"[쿨썸머 특가] 지상파 월정액 3개월 내내 월 5,500원",PM30000150,"20260703","20260629","20260731",144
C2600P7,[주기성] 26년 6월_B tv+ 비플리_UI 541 이상_2~4차_3,A1CP1020261000120872,[위클리 혜택] B tv+ 12개월 50% 할인,PM30000107,"20260620","20260520","20260630",8
C2600J5,"지상파 월정액 3개월 내내 5,500원_5월 1차",A1CP1020261000120660,"[온가족특가] 지상파 월정액 3개월 내내 월 5,500원",PM30000150,"20260521","20260422","20260531",46
C2600R5,<내 이름은> 할인쿠폰 프로모션,A1SA1020261000121159,"[내 이름은 런칭] 영화 5,500원 할인",PPV 등,"20260626","20260605","20260731",35
C2600OY,통합 월정액 첫달 무료_6월 2차,A1CP1020261000120948,[이용 감사 혜택] 주요 월정액 1개월 100% 할인 (택1),PM30000176,"20260608","20260526","20260630",33
C2600P5,[주기성] 26년 6월_B tv+ 비플리_UI 541 이상_2~4차_1,A1CP1020261000120872,[위클리 혜택] B tv+ 12개월 50% 할인,PM30000107,"20260623","20260520","20260630",75
C2600US,<잠금: 셧다운> 할인쿠폰 프로모션,A1SA1020261000121462,"[잠금: 셧다운 런칭] 영화 5,500원 할인",PPV 등,"20260801","20260708","20260831",14
C2600SC,<금발이 되고 싶어> 할인쿠폰 프로모션,A1SA1020261000121360,"[금발이 되고 싶어 런칭] 영화 5,500원 할인",PPV 등,"20260717","20260622","20260731",4
C2600S4,"6월 성인 1+1 프로모션_모바일 (6/21~6/30)",A1SA1020261000121171,"[1+1 앵콜 이벤트] 3,300원 할인 쿠폰 (모바일)",PPV 등,"20260711","20260609","20260731",19
C2600JA,<오시리스> 할인쿠폰 프로모션,A1SA1020261000120652,"[오시리스 런칭] 영화 3,300원 할인",PPV 등,"20260527","20260421","20260531",5
C2600O7,"2606_캐치온 해지방어_B tv+ Cross-sell",A1CP1020261000120958,[비밀 특가] B tv+ 1개월 100원,PM30000107,"20260622","20260528","20260712",1
C2600OC,"26년 6월_B tv+ 비플리_UI 541 이상_1차 쿠폰(~6/7) & 배너(~6/30)_4",A1CP1020261000120872,[위클리 혜택] B tv+ 12개월 50% 할인,PM30000107,"20260607","20260520","20260630",32
C2600KN,JTBC 월정액 첫달 무료_5월 1차,A1SA1020261000119567,[깜짝 특가] JTBC 월정액 1개월 100% 할인 쿠폰,PM30000269,"20260614","20260119","20261231",25
C2600NP,<모탈 컴뱃2> 할인쿠폰 프로모션,A1SA1020261000120959,"[모탈컴뱃2 런칭] 영화 5,500원 할인",PPV 등,"20260624","20260528","20260615",5
C2600JA,<오시리스> 할인쿠폰 프로모션,A1SA1020261000120652,"[오시리스 런칭] 영화 3,300원 할인",PPV 등,"20260523","20260421","20260531",11
C2600TI,JTBC 월정액 3개월 70% 할인_7월 2차,A1SA1020261000121374,[쿨썸머 특가] JTBC 월정액 3개월 내내 70% 할인,PM30000269,"20260723","20260629","20260731",5
C2600PT,"26년 6월_B tv+ 파격할인_UI 541 이상_3",A1CP1020261000120874,"[파격할인] B tv+ 12개월 월 5,500원 혜택",PM30000107,"20260612","20260520","20260531",4
C2600M6,JTBC 월정액 첫달 무료_5월 2차,A1SA1020261000119567,[깜짝 특가] JTBC 월정액 1개월 100% 할인 쿠폰,PM30000269,"20260624","20260119","20261231",5
C2600JX,[팝업] 밸류애드팀 Btv 업_장기(26.5.06)_1-4차,,,PPV 등,,,,175226
C2600TE,[보정용] SEG 재발송,,,PPV 등,,,,9752
C2600N3,[주기성/쿠폰] <살목지&K-공포상영회> 할인쿠폰 프로모션,A1PR1020261000120873,[K-공포 상영회] 영화 50% 할인,PPV 등,"20260606","20260520","20260609",71
C2600P5,[주기성] 26년 6월_B tv+ 비플리_UI 541 이상_2~4차_1,A1CP1020261000120872,[위클리 혜택] B tv+ 12개월 50% 할인,PM30000107,"20260620","20260520","20260630",69
C2600NH,<리 크로닌의 미이라> 할인쿠폰 프로모션,A1SA1020261000120855,"[리 크로닌의 미이라] 영화 3,300원 할인",PPV 등,"20260617","20260507","20260630",11
C2600M8,<짱구> 할인쿠폰 프로모션,A1SA1020261000120863,"[짱구 런칭] 영화 5,500원 할인",PPV 등,"20260608","20260518","20260630",54
C2600PP,"지상파 월정액 첫달 3,300원_6월 3차",A1CP1020261000120947,"[6월 특가] 지상파 월정액 1개월 13,200원 할인",PM30000150,"20260618","20260526","20260630",93
C2600SD,통합 월정액 첫달 90% 할인_추가 2차,A1CP1020261000121363,[쿨썸머 파격 특가] 주요 월정액 첫달 90% 할인 (택1),PM30000176,"20260629","20260622","20260629",120
C2600S4,"6월 성인 1+1 프로모션_모바일 (6/21~6/30)",A1SA1020261000121171,"[1+1 앵콜 이벤트] 3,300원 할인 쿠폰 (모바일)",PPV 등,"20260628","20260609","20260731",61
C2600T1,"26년 6월_B tv+ KBO 올스타전_UI 541 이상_3",A1CP1020261000121364,"[올스타전 특가] B tv+ 월 5,500원 혜택 (최대 12개월)",PM30000107,"20260701","20260624","20260705",22
C2600M8,<짱구> 할인쿠폰 프로모션,A1SA1020261000120863,"[짱구 런칭] 영화 5,500원 할인",PPV 등,"20260612","20260518","20260630",49
C2600SA,SPOTV 6월 첫달무료_1차_0623,A1SA1020261000121164,[축구 이벤트] SPOTV Prime 1개월 무료,PM35000007,"20260624","20260609","20260630",64
C2600KP,<왕과 사는 남자> 할인쿠폰 프로모션,A1SA1020261000120651,"[왕과 사는 남자 런칭] 영화 4,400원 할인",PPV 등,"20260526","20260421","20260531",10
C2600N4,(주기성) 6월 쿠폰팩 GCP(5/24~6/21가입)_TB,A1CP1020261000120866,[FREE PASS] 지상파 3사 1개월 무료_26년6월,PM30000150,"20260620","20260519","20260629",14
C2600RD,"<짱구> 타겟 프로모션_2,000원_0617",A1SA1020261000121267,"[즉시 할인] 짱구 2,200원 할인쿠폰",PPV 등,"20260620","20260616","20260731",105
C2600TJ,<데드 오브 윈터> 할인쿠폰 프로모션,A1SA1020261000121361,"[데드 오브 윈터 런칭] 영화 3,300원 할인",PPV 등,"20260706","20260622","20260731",13
C2600XQ,통합 월정액 3개월 내내 80% 할인_8월 2차,A1CP1020261000121658,[쿨썸머 특가] 주요 월정액 3개월 내내 80% 할인 (택1),PM30000176,"20260721","20260720","20260731",7
C2600QU,"6월 성인 1+1 프로모션 (6/11~6/20)_수정",A1SA1020261000121168,"[1+1이벤트] 3,300원 할인 쿠폰",PPV 등,"20260612","20260609","20260731",12
C2600XG,"26년 7월 B tv+ 할인 연장 캠페인_6개월/9개월 할인재연",A1CP1020261000121664,"[가입 유지 선물] B tv+ 월 5,500원 이용 혜택 6개월 자동 연장_7월",PPV 등,"20260906","20260721","20260831",17
C2600XH,"26년 7월 B tv+ 50% 할인 연장 캠페인_25년9월할인",A1CP1020261000121665,[가입 유지 선물] B tv+ 50% 할인 혜택 6개월 자동 연장_7월,PPV 등,"20260911","20260721","20260831",29
C2600PR,"26년 6월_B tv+ 파격할인_UI 541 이상_1",A1CP1020261000120874,"[파격할인] B tv+ 12개월 월 5,500원 혜택",PM30000107,"20260610","20260520","20260531",14
C2600TA,[주기성] 26년 7월_B tv+ 비플리_UI 541 이하_쿠폰,A1CP1020261000121366,[고객님만 혜택] B tv+ 반값 할인 (최대 12개월),PM30000107,"20260723","20260624","20260731",19
C2600TM,<신의 악단> 할인쿠폰 프로모션,A1SA1020261000121384,"[신의 악단 런칭] 영화 3,300원 할인",PPV 등,"20260729","20260630","20260731",13
C2600N4,(주기성) 6월 쿠폰팩 GCP(5/24~6/21가입)_TB,A1SA1020261000120868,[FREE PASS] JTBC 1개월 무료_26년6월,PM30000269,"20260623","20260519","20260629",5
C2600P8,[주기성] 26년 6월_B tv+ 비플리_UI 541 이상_2~4차_4,A1CP1020261000120872,[위클리 혜택] B tv+ 12개월 50% 할인,PM30000107,"20260606","20260520","20260630",1
C2600NY,[팝업] 밸류애드팀 Btv 업_장기(26.6.3)_1-3차,,,PPV 등,,,,174046
C2600LO,[팝업] B tv All+(조합형)(26.5.19)_3-1차,,,PPV 등,,,,580935
C2600U7,[팝업] B tv 스탠다드+(조합형)_(26.7.7)_1-1차,,,PPV 등,,,,442585
C2600VF,"2607_SPOTV LAFC 럭키 슈팅 이벤트",DummyOffer,,PPV 등,,,,1332328
C2600KP,<왕과 사는 남자> 할인쿠폰 프로모션,A1SA1020261000120651,"[왕과 사는 남자 런칭] 영화 4,400원 할인",PPV 등,,"20260421","20260531",1049
C2600QY,수요1+1무비쿠폰(6월 쿠폰발급),A1PR1020261000121167,[금토일무비쿠폰] 20% 할인(5천원 이상 사용),PPV 등,,"20260609","20261231",590
C2600NA,"26년 5월 B tv+ 할인 연장 캠페인_1주년 5,500원",A1CP1020261000120954,"[가입 유지 선물] B tv+ 월 5,500원 혜택 6개월 자동 연장_5월",PM30000107,"20260730","20260526","20260731",79
C2600MI,JTBC 월정액 첫달 무료_6월 1차,A1SA1020261000119567,[깜짝 특가] JTBC 월정액 1개월 100% 할인 쿠폰,PM30000269,"20260604","20260119","20261231",176
C2600TH,<살목지> 할인쿠폰 프로모션,A1SA1020261000121380,"[살목지 런칭] 영화 3,300원 할인",PPV 등,,"20260629","20260731",2588
C2600PU,"26년 6월_B tv+ 파격할인_UI 541 이상_4",A1CP1020261000120874,"[파격할인] B tv+ 12개월 월 5,500원 혜택",PM30000107,"20260613","20260520","20260531",29
C2600S4,"6월 성인 1+1 프로모션_모바일 (6/21~6/30)",A1SA1020261000121171,"[1+1 앵콜 이벤트] 3,300원 할인 쿠폰 (모바일)",PPV 등,"20260704","20260609","20260731",34
C2600R5,<내 이름은> 할인쿠폰 프로모션,A1SA1020261000121159,"[내 이름은 런칭] 영화 5,500원 할인",PPV 등,"20260625","20260605","20260731",32
C2600PV,"26년 6월_B tv+ 파격할인_UI 541 이하_5",A1CP1020261000120874,"[72시간 한정] B tv+ 12개월 월 5,500원 혜택",PM30000107,"20260611","20260526","20260614",19
C2600S4,"6월 성인 1+1 프로모션_모바일 (6/21~6/30)",A1SA1020261000121171,"[1+1 앵콜 이벤트] 3,300원 할인 쿠폰 (모바일)",PPV 등,"20260701","20260609","20260731",46
C2600TF,"지상파 월정액 3개월 5,500원_7월 1차",A1CP1020261000121373,"[쿨썸머 특가] 지상파 월정액 3개월 내내 월 5,500원",PM30000150,"20260719","20260629","20260731",89
C2600NL,<쉘터> 할인쿠폰 프로모션,A1SA1020261000120861,"[쉘터 런칭] 영화 3,300원 할인",PPV 등,"20260613","20260518","20260630",65
C2600NA,"26년 5월 B tv+ 할인 연장 캠페인_1주년 5,500원",A1CP1020261000120954,"[가입 유지 선물] B tv+ 월 5,500원 혜택 6개월 자동 연장_5월",PM30000107,"20260725","20260526","20260731",76
C2600WD,통합 월정액 3개월 내내 80% 할인,A1CP1020261000121658,[쿨썸머 특가] 주요 월정액 3개월 내내 80% 할인 (택1),PM30000176,"20260725","20260720","20260731",80
C2600XG,"26년 7월 B tv+ 할인 연장 캠페인_6개월/9개월 할인재연",A1CP1020261000121664,"[가입 유지 선물] B tv+ 월 5,500원 이용 혜택 6개월 자동 연장_7월",PPV 등,"20260927","20260721","20260831",24
C2600R6,<슈퍼 마리오 갤럭시> 할인쿠폰 프로모션,A1SA1020261000120961,"[슈퍼마리오 갤럭시 런칭] 영화 3,300원 할인",PPV 등,"20260626","20260529","20260623",12
C2600NO,<푸틴: 절대 권력의 최후> 할인쿠폰 프로모션,A1SA1020261000120952,"[푸틴: 절대 권력의 최후 런칭] 영화 3,300원 할인",PPV 등,"20260614","20260526","20260630",11
C2600T0,"26년 6월_B tv+ KBO 올스타전_UI 541 이상_2",A1CP1020261000121364,"[올스타전 특가] B tv+ 월 5,500원 혜택 (최대 12개월)",PM30000107,"20260702","20260624","20260705",46
C2600O8,[주기성] 26년 6월_B tv+ 비플리_UI 541 이하_쿠폰,A1CP1020261000120872,[위클리 혜택] B tv+ 12개월 50% 할인,PM30000107,"20260618","20260520","20260630",17
C2600KI,"JTBC 월정액 6개월 약정 3,300원_5월 3차",A1CP1020261000120658,"[온가족특가] JTBC 6개월 약정 기간 내내 월 3,300원",PM30000269,"20260508","20260421","20260531",6
C2600LA,"26년 5월_B tv+ 비플리_UI 541 이상_1차(~5/17)_4(1770)",A1CP1020261000120853,[가정의 달] B tv+ 12개월 50% 할인 (~5/17),PM30000107,"20260511","20260507","20260517",30
C2600XG,"26년 7월 B tv+ 할인 연장 캠페인_6개월/9개월 할인재연",A1CP1020261000121664,"[가입 유지 선물] B tv+ 월 5,500원 이용 혜택 6개월 자동 연장_7월",PPV 등,"20260904","20260721","20260831",7
C2600OB,"26년 6월_B tv+ 비플리_UI 541 이상_1차 쿠폰(~6/7) & 배너(~6/30)_3",A1CP1020261000120872,[위클리 혜택] B tv+ 12개월 50% 할인,PM30000107,"20260628","20260520","20260630",1
C2600L5,"26년 5월_B tv+ 크런치롤_할인쿠폰",A1PR1020261000120053,[크런치롤] B tv 애니 장르 30% 할인,PPV 등,"20260531","20260225","20260531",2
C2600OE,[주기성] 26년 6월_B tv+ 짝수달 유료전환 테스트_UI 552 이상_TV팝업,,,PPV 등,,,,1308537
C2600NE,통합 월정액 첫달 무료_6월 1차,A1CP1020261000120948,[이용 감사 혜택] 주요 월정액 1개월 100% 할인 (택1),PM30000176,,"20260526","20260630",499755
C2600RQ,[팝업] B tv All+(조합형)(26.6.23)_4-1차,,,PPV 등,,,,579504
C2600V2,[팝업] 밸류애드팀 Btv 업_단기(26.7.14)_2-2차,,,PPV 등,,,,299847
C2600J5,"지상파 월정액 3개월 내내 5,500원_5월 1차",A1CP1020261000120660,"[온가족특가] 지상파 월정액 3개월 내내 월 5,500원",PM30000150,"20260510","20260422","20260531",94
C2600TO,<마이클> 할인쿠폰 프로모션,A1SA1020261000121261,"[마이클 런칭] 영화 3,300원 할인",PPV 등,"20260711","20260616","20260815",58
C2600N4,(주기성) 6월 쿠폰팩 GCP(5/24~6/21가입)_TB,A1CP1020261000120867,[FREE PASS] CJ ENM 1개월 무료_26년6월,PM30000154,"20260629","20260519","20260629",51
C2600LA,"26년 5월_B tv+ 비플리_UI 541 이상_1차(~5/17)_4(1770)",A1CP1020261000120853,[가정의 달] B tv+ 12개월 50% 할인 (~5/17),PM30000107,"20260513","20260507","20260517",17
C2600P6,[주기성] 26년 6월_B tv+ 비플리_UI 541 이상_2~4차_2,A1CP1020261000120872,[위클리 혜택] B tv+ 12개월 50% 할인,PM30000107,"20260620","20260520","20260630",59
C2600TL,"7월 성인 1+1 프로모션 (7/1~7/10)",A1SA1020261000121370,"[1+1이벤트] 3,300원 할인 쿠폰",PPV 등,"20260721","20260626","20260731",9
C2600UE,"26년 7월_B tv+ 비플리_UI 541 이상_쿠폰&배너_3",A1CP1020261000121365,[고객님만 혜택] B tv+ 반값 할인 (최대 12개월),PM30000107,"20260730","20260624","20260731",17
C2600TN,"7월 성인 1+1 프로모션_모바일 (7/1~7/10)",A1SA1020261000121371,"[1+1이벤트] 3,300원 할인 쿠폰 (모바일)",PPV 등,"20260712","20260626","20260731",53
C2600PS,"26년 6월_B tv+ 파격할인_UI 541 이상_2",A1CP1020261000120874,"[72시간 한정] B tv+ 12개월 월 5,500원 혜택",PM30000107,"20260611","20260526","20260614",22
C2600T0,"26년 6월_B tv+ KBO 올스타전_UI 541 이상_2",A1CP1020261000121364,"[올스타전 특가] B tv+ 월 5,500원 혜택 (최대 12개월)",PM30000107,"20260701","20260624","20260705",40
C2600T1,"26년 6월_B tv+ KBO 올스타전_UI 541 이상_3",A1CP1020261000121364,"[올스타전 특가] B tv+ 월 5,500원 혜택 (최대 12개월)",PM30000107,"20260704","20260624","20260705",43
C2600XD,"26년 7월_B tv+ 7월 4주차 복날 타임딜_UI 541 이상_1_F",A1CP1020261000121662,"[복날 치킨비] B tv+ 월 5,500원 이용 혜택 (최대 12개월)",PM30000107,"20260725","20260721","20260726",169
C2600M8,<짱구> 할인쿠폰 프로모션,A1SA1020261000120863,"[짱구 런칭] 영화 5,500원 할인",PPV 등,"20260617","20260518","20260630",14
C2600LZ,"26년 5월_B tv+ 비플리_UI 541 이상_2차(~5/25)_3(1770)",A1CP1020261000120859,[가정의 달] B tv+ 12개월 50% 할인 (~5/25),PM30000107,"20260521","20260515","20260525",12
C2600K8,<몽타주: 6일간의 추격> 타겟 프로모션_40%_0430,A1SA1020261000120748,[즉시 할인] 몽타주: 6일간의 추격 40% 할인쿠폰,PPV 등,"20260502","20260403","20260430",78
C2600J7,"지상파 월정액 3개월 내내 5,500원_5월 2차",A1CP1020261000120660,"[온가족특가] 지상파 월정액 3개월 내내 월 5,500원",PM30000150,"20260512","20260422","20260531",53
C2600KN,JTBC 월정액 첫달 무료_5월 1차,A1SA1020261000119567,[깜짝 특가] JTBC 월정액 1개월 100% 할인 쿠폰,PM30000269,"20260603","20260119","20261231",25
C2600P7,[주기성] 26년 6월_B tv+ 비플리_UI 541 이상_2~4차_3,A1CP1020261000120872,[위클리 혜택] B tv+ 12개월 50% 할인,PM30000107,"20260621","20260520","20260630",9
C2600OA,"26년 6월_B tv+ 비플리_UI 541 이상_1차 쿠폰(~6/7) & 배너(~6/30)_2",A1CP1020261000120872,[위클리 혜택] B tv+ 12개월 50% 할인,PM30000107,"20260602","20260520","20260630",50
C2600N4,(주기성) 6월 쿠폰팩 GCP(5/24~6/21가입)_TB,A1SA1020261000120869,[FREE PASS] SPOTV 프라임패키지 1개월 무료_26년6월,PM35000007,"20260618","20260519","20260629",10
C2600SC,<금발이 되고 싶어> 할인쿠폰 프로모션,A1SA1020261000121360,"[금발이 되고 싶어 런칭] 영화 5,500원 할인",PPV 등,"20260715","20260622","20260731",7
C2600Q5,<스위트 홈: 진격의 거인> 할인쿠폰 프로모션,A1SA1020261000121160,"[스위트 홈: 진격의 거인 런칭] 영화 3,300원 할인",PPV 등,"20260708","20260605","20260731",3
C2600X8,"26년 7월_B tv+ 7월 4주차 복날 타임딜_UI 541 이상_3_F",A1CP1020261000121662,"[복날 치킨비] B tv+ 월 5,500원 이용 혜택 (최대 12개월)",PM30000107,"20260724","20260721","20260726",41
C2600TK,<메가 샤크 어택> 할인쿠폰 프로모션,A1SA1020261000121369,"[메가 샤크 어택 런칭] 영화 5,500원 할인",PPV 등,"20260704","20260626","20260731",13
C2600O7,"2606_캐치온 해지방어_B tv+ Cross-sell",A1CP1020261000120958,[비밀 특가] B tv+ 1개월 100원,PM30000107,"20260608","20260528","20260712",2
C2600MM,"26년 5월_B tv+ 비플리_UI 541 이상_3차(~5/31)_3",A1CP1020261000120854,[가정의 달] B tv+ 12개월 50% 할인 (~5/31),PM30000107,,"20260507","20260531",790832
C2600SL,[팝업] 밸류애드팀 STB 교체(26.6.29)_5-1차,,,PPV 등,,,,249631
C2600U3,[팝업] 밸류애드팀 Btv 업_단기(26.7.7)_1-1차,,,PPV 등,,,,277471
C2600XV,[타겟] 최신 리모컨 무상 업그레이드 (7/29),,,PPV 등,,,,3358
C2600ND,"지상파 월정액 첫달 3,300원_6월 1차",A1CP1020261000120947,"[6월 특가] 지상파 월정액 1개월 13,200원 할인",PM30000150,"20260623","20260526","20260630",80
C2600TF,"지상파 월정액 3개월 5,500원_7월 1차",A1CP1020261000121373,"[쿨썸머 특가] 지상파 월정액 3개월 내내 월 5,500원",PM30000150,"20260711","20260629","20260731",157
C2600R5,<내 이름은> 할인쿠폰 프로모션,A1SA1020261000121159,"[내 이름은 런칭] 영화 5,500원 할인",PPV 등,"20260624","20260605","20260731",48
C2600P6,[주기성] 26년 6월_B tv+ 비플리_UI 541 이상_2~4차_2,A1CP1020261000120872,[위클리 혜택] B tv+ 12개월 50% 할인,PM30000107,"20260622","20260520","20260630",41
C2600P5,[주기성] 26년 6월_B tv+ 비플리_UI 541 이상_2~4차_1,A1CP1020261000120872,[위클리 혜택] B tv+ 12개월 50% 할인,PM30000107,"20260608","20260520","20260630",16
C2600TI,JTBC 월정액 3개월 70% 할인_7월 2차,A1SA1020261000121374,[쿨썸머 특가] JTBC 월정액 3개월 내내 70% 할인,PM30000269,"20260729","20260629","20260731",5
C2600SG,"CJ ENM 월정액 3개월 5,500원_7월 1차",A1CP1020261000121358,"[쿨썸머 특가] CJ ENM 월정액 3개월 내내 월 5,500원",PM30000154,"20260714","20260622","20260731",51
C2600J5,"지상파 월정액 3개월 내내 5,500원_5월 1차",A1CP1020261000120660,"[온가족특가] 지상파 월정액 3개월 내내 월 5,500원",PM30000150,"20260518","20260422","20260531",45
C2600KK,"CJ ENM 월정액 3개월 5,500원_5월 2차",A1CP1020261000120659,"[온가족특가] CJ ENM 월정액 3개월 내내 5,500원",PM30000154,"20260530","20260422","20260531",45
C2600NP,<모탈 컴뱃2> 할인쿠폰 프로모션,A1SA1020261000120959,"[모탈컴뱃2 런칭] 영화 5,500원 할인",PPV 등,"20260619","20260528","20260615",23
C2600UV,모아나 소장용 패키지 프로모션 (7/10),A1SA1020261000121465,"[모아나 패키지 구매] 영화 5,500원 할인",PPV 등,"20260714","20260708","20260831",4
C2600M8,<짱구> 할인쿠폰 프로모션,A1SA1020261000120863,"[짱구 런칭] 영화 5,500원 할인",PPV 등,"20260524","20260518","20260630",78
C2600XD,"26년 7월_B tv+ 7월 4주차 복날 타임딜_UI 541 이상_1_F",A1CP1020261000121662,"[복날 치킨비] B tv+ 월 5,500원 이용 혜택 (최대 12개월)",PM30000107,"20260723","20260721","20260726",89
C2600N5,(일회성) 6월 쿠폰팩 GCP(5/1~5/23가입)_TB,A1CP1020261000120866,[FREE PASS] 지상파 3사 1개월 무료_26년6월,PM30000150,"20260612","20260519","20260629",5
C2600LE,"CJ ENM 월정액 3개월 5,500원_5월 3차",A1CP1020261000120659,"[온가족특가] CJ ENM 월정액 3개월 내내 5,500원",PM30000154,"20260516","20260422","20260531",37
C2600TG,JTBC 월정액 3개월 70% 할인_7월 1차,A1SA1020261000121374,[쿨썸머 특가] JTBC 월정액 3개월 내내 70% 할인,PM30000269,"20260707","20260629","20260731",35
C2600Q3,"6월 성인 1+1 프로모션 (6/11~6/20)",A1SA1020261000121168,"[1+1이벤트] 3,300원 할인 쿠폰",PPV 등,"20260702","20260609","20260731",5
C2600Q3,"6월 성인 1+1 프로모션 (6/11~6/20)",A1SA1020261000121168,"[1+1이벤트] 3,300원 할인 쿠폰",PPV 등,"20260616","20260609","20260731",58
C2600TI,JTBC 월정액 3개월 70% 할인_7월 2차,A1SA1020261000121374,[쿨썸머 특가] JTBC 월정액 3개월 내내 70% 할인,PM30000269,"20260724","20260629","20260731",6
C2600TJ,<데드 오브 윈터> 할인쿠폰 프로모션,A1SA1020261000121361,"[데드 오브 윈터 런칭] 영화 3,300원 할인",PPV 등,"20260718","20260622","20260731",23
C2600P8,[주기성] 26년 6월_B tv+ 비플리_UI 541 이상_2~4차_4,A1CP1020261000120872,[위클리 혜택] B tv+ 12개월 50% 할인,PM30000107,"20260622","20260520","20260630",19
C2600SH,<납치 48시간> 할인쿠폰 프로모션,A1SA1020261000121265,"[납치 48시간 런칭] 영화 3,300원 할인",PPV 등,"20260716","20260616","20260831",3
C2600TK,<메가 샤크 어택> 할인쿠폰 프로모션,A1SA1020261000121369,"[메가 샤크 어택 런칭] 영화 5,500원 할인",PPV 등,"20260719","20260626","20260731",12
C2600N4,(주기성) 6월 쿠폰팩 GCP(5/24~6/21가입)_TB,A1CP1020261000120865,[FREE PASS] B tv+ 1개월 무료_26년6월,PM30000107,"20260610","20260519","20260629",9
C2600Q3,"6월 성인 1+1 프로모션 (6/11~6/20)",A1SA1020261000121168,"[1+1이벤트] 3,300원 할인 쿠폰",PPV 등,"20260701","20260609","20260731",4
C2600N5,(일회성) 6월 쿠폰팩 GCP(5/1~5/23가입)_TB,A1CP1020261000120866,[FREE PASS] 지상파 3사 1개월 무료_26년6월,PM30000150,"20260604","20260519","20260629",7
C2600R4,<피어스> 할인쿠폰 프로모션,A1SA1020261000121258,"[피어스 런칭] 영화 5,500원 할인",PPV 등,"20260701","20260615","20260731",2
C2600O7,"2606_캐치온 해지방어_B tv+ Cross-sell",A1CP1020261000120958,[비밀 특가] B tv+ 1개월 100원,PM30000107,"20260630","20260528","20260712",3
C2600QV,"6월 성인 1+1 프로모션_모바일 (6/11~6/20)_수정",A1SA1020261000121169,"[1+1이벤트] 3,300원 할인 쿠폰 (모바일)",PPV 등,"20260626","20260609","20260731",6
C2600UF,"26년 7월_B tv+ 비플리_UI 541 이상_쿠폰&배너_4",A1CP1020261000121365,[고객님만 혜택] B tv+ 반값 할인 (최대 12개월),PM30000107,"20260713","20260624","20260731",2
C2600N1,"26년 5월_B tv+ 당첨자_UI 541 이상_3(1770)",DummyOffer,,PPV 등,,,,791175
C2600PA,[팝업] 밸류애드팀 Btv 업_단기(26.6.9)_2-3차,,,PPV 등,,,,145419
C2600QP,"지상파 월정액 첫달 3,300원_6월 5차",A1CP1020261000120947,"[6월 특가] 지상파 월정액 1개월 13,200원 할인",PM30000150,,"20260526","20260630",499814
C2600J7,"지상파 월정액 3개월 내내 5,500원_5월 2차",A1CP1020261000120660,"[온가족특가] 지상파 월정액 3개월 내내 월 5,500원",PM30000150,"20260502","20260422","20260531",153
C2600NP,<모탈 컴뱃2> 할인쿠폰 프로모션,A1SA1020261000120959,"[모탈컴뱃2 런칭] 영화 5,500원 할인",PPV 등,"20260614","20260528","20260615",50
C2600O7,"2606_캐치온 해지방어_B tv+ Cross-sell",,,PPV 등,,,,511
C2600N5,(일회성) 6월 쿠폰팩 GCP(5/1~5/23가입)_TB,A1CP1020261000120865,[FREE PASS] B tv+ 1개월 무료_26년6월,PM30000107,"20260617","20260519","20260629",16
C2600TA,[주기성] 26년 7월_B tv+ 비플리_UI 541 이하_쿠폰,A1CP1020261000121366,[고객님만 혜택] B tv+ 반값 할인 (최대 12개월),PM30000107,"20260724","20260624","20260731",19
C2600P5,[주기성] 26년 6월_B tv+ 비플리_UI 541 이상_2~4차_1,A1CP1020261000120872,[위클리 혜택] B tv+ 12개월 50% 할인,PM30000107,"20260618","20260520","20260630",52
C2600TG,JTBC 월정액 3개월 70% 할인_7월 1차,A1SA1020261000121374,[쿨썸머 특가] JTBC 월정액 3개월 내내 70% 할인,PM30000269,"20260721","20260629","20260731",18
C2600TA,[주기성] 26년 7월_B tv+ 비플리_UI 541 이하_쿠폰,A1CP1020261000121366,[고객님만 혜택] B tv+ 반값 할인 (최대 12개월),PM30000107,"20260629","20260624","20260731",23
C2600O8,[주기성] 26년 6월_B tv+ 비플리_UI 541 이하_쿠폰,A1CP1020261000120872,[위클리 혜택] B tv+ 12개월 50% 할인,PM30000107,"20260625","20260520","20260630",14
C2600NO,<푸틴: 절대 권력의 최후> 할인쿠폰 프로모션,A1SA1020261000120952,"[푸틴: 절대 권력의 최후 런칭] 영화 3,300원 할인",PPV 등,"20260617","20260526","20260630",4
C2600UE,"26년 7월_B tv+ 비플리_UI 541 이상_쿠폰&배너_3",A1CP1020261000121365,[고객님만 혜택] B tv+ 반값 할인 (최대 12개월),PM30000107,"20260706","20260624","20260731",22
C2600N4,(주기성) 6월 쿠폰팩 GCP(5/24~6/21가입)_TB,A1CP1020261000120865,[FREE PASS] B tv+ 1개월 무료_26년6월,PM30000107,"20260611","20260519","20260629",22
C2600PZ,SPOTV 6월 첫달무료_1차_0612,A1SA1020261000121164,[축구 이벤트] SPOTV Prime 1개월 무료,PM35000007,"20260629","20260609","20260630",48
C2600SC,<금발이 되고 싶어> 할인쿠폰 프로모션,A1SA1020261000121360,"[금발이 되고 싶어 런칭] 영화 5,500원 할인",PPV 등,"20260712","20260622","20260731",6
C2600QV,"6월 성인 1+1 프로모션_모바일 (6/11~6/20)_수정",A1SA1020261000121169,"[1+1이벤트] 3,300원 할인 쿠폰 (모바일)",PPV 등,"20260616","20260609","20260731",13
C2600TF,"지상파 월정액 3개월 5,500원_7월 1차",A1CP1020261000121373,"[쿨썸머 특가] 지상파 월정액 3개월 내내 월 5,500원",PM30000150,"20260814","20260629","20260731",1
C2600KM,"지상파 월정액 3개월 내내 5,500원_5월 3차",A1CP1020261000120660,"[온가족특가] 지상파 월정액 3개월 내내 월 5,500원",PM30000150,"20260503","20260422","20260531",2
C2600SH,<납치 48시간> 할인쿠폰 프로모션,A1SA1020261000121265,"[납치 48시간 런칭] 영화 3,300원 할인",PPV 등,"20260626","20260616","20260831",2
C2600MV,[팝업] 밸류애드팀 Btv 업_장기(26.5.27)_4-1차,,,PPV 등,,,,404884
C2600SS,[팝업] B tv 스탠다드+(조합형)_(26.6.30)_5-1차,,,PPV 등,,,,444089
C2600T1,"26년 6월_B tv+ KBO 올스타전_UI 541 이상_3",A1CP1020261000121364,"[올스타전 특가] B tv+ 월 5,500원 혜택 (최대 12개월)",PM30000107,,"20260624","20260705",795414
C2600N4,(주기성) 6월 쿠폰팩 GCP(5/24~6/21가입)_TB,A1CP1020261000120865,[FREE PASS] B tv+ 1개월 무료_26년6월,PM30000107,"20260628","20260519","20260629",93
C2600JA,<오시리스> 할인쿠폰 프로모션,A1SA1020261000120652,"[오시리스 런칭] 영화 3,300원 할인",PPV 등,"20260518","20260421","20260531",14
C2600WC,"지상파 월정액 3개월 5,500원_7월 3차",A1CP1020261000121373,"[쿨썸머 특가] 지상파 월정액 3개월 내내 월 5,500원",PM30000150,"20260725","20260629","20260731",59
C2600UT,"7월 성인 1+1 앵콜 프로모션_모바일 (7/11~7/20)",A1SA1020261000121459,"[1+1 앵콜 이벤트] 3,300원 할인 쿠폰 (모바일)",PPV 등,"20260719","20260708","20260831",30
C2600S4,"6월 성인 1+1 프로모션_모바일 (6/21~6/30)",A1SA1020261000121171,"[1+1 앵콜 이벤트] 3,300원 할인 쿠폰 (모바일)",PPV 등,"20260709","20260609","20260731",15
C2600SG,"CJ ENM 월정액 3개월 5,500원_7월 1차",A1CP1020261000121358,"[쿨썸머 특가] CJ ENM 월정액 3개월 내내 월 5,500원",PM30000154,"20260722","20260622","20260731",30
C2600VM,<헬파이어: 시수의 길> 할인쿠폰 프로모션,A1SA1020261000121461,"[헬파이어: 시수의 길 런칭] 영화 5,500원 할인",PPV 등,"20260718","20260708","20260831",8
C2600XQ,통합 월정액 3개월 내내 80% 할인_8월 2차,A1CP1020261000121658,[쿨썸머 특가] 주요 월정액 3개월 내내 80% 할인 (택1),PM30000176,"20260801","20260720","20260731",1
C2600LW,수요1+1무비쿠폰(5월 쿠폰발급),A1PR1020261000120851,[연휴무비쿠폰] 20% 할인(5천원 이상 사용),PPV 등,"20260524","20260408","20260525",15
C2600TJ,<데드 오브 윈터> 할인쿠폰 프로모션,A1SA1020261000121361,"[데드 오브 윈터 런칭] 영화 3,300원 할인",PPV 등,"20260712","20260622","20260731",27
C2600NO,<푸틴: 절대 권력의 최후> 할인쿠폰 프로모션,A1SA1020261000120952,"[푸틴: 절대 권력의 최후 런칭] 영화 3,300원 할인",PPV 등,"20260619","20260526","20260630",6
C2600SC,<금발이 되고 싶어> 할인쿠폰 프로모션,A1SA1020261000121360,"[금발이 되고 싶어 런칭] 영화 5,500원 할인",PPV 등,"20260629","20260622","20260731",8
C2600NP,<모탈 컴뱃2> 할인쿠폰 프로모션,A1SA1020261000120959,"[모탈컴뱃2 런칭] 영화 5,500원 할인",PPV 등,"20260603","20260528","20260615",8
C2600QM,[보정용][주기성] 26년 6월_B tv+ 비플리_UI 541 이상_2~4차_1,A1CP1020261000120872,[위클리 혜택] B tv+ 12개월 50% 할인,PM30000107,"20260627","20260520","20260630",3
C2600QS,"6월 성인 1+1 프로모션_모바일_추가 (6/12~6/14 구매자)",A1SA1020261000121169,"[1+1이벤트] 3,300원 할인 쿠폰 (모바일)",PPV 등,"20260626","20260609","20260731",1
C2600JB,<극장의 시간들> 할인쿠폰 프로모션,A1SA1020261000120746,"[극장의 시간들 런칭] 영화 5,500원 할인",PPV 등,"20260517","20260428","20260531",1
C2600O6,"26년 6월_B tv+ 비플리_UI 541 이상_1차 쿠폰(~6/7) & 배너(~6/30)_1",A1CP1020261000120872,[위클리 혜택] B tv+ 12개월 50% 할인,PM30000107,"20260611","20260520","20260630",1
C2600O8,[주기성] 26년 6월_B tv+ 비플리_UI 541 이하_쿠폰,A1CP1020261000120872,[위클리 혜택] B tv+ 12개월 50% 할인,PM30000107,"20260728","20260520","20260630",1
C2600MB,<힌드의 목소리> 할인쿠폰 프로모션,A1SA1020261000120864,"[힌드의 목소리 런칭] 영화 5,500원 할인",PPV 등,"20260611","20260519","20260630",1
C2600L2,[팝업] 밸류애드팀 Btv 업_장기(26.5.13)_2-3차,,,PPV 등,,,,396123
C2600WS,[팝업] 밸류애드팀 Btv 업_단기(26.7.28)_4-2차,,,PPV 등,,,,298025
C2600RD,"<짱구> 타겟 프로모션_2,000원_0617",A1SA1020261000121267,"[즉시 할인] 짱구 2,200원 할인쿠폰",PPV 등,,"20260616","20260731",416213
C2600LW,수요1+1무비쿠폰(5월 쿠폰발급),A1PR1020261000120851,[연휴무비쿠폰] 20% 할인(5천원 이상 사용),PPV 등,,"20260408","20260525",836
C2600S3,"6월 성인 1+1 프로모션 (6/21~6/30)",A1SA1020261000121170,"[1+1 앵콜 이벤트] 3,300원 할인 쿠폰",PPV 등,"20260627","20260609","20260731",301
C2600WD,통합 월정액 3개월 내내 80% 할인,A1CP1020261000121658,[쿨썸머 특가] 주요 월정액 3개월 내내 80% 할인 (택1),PM30000176,"20260722","20260720","20260731",94
C2600TM,<신의 악단> 할인쿠폰 프로모션,A1SA1020261000121384,"[신의 악단 런칭] 영화 3,300원 할인",PPV 등,"20260708","20260630","20260731",47
C2600LE,"CJ ENM 월정액 3개월 5,500원_5월 3차",A1CP1020261000120659,"[온가족특가] CJ ENM 월정액 3개월 내내 5,500원",PM30000154,"20260523","20260422","20260531",20
C2600UU,"7월 성인 1+1 앵콜 프로모션_모바일 (7/11~7/20)",A1SA1020261000121458,"[1+1 앵콜 이벤트] 3,300원 할인 쿠폰",PPV 등,"20260714","20260708","20260831",196
C2600TL,"7월 성인 1+1 프로모션 (7/1~7/10)",A1SA1020261000121370,"[1+1이벤트] 3,300원 할인 쿠폰",PPV 등,"20260719","20260626","20260731",31
C2600KI,"JTBC 월정액 6개월 약정 3,300원_5월 3차",A1CP1020261000120658,"[온가족특가] JTBC 6개월 약정 기간 내내 월 3,300원",PM30000269,"20260517","20260421","20260531",3
C2600VN,<엘리베이션> 할인쿠폰 프로모션,A1SA1020261000121463,"[엘리베이션 런칭] 영화 3,300원 할인",PPV 등,"20260721","20260708","20260831",43
C2600O6,"26년 6월_B tv+ 비플리_UI 541 이상_1차 쿠폰(~6/7) & 배너(~6/30)_1",A1CP1020261000120872,[위클리 혜택] B tv+ 12개월 50% 할인,PM30000107,"20260614","20260520","20260630",8
C2600N5,(일회성) 6월 쿠폰팩 GCP(5/1~5/23가입)_TB,A1CP1020261000120865,[FREE PASS] B tv+ 1개월 무료_26년6월,PM30000107,"20260612","20260519","20260629",11
C2600UP,<서퍼> 할인쿠폰 프로모션,A1SA1020261000121460,"[서퍼 런칭] 영화 3,300원 할인",PPV 등,"20260731","20260708","20260831",4
C2600JB,<극장의 시간들> 할인쿠폰 프로모션,A1SA1020261000120746,"[극장의 시간들 런칭] 영화 5,500원 할인",PPV 등,"20260506","20260428","20260531",1
C2600WK,JTBC 월정액 3개월 70% 할인_7월 3차,A1SA1020261000121374,[쿨썸머 특가] JTBC 월정액 3개월 내내 70% 할인,PM30000269,"20260704","20260629","20260731",2
C2600PQ,통합 월정액 첫달 무료_6월 3차,A1CP1020261000120948,[이용 감사 혜택] 주요 월정액 1개월 100% 할인 (택1),PM30000176,"20260627","20260526","20260630",2
C2600N5,(일회성) 6월 쿠폰팩 GCP(5/1~5/23가입)_TB,A1CP1020261000120866,[FREE PASS] 지상파 3사 1개월 무료_26년6월,PM30000150,"20260626","20260519","20260629",3
C2600LG,<스피드> 할인쿠폰 프로모션,A1SA1020261000120858,"[스피드 런칭] 영화 5,500원 할인",PPV 등,"20260519","20260512","20260531",3
C2600JO,[팝업] 밸류애드팀 Btv 업_단기(26.5.05)_1-1차,,,PPV 등,,,,268888
C2600LH,[팝업] 밸류애드팀 STB 교체(26.5.18)_3-1차,,,PPV 등,,,,298956
C2600N3,[주기성/쿠폰] <살목지&K-공포상영회> 할인쿠폰 프로모션,A1PR1020261000120873,[K-공포 상영회] 영화 50% 할인,PPV 등,"20260604","20260520","20260609",19
C2600KK,"CJ ENM 월정액 3개월 5,500원_5월 2차",A1CP1020261000120659,"[온가족특가] CJ ENM 월정액 3개월 내내 5,500원",PM30000154,"20260525","20260422","20260531",50
C2600R1,JTBC 월정액 첫달 무료_6월 3차,A1SA1020261000119567,[깜짝 특가] JTBC 월정액 1개월 100% 할인 쿠폰,PM30000269,"20260624","20260119","20261231",123
C2600SU,"26년 6월_B tv+ KBO 올스타전_UI 541 이상_1",A1CP1020261000121364,"[올스타전 특가] B tv+ 월 5,500원 혜택 (최대 12개월)",PM30000107,"20260629","20260624","20260705",112
C2600KK,"CJ ENM 월정액 3개월 5,500원_5월 2차",A1CP1020261000120659,"[온가족특가] CJ ENM 월정액 3개월 내내 5,500원",PM30000154,"20260509","20260422","20260531",46
C2600PQ,통합 월정액 첫달 무료_6월 3차,A1CP1020261000120948,[이용 감사 혜택] 주요 월정액 1개월 100% 할인 (택1),PM30000176,"20260615","20260526","20260630",127
C2600T9,"26년 6월 B tv+ 할인 연장 캠페인_8월할인 7,700원",A1CP1020261000121368,"[가입 유지 선물] B tv+ 월 7,700원 이용 혜택 6개월 자동 연장_6월",PPV 등,"20260805","20260625","20260731",75
C2600SG,"CJ ENM 월정액 3개월 5,500원_7월 1차",A1CP1020261000121358,"[쿨썸머 특가] CJ ENM 월정액 3개월 내내 월 5,500원",PM30000154,"20260713","20260622","20260731",44
C2600S3,"6월 성인 1+1 프로모션 (6/21~6/30)",A1SA1020261000121170,"[1+1 앵콜 이벤트] 3,300원 할인 쿠폰",PPV 등,"20260629","20260609","20260731",379
C2600QM,[보정용][주기성] 26년 6월_B tv+ 비플리_UI 541 이상_2~4차_1,A1CP1020261000120872,[위클리 혜택] B tv+ 12개월 50% 할인,PM30000107,"20260615","20260520","20260630",34
C2600QR,"6월 성인 1+1 프로모션_추가 (6/12~14 구매자)",A1SA1020261000121168,"[1+1이벤트] 3,300원 할인 쿠폰",PPV 등,"20260625","20260609","20260731",56
C2600TG,JTBC 월정액 3개월 70% 할인_7월 1차,A1SA1020261000121374,[쿨썸머 특가] JTBC 월정액 3개월 내내 70% 할인,PM30000269,"20260705","20260629","20260731",88
C2600W7,"7월 성인 1+1 이열치열 프로모션 (7/21~/20)",A1SA1020261000121561,"[1+1 이열치열 이벤트] 3,300원 할인 쿠폰",PPV 등,"20260731","20260716","20260831",176
C2600T0,"26년 6월_B tv+ KBO 올스타전_UI 541 이상_2",A1CP1020261000121364,"[올스타전 특가] B tv+ 월 5,500원 혜택 (최대 12개월)",PM30000107,"20260703","20260624","20260705",54
C2600PZ,SPOTV 6월 첫달무료_1차_0612,A1SA1020261000121164,[축구 이벤트] SPOTV Prime 1개월 무료,PM35000007,"20260623","20260609","20260630",85
C2600TN,"7월 성인 1+1 프로모션_모바일 (7/1~7/10)",A1SA1020261000121371,"[1+1이벤트] 3,300원 할인 쿠폰 (모바일)",PPV 등,"20260707","20260626","20260731",59
C2600WG,<디스클로저 데이> 할인쿠폰 프로모션,A1SA1020261000121558,"[디스클로저 데이 런칭] 영화 3,300원 할인",PPV 등,"20260725","20260713","20260831",53
C2600TG,JTBC 월정액 3개월 70% 할인_7월 1차,A1SA1020261000121374,[쿨썸머 특가] JTBC 월정액 3개월 내내 70% 할인,PM30000269,"20260723","20260629","20260731",26
C2600N5,(일회성) 6월 쿠폰팩 GCP(5/1~5/23가입)_TB,A1CP1020261000120865,[FREE PASS] B tv+ 1개월 무료_26년6월,PM30000107,"20260607","20260519","20260629",26
C2600UT,"7월 성인 1+1 앵콜 프로모션_모바일 (7/11~7/20)",A1SA1020261000121459,"[1+1 앵콜 이벤트] 3,300원 할인 쿠폰 (모바일)",PPV 등,"20260717","20260708","20260831",39
C2600PZ,SPOTV 6월 첫달무료_1차_0612,A1SA1020261000121164,[축구 이벤트] SPOTV Prime 1개월 무료,PM35000007,"20260616","20260609","20260630",33
C2600VD,"CJ ENM 월정액 3개월 5,500원_7월 2차",A1CP1020261000121358,"[쿨썸머 특가] CJ ENM 월정액 3개월 내내 월 5,500원",PM30000154,"20260720","20260622","20260731",21
C2600KP,<왕과 사는 남자> 할인쿠폰 프로모션,A1SA1020261000120651,"[왕과 사는 남자 런칭] 영화 4,400원 할인",PPV 등,"20260520","20260421","20260531",4
C2600UD,"26년 7월_B tv+ 비플리_UI 541 이상_쿠폰&배너_2",A1CP1020261000121365,[고객님만 혜택] B tv+ 반값 할인 (최대 12개월),PM30000107,"20260717","20260624","20260731",3
C2600UE,"26년 7월_B tv+ 비플리_UI 541 이상_쿠폰&배너_3",A1CP1020261000121365,[고객님만 혜택] B tv+ 반값 할인 (최대 12개월),PM30000107,"20260717","20260624","20260731",3
C2600UC,"26년 7월_B tv+ 비플리_UI 541 이상_쿠폰&배너_1",A1CP1020261000121365,[고객님만 혜택] B tv+ 반값 할인 (최대 12개월),PM30000107,"20260725","20260624","20260731",3
C2600UE,"26년 7월_B tv+ 비플리_UI 541 이상_쿠폰&배너_3",A1CP1020261000121365,[고객님만 혜택] B tv+ 반값 할인 (최대 12개월),PM30000107,"20260726","20260624","20260731",1
C2600S7,토이스토리 소장용 패키지 프로모션 (6/18~6/21 발급),A1SA1020261000121259,"[토이 스토리 패키지 구매] 영화 5,500원 할인",PPV 등,"20260629","20260615","20260731",4
C2600UF,"26년 7월_B tv+ 비플리_UI 541 이상_쿠폰&배너_4",A1CP1020261000121365,[고객님만 혜택] B tv+ 반값 할인 (최대 12개월),PM30000107,"20260721","20260624","20260731",1
C2600KX,[팝업] 밸류애드팀 Btv 업_단기(26.5.12)_2-3차,,,PPV 등,,,,142440
C2600RU,[팝업] 밸류애드팀 Btv 업_장기(26.6.24)_4-3차,,,PPV 등,,,,373543
C2600JE,<캣 앤 독> 할인쿠폰 프로모션,A1SA1020261000120747,"[캣 앤 독 런칭] 영화 5,500원 할인",PPV 등,"20260523","20260428","20260531",4
C2600VW,[팝업] B tv 스탠다드+(조합형)_(26.7.21)_3-1차,,,PPV 등,,,,451235
C2600WP,[팝업] 밸류애드팀 STB 교체(26.7.27)_4-2차,,,PPV 등,,,,337653
C2600IP,"CJ ENM 월정액 3개월 5,500원_5월 1차",A1CP1020261000120659,"[온가족특가] CJ ENM 월정액 3개월 내내 5,500원",PM30000154,"20260531","20260422","20260531",99
C2600O6,"26년 6월_B tv+ 비플리_UI 541 이상_1차 쿠폰(~6/7) & 배너(~6/30)_1",A1CP1020261000120872,[위클리 혜택] B tv+ 12개월 50% 할인,PM30000107,"20260615","20260520","20260630",69
C2600PS,"26년 6월_B tv+ 파격할인_UI 541 이상_2",A1CP1020261000120874,"[72시간 한정] B tv+ 12개월 월 5,500원 혜택",PM30000107,"20260612","20260526","20260614",61
C2600TZ,"지상파 월정액 3개월 5,500원_7월 2차",A1CP1020261000121373,"[쿨썸머 특가] 지상파 월정액 3개월 내내 월 5,500원",PM30000150,"20260715","20260629","20260731",49
C2600S6,토이스토리 소장용 패키지 프로모션_수정,A1SA1020261000121259,"[토이 스토리 패키지 구매] 영화 5,500원 할인",PPV 등,"20260627","20260615","20260731",25
C2600Q5,<스위트 홈: 진격의 거인> 할인쿠폰 프로모션,A1SA1020261000121160,"[스위트 홈: 진격의 거인 런칭] 영화 3,300원 할인",PPV 등,"20260704","20260605","20260731",4
C2600VD,"CJ ENM 월정액 3개월 5,500원_7월 2차",A1CP1020261000121358,"[쿨썸머 특가] CJ ENM 월정액 3개월 내내 월 5,500원",PM30000154,"20260713","20260622","20260731",35
C2600XH,"26년 7월 B tv+ 50% 할인 연장 캠페인_25년9월할인",A1CP1020261000121665,[가입 유지 선물] B tv+ 50% 할인 혜택 6개월 자동 연장_7월,PPV 등,"20260907","20260721","20260831",53
C2600VD,"CJ ENM 월정액 3개월 5,500원_7월 2차",A1CP1020261000121358,"[쿨썸머 특가] CJ ENM 월정액 3개월 내내 월 5,500원",PM30000154,"20260719","20260622","20260731",20
C2600UE,"26년 7월_B tv+ 비플리_UI 541 이상_쿠폰&배너_3",A1CP1020261000121365,[고객님만 혜택] B tv+ 반값 할인 (최대 12개월),PM30000107,"20260712","20260624","20260731",20
C2600M8,<짱구> 할인쿠폰 프로모션,A1SA1020261000120863,"[짱구 런칭] 영화 5,500원 할인",PPV 등,"20260605","20260518","20260630",122
C2600R1,JTBC 월정액 첫달 무료_6월 3차,A1SA1020261000119567,[깜짝 특가] JTBC 월정액 1개월 100% 할인 쿠폰,PM30000269,"20260523","20260119","20261231",8
C2600OC,"26년 6월_B tv+ 비플리_UI 541 이상_1차 쿠폰(~6/7) & 배너(~6/30)_4",A1CP1020261000120872,[위클리 혜택] B tv+ 12개월 50% 할인,PM30000107,"20260608","20260520","20260630",8
C2600OP,"26년 6월_B tv+ 국내여행_(6/4~7)_0123",DummyOffer,,PPV 등,,,,1082453
C2600XB,"26년 7월_B tv+ 7월 4주차 복날 타임딜_UI 541 이상_4_F",A1CP1020261000121662,"[복날 치킨비] B tv+ 월 5,500원 이용 혜택 (최대 12개월)",PM30000107,,"20260721","20260726",301375
C2600LX,"26년 5월_B tv+ 비플리_UI 541 이상_2차(~5/25)_1(1770)",A1CP1020261000120859,[가정의 달] B tv+ 12개월 50% 할인 (~5/25),PM30000107,"20260524","20260515","20260525",104
C2600M6,JTBC 월정액 첫달 무료_5월 2차,A1SA1020261000119567,[깜짝 특가] JTBC 월정액 1개월 100% 할인 쿠폰,PM30000269,"20260512","20260119","20261231",1
C2600TT,<현상수배> 타겟 프로모션_30%_0702,A1SA1020261000121372,[즉시 할인] 현상수배 30% 할인쿠폰,PPV 등,"20260705","20260626","20260731",73
C2600S6,토이스토리 소장용 패키지 프로모션_수정,A1SA1020261000121259,"[토이 스토리 패키지 구매] 영화 5,500원 할인",PPV 등,,"20260615","20260731",1666
C2600R5,<내 이름은> 할인쿠폰 프로모션,A1SA1020261000121159,"[내 이름은 런칭] 영화 5,500원 할인",PPV 등,"20260706","20260605","20260731",12
C2600QR,"6월 성인 1+1 프로모션_추가 (6/12~14 구매자)",A1SA1020261000121168,"[1+1이벤트] 3,300원 할인 쿠폰",PPV 등,"20260624","20260609","20260731",66
C2600WK,JTBC 월정액 3개월 70% 할인_7월 3차,A1SA1020261000121374,[쿨썸머 특가] JTBC 월정액 3개월 내내 70% 할인,PM30000269,"20260724","20260629","20260731",12
C2600T6,"26년 6월 B tv+ 할인 연장 캠페인_광복절 5,500원",A1CP1020261000121367,"[가입 유지 선물] B tv+ 월 5,500원 이용 혜택 6개월 자동 연장_6월",PPV 등,"20260818","20260625","20260731",76
C2600T0,"26년 6월_B tv+ KBO 올스타전_UI 541 이상_2",A1CP1020261000121364,"[올스타전 특가] B tv+ 월 5,500원 혜택 (최대 12개월)",PM30000107,"20260625","20260624","20260705",45
C2600Q5,<스위트 홈: 진격의 거인> 할인쿠폰 프로모션,A1SA1020261000121160,"[스위트 홈: 진격의 거인 런칭] 영화 3,300원 할인",PPV 등,"20260702","20260605","20260731",9
C2600UP,<서퍼> 할인쿠폰 프로모션,A1SA1020261000121460,"[서퍼 런칭] 영화 3,300원 할인",PPV 등,"20260722","20260708","20260831",14
C2600NP,<모탈 컴뱃2> 할인쿠폰 프로모션,A1SA1020261000120959,"[모탈컴뱃2 런칭] 영화 5,500원 할인",PPV 등,"20260607","20260528","20260615",37
C2600N4,(주기성) 6월 쿠폰팩 GCP(5/24~6/21가입)_TB,A1CP1020261000120867,[FREE PASS] CJ ENM 1개월 무료_26년6월,PM30000154,"20260614","20260519","20260629",6
C2600VM,<헬파이어: 시수의 길> 할인쿠폰 프로모션,A1SA1020261000121461,"[헬파이어: 시수의 길 런칭] 영화 5,500원 할인",PPV 등,"20260719","20260708","20260831",22
C2600MI,JTBC 월정액 첫달 무료_6월 1차,A1SA1020261000119567,[깜짝 특가] JTBC 월정액 1개월 100% 할인 쿠폰,PM30000269,"20260622","20260119","20261231",25
C2600S4,"6월 성인 1+1 프로모션_모바일 (6/21~6/30)",A1SA1020261000121171,"[1+1 앵콜 이벤트] 3,300원 할인 쿠폰 (모바일)",PPV 등,"20260708","20260609","20260731",24
C2600WJ,"CJ ENM 월정액 3개월 5,500원_7월 3차",A1CP1020261000121358,"[쿨썸머 특가] CJ ENM 월정액 3개월 내내 월 5,500원",PM30000154,"20260728","20260622","20260731",12
C2600US,<잠금: 셧다운> 할인쿠폰 프로모션,A1SA1020261000121462,"[잠금: 셧다운 런칭] 영화 5,500원 할인",PPV 등,"20260731","20260708","20260831",6
C2600IP,"CJ ENM 월정액 3개월 5,500원_5월 1차",A1CP1020261000120659,"[온가족특가] CJ ENM 월정액 3개월 내내 5,500원",PM30000154,"20260618","20260422","20260531",1
C2600JE,<캣 앤 독> 할인쿠폰 프로모션,A1SA1020261000120747,"[캣 앤 독 런칭] 영화 5,500원 할인",PPV 등,"20260524","20260428","20260531",3
C2600LG,<스피드> 할인쿠폰 프로모션,A1SA1020261000120858,"[스피드 런칭] 영화 5,500원 할인",PPV 등,"20260606","20260512","20260531",1
C2600LE,"CJ ENM 월정액 3개월 5,500원_5월 3차",A1CP1020261000120659,"[온가족특가] CJ ENM 월정액 3개월 내내 5,500원",PM30000154,,"20260422","20260531",574272
C2600WT,[팝업] 밸류애드팀 Btv 업_단기(26.7.28)_4-3차,,,PPV 등,,,,134543
C2600PZ,SPOTV 6월 첫달무료_1차_0612,A1SA1020261000121164,[축구 이벤트] SPOTV Prime 1개월 무료,PM35000007,,"20260609","20260630",897129
C2600NP,<모탈 컴뱃2> 할인쿠폰 프로모션,A1SA1020261000120959,"[모탈컴뱃2 런칭] 영화 5,500원 할인",PPV 등,"20260615","20260528","20260615",33
C2600N4,(주기성) 6월 쿠폰팩 GCP(5/24~6/21가입)_TB,A1SA1020261000120869,[FREE PASS] SPOTV 프라임패키지 1개월 무료_26년6월,PM35000007,"20260626","20260519","20260629",31
C2600WB,"2607_비플/캐치온 왕사남 해지취소_3주차_토팝",,,PPV 등,,,,1805
C2600PP,"지상파 월정액 첫달 3,300원_6월 3차",A1CP1020261000120947,"[6월 특가] 지상파 월정액 1개월 13,200원 할인",PM30000150,"20260624","20260526","20260630",43
C2600J5,"지상파 월정액 3개월 내내 5,500원_5월 1차",A1CP1020261000120660,"[온가족특가] 지상파 월정액 3개월 내내 월 5,500원",PM30000150,"20260506","20260422","20260531",55
C2600KN,JTBC 월정액 첫달 무료_5월 1차,A1SA1020261000119567,[깜짝 특가] JTBC 월정액 1개월 100% 할인 쿠폰,PM30000269,"20260620","20260119","20261231",76
C2600O8,[주기성] 26년 6월_B tv+ 비플리_UI 541 이하_쿠폰,A1CP1020261000120872,[위클리 혜택] B tv+ 12개월 50% 할인,PM30000107,"20260530","20260520","20260630",3
C2600OA,"26년 6월_B tv+ 비플리_UI 541 이상_1차 쿠폰(~6/7) & 배너(~6/30)_2",A1CP1020261000120872,[위클리 혜택] B tv+ 12개월 50% 할인,PM30000107,"20260616","20260520","20260630",27
C2600UC,"26년 7월_B tv+ 비플리_UI 541 이상_쿠폰&배너_1",A1CP1020261000121365,[고객님만 혜택] B tv+ 반값 할인 (최대 12개월),PM30000107,"20260710","20260624","20260731",70
C2600TF,"지상파 월정액 3개월 5,500원_7월 1차",A1CP1020261000121373,"[쿨썸머 특가] 지상파 월정액 3개월 내내 월 5,500원",PM30000150,"20260712","20260629","20260731",130
C2600UV,모아나 소장용 패키지 프로모션 (7/10),A1SA1020261000121465,"[모아나 패키지 구매] 영화 5,500원 할인",PPV 등,"20260725","20260708","20260831",17
C2600OY,통합 월정액 첫달 무료_6월 2차,A1CP1020261000120948,[이용 감사 혜택] 주요 월정액 1개월 100% 할인 (택1),PM30000176,"20260627","20260526","20260630",20
C2600KM,"지상파 월정액 3개월 내내 5,500원_5월 3차",A1CP1020261000120660,"[온가족특가] 지상파 월정액 3개월 내내 월 5,500원",PM30000150,"20260511","20260422","20260531",24
C2600TT,<현상수배> 타겟 프로모션_30%_0702,A1SA1020261000121372,[즉시 할인] 현상수배 30% 할인쿠폰,PPV 등,"20260703","20260626","20260731",42
C2600O6,"26년 6월_B tv+ 비플리_UI 541 이상_1차 쿠폰(~6/7) & 배너(~6/30)_1",A1CP1020261000120872,[위클리 혜택] B tv+ 12개월 50% 할인,PM30000107,"20260606","20260520","20260630",153
C2600O8,[주기성] 26년 6월_B tv+ 비플리_UI 541 이하_쿠폰,A1CP1020261000120872,[위클리 혜택] B tv+ 12개월 50% 할인,PM30000107,"20270711","20260520","20260630",1
C2600N4,(주기성) 6월 쿠폰팩 GCP(5/24~6/21가입)_TB,A1CP1020261000120867,[FREE PASS] CJ ENM 1개월 무료_26년6월,PM30000154,"20260616","20260519","20260629",7
C2600NA,"26년 5월 B tv+ 할인 연장 캠페인_1주년 5,500원",A1CP1020261000120954,"[가입 유지 선물] B tv+ 월 5,500원 혜택 6개월 자동 연장_5월",PM30000107,"20260721","20260526","20260731",44
C2600UV,모아나 소장용 패키지 프로모션 (7/10),A1SA1020261000121465,"[모아나 패키지 구매] 영화 5,500원 할인",PPV 등,"20260729","20260708","20260831",8
C2600JA,<오시리스> 할인쿠폰 프로모션,A1SA1020261000120652,"[오시리스 런칭] 영화 3,300원 할인",PPV 등,"20260504","20260421","20260531",16
C2600T4,"26년 6월_B tv+ KBO 올스타전_UI 541 이상_4",A1CP1020261000121364,"[올스타전 특가] B tv+ 월 5,500원 혜택 (최대 12개월)",PM30000107,"20260701","20260624","20260705",4
C2600JZ,"JTBC 월정액 6개월 약정 3,300원_5월 2차",A1CP1020261000120658,"[온가족특가] JTBC 6개월 약정 기간 내내 월 3,300원",PM30000269,"20260511","20260421","20260531",10
C2600NN,<코드 네임: 알라룸> 할인쿠폰 프로모션,A1SA1020261000120951,"[코드 네임: 알라룸 런칭] 영화 5,500원 할인",PPV 등,"20260612","20260526","20260630",25
C2600QQ,통합 월정액 첫달 무료_6월 4차,A1CP1020261000120948,[이용 감사 혜택] 주요 월정액 1개월 100% 할인 (택1),PM30000176,"20260612","20260526","20260630",6
C2600OC,"26년 6월_B tv+ 비플리_UI 541 이상_1차 쿠폰(~6/7) & 배너(~6/30)_4",A1CP1020261000120872,[위클리 혜택] B tv+ 12개월 50% 할인,PM30000107,"20260601","20260520","20260630",23
C2600TN,"7월 성인 1+1 프로모션_모바일 (7/1~7/10)",A1SA1020261000121371,"[1+1이벤트] 3,300원 할인 쿠폰 (모바일)",PPV 등,"20260720","20260626","20260731",3
C2600QP,"지상파 월정액 첫달 3,300원_6월 5차",A1CP1020261000120947,"[6월 특가] 지상파 월정액 1개월 13,200원 할인",PM30000150,"20260615","20260526","20260630",1
C2600KN,JTBC 월정액 첫달 무료_5월 1차,A1SA1020261000119567,[깜짝 특가] JTBC 월정액 1개월 100% 할인 쿠폰,PM30000269,"20260602","20260119","20261231",1
C2600P7,[주기성] 26년 6월_B tv+ 비플리_UI 541 이상_2~4차_3,A1CP1020261000120872,[위클리 혜택] B tv+ 12개월 50% 할인,PM30000107,"20260624","20260520","20260630",4
C2600PR,"26년 6월_B tv+ 파격할인_UI 541 이상_1",A1CP1020261000120874,"[파격할인] B tv+ 12개월 월 5,500원 혜택",PM30000107,"20260630","20260520","20260531",1
C2600KO,<폭탄> 할인쿠폰 프로모션,A1SA1020261000120751,"[폭탄 런칭] 영화 5,500원 할인",PPV 등,"20260601","20260430","20260531",2
C2600XG,"26년 7월 B tv+ 할인 연장 캠페인_6개월/9개월 할인재연",A1CP1020261000121664,"[가입 유지 선물] B tv+ 월 5,500원 이용 혜택 6개월 자동 연장_7월",PPV 등,"20261023","20260721","20260831",1
C2600MB,<힌드의 목소리> 할인쿠폰 프로모션,A1SA1020261000120864,"[힌드의 목소리 런칭] 영화 5,500원 할인",PPV 등,"20260522","20260519","20260630",2
C2600P5,[주기성] 26년 6월_B tv+ 비플리_UI 541 이상_2~4차_1,DummyOffer,,PPV 등,,,,395285
C2600M4,"2605_SPOTV B캐시 프로모션_TV팝업 추가",,,PPV 등,,,,355498
C2600O1,"2606_주기성_전환동의 띠배너",,,PPV 등,,,,28252
C2600N4,(주기성) 6월 쿠폰팩 GCP(5/24~6/21가입)_TB,A1CP1020261000120867,[FREE PASS] CJ ENM 1개월 무료_26년6월,PM30000154,"20260623","20260519","20260629",14
C2600UL,"CJ ENM 월정액 3개월 5,500원_7월 1차(배너)",DummyOffer,,PPV 등,,,,498308
C2600N4,(주기성) 6월 쿠폰팩 GCP(5/24~6/21가입)_TB,A1CP1020261000120865,[FREE PASS] B tv+ 1개월 무료_26년6월,PM30000107,"20260627","20260519","20260629",118
C2600N4,(주기성) 6월 쿠폰팩 GCP(5/24~6/21가입)_TB,A1SA1020261000120869,[FREE PASS] SPOTV 프라임패키지 1개월 무료_26년6월,PM35000007,"20260629","20260519","20260629",36
C2600R1,JTBC 월정액 첫달 무료_6월 3차,A1SA1020261000119567,[깜짝 특가] JTBC 월정액 1개월 100% 할인 쿠폰,PM30000269,"20260622","20260119","20261231",151
C2600PR,"26년 6월_B tv+ 파격할인_UI 541 이상_1",A1CP1020261000120874,"[파격할인] B tv+ 12개월 월 5,500원 혜택",PM30000107,"20260613","20260520","20260531",183
C2600O0,"26년 6월_B tv+ 짝수달 유료전환 테스트_UI 552 이상",A1CP1020261000120870,[6월 한정] B tv+ 첫달 무료,PM30000107,"20260621","20260520","20260630",89
C2600UU,"7월 성인 1+1 앵콜 프로모션_모바일 (7/11~7/20)",A1SA1020261000121458,"[1+1 앵콜 이벤트] 3,300원 할인 쿠폰",PPV 등,"20260718","20260708","20260831",313
C2600S1,SPOTV 6월 첫달무료_2차_0622,A1SA1020261000121165,[MLB 이벤트] SPOTV Prime 1개월 무료,PM35000007,"20260622","20260609","20260630",141
C2600QU,"6월 성인 1+1 프로모션 (6/11~6/20)_수정",A1SA1020261000121168,"[1+1이벤트] 3,300원 할인 쿠폰",PPV 등,"20260625","20260609","20260731",141
C2600NE,통합 월정액 첫달 무료_6월 1차,A1CP1020261000120948,[이용 감사 혜택] 주요 월정액 1개월 100% 할인 (택1),PM30000176,"20260626","20260526","20260630",48
C2600S4,"6월 성인 1+1 프로모션_모바일 (6/21~6/30)",A1SA1020261000121171,"[1+1 앵콜 이벤트] 3,300원 할인 쿠폰 (모바일)",PPV 등,"20260703","20260609","20260731",38
C2600OA,"26년 6월_B tv+ 비플리_UI 541 이상_1차 쿠폰(~6/7) & 배너(~6/30)_2",A1CP1020261000120872,[위클리 혜택] B tv+ 12개월 50% 할인,PM30000107,"20260607","20260520","20260630",61
C2600TG,JTBC 월정액 3개월 70% 할인_7월 1차,A1SA1020261000121374,[쿨썸머 특가] JTBC 월정액 3개월 내내 70% 할인,PM30000269,"20260716","20260629","20260731",20
C2600LZ,"26년 5월_B tv+ 비플리_UI 541 이상_2차(~5/25)_3(1770)",A1CP1020261000120859,[가정의 달] B tv+ 12개월 50% 할인 (~5/25),PM30000107,"20260518","20260515","20260525",24
C2600T9,"26년 6월 B tv+ 할인 연장 캠페인_8월할인 7,700원",A1CP1020261000121368,"[가입 유지 선물] B tv+ 월 7,700원 이용 혜택 6개월 자동 연장_6월",PPV 등,"20260823","20260625","20260731",27
C2600K8,<몽타주: 6일간의 추격> 타겟 프로모션_40%_0430,A1SA1020261000120748,[즉시 할인] 몽타주: 6일간의 추격 40% 할인쿠폰,PPV 등,"20260504","20260403","20260430",30
C2600N4,(주기성) 6월 쿠폰팩 GCP(5/24~6/21가입)_TB,A1CP1020261000120867,[FREE PASS] CJ ENM 1개월 무료_26년6월,PM30000154,"20260602","20260519","20260629",4
C2600Q5,<스위트 홈: 진격의 거인> 할인쿠폰 프로모션,A1SA1020261000121160,"[스위트 홈: 진격의 거인 런칭] 영화 3,300원 할인",PPV 등,"20260623","20260605","20260731",15
C2600R6,<슈퍼 마리오 갤럭시> 할인쿠폰 프로모션,A1SA1020261000120961,"[슈퍼마리오 갤럭시 런칭] 영화 3,300원 할인",PPV 등,"20260624","20260529","20260623",7
C2600KN,JTBC 월정액 첫달 무료_5월 1차,A1SA1020261000119567,[깜짝 특가] JTBC 월정액 1개월 100% 할인 쿠폰,PM30000269,"20260624","20260119","20261231",13
C2600NI,<시에라 마드레: 카르텔 전쟁> 할인쿠폰 프로모션,A1SA1020261000120862,"[시에라 마드레: 카르텔 전쟁 런칭] 영화 5,500원 할인",PPV 등,"20260619","20260518","20260630",4
C2600KI,"JTBC 월정액 6개월 약정 3,300원_5월 3차",A1CP1020261000120658,"[온가족특가] JTBC 6개월 약정 기간 내내 월 3,300원",PM30000269,"20260516","20260421","20260531",1
C2600JZ,"JTBC 월정액 6개월 약정 3,300원_5월 2차",A1CP1020261000120658,"[온가족특가] JTBC 6개월 약정 기간 내내 월 3,300원",PM30000269,"20260520","20260421","20260531",4
C2600LI,[팝업] 밸류애드팀 STB 교체(26.5.18)_3-2차,,,PPV 등,,,,281982
C2600OC,"26년 6월_B tv+ 비플리_UI 541 이상_1차 쿠폰(~6/7) & 배너(~6/30)_4",A1CP1020261000120872,[위클리 혜택] B tv+ 12개월 50% 할인,PM30000107,,"20260520","20260630",797283
C2600W6,AI커머스광고 7월 프로모션_복날 챌린지,,,PPV 등,,,,4581262
C2600MI,JTBC 월정액 첫달 무료_6월 1차,A1SA1020261000119567,[깜짝 특가] JTBC 월정액 1개월 100% 할인 쿠폰,PM30000269,"20260606","20260119","20261231",204
C2600O6,"26년 6월_B tv+ 비플리_UI 541 이상_1차 쿠폰(~6/7) & 배너(~6/30)_1",A1CP1020261000120872,[위클리 혜택] B tv+ 12개월 50% 할인,PM30000107,"20260622","20260520","20260630",93
C2600N4,(주기성) 6월 쿠폰팩 GCP(5/24~6/21가입)_TB,A1CP1020261000120867,[FREE PASS] CJ ENM 1개월 무료_26년6월,PM30000154,"20260627","20260519","20260629",59
C2600TZ,"지상파 월정액 3개월 5,500원_7월 2차",A1CP1020261000121373,"[쿨썸머 특가] 지상파 월정액 3개월 내내 월 5,500원",PM30000150,"20260723","20260629","20260731",50
C2600S3,"6월 성인 1+1 프로모션 (6/21~6/30)",A1SA1020261000121170,"[1+1 앵콜 이벤트] 3,300원 할인 쿠폰",PPV 등,"20260625","20260609","20260731",289
C2600X8,"26년 7월_B tv+ 7월 4주차 복날 타임딜_UI 541 이상_3_F",A1CP1020261000121662,"[복날 치킨비] B tv+ 월 5,500원 이용 혜택 (최대 12개월)",PM30000107,"20260726","20260721","20260726",37
C2600KM,"지상파 월정액 3개월 내내 5,500원_5월 3차",A1CP1020261000120660,"[온가족특가] 지상파 월정액 3개월 내내 월 5,500원",PM30000150,"20260518","20260422","20260531",18
C2600PZ,SPOTV 6월 첫달무료_1차_0612,A1SA1020261000121164,[축구 이벤트] SPOTV Prime 1개월 무료,PM35000007,"20260625","20260609","20260630",29
C2600NA,"26년 5월 B tv+ 할인 연장 캠페인_1주년 5,500원",A1CP1020261000120954,"[가입 유지 선물] B tv+ 월 5,500원 혜택 6개월 자동 연장_5월",PM30000107,"20260728","20260526","20260731",73
C2600NL,<쉘터> 할인쿠폰 프로모션,A1SA1020261000120861,"[쉘터 런칭] 영화 3,300원 할인",PPV 등,"20260608","20260518","20260630",23
C2600O7,"2606_캐치온 해지방어_B tv+ Cross-sell",A1CP1020261000120958,[비밀 특가] B tv+ 1개월 100원,PM30000107,"20260610","20260528","20260712",2
C2600QN,"지상파 월정액 첫달 3,300원_6월 4차",A1CP1020261000120947,"[6월 특가] 지상파 월정액 1개월 13,200원 할인",PM30000150,"20260624","20260526","20260630",62
C2600PY,SPOTV 6월 첫달무료_1차_0611,A1SA1020261000121164,[축구 이벤트] SPOTV Prime 1개월 무료,PM35000007,"20260625","20260609","20260630",44
C2600IP,"CJ ENM 월정액 3개월 5,500원_5월 1차",A1CP1020261000120659,"[온가족특가] CJ ENM 월정액 3개월 내내 5,500원",PM30000154,"20260522","20260422","20260531",30
C2600QQ,통합 월정액 첫달 무료_6월 4차,A1CP1020261000120948,[이용 감사 혜택] 주요 월정액 1개월 100% 할인 (택1),PM30000176,"20260617","20260526","20260630",12
C2600US,<잠금: 셧다운> 할인쿠폰 프로모션,A1SA1020261000121462,"[잠금: 셧다운 런칭] 영화 5,500원 할인",PPV 등,"20260725","20260708","20260831",13
C2600N5,(일회성) 6월 쿠폰팩 GCP(5/1~5/23가입)_TB,A1CP1020261000120866,[FREE PASS] 지상파 3사 1개월 무료_26년6월,PM30000150,"20260605","20260519","20260629",11
C2600KM,"지상파 월정액 3개월 내내 5,500원_5월 3차",A1CP1020261000120660,"[온가족특가] 지상파 월정액 3개월 내내 월 5,500원",PM30000150,"20260521","20260422","20260531",15
C2600WF,<군체[예약구매]> 할인쿠폰 프로모션,A1SA1020261000121562,"[군체 예약] 영화 4,400원 할인",PPV 등,"20260730","20260716","20260831",33
C2600QV,"6월 성인 1+1 프로모션_모바일 (6/11~6/20)_수정",A1SA1020261000121169,"[1+1이벤트] 3,300원 할인 쿠폰 (모바일)",PPV 등,"20260620","20260609","20260731",14
C2600VD,"CJ ENM 월정액 3개월 5,500원_7월 2차",A1CP1020261000121358,"[쿨썸머 특가] CJ ENM 월정액 3개월 내내 월 5,500원",PM30000154,"20260714","20260622","20260731",30
C2600NN,<코드 네임: 알라룸> 할인쿠폰 프로모션,A1SA1020261000120951,"[코드 네임: 알라룸 런칭] 영화 5,500원 할인",PPV 등,"20260617","20260526","20260630",10
C2600PR,"26년 6월_B tv+ 파격할인_UI 541 이상_1",A1CP1020261000120874,"[72시간 한정] B tv+ 12개월 월 5,500원 혜택",PM30000107,"20260610","20260526","20260614",14
C2600KK,"CJ ENM 월정액 3개월 5,500원_5월 2차",A1CP1020261000120659,"[온가족특가] CJ ENM 월정액 3개월 내내 5,500원",PM30000154,"20260521","20260422","20260531",26
C2600TI,JTBC 월정액 3개월 70% 할인_7월 2차,A1SA1020261000121374,[쿨썸머 특가] JTBC 월정액 3개월 내내 70% 할인,PM30000269,"20260720","20260629","20260731",9
C2600N4,(주기성) 6월 쿠폰팩 GCP(5/24~6/21가입)_TB,A1SA1020261000120868,[FREE PASS] JTBC 1개월 무료_26년6월,PM30000269,"20260612","20260519","20260629",6
C2600PV,"26년 6월_B tv+ 파격할인_UI 541 이하_5",A1CP1020261000120874,"[72시간 한정] B tv+ 12개월 월 5,500원 혜택",PM30000107,"20260612","20260526","20260614",20
C2600OB,"26년 6월_B tv+ 비플리_UI 541 이상_1차 쿠폰(~6/7) & 배너(~6/30)_3",A1CP1020261000120872,[위클리 혜택] B tv+ 12개월 50% 할인,PM30000107,"20260608","20260520","20260630",3
C2600OC,"26년 6월_B tv+ 비플리_UI 541 이상_1차 쿠폰(~6/7) & 배너(~6/30)_4",A1CP1020261000120872,[위클리 혜택] B tv+ 12개월 50% 할인,PM30000107,"20260626","20260520","20260630",4
C2600O7,"2606_캐치온 해지방어_B tv+ Cross-sell",A1CP1020261000120958,[비밀 특가] B tv+ 1개월 100원,PM30000107,"20260701","20260528","20260712",1
C2600UT,"7월 성인 1+1 앵콜 프로모션_모바일 (7/11~7/20)",A1SA1020261000121459,"[1+1 앵콜 이벤트] 3,300원 할인 쿠폰 (모바일)",PPV 등,"20260730","20260708","20260831",1
C2600WJ,"CJ ENM 월정액 3개월 5,500원_7월 3차",A1CP1020261000121358,"[쿨썸머 특가] CJ ENM 월정액 3개월 내내 월 5,500원",PM30000154,"20260704","20260622","20260731",2
C2600MB,<힌드의 목소리> 할인쿠폰 프로모션,A1SA1020261000120864,"[힌드의 목소리 런칭] 영화 5,500원 할인",PPV 등,"20260524","20260519","20260630",1
C2600JN,[팝업] 밸류애드팀 STB 교체(26.5.04)_1-3차,,,PPV 등,,,,283885
C2600SJ,[주기성]프라다입고문워크 신작혜택파티 프로모션,A1PR1020261000121272,[신작혜택파티] 영화 30% 할인(악마는프라다2 외 대상작),PPV 등,"20260705","20260618","20260706",159
C2600QR,"6월 성인 1+1 프로모션_추가 (6/12~14 구매자)",A1SA1020261000121168,"[1+1이벤트] 3,300원 할인 쿠폰",PPV 등,"20260620","20260609","20260731",204
C2600RD,"<짱구> 타겟 프로모션_2,000원_0617",A1SA1020261000121267,"[즉시 할인] 짱구 2,200원 할인쿠폰",PPV 등,"20260621","20260616","20260731",92
C2600SU,"26년 6월_B tv+ KBO 올스타전_UI 541 이상_1",A1CP1020261000121364,"[올스타전 특가] B tv+ 월 5,500원 혜택 (최대 12개월)",PM30000107,"20260701","20260624","20260705",116
C2600PN,JTBC 월정액 첫달 무료_6월 2차,A1SA1020261000119567,[깜짝 특가] JTBC 월정액 1개월 100% 할인 쿠폰,PM30000269,"20260617","20260119","20261231",226
C2600NA,"26년 5월 B tv+ 할인 연장 캠페인_1주년 5,500원",A1CP1020261000120954,"[가입 유지 선물] B tv+ 월 5,500원 혜택 6개월 자동 연장_5월",PM30000107,"20260731","20260526","20260731",63
C2600UV,모아나 소장용 패키지 프로모션 (7/10),A1SA1020261000121465,"[모아나 패키지 구매] 영화 5,500원 할인",PPV 등,,"20260708","20260831",627
C2600XG,"26년 7월 B tv+ 할인 연장 캠페인_6개월/9개월 할인재연",A1CP1020261000121664,"[가입 유지 선물] B tv+ 월 5,500원 이용 혜택 6개월 자동 연장_7월",PPV 등,"20261009","20260721","20260831",107
C2600X8,"26년 7월_B tv+ 7월 4주차 복날 타임딜_UI 541 이상_3_F",A1CP1020261000121662,"[복날 치킨비] B tv+ 월 5,500원 이용 혜택 (최대 12개월)",PM30000107,"20260723","20260721","20260726",19
C2600XG,"26년 7월 B tv+ 할인 연장 캠페인_6개월/9개월 할인재연",A1CP1020261000121664,"[가입 유지 선물] B tv+ 월 5,500원 이용 혜택 6개월 자동 연장_7월",PPV 등,"20260923","20260721","20260831",38
C2600TF,"지상파 월정액 3개월 5,500원_7월 1차",A1CP1020261000121373,"[쿨썸머 특가] 지상파 월정액 3개월 내내 월 5,500원",PM30000150,"20260720","20260629","20260731",70
C2600NI,<시에라 마드레: 카르텔 전쟁> 할인쿠폰 프로모션,A1SA1020261000120862,"[시에라 마드레: 카르텔 전쟁 런칭] 영화 5,500원 할인",PPV 등,"20260612","20260518","20260630",17
C2600QV,"6월 성인 1+1 프로모션_모바일 (6/11~6/20)_수정",A1SA1020261000121169,"[1+1이벤트] 3,300원 할인 쿠폰 (모바일)",PPV 등,"20260624","20260609","20260731",16
C2600TA,[주기성] 26년 7월_B tv+ 비플리_UI 541 이하_쿠폰,A1CP1020261000121366,[고객님만 혜택] B tv+ 반값 할인 (최대 12개월),PM30000107,"20260718","20260624","20260731",35
C2600UV,모아나 소장용 패키지 프로모션 (7/10),A1SA1020261000121465,"[모아나 패키지 구매] 영화 5,500원 할인",PPV 등,"20260716","20260708","20260831",8
C2600Q3,"6월 성인 1+1 프로모션 (6/11~6/20)",A1SA1020261000121168,"[1+1이벤트] 3,300원 할인 쿠폰",PPV 등,"20260624","20260609","20260731",14
C2600NI,<시에라 마드레: 카르텔 전쟁> 할인쿠폰 프로모션,A1SA1020261000120862,"[시에라 마드레: 카르텔 전쟁 런칭] 영화 5,500원 할인",PPV 등,"20260625","20260518","20260630",1
C2600NO,<푸틴: 절대 권력의 최후> 할인쿠폰 프로모션,A1SA1020261000120952,"[푸틴: 절대 권력의 최후 런칭] 영화 3,300원 할인",PPV 등,"20260626","20260526","20260630",1
C2600JS,[팝업] B tv 스탠다드+(조합형)_(26.5.05)_1-1차,,,PPV 등,,,,435171
C2600QB,[팝업] B tv All+(조합형)(26.6.16)_3-1차,,,PPV 등,,,,584505
C2600MZ,"2605_무빙 연장 동의_TV팝업_9차",,,PPV 등,,,,4266
C2600N5,(일회성) 6월 쿠폰팩 GCP(5/1~5/23가입)_TB,A1CP1020261000120866,[FREE PASS] 지상파 3사 1개월 무료_26년6월,PM30000150,"20260627","20260519","20260629",23
C2600R7,노후 AP 교체 안내 TV팝업_2차,,,PPV 등,,,,42706
C2600KN,JTBC 월정액 첫달 무료_5월 1차,A1SA1020261000119567,[깜짝 특가] JTBC 월정액 1개월 100% 할인 쿠폰,PM30000269,"20260514","20260119","20261231",96
C2600VN,<엘리베이션> 할인쿠폰 프로모션,A1SA1020261000121463,"[엘리베이션 런칭] 영화 3,300원 할인",PPV 등,,"20260708","20260831",1844
C2600NP,<모탈 컴뱃2> 할인쿠폰 프로모션,A1SA1020261000120959,"[모탈컴뱃2 런칭] 영화 5,500원 할인",PPV 등,,"20260528","20260615",717
C2600JZ,"JTBC 월정액 6개월 약정 3,300원_5월 2차",A1CP1020261000120658,"[온가족특가] JTBC 6개월 약정 기간 내내 월 3,300원",PM30000269,"20260531","20260421","20260531",25
C2600OY,통합 월정액 첫달 무료_6월 2차,A1CP1020261000120948,[이용 감사 혜택] 주요 월정액 1개월 100% 할인 (택1),PM30000176,"20260621","20260526","20260630",10
C2600TG,JTBC 월정액 3개월 70% 할인_7월 1차,A1SA1020261000121374,[쿨썸머 특가] JTBC 월정액 3개월 내내 70% 할인,PM30000269,"20260727","20260629","20260731",24
C2600J7,"지상파 월정액 3개월 내내 5,500원_5월 2차",A1CP1020261000120660,"[온가족특가] 지상파 월정액 3개월 내내 월 5,500원",PM30000150,"20260513","20260422","20260531",40
C2600R1,JTBC 월정액 첫달 무료_6월 3차,A1SA1020261000119567,[깜짝 특가] JTBC 월정액 1개월 100% 할인 쿠폰,PM30000269,"20260512","20260119","20261231",16
C2600NH,<리 크로닌의 미이라> 할인쿠폰 프로모션,A1SA1020261000120855,"[리 크로닌의 미이라] 영화 3,300원 할인",PPV 등,"20260603","20260507","20260630",41
C2600S9,통합 월정액 첫달 90% 할인_추가 1차,A1CP1020261000121363,[쿨썸머 파격 특가] 주요 월정액 첫달 90% 할인 (택1),PM30000176,"20260628","20260622","20260629",118
C2600J5,"지상파 월정액 3개월 내내 5,500원_5월 1차",A1CP1020261000120660,"[온가족특가] 지상파 월정액 3개월 내내 월 5,500원",PM30000150,"20260513","20260422","20260531",42
C2600S4,"6월 성인 1+1 프로모션_모바일 (6/21~6/30)",A1SA1020261000121171,"[1+1 앵콜 이벤트] 3,300원 할인 쿠폰 (모바일)",PPV 등,"20260626","20260609","20260731",43
C2600O8,[주기성] 26년 6월_B tv+ 비플리_UI 541 이하_쿠폰,A1CP1020261000120872,[위클리 혜택] B tv+ 12개월 50% 할인,PM30000107,"20260601","20260520","20260630",12
C2600R6,<슈퍼 마리오 갤럭시> 할인쿠폰 프로모션,A1SA1020261000120961,"[슈퍼마리오 갤럭시 런칭] 영화 3,300원 할인",PPV 등,"20260709","20260529","20260623",4
C2600SJ,[주기성]프라다입고문워크 신작혜택파티 프로모션,A1PR1020261000121272,[신작혜택파티] 영화 30% 할인(악마는프라다2 외 대상작),PPV 등,"20260703","20260618","20260706",96
C2600SC,<금발이 되고 싶어> 할인쿠폰 프로모션,A1SA1020261000121360,"[금발이 되고 싶어 런칭] 영화 5,500원 할인",PPV 등,"20260710","20260622","20260731",9
C2600TI,JTBC 월정액 3개월 70% 할인_7월 2차,A1SA1020261000121374,[쿨썸머 특가] JTBC 월정액 3개월 내내 70% 할인,PM30000269,"20260731","20260629","20260731",5
C2600LE,"CJ ENM 월정액 3개월 5,500원_5월 3차",A1CP1020261000120659,"[온가족특가] CJ ENM 월정액 3개월 내내 5,500원",PM30000154,"20260530","20260422","20260531",40
C2600VD,"CJ ENM 월정액 3개월 5,500원_7월 2차",A1CP1020261000121358,"[쿨썸머 특가] CJ ENM 월정액 3개월 내내 월 5,500원",PM30000154,"20260730","20260622","20260731",23
C2600R6,<슈퍼 마리오 갤럭시> 할인쿠폰 프로모션,A1SA1020261000120961,"[슈퍼마리오 갤럭시 런칭] 영화 3,300원 할인",PPV 등,"20260705","20260529","20260623",16
C2600O6,"26년 6월_B tv+ 비플리_UI 541 이상_1차 쿠폰(~6/7) & 배너(~6/30)_1",A1CP1020261000120872,[위클리 혜택] B tv+ 12개월 50% 할인,PM30000107,"20260628","20260520","20260630",6
C2600TZ,"지상파 월정액 3개월 5,500원_7월 2차",A1CP1020261000121373,"[쿨썸머 특가] 지상파 월정액 3개월 내내 월 5,500원",PM30000150,"20260727","20260629","20260731",55
C2600WK,JTBC 월정액 3개월 70% 할인_7월 3차,A1SA1020261000121374,[쿨썸머 특가] JTBC 월정액 3개월 내내 70% 할인,PM30000269,"20260727","20260629","20260731",9
C2600O8,[주기성] 26년 6월_B tv+ 비플리_UI 541 이하_쿠폰,A1CP1020261000120872,[위클리 혜택] B tv+ 12개월 50% 할인,PM30000107,"20260606","20260520","20260630",21
C2600WI,<뮌터 & 칸딘스키 - 사랑의 초상> 할인쿠폰 프로모션,A1SA1020261000121560,"[뮌터 & 칸딘스키 - 사랑의 초상 런칭] 영화 5,500원 할인",PPV 등,,"20260716","20260831",22
C2600N4,(주기성) 6월 쿠폰팩 GCP(5/24~6/21가입)_TB,A1SA1020261000120868,[FREE PASS] JTBC 1개월 무료_26년6월,PM30000269,"20260605","20260519","20260629",2
C2600PN,JTBC 월정액 첫달 무료_6월 2차,A1SA1020261000119567,[깜짝 특가] JTBC 월정액 1개월 100% 할인 쿠폰,PM30000269,"20260624","20260119","20261231",1
C2600Q7,[팝업] 밸류애드팀 STB 교체(26.6.15))_3-3차,,,PPV 등,,,,216840
C2600X9,비캐시 혜택위크 프로모션 안내(2),,,PPV 등,,,,1644449
C2600R1,JTBC 월정액 첫달 무료_6월 3차,A1SA1020261000119567,[깜짝 특가] JTBC 월정액 1개월 100% 할인 쿠폰,PM30000269,"20260623","20260119","20261231",131
C2600WW,AI커머스광고 7월 프로모션_복날 챌린지 2차,,,PPV 등,,,,4592692
C2600WK,JTBC 월정액 3개월 70% 할인_7월 3차,A1SA1020261000121374,[쿨썸머 특가] JTBC 월정액 3개월 내내 70% 할인,PM30000269,,"20260629","20260731",418061
C2600PR,"26년 6월_B tv+ 파격할인_UI 541 이상_1",A1CP1020261000120874,"[72시간 한정] B tv+ 12개월 월 5,500원 혜택",PM30000107,"20260612","20260526","20260614",128
C2600IP,"CJ ENM 월정액 3개월 5,500원_5월 1차",A1CP1020261000120659,"[온가족특가] CJ ENM 월정액 3개월 내내 5,500원",PM30000154,"20260518","20260422","20260531",53
C2600P8,[주기성] 26년 6월_B tv+ 비플리_UI 541 이상_2~4차_4,A1CP1020261000120872,[위클리 혜택] B tv+ 12개월 50% 할인,PM30000107,"20260624","20260520","20260630",11
C2600M8,<짱구> 할인쿠폰 프로모션,A1SA1020261000120863,"[짱구 런칭] 영화 5,500원 할인",PPV 등,"20260609","20260518","20260630",57
C2600QR,"6월 성인 1+1 프로모션_추가 (6/12~14 구매자)",A1SA1020261000121168,"[1+1이벤트] 3,300원 할인 쿠폰",PPV 등,"20260628","20260609","20260731",68
C2600R1,JTBC 월정액 첫달 무료_6월 3차,A1SA1020261000119567,[깜짝 특가] JTBC 월정액 1개월 100% 할인 쿠폰,PM30000269,"20260511","20260119","20261231",21
C2600SG,"CJ ENM 월정액 3개월 5,500원_7월 1차",A1CP1020261000121358,"[쿨썸머 특가] CJ ENM 월정액 3개월 내내 월 5,500원",PM30000154,"20260728","20260622","20260731",51
C2600TN,"7월 성인 1+1 프로모션_모바일 (7/1~7/10)",A1SA1020261000121371,"[1+1이벤트] 3,300원 할인 쿠폰 (모바일)",PPV 등,"20260717","20260626","20260731",10
C2600NH,<리 크로닌의 미이라> 할인쿠폰 프로모션,A1SA1020261000120855,"[리 크로닌의 미이라] 영화 3,300원 할인",PPV 등,"20260613","20260507","20260630",29
C2600JA,<오시리스> 할인쿠폰 프로모션,A1SA1020261000120652,"[오시리스 런칭] 영화 3,300원 할인",PPV 등,"20260505","20260421","20260531",17
C2600Q5,<스위트 홈: 진격의 거인> 할인쿠폰 프로모션,A1SA1020261000121160,"[스위트 홈: 진격의 거인 런칭] 영화 3,300원 할인",PPV 등,"20260622","20260605","20260731",12
C2600M6,JTBC 월정액 첫달 무료_5월 2차,A1SA1020261000119567,[깜짝 특가] JTBC 월정액 1개월 100% 할인 쿠폰,PM30000269,"20260615","20260119","20261231",18
C2600SA,SPOTV 6월 첫달무료_1차_0623,A1SA1020261000121164,[축구 이벤트] SPOTV Prime 1개월 무료,PM35000007,"20260626","20260609","20260630",30
C2600QS,"6월 성인 1+1 프로모션_모바일_추가 (6/12~6/14 구매자)",A1SA1020261000121169,"[1+1이벤트] 3,300원 할인 쿠폰 (모바일)",PPV 등,"20260624","20260609","20260731",4
C2600W2,"26년 7월_B tv+ KBS 이승철 콘서트_타임딜_UI 541 이상_3",A1CP1020261000121559,"[이승철 특가] B tv+ 월 5,500원 이용 혜택 (최대 12개월)",PM30000107,"20260717","20260714","20260722",64
C2600TJ,<데드 오브 윈터> 할인쿠폰 프로모션,A1SA1020261000121361,"[데드 오브 윈터 런칭] 영화 3,300원 할인",PPV 등,"20260720","20260622","20260731",9
C2600XG,"26년 7월 B tv+ 할인 연장 캠페인_6개월/9개월 할인재연",A1CP1020261000121664,"[가입 유지 선물] B tv+ 월 5,500원 이용 혜택 6개월 자동 연장_7월",PPV 등,"20260929","20260721","20260831",11
C2600L9,"26년 5월_B tv+ 비플리_UI 541 이상_1차(~5/17)_3(1770)",A1CP1020261000120853,[가정의 달] B tv+ 12개월 50% 할인 (~5/17),PM30000107,"20260511","20260507","20260517",5
C2600JE,<캣 앤 독> 할인쿠폰 프로모션,A1SA1020261000120747,"[캣 앤 독 런칭] 영화 5,500원 할인",PPV 등,"20260508","20260428","20260531",8
C2600KN,JTBC 월정액 첫달 무료_5월 1차,A1SA1020261000119567,[깜짝 특가] JTBC 월정액 1개월 100% 할인 쿠폰,PM30000269,"20260615","20260119","20261231",12
C2600TK,<메가 샤크 어택> 할인쿠폰 프로모션,A1SA1020261000121369,"[메가 샤크 어택 런칭] 영화 5,500원 할인",PPV 등,"20260708","20260626","20260731",28
C2600N5,(일회성) 6월 쿠폰팩 GCP(5/1~5/23가입)_TB,A1CP1020261000120865,[FREE PASS] B tv+ 1개월 무료_26년6월,PM30000107,"20260615","20260519","20260629",9
C2600TI,JTBC 월정액 3개월 70% 할인_7월 2차,A1SA1020261000121374,[쿨썸머 특가] JTBC 월정액 3개월 내내 70% 할인,PM30000269,"20260718","20260629","20260731",4
C2600OC,"26년 6월_B tv+ 비플리_UI 541 이상_1차 쿠폰(~6/7) & 배너(~6/30)_4",A1CP1020261000120872,[위클리 혜택] B tv+ 12개월 50% 할인,PM30000107,"20260614","20260520","20260630",1
C2600WK,JTBC 월정액 3개월 70% 할인_7월 3차,A1SA1020261000121374,[쿨썸머 특가] JTBC 월정액 3개월 내내 70% 할인,PM30000269,"20260712","20260629","20260731",1
C2600O7,"2606_캐치온 해지방어_B tv+ Cross-sell",A1CP1020261000120958,[비밀 특가] B tv+ 1개월 100원,PM30000107,"20260702","20260528","20260712",1
C2600VR,[팝업] 밸류애드팀 STB 교체(26.7.20)_3-3차,,,PPV 등,,,,194822
C2600S4,"6월 성인 1+1 프로모션_모바일 (6/21~6/30)",A1SA1020261000121171,"[1+1 앵콜 이벤트] 3,300원 할인 쿠폰 (모바일)",PPV 등,,"20260609","20260731",433
C2600XG,"26년 7월 B tv+ 할인 연장 캠페인_6개월/9개월 할인재연",A1CP1020261000121664,"[가입 유지 선물] B tv+ 월 5,500원 이용 혜택 6개월 자동 연장_7월",PPV 등,"20260917","20260721","20260831",35
C2600WJ,"CJ ENM 월정액 3개월 5,500원_7월 3차",A1CP1020261000121358,"[쿨썸머 특가] CJ ENM 월정액 3개월 내내 월 5,500원",PM30000154,"20260730","20260622","20260731",10
C2600T9,"26년 6월 B tv+ 할인 연장 캠페인_8월할인 7,700원",A1CP1020261000121368,"[가입 유지 선물] B tv+ 월 7,700원 이용 혜택 6개월 자동 연장_6월",PPV 등,"20260808","20260625","20260731",42
C2600Q3,"6월 성인 1+1 프로모션 (6/11~6/20)",A1SA1020261000121168,"[1+1이벤트] 3,300원 할인 쿠폰",PPV 등,"20260612","20260609","20260731",41
C2600J5,"지상파 월정액 3개월 내내 5,500원_5월 1차",A1CP1020261000120660,"[온가족특가] 지상파 월정액 3개월 내내 월 5,500원",PM30000150,"20260524","20260422","20260531",59
C2600O8,[주기성] 26년 6월_B tv+ 비플리_UI 541 이하_쿠폰,A1CP1020261000120872,[위클리 혜택] B tv+ 12개월 50% 할인,PM30000107,"20260607","20260520","20260630",23
C2600J5,"지상파 월정액 3개월 내내 5,500원_5월 1차",A1CP1020261000120660,"[온가족특가] 지상파 월정액 3개월 내내 월 5,500원",PM30000150,"20260529","20260422","20260531",65
C2600NA,"26년 5월 B tv+ 할인 연장 캠페인_1주년 5,500원",A1CP1020261000120954,"[가입 유지 선물] B tv+ 월 5,500원 혜택 6개월 자동 연장_5월",PM30000107,"20260707","20260526","20260731",104
C2600QM,[보정용][주기성] 26년 6월_B tv+ 비플리_UI 541 이상_2~4차_1,A1CP1020261000120872,[위클리 혜택] B tv+ 12개월 50% 할인,PM30000107,"20260619","20260520","20260630",40
C2600IY,"JTBC 월정액 6개월 약정 3,300원_5월 1차",A1CP1020261000120658,"[온가족특가] JTBC 6개월 약정 기간 내내 월 3,300원",PM30000269,"20260528","20260421","20260531",7
C2600N4,(주기성) 6월 쿠폰팩 GCP(5/24~6/21가입)_TB,A1CP1020261000120865,[FREE PASS] B tv+ 1개월 무료_26년6월,PM30000107,"20260605","20260519","20260629",17
C2600VN,<엘리베이션> 할인쿠폰 프로모션,A1SA1020261000121463,"[엘리베이션 런칭] 영화 3,300원 할인",PPV 등,"20260722","20260708","20260831",100
C2600VN,<엘리베이션> 할인쿠폰 프로모션,A1SA1020261000121463,"[엘리베이션 런칭] 영화 3,300원 할인",PPV 등,"20260717","20260708","20260831",29
C2600N4,(주기성) 6월 쿠폰팩 GCP(5/24~6/21가입)_TB,A1CP1020261000120865,[FREE PASS] B tv+ 1개월 무료_26년6월,PM30000107,"20260625","20260519","20260629",31
C2600TJ,<데드 오브 윈터> 할인쿠폰 프로모션,A1SA1020261000121361,"[데드 오브 윈터 런칭] 영화 3,300원 할인",PPV 등,"20260708","20260622","20260731",20
C2600LZ,"26년 5월_B tv+ 비플리_UI 541 이상_2차(~5/25)_3(1770)",A1CP1020261000120859,[가정의 달] B tv+ 12개월 50% 할인 (~5/25),PM30000107,"20260519","20260515","20260525",11
C2600S7,토이스토리 소장용 패키지 프로모션 (6/18~6/21 발급),A1SA1020261000121259,"[토이 스토리 패키지 구매] 영화 5,500원 할인",PPV 등,"20260630","20260615","20260731",9
C2600NL,<쉘터> 할인쿠폰 프로모션,A1SA1020261000120861,"[쉘터 런칭] 영화 3,300원 할인",PPV 등,"20260616","20260518","20260630",14
C2600M6,JTBC 월정액 첫달 무료_5월 2차,A1SA1020261000119567,[깜짝 특가] JTBC 월정액 1개월 100% 할인 쿠폰,PM30000269,"20260621","20260119","20261231",22
C2600K8,<몽타주: 6일간의 추격> 타겟 프로모션_40%_0430,A1SA1020261000120748,[즉시 할인] 몽타주: 6일간의 추격 40% 할인쿠폰,PPV 등,"20260506","20260403","20260430",21
C2600TN,"7월 성인 1+1 프로모션_모바일 (7/1~7/10)",A1SA1020261000121371,"[1+1이벤트] 3,300원 할인 쿠폰 (모바일)",PPV 등,"20260718","20260626","20260731",4
C2600N4,(주기성) 6월 쿠폰팩 GCP(5/24~6/21가입)_TB,A1CP1020261000120867,[FREE PASS] CJ ENM 1개월 무료_26년6월,PM30000154,"20260622","20260519","20260629",15
C2600O8,[주기성] 26년 6월_B tv+ 비플리_UI 541 이하_쿠폰,A1CP1020261000120872,[위클리 혜택] B tv+ 12개월 50% 할인,PM30000107,"20260603","20260520","20260630",24
C2600M8,<짱구> 할인쿠폰 프로모션,A1SA1020261000120863,"[짱구 런칭] 영화 5,500원 할인",PPV 등,"20260618","20260518","20260630",10
C2600NO,<푸틴: 절대 권력의 최후> 할인쿠폰 프로모션,A1SA1020261000120952,"[푸틴: 절대 권력의 최후 런칭] 영화 3,300원 할인",PPV 등,"20260610","20260526","20260630",6
C2600R5,<내 이름은> 할인쿠폰 프로모션,A1SA1020261000121159,"[내 이름은 런칭] 영화 5,500원 할인",PPV 등,"20260705","20260605","20260731",25
C2600US,<잠금: 셧다운> 할인쿠폰 프로모션,A1SA1020261000121462,"[잠금: 셧다운 런칭] 영화 5,500원 할인",PPV 등,"20260717","20260708","20260831",11
C2600TI,JTBC 월정액 3개월 70% 할인_7월 2차,A1SA1020261000121374,[쿨썸머 특가] JTBC 월정액 3개월 내내 70% 할인,PM30000269,"20260712","20260629","20260731",6
C2600OB,"26년 6월_B tv+ 비플리_UI 541 이상_1차 쿠폰(~6/7) & 배너(~6/30)_3",A1CP1020261000120872,[위클리 혜택] B tv+ 12개월 50% 할인,PM30000107,"20260603","20260520","20260630",14
C2600TO,<마이클> 할인쿠폰 프로모션,A1SA1020261000121261,"[마이클 런칭] 영화 3,300원 할인",PPV 등,"20260720","20260616","20260815",19
C2600OA,"26년 6월_B tv+ 비플리_UI 541 이상_1차 쿠폰(~6/7) & 배너(~6/30)_2",A1CP1020261000120872,[위클리 혜택] B tv+ 12개월 50% 할인,PM30000107,"20260627","20260520","20260630",2
C2600P7,[주기성] 26년 6월_B tv+ 비플리_UI 541 이상_2~4차_3,A1CP1020261000120872,[위클리 혜택] B tv+ 12개월 50% 할인,PM30000107,"20260623","20260520","20260630",1
C2600NX,[팝업] 밸류애드팀 Btv 업_장기(26.6.3)_1-2차,,,PPV 등,,,,377892
C2600S1,SPOTV 6월 첫달무료_2차_0622,,,PPV 등,,,,1901477
C2600N5,(일회성) 6월 쿠폰팩 GCP(5/1~5/23가입)_TB,A1CP1020261000120865,[FREE PASS] B tv+ 1개월 무료_26년6월,PM30000107,,"20260519","20260629",38852
C2600PS,"26년 6월_B tv+ 파격할인_UI 541 이상_2",A1CP1020261000120874,"[파격할인] B tv+ 12개월 월 5,500원 혜택",PM30000107,,"20260520","20260531",792932
C2600SX,[팝업] 밸류애드팀 Btv 업_장기(26.7.1)_5-4차,,,PPV 등,,,,222970
C2600TI,JTBC 월정액 3개월 70% 할인_7월 2차,A1SA1020261000121374,[쿨썸머 특가] JTBC 월정액 3개월 내내 70% 할인,PM30000269,,"20260629","20260731",499726
C2600SN,[팝업] 밸류애드팀 STB 교체(26.6.29)_5-3차,,,PPV 등,,,,213203
C2600V0,[팝업] 밸류애드팀 STB 교체(26.7.13)_2-3차,,,PPV 등,,,,197927
C2600PR,"26년 6월_B tv+ 파격할인_UI 541 이상_1",A1CP1020261000120874,"[파격할인] B tv+ 12개월 월 5,500원 혜택",PM30000107,"20260614","20260520","20260531",218
C2600KK,"CJ ENM 월정액 3개월 5,500원_5월 2차",A1CP1020261000120659,"[온가족특가] CJ ENM 월정액 3개월 내내 5,500원",PM30000154,"20260520","20260422","20260531",35
C2600L8,"26년 5월_B tv+ 비플리_UI 541 이상_1차(~5/17)_2(1770)",A1CP1020261000120853,[가정의 달] B tv+ 12개월 50% 할인 (~5/17),PM30000107,"20260512","20260507","20260517",41
C2600UU,"7월 성인 1+1 앵콜 프로모션_모바일 (7/11~7/20)",A1SA1020261000121458,"[1+1 앵콜 이벤트] 3,300원 할인 쿠폰",PPV 등,"20260715","20260708","20260831",240
C2600S1,SPOTV 6월 첫달무료_2차_0622,A1SA1020261000121165,[MLB 이벤트] SPOTV Prime 1개월 무료,PM35000007,"20260629","20260609","20260630",89
C2600J7,"지상파 월정액 3개월 내내 5,500원_5월 2차",A1CP1020261000120660,"[온가족특가] 지상파 월정액 3개월 내내 월 5,500원",PM30000150,"20260510","20260422","20260531",80
C2600LA,"26년 5월_B tv+ 비플리_UI 541 이상_1차(~5/17)_4(1770)",A1CP1020261000120853,[가정의 달] B tv+ 12개월 50% 할인 (~5/17),PM30000107,"20260512","20260507","20260517",19
C2600T7,<노멀> 할인쿠폰 프로모션,A1SA1020261000121162,"[노멀 런칭] 영화 3,300원 할인",PPV 등,"20260710","20260605","20260731",28
C2600P8,[주기성] 26년 6월_B tv+ 비플리_UI 541 이상_2~4차_4,A1CP1020261000120872,[위클리 혜택] B tv+ 12개월 50% 할인,PM30000107,"20260603","20260520","20260630",3
C2600R1,JTBC 월정액 첫달 무료_6월 3차,A1SA1020261000119567,[깜짝 특가] JTBC 월정액 1개월 100% 할인 쿠폰,PM30000269,"20260513","20260119","20261231",17
C2600S0,SPOTV 6월 첫달무료_2차_0620,A1SA1020261000121165,[MLB 이벤트] SPOTV Prime 1개월 무료,PM35000007,"20260624","20260609","20260630",35
C2600UE,"26년 7월_B tv+ 비플리_UI 541 이상_쿠폰&배너_3",A1CP1020261000121365,[고객님만 혜택] B tv+ 반값 할인 (최대 12개월),PM30000107,"20260714","20260624","20260731",15
C2600KN,JTBC 월정액 첫달 무료_5월 1차,A1SA1020261000119567,[깜짝 특가] JTBC 월정액 1개월 100% 할인 쿠폰,PM30000269,"20260608","20260119","20261231",33
C2600US,<잠금: 셧다운> 할인쿠폰 프로모션,A1SA1020261000121462,"[잠금: 셧다운 런칭] 영화 5,500원 할인",PPV 등,"20260720","20260708","20260831",13
C2600VM,<헬파이어: 시수의 길> 할인쿠폰 프로모션,A1SA1020261000121461,"[헬파이어: 시수의 길 런칭] 영화 5,500원 할인",PPV 등,"20260730","20260708","20260831",7
C2600JB,<극장의 시간들> 할인쿠폰 프로모션,A1SA1020261000120746,"[극장의 시간들 런칭] 영화 5,500원 할인",PPV 등,,"20260428","20260531",12
C2600PN,JTBC 월정액 첫달 무료_6월 2차,A1SA1020261000119567,[깜짝 특가] JTBC 월정액 1개월 100% 할인 쿠폰,PM30000269,"20260528","20260119","20261231",8
C2600JB,<극장의 시간들> 할인쿠폰 프로모션,A1SA1020261000120746,"[극장의 시간들 런칭] 영화 5,500원 할인",PPV 등,"20260521","20260428","20260531",1
C2600SH,<납치 48시간> 할인쿠폰 프로모션,A1SA1020261000121265,"[납치 48시간 런칭] 영화 3,300원 할인",PPV 등,"20260719","20260616","20260831",1
C2600KK,"CJ ENM 월정액 3개월 5,500원_5월 2차",A1CP1020261000120659,"[온가족특가] CJ ENM 월정액 3개월 내내 5,500원",PM30000154,"20260702","20260422","20260531",1
C2600UE,"26년 7월_B tv+ 비플리_UI 541 이상_쿠폰&배너_3",A1CP1020261000121365,[고객님만 혜택] B tv+ 반값 할인 (최대 12개월),PM30000107,"20260722","20260624","20260731",2
C2600LG,<스피드> 할인쿠폰 프로모션,A1SA1020261000120858,"[스피드 런칭] 영화 5,500원 할인",PPV 등,"20260604","20260512","20260531",1
C2600UF,"26년 7월_B tv+ 비플리_UI 541 이상_쿠폰&배너_4",A1CP1020261000121365,[고객님만 혜택] B tv+ 반값 할인 (최대 12개월),PM30000107,"20260707","20260624","20260731",3
C2600S1,SPOTV 6월 첫달무료_2차_0622,A1SA1020261000121165,[MLB 이벤트] SPOTV Prime 1개월 무료,PM35000007,,"20260609","20260630",899043
C2600NA,"26년 5월 B tv+ 할인 연장 캠페인_1주년 5,500원",A1CP1020261000120954,"[가입 유지 선물] B tv+ 월 5,500원 혜택 6개월 자동 연장_5월",PM30000107,"20260718","20260526","20260731",53
C2600WH,<군체> 할인쿠폰 프로모션,A1SA1020261000121563,[군체 런칭] 영화 20% 할인,PPV 등,"20260731","20260716","20260831",235
C2600ND,"지상파 월정액 첫달 3,300원_6월 1차",A1CP1020261000120947,"[6월 특가] 지상파 월정액 1개월 13,200원 할인",PM30000150,"20260607","20260526","20260630",219
C2600MK,"26년 5월_B tv+ 비플리_UI 541 이상_3차(~5/31)_1",A1CP1020261000120854,[가정의 달] B tv+ 12개월 50% 할인 (~5/31),PM30000107,"20260525","20260507","20260531",23
C2600OL,"지상파 월정액 첫달 3,300원_6월 2차",A1CP1020261000120947,"[6월 특가] 지상파 월정액 1개월 13,200원 할인",PM30000150,"20260623","20260526","20260630",40
C2600IY,"JTBC 월정액 6개월 약정 3,300원_5월 1차",A1CP1020261000120658,"[온가족특가] JTBC 6개월 약정 기간 내내 월 3,300원",PM30000269,"20260503","20260421","20260531",23
C2600W7,"7월 성인 1+1 이열치열 프로모션 (7/21~/20)",A1SA1020261000121561,"[1+1 이열치열 이벤트] 3,300원 할인 쿠폰",PPV 등,"20260725","20260716","20260831",222
C2600QN,"지상파 월정액 첫달 3,300원_6월 4차",A1CP1020261000120947,"[6월 특가] 지상파 월정액 1개월 13,200원 할인",PM30000150,"20260622","20260526","20260630",66
C2600S3,"6월 성인 1+1 프로모션 (6/21~6/30)",A1SA1020261000121170,"[1+1 앵콜 이벤트] 3,300원 할인 쿠폰",PPV 등,"20260709","20260609","20260731",135
C2600XH,"26년 7월 B tv+ 50% 할인 연장 캠페인_25년9월할인",A1CP1020261000121665,[가입 유지 선물] B tv+ 50% 할인 혜택 6개월 자동 연장_7월,PPV 등,"20260909","20260721","20260831",72
C2600O0,"26년 6월_B tv+ 짝수달 유료전환 테스트_UI 552 이상",A1CP1020261000120870,[6월 한정] B tv+ 첫달 무료,PM30000107,"20260619","20260520","20260630",77
C2600JE,<캣 앤 독> 할인쿠폰 프로모션,A1SA1020261000120747,"[캣 앤 독 런칭] 영화 5,500원 할인",PPV 등,"20260519","20260428","20260531",6
C2600TJ,<데드 오브 윈터> 할인쿠폰 프로모션,A1SA1020261000121361,"[데드 오브 윈터 런칭] 영화 3,300원 할인",PPV 등,"20260719","20260622","20260731",20
C2600VD,"CJ ENM 월정액 3개월 5,500원_7월 2차",A1CP1020261000121358,"[쿨썸머 특가] CJ ENM 월정액 3개월 내내 월 5,500원",PM30000154,"20260725","20260622","20260731",30
C2600UU,"7월 성인 1+1 앵콜 프로모션_모바일 (7/11~7/20)",A1SA1020261000121458,"[1+1 앵콜 이벤트] 3,300원 할인 쿠폰",PPV 등,"20260730","20260708","20260831",26
C2600N5,(일회성) 6월 쿠폰팩 GCP(5/1~5/23가입)_TB,A1CP1020261000120865,[FREE PASS] B tv+ 1개월 무료_26년6월,PM30000107,"20260531","20260519","20260629",31
C2600S7,토이스토리 소장용 패키지 프로모션 (6/18~6/21 발급),A1SA1020261000121259,"[토이 스토리 패키지 구매] 영화 5,500원 할인",PPV 등,"20260626","20260615","20260731",19
C2600UT,"7월 성인 1+1 앵콜 프로모션_모바일 (7/11~7/20)",A1SA1020261000121459,"[1+1 앵콜 이벤트] 3,300원 할인 쿠폰 (모바일)",PPV 등,"20260726","20260708","20260831",4
C2600WG,<디스클로저 데이> 할인쿠폰 프로모션,A1SA1020261000121558,"[디스클로저 데이 런칭] 영화 3,300원 할인",PPV 등,"20260724","20260713","20260831",40
C2600R6,<슈퍼 마리오 갤럭시> 할인쿠폰 프로모션,A1SA1020261000120961,"[슈퍼마리오 갤럭시 런칭] 영화 3,300원 할인",PPV 등,"20260704","20260529","20260623",21
C2600T9,"26년 6월 B tv+ 할인 연장 캠페인_8월할인 7,700원",A1CP1020261000121368,"[가입 유지 선물] B tv+ 월 7,700원 이용 혜택 6개월 자동 연장_6월",PPV 등,"20260828","20260625","20260731",23
C2600IY,"JTBC 월정액 6개월 약정 3,300원_5월 1차",A1CP1020261000120658,"[온가족특가] JTBC 6개월 약정 기간 내내 월 3,300원",PM30000269,"20260509","20260421","20260531",14
C2600M6,JTBC 월정액 첫달 무료_5월 2차,A1SA1020261000119567,[깜짝 특가] JTBC 월정액 1개월 100% 할인 쿠폰,PM30000269,"20260614","20260119","20261231",25
C2600MI,JTBC 월정액 첫달 무료_6월 1차,A1SA1020261000119567,[깜짝 특가] JTBC 월정액 1개월 100% 할인 쿠폰,PM30000269,"20260624","20260119","20261231",16
C2600KN,JTBC 월정액 첫달 무료_5월 1차,A1SA1020261000119567,[깜짝 특가] JTBC 월정액 1개월 100% 할인 쿠폰,PM30000269,"20260622","20260119","20261231",10
C2600NP,<모탈 컴뱃2> 할인쿠폰 프로모션,A1SA1020261000120959,"[모탈컴뱃2 런칭] 영화 5,500원 할인",PPV 등,"20260622","20260528","20260615",6
C2600MN,"26년 5월_B tv+ 비플리_UI 541 이상_3차(~5/31)_4",A1CP1020261000120854,[가정의 달] B tv+ 12개월 50% 할인 (~5/31),PM30000107,"20260531","20260507","20260531",4
C2600O6,"26년 6월_B tv+ 비플리_UI 541 이상_1차 쿠폰(~6/7) & 배너(~6/30)_1",A1CP1020261000120872,[위클리 혜택] B tv+ 12개월 50% 할인,PM30000107,"20260704","20260520","20260630",1
C2600MI,JTBC 월정액 첫달 무료_6월 1차,A1SA1020261000119567,[깜짝 특가] JTBC 월정액 1개월 100% 할인 쿠폰,PM30000269,"20260510","20260119","20261231",3
C2600N4,(주기성) 6월 쿠폰팩 GCP(5/24~6/21가입)_TB,A1SA1020261000120868,[FREE PASS] JTBC 1개월 무료_26년6월,PM30000269,"20260613","20260519","20260629",1
C2600LA,"26년 5월_B tv+ 비플리_UI 541 이상_1차(~5/17)_4(1770)",DummyOffer,,PPV 등,,,,792879
C2600T0,"26년 6월_B tv+ KBO 올스타전_UI 541 이상_2",DummyOffer,,PPV 등,,,,791039
C2600M8,<짱구> 할인쿠폰 프로모션,A1SA1020261000120863,"[짱구 런칭] 영화 5,500원 할인",PPV 등,"20260531","20260518","20260630",274
C2600O7,"2606_캐치온 해지방어_B tv+ Cross-sell",A1CP1020261000120958,[비밀 특가] B tv+ 1개월 100원,PM30000107,,"20260528","20260712",488
C2600W7,"7월 성인 1+1 이열치열 프로모션 (7/21~/20)",A1SA1020261000121561,"[1+1 이열치열 이벤트] 3,300원 할인 쿠폰",PPV 등,"20260723","20260716","20260831",119
C2600VD,"CJ ENM 월정액 3개월 5,500원_7월 2차",A1CP1020261000121358,"[쿨썸머 특가] CJ ENM 월정액 3개월 내내 월 5,500원",PM30000154,"20260711","20260622","20260731",73
C2600S3,"6월 성인 1+1 프로모션 (6/21~6/30)",A1SA1020261000121170,"[1+1 앵콜 이벤트] 3,300원 할인 쿠폰",PPV 등,"20260623","20260609","20260731",140
C2600T9,"26년 6월 B tv+ 할인 연장 캠페인_8월할인 7,700원",A1CP1020261000121368,"[가입 유지 선물] B tv+ 월 7,700원 이용 혜택 6개월 자동 연장_6월",PPV 등,"20260809","20260625","20260731",76
C2600M6,JTBC 월정액 첫달 무료_5월 2차,A1SA1020261000119567,[깜짝 특가] JTBC 월정액 1개월 100% 할인 쿠폰,PM30000269,"20260607","20260119","20261231",20
C2600N3,[주기성/쿠폰] <살목지&K-공포상영회> 할인쿠폰 프로모션,A1PR1020261000120873,[K-공포 상영회] 영화 50% 할인,PPV 등,"20260603","20260520","20260609",45
C2600TM,<신의 악단> 할인쿠폰 프로모션,A1SA1020261000121384,"[신의 악단 런칭] 영화 3,300원 할인",PPV 등,"20260717","20260630","20260731",66
C2600N5,(일회성) 6월 쿠폰팩 GCP(5/1~5/23가입)_TB,A1CP1020261000120865,[FREE PASS] B tv+ 1개월 무료_26년6월,PM30000107,"20260626","20260519","20260629",18
C2600ND,"지상파 월정액 첫달 3,300원_6월 1차",A1CP1020261000120947,"[6월 특가] 지상파 월정액 1개월 13,200원 할인",PM30000150,"20260619","20260526","20260630",116
C2600TM,<신의 악단> 할인쿠폰 프로모션,A1SA1020261000121384,"[신의 악단 런칭] 영화 3,300원 할인",PPV 등,"20260726","20260630","20260731",21
C2600N4,(주기성) 6월 쿠폰팩 GCP(5/24~6/21가입)_TB,A1CP1020261000120865,[FREE PASS] B tv+ 1개월 무료_26년6월,PM30000107,"20260615","20260519","20260629",32
C2600KO,<폭탄> 할인쿠폰 프로모션,A1SA1020261000120751,"[폭탄 런칭] 영화 5,500원 할인",PPV 등,"20260515","20260430","20260531",12
C2600OL,"지상파 월정액 첫달 3,300원_6월 2차",A1CP1020261000120947,"[6월 특가] 지상파 월정액 1개월 13,200원 할인",PM30000150,"20260608","20260526","20260630",43
C2600PM,[보정용][D+1] 쿠폰팩 등록 혜택 지급_2601,A1PR1020261000119553,[쿠폰팩 등록 감사] VOD 20% 할인쿠폰,PPV 등,,"20260114","99991231",37
C2600WF,<군체[예약구매]> 할인쿠폰 프로모션,A1SA1020261000121562,"[군체 예약] 영화 4,400원 할인",PPV 등,"20260727","20260716","20260831",17
C2600L8,"26년 5월_B tv+ 비플리_UI 541 이상_1차(~5/17)_2(1770)",A1CP1020261000120853,[가정의 달] B tv+ 12개월 50% 할인 (~5/17),PM30000107,"20260511","20260507","20260517",45
C2600PS,"26년 6월_B tv+ 파격할인_UI 541 이상_2",A1CP1020261000120874,"[파격할인] B tv+ 12개월 월 5,500원 혜택",PM30000107,"20260611","20260520","20260531",22
C2600N4,(주기성) 6월 쿠폰팩 GCP(5/24~6/21가입)_TB,A1CP1020261000120867,[FREE PASS] CJ ENM 1개월 무료_26년6월,PM30000154,"20260610","20260519","20260629",5
C2600S4,"6월 성인 1+1 프로모션_모바일 (6/21~6/30)",A1SA1020261000121171,"[1+1 앵콜 이벤트] 3,300원 할인 쿠폰 (모바일)",PPV 등,"20260707","20260609","20260731",22
C2600N5,(일회성) 6월 쿠폰팩 GCP(5/1~5/23가입)_TB,A1CP1020261000120865,[FREE PASS] B tv+ 1개월 무료_26년6월,PM30000107,"20260629","20260519","20260629",17
C2600KO,<폭탄> 할인쿠폰 프로모션,A1SA1020261000120751,"[폭탄 런칭] 영화 5,500원 할인",PPV 등,"20260514","20260430","20260531",3
C2600OB,"26년 6월_B tv+ 비플리_UI 541 이상_1차 쿠폰(~6/7) & 배너(~6/30)_3",A1CP1020261000120872,[위클리 혜택] B tv+ 12개월 50% 할인,PM30000107,"20260615","20260520","20260630",2
C2600MP,[팝업] 밸류애드팀 STB 교체(26.5.25)_4-3차,,,PPV 등,,,,330197
C2600NV,[팝업] B tv 스탠다드+(조합형)_(26.6.2)_1-1차,,,PPV 등,,,,439917
C2600MQ,[팝업] 밸류애드팀 Btv 업_단기(26.5.26)_4-1차,,,PPV 등,,,,281848
C2600M6,JTBC 월정액 첫달 무료_5월 2차,A1SA1020261000119567,[깜짝 특가] JTBC 월정액 1개월 100% 할인 쿠폰,PM30000269,,"20260119","20261231",433824
C2600Q6,[팝업] 밸류애드팀 STB 교체(26.6.15))_3-2차,,,PPV 등,,,,356507
C2600RM,[팝업] 밸류애드팀 STB 교체(26.6.22)_4-3차,,,PPV 등,,,,214589
C2600UC,"26년 7월_B tv+ 비플리_UI 541 이상_쿠폰&배너_1",A1CP1020261000121365,[고객님만 혜택] B tv+ 반값 할인 (최대 12개월),PM30000107,,"20260624","20260731",788816
C2600UF,"26년 7월_B tv+ 비플리_UI 541 이상_쿠폰&배너_4",A1CP1020261000121365,[고객님만 혜택] B tv+ 반값 할인 (최대 12개월),PM30000107,,"20260624","20260731",303000
C2600P5,[주기성] 26년 6월_B tv+ 비플리_UI 541 이상_2~4차_1,A1CP1020261000120872,[위클리 혜택] B tv+ 12개월 50% 할인,PM30000107,"20260619","20260520","20260630",40
C2600PN,JTBC 월정액 첫달 무료_6월 2차,A1SA1020261000119567,[깜짝 특가] JTBC 월정액 1개월 100% 할인 쿠폰,PM30000269,"20260618","20260119","20261231",393
C2600S3,"6월 성인 1+1 프로모션 (6/21~6/30)",A1SA1020261000121170,"[1+1 앵콜 이벤트] 3,300원 할인 쿠폰",PPV 등,"20260702","20260609","20260731",287
C2600MI,JTBC 월정액 첫달 무료_6월 1차,A1SA1020261000119567,[깜짝 특가] JTBC 월정액 1개월 100% 할인 쿠폰,PM30000269,"20260603","20260119","20261231",581
C2600S5,SPOTV 6월 첫달무료_1차_0622,A1SA1020261000121164,[축구 이벤트] SPOTV Prime 1개월 무료,PM35000007,"20260628","20260609","20260630",69
C2600QU,"6월 성인 1+1 프로모션 (6/11~6/20)_수정",A1SA1020261000121168,"[1+1이벤트] 3,300원 할인 쿠폰",PPV 등,"20260623","20260609","20260731",220
C2600NO,<푸틴: 절대 권력의 최후> 할인쿠폰 프로모션,A1SA1020261000120952,"[푸틴: 절대 권력의 최후 런칭] 영화 3,300원 할인",PPV 등,"20260618","20260526","20260630",6
C2600T1,"26년 6월_B tv+ KBO 올스타전_UI 541 이상_3",A1CP1020261000121364,"[올스타전 특가] B tv+ 월 5,500원 혜택 (최대 12개월)",PM30000107,"20260625","20260624","20260705",2
C2600P5,[주기성] 26년 6월_B tv+ 비플리_UI 541 이상_2~4차_1,A1CP1020261000120872,[위클리 혜택] B tv+ 12개월 50% 할인,PM30000107,"20260615","20260520","20260630",36
C2600N3,[주기성/쿠폰] <살목지&K-공포상영회> 할인쿠폰 프로모션,A1PR1020261000120873,[K-공포 상영회] 영화 50% 할인,PPV 등,"20260605","20260520","20260609",44
C2600NH,<리 크로닌의 미이라> 할인쿠폰 프로모션,A1SA1020261000120855,"[리 크로닌의 미이라] 영화 3,300원 할인",PPV 등,"20260604","20260507","20260630",40
C2600JA,<오시리스> 할인쿠폰 프로모션,A1SA1020261000120652,"[오시리스 런칭] 영화 3,300원 할인",PPV 등,"20260529","20260421","20260531",2
C2600QN,"지상파 월정액 첫달 3,300원_6월 4차",A1CP1020261000120947,"[6월 특가] 지상파 월정액 1개월 13,200원 할인",PM30000150,"20260618","20260526","20260630",47
C2600MB,<힌드의 목소리> 할인쿠폰 프로모션,A1SA1020261000120864,"[힌드의 목소리 런칭] 영화 5,500원 할인",PPV 등,"20260531","20260519","20260630",3
C2600TN,"7월 성인 1+1 프로모션_모바일 (7/1~7/10)",A1SA1020261000121371,"[1+1이벤트] 3,300원 할인 쿠폰 (모바일)",PPV 등,"20260715","20260626","20260731",23
C2600MB,<힌드의 목소리> 할인쿠폰 프로모션,A1SA1020261000120864,"[힌드의 목소리 런칭] 영화 5,500원 할인",PPV 등,"20260602","20260519","20260630",1
C2600XQ,통합 월정액 3개월 내내 80% 할인_8월 2차,A1CP1020261000121658,[쿨썸머 특가] 주요 월정액 3개월 내내 80% 할인 (택1),PM30000176,"20260726","20260720","20260731",7
C2600P5,[주기성] 26년 6월_B tv+ 비플리_UI 541 이상_2~4차_1,A1CP1020261000120872,[위클리 혜택] B tv+ 12개월 50% 할인,PM30000107,"20260626","20260520","20260630",8
C2600KN,JTBC 월정액 첫달 무료_5월 1차,A1SA1020261000119567,[깜짝 특가] JTBC 월정액 1개월 100% 할인 쿠폰,PM30000269,"20260619","20260119","20261231",12
C2600O8,[주기성] 26년 6월_B tv+ 비플리_UI 541 이하_쿠폰,A1CP1020261000120872,[위클리 혜택] B tv+ 12개월 50% 할인,PM30000107,"20260609","20260520","20260630",7
C2600SH,<납치 48시간> 할인쿠폰 프로모션,A1SA1020261000121265,"[납치 48시간 런칭] 영화 3,300원 할인",PPV 등,"20260715","20260616","20260831",7
C2600JL,[팝업] 밸류애드팀 STB 교체(26.5.04)_1-2차,,,PPV 등,,,,326107
C2600SV,[팝업] 밸류애드팀 Btv 업_장기(26.7.1)_5-2차,,,PPV 등,,,,383063
C2600RZ,SPOTV 6월 첫달무료_1차_0619 배너 TV팝업,,,PPV 등,,,,1889734
C2600R0,AI커머스광고 6월 프로모션 TV팝업,,,PPV 등,,,,1830128
C2600IP,"CJ ENM 월정액 3개월 5,500원_5월 1차",A1CP1020261000120659,"[온가족특가] CJ ENM 월정액 3개월 내내 5,500원",PM30000154,"20260506","20260422","20260531",57
C2600OC,"26년 6월_B tv+ 비플리_UI 541 이상_1차 쿠폰(~6/7) & 배너(~6/30)_4",A1CP1020261000120872,[위클리 혜택] B tv+ 12개월 50% 할인,PM30000107,"20260621","20260520","20260630",19
C2600SU,"26년 6월_B tv+ KBO 올스타전_UI 541 이상_1",A1CP1020261000121364,"[올스타전 특가] B tv+ 월 5,500원 혜택 (최대 12개월)",PM30000107,"20260704","20260624","20260705",167
C2600TF,"지상파 월정액 3개월 5,500원_7월 1차",A1CP1020261000121373,"[쿨썸머 특가] 지상파 월정액 3개월 내내 월 5,500원",PM30000150,"20260704","20260629","20260731",145
C2600J5,"지상파 월정액 3개월 내내 5,500원_5월 1차",A1CP1020261000120660,"[온가족특가] 지상파 월정액 3개월 내내 월 5,500원",PM30000150,"20260526","20260422","20260531",60
C2600L7,"26년 5월_B tv+ 비플리_UI 541 이상_1차(~5/17)_1(1770)",A1CP1020261000120853,[가정의 달] B tv+ 12개월 50% 할인 (~5/17),PM30000107,"20260513","20260507","20260517",81
C2600J5,"지상파 월정액 3개월 내내 5,500원_5월 1차",A1CP1020261000120660,"[온가족특가] 지상파 월정액 3개월 내내 월 5,500원",PM30000150,"20260505","20260422","20260531",89
C2600S1,SPOTV 6월 첫달무료_2차_0622,A1SA1020261000121165,[MLB 이벤트] SPOTV Prime 1개월 무료,PM35000007,"20260624","20260609","20260630",57
C2600JZ,"JTBC 월정액 6개월 약정 3,300원_5월 2차",A1CP1020261000120658,"[온가족특가] JTBC 6개월 약정 기간 내내 월 3,300원",PM30000269,"20260504","20260421","20260531",22
C2600QR,"6월 성인 1+1 프로모션_추가 (6/12~14 구매자)",A1SA1020261000121168,"[1+1이벤트] 3,300원 할인 쿠폰",PPV 등,"20260623","20260609","20260731",63
C2600NP,<모탈 컴뱃2> 할인쿠폰 프로모션,A1SA1020261000120959,"[모탈컴뱃2 런칭] 영화 5,500원 할인",PPV 등,"20260613","20260528","20260615",55
C2600TK,<메가 샤크 어택> 할인쿠폰 프로모션,A1SA1020261000121369,"[메가 샤크 어택 런칭] 영화 5,500원 할인",PPV 등,"20260718","20260626","20260731",16
C2600TA,[주기성] 26년 7월_B tv+ 비플리_UI 541 이하_쿠폰,A1CP1020261000121366,[고객님만 혜택] B tv+ 반값 할인 (최대 12개월),PM30000107,"20260729","20260624","20260731",15
C2600Q3,"6월 성인 1+1 프로모션 (6/11~6/20)",A1SA1020261000121168,"[1+1이벤트] 3,300원 할인 쿠폰",PPV 등,"20260704","20260609","20260731",6
C2600OA,"26년 6월_B tv+ 비플리_UI 541 이상_1차 쿠폰(~6/7) & 배너(~6/30)_2",A1CP1020261000120872,[위클리 혜택] B tv+ 12개월 50% 할인,PM30000107,"20260623","20260520","20260630",35
C2600Q5,<스위트 홈: 진격의 거인> 할인쿠폰 프로모션,A1SA1020261000121160,"[스위트 홈: 진격의 거인 런칭] 영화 3,300원 할인",PPV 등,"20260625","20260605","20260731",26
C2600UV,모아나 소장용 패키지 프로모션 (7/10),A1SA1020261000121465,"[모아나 패키지 구매] 영화 5,500원 할인",PPV 등,"20260720","20260708","20260831",9
C2600UC,"26년 7월_B tv+ 비플리_UI 541 이상_쿠폰&배너_1",A1CP1020261000121365,[고객님만 혜택] B tv+ 반값 할인 (최대 12개월),PM30000107,"20260721","20260624","20260731",5
C2600UT,"7월 성인 1+1 앵콜 프로모션_모바일 (7/11~7/20)",A1SA1020261000121459,"[1+1 앵콜 이벤트] 3,300원 할인 쿠폰 (모바일)",PPV 등,"20260712","20260708","20260831",7
C2600J5,"지상파 월정액 3개월 내내 5,500원_5월 1차",A1CP1020261000120660,"[온가족특가] 지상파 월정액 3개월 내내 월 5,500원",PM30000150,"20260611","20260422","20260531",1
C2600LG,<스피드> 할인쿠폰 프로모션,A1SA1020261000120858,"[스피드 런칭] 영화 5,500원 할인",PPV 등,"20260521","20260512","20260531",5
C2600PV,"26년 6월_B tv+ 파격할인_UI 541 이하_5",A1CP1020261000120874,"[파격할인] B tv+ 12개월 월 5,500원 혜택",PM30000107,"20260731","20260520","20260531",1
C2600KR,[모바일 B tv] '26년 5월 <프로젝트헤일메리> 인생SF전 앱푸쉬(Mass),,,PPV 등,,,,934896
C2600U4,[팝업] 밸류애드팀 Btv 업_단기(26.7.7)_1-2차,,,PPV 등,,,,303854
C2600O0,"26년 6월_B tv+ 짝수달 유료전환 테스트_UI 552 이상",A1CP1020261000120870,[6월 한정] B tv+ 첫달 무료,PM30000107,"20260603","20260520","20260630",164
C2600O6,"26년 6월_B tv+ 비플리_UI 541 이상_1차 쿠폰(~6/7) & 배너(~6/30)_1",A1CP1020261000120872,[위클리 혜택] B tv+ 12개월 50% 할인,PM30000107,"20260621","20260520","20260630",130
C2600T3,(주기성) 콜센터 시청유도_TB_노출종료,DummyOffer,,PPV 등,,,,4872
C2600M6,JTBC 월정액 첫달 무료_5월 2차,A1SA1020261000119567,[깜짝 특가] JTBC 월정액 1개월 100% 할인 쿠폰,PM30000269,"20260524","20260119","20261231",292
C2600TF,"지상파 월정액 3개월 5,500원_7월 1차",A1CP1020261000121373,"[쿨썸머 특가] 지상파 월정액 3개월 내내 월 5,500원",PM30000150,"20260717","20260629","20260731",93
C2600XG,"26년 7월 B tv+ 할인 연장 캠페인_6개월/9개월 할인재연",A1CP1020261000121664,"[가입 유지 선물] B tv+ 월 5,500원 이용 혜택 6개월 자동 연장_7월",PPV 등,"20261010","20260721","20260831",143
C2600SG,"CJ ENM 월정액 3개월 5,500원_7월 1차",A1CP1020261000121358,"[쿨썸머 특가] CJ ENM 월정액 3개월 내내 월 5,500원",PM30000154,"20260709","20260622","20260731",58
C2600T9,"26년 6월 B tv+ 할인 연장 캠페인_8월할인 7,700원",A1CP1020261000121368,"[가입 유지 선물] B tv+ 월 7,700원 이용 혜택 6개월 자동 연장_6월",PPV 등,"20260811","20260625","20260731",37
C2600NL,<쉘터> 할인쿠폰 프로모션,A1SA1020261000120861,"[쉘터 런칭] 영화 3,300원 할인",PPV 등,"20260606","20260518","20260630",76
C2600UU,"7월 성인 1+1 앵콜 프로모션_모바일 (7/11~7/20)",A1SA1020261000121458,"[1+1 앵콜 이벤트] 3,300원 할인 쿠폰",PPV 등,"20260727","20260708","20260831",91
C2600UD,"26년 7월_B tv+ 비플리_UI 541 이상_쿠폰&배너_2",A1CP1020261000121365,[고객님만 혜택] B tv+ 반값 할인 (최대 12개월),PM30000107,"20260707","20260624","20260731",44
C2600PZ,SPOTV 6월 첫달무료_1차_0612,A1SA1020261000121164,[축구 이벤트] SPOTV Prime 1개월 무료,PM35000007,"20260622","20260609","20260630",32
C2600TG,JTBC 월정액 3개월 70% 할인_7월 1차,A1SA1020261000121374,[쿨썸머 특가] JTBC 월정액 3개월 내내 70% 할인,PM30000269,"20260729","20260629","20260731",30
C2600ML,"26년 5월_B tv+ 비플리_UI 541 이상_3차(~5/31)_2",A1CP1020261000120854,[가정의 달] B tv+ 12개월 50% 할인 (~5/31),PM30000107,"20260531","20260507","20260531",62
C2600JA,<오시리스> 할인쿠폰 프로모션,A1SA1020261000120652,"[오시리스 런칭] 영화 3,300원 할인",PPV 등,"20260514","20260421","20260531",14
C2600UP,<서퍼> 할인쿠폰 프로모션,A1SA1020261000121460,"[서퍼 런칭] 영화 3,300원 할인",PPV 등,"20260714","20260708","20260831",10
C2600N4,(주기성) 6월 쿠폰팩 GCP(5/24~6/21가입)_TB,A1CP1020261000120866,[FREE PASS] 지상파 3사 1개월 무료_26년6월,PM30000150,"20260625","20260519","20260629",14
C2600UD,"26년 7월_B tv+ 비플리_UI 541 이상_쿠폰&배너_2",A1CP1020261000121365,[고객님만 혜택] B tv+ 반값 할인 (최대 12개월),PM30000107,"20260722","20260624","20260731",1
C2600TK,<메가 샤크 어택> 할인쿠폰 프로모션,A1SA1020261000121369,"[메가 샤크 어택 런칭] 영화 5,500원 할인",PPV 등,"20260723","20260626","20260731",19
C2600OA,"26년 6월_B tv+ 비플리_UI 541 이상_1차 쿠폰(~6/7) & 배너(~6/30)_2",A1CP1020261000120872,[위클리 혜택] B tv+ 12개월 50% 할인,PM30000107,"20260617","20260520","20260630",23
C2600S6,토이스토리 소장용 패키지 프로모션_수정,A1SA1020261000121259,"[토이 스토리 패키지 구매] 영화 5,500원 할인",PPV 등,"20260622","20260615","20260731",2
C2600JB,<극장의 시간들> 할인쿠폰 프로모션,A1SA1020261000120746,"[극장의 시간들 런칭] 영화 5,500원 할인",PPV 등,"20260514","20260428","20260531",1
C2600R4,<피어스> 할인쿠폰 프로모션,A1SA1020261000121258,"[피어스 런칭] 영화 5,500원 할인",PPV 등,"20260630","20260615","20260731",2
C2600J7,"지상파 월정액 3개월 내내 5,500원_5월 2차",A1CP1020261000120660,"[온가족특가] 지상파 월정액 3개월 내내 월 5,500원",PM30000150,"20260731","20260422","20260531",1
C2600NN,<코드 네임: 알라룸> 할인쿠폰 프로모션,A1SA1020261000120951,"[코드 네임: 알라룸 런칭] 영화 5,500원 할인",PPV 등,"20260625","20260526","20260630",1
C2600UF,"26년 7월_B tv+ 비플리_UI 541 이상_쿠폰&배너_4",A1CP1020261000121365,[고객님만 혜택] B tv+ 반값 할인 (최대 12개월),PM30000107,"20260723","20260624","20260731",1
C2600JP,[팝업] 밸류애드팀 Btv 업_단기(26.5.05)_1-2차,,,PPV 등,,,,291751
C2600LU,[팝업] 밸류애드팀 Btv 업_장기(26.5.20)_3-4차,,,PPV 등,,,,404726
C2600LX,"26년 5월_B tv+ 비플리_UI 541 이상_2차(~5/25)_1(1770)",A1CP1020261000120859,[가정의 달] B tv+ 12개월 50% 할인 (~5/25),PM30000107,"20260522","20260515","20260525",85
C2600KN,JTBC 월정액 첫달 무료_5월 1차,A1SA1020261000119567,[깜짝 특가] JTBC 월정액 1개월 100% 할인 쿠폰,PM30000269,"20260515","20260119","20261231",191
C2600NC,"26년 5월 B tv+ 할인 연장 캠페인_1주년 4,400원",A1CP1020261000120955,"[가입 유지 선물] B tv+ 월 4,400원 혜택 6개월 자동 연장_5월",PM30000107,"20260713","20260526","20260731",236
C2600N3,[주기성/쿠폰] <살목지&K-공포상영회> 할인쿠폰 프로모션,A1PR1020261000120873,[K-공포 상영회] 영화 50% 할인,PPV 등,"20260531","20260520","20260609",43
C2600N4,(주기성) 6월 쿠폰팩 GCP(5/24~6/21가입)_TB,A1CP1020261000120867,[FREE PASS] CJ ENM 1개월 무료_26년6월,PM30000154,"20260626","20260519","20260629",29
C2600S4,"6월 성인 1+1 프로모션_모바일 (6/21~6/30)",A1SA1020261000121171,"[1+1 앵콜 이벤트] 3,300원 할인 쿠폰 (모바일)",PPV 등,"20260630","20260609","20260731",52
C2600PR,"26년 6월_B tv+ 파격할인_UI 541 이상_1",DummyOffer,,PPV 등,,,,333
C2600O6,"26년 6월_B tv+ 비플리_UI 541 이상_1차 쿠폰(~6/7) & 배너(~6/30)_1",A1CP1020261000120872,[위클리 혜택] B tv+ 12개월 50% 할인,PM30000107,"20260609","20260520","20260630",8
C2600S0,SPOTV 6월 첫달무료_2차_0620,A1SA1020261000121165,[MLB 이벤트] SPOTV Prime 1개월 무료,PM35000007,"20260622","20260609","20260630",99
C2600TA,[주기성] 26년 7월_B tv+ 비플리_UI 541 이하_쿠폰,A1CP1020261000121366,[고객님만 혜택] B tv+ 반값 할인 (최대 12개월),PM30000107,"20260709","20260624","20260731",18
C2600UF,"26년 7월_B tv+ 비플리_UI 541 이상_쿠폰&배너_4",A1CP1020261000121365,[고객님만 혜택] B tv+ 반값 할인 (최대 12개월),PM30000107,"20260708","20260624","20260731",3
C2600S6,토이스토리 소장용 패키지 프로모션_수정,A1SA1020261000121259,"[토이 스토리 패키지 구매] 영화 5,500원 할인",PPV 등,"20260626","20260615","20260731",15
C2600OA,"26년 6월_B tv+ 비플리_UI 541 이상_1차 쿠폰(~6/7) & 배너(~6/30)_2",A1CP1020261000120872,[위클리 혜택] B tv+ 12개월 50% 할인,PM30000107,"20260619","20260520","20260630",31
C2600UE,"26년 7월_B tv+ 비플리_UI 541 이상_쿠폰&배너_3",A1CP1020261000121365,[고객님만 혜택] B tv+ 반값 할인 (최대 12개월),PM30000107,"20260715","20260624","20260731",11
C2600QR,"6월 성인 1+1 프로모션_추가 (6/12~14 구매자)",A1SA1020261000121168,"[1+1이벤트] 3,300원 할인 쿠폰",PPV 등,"20260702","20260609","20260731",26
C2600S6,토이스토리 소장용 패키지 프로모션_수정,A1SA1020261000121259,"[토이 스토리 패키지 구매] 영화 5,500원 할인",PPV 등,"20260721","20260615","20260731",4
C2600JE,<캣 앤 독> 할인쿠폰 프로모션,A1SA1020261000120747,"[캣 앤 독 런칭] 영화 5,500원 할인",PPV 등,,"20260428","20260531",79
C2600PM,[보정용][D+1] 쿠폰팩 등록 혜택 지급_2601,A1PR1020261000119553,[쿠폰팩 등록 감사] VOD 20% 할인쿠폰,PPV 등,"20260705","20260114","99991231",1
C2600TM,<신의 악단> 할인쿠폰 프로모션,A1SA1020261000121384,"[신의 악단 런칭] 영화 3,300원 할인",PPV 등,"20260704","20260630","20260731",16
C2600N4,(주기성) 6월 쿠폰팩 GCP(5/24~6/21가입)_TB,A1SA1020261000120869,[FREE PASS] SPOTV 프라임패키지 1개월 무료_26년6월,PM35000007,"20260616","20260519","20260629",6
C2600WK,JTBC 월정액 3개월 70% 할인_7월 3차,A1SA1020261000121374,[쿨썸머 특가] JTBC 월정액 3개월 내내 70% 할인,PM30000269,"20260725","20260629","20260731",18
C2600QR,"6월 성인 1+1 프로모션_추가 (6/12~14 구매자)",A1SA1020261000121168,"[1+1이벤트] 3,300원 할인 쿠폰",PPV 등,"20260704","20260609","20260731",45
C2600ND,"지상파 월정액 첫달 3,300원_6월 1차",A1CP1020261000120947,"[6월 특가] 지상파 월정액 1개월 13,200원 할인",PM30000150,"20260624","20260526","20260630",50
C2600UP,<서퍼> 할인쿠폰 프로모션,A1SA1020261000121460,"[서퍼 런칭] 영화 3,300원 할인",PPV 등,"20260717","20260708","20260831",17
C2600OB,"26년 6월_B tv+ 비플리_UI 541 이상_1차 쿠폰(~6/7) & 배너(~6/30)_3",A1CP1020261000120872,[위클리 혜택] B tv+ 12개월 50% 할인,PM30000107,"20260618","20260520","20260630",2
C2600JE,<캣 앤 독> 할인쿠폰 프로모션,A1SA1020261000120747,"[캣 앤 독 런칭] 영화 5,500원 할인",PPV 등,"20260522","20260428","20260531",2
C2600NO,<푸틴: 절대 권력의 최후> 할인쿠폰 프로모션,A1SA1020261000120952,"[푸틴: 절대 권력의 최후 런칭] 영화 3,300원 할인",PPV 등,"20260607","20260526","20260630",3
C2600QA,[팝업] 밸류애드팀 Btv 업_단기(26.6.16)_3-3차,,,PPV 등,,,,155544
C2600RP,[팝업] 밸류애드팀 Btv 업_단기(26.6.23)_4-3차,,,PPV 등,,,,154926
C2600MI,JTBC 월정액 첫달 무료_6월 1차,A1SA1020261000119567,[깜짝 특가] JTBC 월정액 1개월 100% 할인 쿠폰,PM30000269,"20260609","20260119","20261231",328
C2600LY,"26년 5월_B tv+ 비플리_UI 541 이상_2차(~5/25)_2(1770)",A1CP1020261000120859,[가정의 달] B tv+ 12개월 50% 할인 (~5/25),PM30000107,"20260524","20260515","20260525",56
C2600WG,<디스클로저 데이> 할인쿠폰 프로모션,A1SA1020261000121558,"[디스클로저 데이 런칭] 영화 3,300원 할인",PPV 등,"20260729","20260713","20260831",105
C2600TZ,"지상파 월정액 3개월 5,500원_7월 2차",A1CP1020261000121373,"[쿨썸머 특가] 지상파 월정액 3개월 내내 월 5,500원",PM30000150,"20260718","20260629","20260731",75
C2600WJ,"CJ ENM 월정액 3개월 5,500원_7월 3차",A1CP1020261000121358,"[쿨썸머 특가] CJ ENM 월정액 3개월 내내 월 5,500원",PM30000154,"20260714","20260622","20260731",1
C2600S5,SPOTV 6월 첫달무료_1차_0622,A1SA1020261000121164,[축구 이벤트] SPOTV Prime 1개월 무료,PM35000007,"20260627","20260609","20260630",114
C2600LY,"26년 5월_B tv+ 비플리_UI 541 이상_2차(~5/25)_2(1770)",A1CP1020261000120859,[가정의 달] B tv+ 12개월 50% 할인 (~5/25),PM30000107,"20260518","20260515","20260525",32
C2600IP,"CJ ENM 월정액 3개월 5,500원_5월 1차",A1CP1020261000120659,"[온가족특가] CJ ENM 월정액 3개월 내내 5,500원",PM30000154,"20260523","20260422","20260531",44
C2600SG,"CJ ENM 월정액 3개월 5,500원_7월 1차",A1CP1020261000121358,"[쿨썸머 특가] CJ ENM 월정액 3개월 내내 월 5,500원",PM30000154,"20260703","20260622","20260731",79
C2600QQ,통합 월정액 첫달 무료_6월 4차,A1CP1020261000120948,[이용 감사 혜택] 주요 월정액 1개월 100% 할인 (택1),PM30000176,"20260625","20260526","20260630",190
C2600Q3,"6월 성인 1+1 프로모션 (6/11~6/20)",A1SA1020261000121168,"[1+1이벤트] 3,300원 할인 쿠폰",PPV 등,"20260621","20260609","20260731",11
C2600Q5,<스위트 홈: 진격의 거인> 할인쿠폰 프로모션,A1SA1020261000121160,"[스위트 홈: 진격의 거인 런칭] 영화 3,300원 할인",PPV 등,"20260628","20260605","20260731",30
C2600M6,JTBC 월정액 첫달 무료_5월 2차,A1SA1020261000119567,[깜짝 특가] JTBC 월정액 1개월 100% 할인 쿠폰,PM30000269,"20260617","20260119","20261231",26
C2600JZ,"JTBC 월정액 6개월 약정 3,300원_5월 2차",A1CP1020261000120658,"[온가족특가] JTBC 6개월 약정 기간 내내 월 3,300원",PM30000269,"20260510","20260421","20260531",21
C2600PY,SPOTV 6월 첫달무료_1차_0611,A1SA1020261000121164,[축구 이벤트] SPOTV Prime 1개월 무료,PM35000007,"20260618","20260609","20260630",77
C2600N4,(주기성) 6월 쿠폰팩 GCP(5/24~6/21가입)_TB,A1CP1020261000120866,[FREE PASS] 지상파 3사 1개월 무료_26년6월,PM30000150,"20260603","20260519","20260629",8
C2600S4,"6월 성인 1+1 프로모션_모바일 (6/21~6/30)",A1SA1020261000121171,"[1+1 앵콜 이벤트] 3,300원 할인 쿠폰 (모바일)",PPV 등,"20260706","20260609","20260731",37
C2600L9,"26년 5월_B tv+ 비플리_UI 541 이상_1차(~5/17)_3(1770)",A1CP1020261000120853,[가정의 달] B tv+ 12개월 50% 할인 (~5/17),PM30000107,"20260516","20260507","20260517",11
C2600S7,토이스토리 소장용 패키지 프로모션 (6/18~6/21 발급),A1SA1020261000121259,"[토이 스토리 패키지 구매] 영화 5,500원 할인",PPV 등,"20260701","20260615","20260731",9
C2600XG,"26년 7월 B tv+ 할인 연장 캠페인_6개월/9개월 할인재연",A1CP1020261000121664,"[가입 유지 선물] B tv+ 월 5,500원 이용 혜택 6개월 자동 연장_7월",PPV 등,"20260926","20260721","20260831",10
C2600NN,<코드 네임: 알라룸> 할인쿠폰 프로모션,A1SA1020261000120951,"[코드 네임: 알라룸 런칭] 영화 5,500원 할인",PPV 등,"20260603","20260526","20260630",10
C2600N4,(주기성) 6월 쿠폰팩 GCP(5/24~6/21가입)_TB,A1SA1020261000120869,[FREE PASS] SPOTV 프라임패키지 1개월 무료_26년6월,PM35000007,"20260624","20260519","20260629",15
C2600O6,"26년 6월_B tv+ 비플리_UI 541 이상_1차 쿠폰(~6/7) & 배너(~6/30)_1",A1CP1020261000120872,[위클리 혜택] B tv+ 12개월 50% 할인,PM30000107,"20260625","20260520","20260630",11
C2600KP,<왕과 사는 남자> 할인쿠폰 프로모션,A1SA1020261000120651,"[왕과 사는 남자 런칭] 영화 4,400원 할인",PPV 등,"20260525","20260421","20260531",15
C2600OL,"지상파 월정액 첫달 3,300원_6월 2차",A1CP1020261000120947,"[6월 특가] 지상파 월정액 1개월 13,200원 할인",PM30000150,"20260626","20260526","20260630",2
C2600N4,(주기성) 6월 쿠폰팩 GCP(5/24~6/21가입)_TB,A1CP1020261000120866,[FREE PASS] 지상파 3사 1개월 무료_26년6월,PM30000150,"20260616","20260519","20260629",8
C2600SC,<금발이 되고 싶어> 할인쿠폰 프로모션,A1SA1020261000121360,"[금발이 되고 싶어 런칭] 영화 5,500원 할인",PPV 등,"20260628","20260622","20260731",2
C2600P5,[주기성] 26년 6월_B tv+ 비플리_UI 541 이상_2~4차_1,A1CP1020261000120872,[위클리 혜택] B tv+ 12개월 50% 할인,PM30000107,"20260610","20260520","20260630",10
C2600P5,[주기성] 26년 6월_B tv+ 비플리_UI 541 이상_2~4차_1,A1CP1020261000120872,[위클리 혜택] B tv+ 12개월 50% 할인,PM30000107,"20260614","20260520","20260630",8
C2600LG,<스피드> 할인쿠폰 프로모션,A1SA1020261000120858,"[스피드 런칭] 영화 5,500원 할인",PPV 등,"20260527","20260512","20260531",4
C2600LG,<스피드> 할인쿠폰 프로모션,A1SA1020261000120858,"[스피드 런칭] 영화 5,500원 할인",PPV 등,"20260517","20260512","20260531",2
C2600Q4,"6월 성인 1+1 프로모션_모바일 (6/11~6/20)",A1SA1020261000121169,"[1+1이벤트] 3,300원 할인 쿠폰 (모바일)",PPV 등,"20260703","20260609","20260731",1
C2600P5,[주기성] 26년 6월_B tv+ 비플리_UI 541 이상_2~4차_1,A1CP1020261000120872,[위클리 혜택] B tv+ 12개월 50% 할인,PM30000107,"20260611","20260520","20260630",1
C2600R4,<피어스> 할인쿠폰 프로모션,A1SA1020261000121258,"[피어스 런칭] 영화 5,500원 할인",PPV 등,"20260623","20260615","20260731",1
C2600JE,<캣 앤 독> 할인쿠폰 프로모션,A1SA1020261000120747,"[캣 앤 독 런칭] 영화 5,500원 할인",PPV 등,"20260505","20260428","20260531",1
C2600PR,"26년 6월_B tv+ 파격할인_UI 541 이상_1",A1CP1020261000120874,"[파격할인] B tv+ 12개월 월 5,500원 혜택",PM30000107,"20260612","20260520","20260531",128
C2600P0,<쉘터> 타겟 프로모션_30%_0604,A1SA1020261000120953,[즉시 할인] 쉘터 30% 할인쿠폰,PPV 등,"20260609","20260526","20260630",107
C2600S3,"6월 성인 1+1 프로모션 (6/21~6/30)",A1SA1020261000121170,"[1+1 앵콜 이벤트] 3,300원 할인 쿠폰",PPV 등,"20260701","20260609","20260731",330
C2600IP,"CJ ENM 월정액 3개월 5,500원_5월 1차",A1CP1020261000120659,"[온가족특가] CJ ENM 월정액 3개월 내내 5,500원",PM30000154,"20260521","20260422","20260531",36
C2600PQ,통합 월정액 첫달 무료_6월 3차,A1CP1020261000120948,[이용 감사 혜택] 주요 월정액 1개월 100% 할인 (택1),PM30000176,"20260617","20260526","20260630",95
C2600SJ,[주기성]프라다입고문워크 신작혜택파티 프로모션,A1PR1020261000121272,[신작혜택파티] 영화 30% 할인(악마는프라다2 외 대상작),PPV 등,"20260626","20260618","20260706",7
C2600TJ,<데드 오브 윈터> 할인쿠폰 프로모션,A1SA1020261000121361,"[데드 오브 윈터 런칭] 영화 3,300원 할인",PPV 등,"20260723","20260622","20260731",7
C2600UP,<서퍼> 할인쿠폰 프로모션,A1SA1020261000121460,"[서퍼 런칭] 영화 3,300원 할인",PPV 등,"20260716","20260708","20260831",12
C2600T9,"26년 6월 B tv+ 할인 연장 캠페인_8월할인 7,700원",A1CP1020261000121368,"[가입 유지 선물] B tv+ 월 7,700원 이용 혜택 6개월 자동 연장_6월",PPV 등,"20260825","20260625","20260731",37
C2600S3,"6월 성인 1+1 프로모션 (6/21~6/30)",A1SA1020261000121170,"[1+1 앵콜 이벤트] 3,300원 할인 쿠폰",PPV 등,"20260708","20260609","20260731",133
C2600TJ,<데드 오브 윈터> 할인쿠폰 프로모션,A1SA1020261000121361,"[데드 오브 윈터 런칭] 영화 3,300원 할인",PPV 등,"20260713","20260622","20260731",13
C2600TL,"7월 성인 1+1 프로모션 (7/1~7/10)",A1SA1020261000121370,"[1+1이벤트] 3,300원 할인 쿠폰",PPV 등,"20260720","20260626","20260731",41
C2600P6,[주기성] 26년 6월_B tv+ 비플리_UI 541 이상_2~4차_2,A1CP1020261000120872,[위클리 혜택] B tv+ 12개월 50% 할인,PM30000107,"20260619","20260520","20260630",31
C2600TA,[주기성] 26년 7월_B tv+ 비플리_UI 541 이하_쿠폰,A1CP1020261000121366,[고객님만 혜택] B tv+ 반값 할인 (최대 12개월),PM30000107,"20260715","20260624","20260731",14
C2600TJ,<데드 오브 윈터> 할인쿠폰 프로모션,A1SA1020261000121361,"[데드 오브 윈터 런칭] 영화 3,300원 할인",PPV 등,"20260724","20260622","20260731",3
C2600KO,<폭탄> 할인쿠폰 프로모션,A1SA1020261000120751,"[폭탄 런칭] 영화 5,500원 할인",PPV 등,"20260513","20260430","20260531",3
C2600XG,"26년 7월 B tv+ 할인 연장 캠페인_6개월/9개월 할인재연",A1CP1020261000121664,"[가입 유지 선물] B tv+ 월 5,500원 이용 혜택 6개월 자동 연장_7월",PPV 등,"20260905","20260721","20260831",4
C2600UU,"7월 성인 1+1 앵콜 프로모션_모바일 (7/11~7/20)",A1SA1020261000121458,"[1+1 앵콜 이벤트] 3,300원 할인 쿠폰",PPV 등,"20260731","20260708","20260831",10
C2600TJ,<데드 오브 윈터> 할인쿠폰 프로모션,A1SA1020261000121361,"[데드 오브 윈터 런칭] 영화 3,300원 할인",PPV 등,"20260728","20260622","20260731",1
C2600KM,"지상파 월정액 3개월 내내 5,500원_5월 3차",A1CP1020261000120660,"[온가족특가] 지상파 월정액 3개월 내내 월 5,500원",PM30000150,,"20260422","20260531",489038
C2600KD,[주기성/쿠폰] <프로젝트헤일메리&인생SF전> 할인쿠폰 프로모션,A1PR1020261000120752,[프로젝트헤일메리] 인생SF영화 추가 30% 할인,PPV 등,"20260517","20260430","20260524",13
C2600V1,[팝업] 밸류애드팀 Btv 업_단기(26.7.14)_2-1차,,,PPV 등,,,,285514
C2600MB,<힌드의 목소리> 할인쿠폰 프로모션,A1SA1020261000120864,"[힌드의 목소리 런칭] 영화 5,500원 할인",PPV 등,"20260606","20260519","20260630",2
C2600IP,"CJ ENM 월정액 3개월 5,500원_5월 1차",A1CP1020261000120659,"[온가족특가] CJ ENM 월정액 3개월 내내 5,500원",PM30000154,"20260524","20260422","20260531",62
C2600S6,토이스토리 소장용 패키지 프로모션_수정,A1SA1020261000121259,"[토이 스토리 패키지 구매] 영화 5,500원 할인",PPV 등,"20260713","20260615","20260731",11
C2600MB,<힌드의 목소리> 할인쿠폰 프로모션,A1SA1020261000120864,"[힌드의 목소리 런칭] 영화 5,500원 할인",PPV 등,"20260601","20260519","20260630",3
C2600N5,(일회성) 6월 쿠폰팩 GCP(5/1~5/23가입)_TB,A1CP1020261000120866,[FREE PASS] 지상파 3사 1개월 무료_26년6월,PM30000150,"20260620","20260519","20260629",9
C2600SG,"CJ ENM 월정액 3개월 5,500원_7월 1차",A1CP1020261000121358,"[쿨썸머 특가] CJ ENM 월정액 3개월 내내 월 5,500원",PM30000154,"20260701","20260622","20260731",144
C2600WC,"지상파 월정액 3개월 5,500원_7월 3차",A1CP1020261000121373,"[쿨썸머 특가] 지상파 월정액 3개월 내내 월 5,500원",PM30000150,"20260727","20260629","20260731",50
C2600RC,"<왕과 사는 남자> 타겟 프로모션_2,000원_0617",A1SA1020261000121266,"[즉시 할인] 왕과 사는 남자 2,200원 할인쿠폰",PPV 등,"20260623","20260616","20260731",125
C2600WL,"2607_비플/캐치온 왕사남 해지취소_3주차_TV팝업",,,PPV 등,,,,1681
C2600KN,JTBC 월정액 첫달 무료_5월 1차,A1SA1020261000119567,[깜짝 특가] JTBC 월정액 1개월 100% 할인 쿠폰,PM30000269,"20260609","20260119","20261231",12
C2600KK,"CJ ENM 월정액 3개월 5,500원_5월 2차",A1CP1020261000120659,"[온가족특가] CJ ENM 월정액 3개월 내내 5,500원",PM30000154,"20260511","20260422","20260531",44
C2600SG,"CJ ENM 월정액 3개월 5,500원_7월 1차",A1CP1020261000121358,"[쿨썸머 특가] CJ ENM 월정액 3개월 내내 월 5,500원",PM30000154,"20260711","20260622","20260731",75
C2600XH,"26년 7월 B tv+ 50% 할인 연장 캠페인_25년9월할인",A1CP1020261000121665,[가입 유지 선물] B tv+ 50% 할인 혜택 6개월 자동 연장_7월,PPV 등,"20260906","20260721","20260831",41
C2600T9,"26년 6월 B tv+ 할인 연장 캠페인_8월할인 7,700원",A1CP1020261000121368,"[가입 유지 선물] B tv+ 월 7,700원 이용 혜택 6개월 자동 연장_6월",PPV 등,"20260804","20260625","20260731",32
C2600KO,<폭탄> 할인쿠폰 프로모션,A1SA1020261000120751,"[폭탄 런칭] 영화 5,500원 할인",PPV 등,"20260522","20260430","20260531",11
C2600LG,<스피드> 할인쿠폰 프로모션,A1SA1020261000120858,"[스피드 런칭] 영화 5,500원 할인",PPV 등,"20260522","20260512","20260531",8
C2600N5,(일회성) 6월 쿠폰팩 GCP(5/1~5/23가입)_TB,A1CP1020261000120866,[FREE PASS] 지상파 3사 1개월 무료_26년6월,PM30000150,"20260623","20260519","20260629",4
C2600R5,<내 이름은> 할인쿠폰 프로모션,A1SA1020261000121159,"[내 이름은 런칭] 영화 5,500원 할인",PPV 등,"20260629","20260605","20260731",16
C2600KI,"JTBC 월정액 6개월 약정 3,300원_5월 3차",A1CP1020261000120658,"[온가족특가] JTBC 6개월 약정 기간 내내 월 3,300원",PM30000269,"20260514","20260421","20260531",1
C2600Q5,<스위트 홈: 진격의 거인> 할인쿠폰 프로모션,A1SA1020261000121160,"[스위트 홈: 진격의 거인 런칭] 영화 3,300원 할인",PPV 등,"20260703","20260605","20260731",9
C2600TG,JTBC 월정액 3개월 70% 할인_7월 1차,A1SA1020261000121374,[쿨썸머 특가] JTBC 월정액 3개월 내내 70% 할인,PM30000269,"20260725","20260629","20260731",24
C2600OB,"26년 6월_B tv+ 비플리_UI 541 이상_1차 쿠폰(~6/7) & 배너(~6/30)_3",A1CP1020261000120872,[위클리 혜택] B tv+ 12개월 50% 할인,PM30000107,"20260605","20260520","20260630",5
C2600MM,"26년 5월_B tv+ 비플리_UI 541 이상_3차(~5/31)_3",A1CP1020261000120854,[가정의 달] B tv+ 12개월 50% 할인 (~5/31),PM30000107,"20260527","20260507","20260531",15
C2600QQ,통합 월정액 첫달 무료_6월 4차,A1CP1020261000120948,[이용 감사 혜택] 주요 월정액 1개월 100% 할인 (택1),PM30000176,"20260603","20260526","20260630",16
C2600US,<잠금: 셧다운> 할인쿠폰 프로모션,A1SA1020261000121462,"[잠금: 셧다운 런칭] 영화 5,500원 할인",PPV 등,"20260723","20260708","20260831",25
C2600IY,"JTBC 월정액 6개월 약정 3,300원_5월 1차",A1CP1020261000120658,"[온가족특가] JTBC 6개월 약정 기간 내내 월 3,300원",PM30000269,"20260516","20260421","20260531",4
C2600OB,"26년 6월_B tv+ 비플리_UI 541 이상_1차 쿠폰(~6/7) & 배너(~6/30)_3",A1CP1020261000120872,[위클리 혜택] B tv+ 12개월 50% 할인,PM30000107,"20260622","20260520","20260630",5
C2600SH,<납치 48시간> 할인쿠폰 프로모션,A1SA1020261000121265,"[납치 48시간 런칭] 영화 3,300원 할인",PPV 등,"20260712","20260616","20260831",8
C2600N4,(주기성) 6월 쿠폰팩 GCP(5/24~6/21가입)_TB,A1SA1020261000120868,[FREE PASS] JTBC 1개월 무료_26년6월,PM30000269,"20260614","20260519","20260629",2
C2600KD,[주기성/쿠폰] <프로젝트헤일메리&인생SF전> 할인쿠폰 프로모션,A1PR1020261000120752,[프로젝트헤일메리] 인생SF영화 추가 30% 할인,PPV 등,"20260512","20260430","20260524",2
C2600UF,"26년 7월_B tv+ 비플리_UI 541 이상_쿠폰&배너_4",A1CP1020261000121365,[고객님만 혜택] B tv+ 반값 할인 (최대 12개월),PM30000107,"20260710","20260624","20260731",3
C2600NO,<푸틴: 절대 권력의 최후> 할인쿠폰 프로모션,A1SA1020261000120952,"[푸틴: 절대 권력의 최후 런칭] 영화 3,300원 할인",PPV 등,"20260615","20260526","20260630",2
C2600LF,"2605_SPOTV B캐시 프로모션_TB",,,PPV 등,,,,2436831
C2600KN,JTBC 월정액 첫달 무료_5월 1차,A1SA1020261000119567,[깜짝 특가] JTBC 월정액 1개월 100% 할인 쿠폰,PM30000269,,"20260119","20261231",433263
C2600U6,[팝업] B tv All+(조합형)(26.7.7)_1-1차,,,PPV 등,,,,571940
C2600M6,JTBC 월정액 첫달 무료_5월 2차,A1SA1020261000119567,[깜짝 특가] JTBC 월정액 1개월 100% 할인 쿠폰,PM30000269,"20260530","20260119","20261231",543
C2600ND,"지상파 월정액 첫달 3,300원_6월 1차",A1CP1020261000120947,"[6월 특가] 지상파 월정액 1개월 13,200원 할인",PM30000150,"20260629","20260526","20260630",64
C2600J7,"지상파 월정액 3개월 내내 5,500원_5월 2차",A1CP1020261000120660,"[온가족특가] 지상파 월정액 3개월 내내 월 5,500원",PM30000150,"20260507","20260422","20260531",52
C2600NA,"26년 5월 B tv+ 할인 연장 캠페인_1주년 5,500원",A1CP1020261000120954,"[가입 유지 선물] B tv+ 월 5,500원 혜택 6개월 자동 연장_5월",PM30000107,"20260708","20260526","20260731",131
C2600S3,"6월 성인 1+1 프로모션 (6/21~6/30)",A1SA1020261000121170,"[1+1 앵콜 이벤트] 3,300원 할인 쿠폰",PPV 등,"20260628","20260609","20260731",285
C2600W3,비캐시 유효기간 임박고객 콘텐츠 구매 알림,,,PPV 등,,,,167
C2600OL,"지상파 월정액 첫달 3,300원_6월 2차",A1CP1020261000120947,"[6월 특가] 지상파 월정액 1개월 13,200원 할인",PM30000150,"20260620","20260526","20260630",32
C2600S6,토이스토리 소장용 패키지 프로모션_수정,A1SA1020261000121259,"[토이 스토리 패키지 구매] 영화 5,500원 할인",PPV 등,"20260629","20260615","20260731",12
C2600O0,"26년 6월_B tv+ 짝수달 유료전환 테스트_UI 552 이상",A1CP1020261000120870,[6월 한정] B tv+ 첫달 무료,PM30000107,"20260623","20260520","20260630",58
C2600WD,통합 월정액 3개월 내내 80% 할인,A1CP1020261000121658,[쿨썸머 특가] 주요 월정액 3개월 내내 80% 할인 (택1),PM30000176,"20260729","20260720","20260731",62
C2600TZ,"지상파 월정액 3개월 5,500원_7월 2차",A1CP1020261000121373,"[쿨썸머 특가] 지상파 월정액 3개월 내내 월 5,500원",PM30000150,"20260726","20260629","20260731",50
C2600T6,"26년 6월 B tv+ 할인 연장 캠페인_광복절 5,500원",A1CP1020261000121367,"[가입 유지 선물] B tv+ 월 5,500원 이용 혜택 6개월 자동 연장_6월",PPV 등,"20260821","20260625","20260731",87
C2600R6,<슈퍼 마리오 갤럭시> 할인쿠폰 프로모션,A1SA1020261000120961,"[슈퍼마리오 갤럭시 런칭] 영화 3,300원 할인",PPV 등,"20260701","20260529","20260623",9
C2600TO,<마이클> 할인쿠폰 프로모션,A1SA1020261000121261,"[마이클 런칭] 영화 3,300원 할인",PPV 등,"20260709","20260616","20260815",32
C2600NP,<모탈 컴뱃2> 할인쿠폰 프로모션,A1SA1020261000120959,"[모탈컴뱃2 런칭] 영화 5,500원 할인",PPV 등,"20260604","20260528","20260615",9
C2600T7,<노멀> 할인쿠폰 프로모션,A1SA1020261000121162,"[노멀 런칭] 영화 3,300원 할인",PPV 등,"20260708","20260605","20260731",22
C2600TK,<메가 샤크 어택> 할인쿠폰 프로모션,A1SA1020261000121369,"[메가 샤크 어택 런칭] 영화 5,500원 할인",PPV 등,"20260709","20260626","20260731",29
C2600N4,(주기성) 6월 쿠폰팩 GCP(5/24~6/21가입)_TB,A1SA1020261000120869,[FREE PASS] SPOTV 프라임패키지 1개월 무료_26년6월,PM35000007,"20260609","20260519","20260629",14
C2600UF,"26년 7월_B tv+ 비플리_UI 541 이상_쿠폰&배너_4",A1CP1020261000121365,[고객님만 혜택] B tv+ 반값 할인 (최대 12개월),PM30000107,"20260709","20260624","20260731",4
C2600UV,모아나 소장용 패키지 프로모션 (7/10),A1SA1020261000121465,"[모아나 패키지 구매] 영화 5,500원 할인",PPV 등,"20260710","20260708","20260831",3
C2600UC,"26년 7월_B tv+ 비플리_UI 541 이상_쿠폰&배너_1",A1CP1020261000121365,[고객님만 혜택] B tv+ 반값 할인 (최대 12개월),PM30000107,"20260720","20260624","20260731",6
C2600T9,"26년 6월 B tv+ 할인 연장 캠페인_8월할인 7,700원",A1CP1020261000121368,"[가입 유지 선물] B tv+ 월 7,700원 이용 혜택 6개월 자동 연장_6월",PPV 등,"20260819","20260625","20260731",1
C2600UF,"26년 7월_B tv+ 비플리_UI 541 이상_쿠폰&배너_4",A1CP1020261000121365,[고객님만 혜택] B tv+ 반값 할인 (최대 12개월),PM30000107,"20260711","20260624","20260731",1
C2600OV,전원혜택 액션무비 프로모션 안내,,,PPV 등,,,,3759240
C2600M8,<짱구> 할인쿠폰 프로모션,A1SA1020261000120863,"[짱구 런칭] 영화 5,500원 할인",PPV 등,"20260527","20260518","20260630",185
C2600OH,[주기성] 26년 6월_B tv+ 6월 유료전환_가입자 제외,DummyOffer,,PPV 등,,,,2129
C2600J5,"지상파 월정액 3개월 내내 5,500원_5월 1차",A1CP1020261000120660,"[온가족특가] 지상파 월정액 3개월 내내 월 5,500원",PM30000150,"20260504","20260422","20260531",73
C2600J7,"지상파 월정액 3개월 내내 5,500원_5월 2차",A1CP1020261000120660,"[온가족특가] 지상파 월정액 3개월 내내 월 5,500원",PM30000150,"20260519","20260422","20260531",39
C2600WD,통합 월정액 3개월 내내 80% 할인,A1CP1020261000121658,[쿨썸머 특가] 주요 월정액 3개월 내내 80% 할인 (택1),PM30000176,"20260731","20260720","20260731",73
C2600UT,"7월 성인 1+1 앵콜 프로모션_모바일 (7/11~7/20)",A1SA1020261000121459,"[1+1 앵콜 이벤트] 3,300원 할인 쿠폰 (모바일)",PPV 등,"20260713","20260708","20260831",31
C2600N5,(일회성) 6월 쿠폰팩 GCP(5/1~5/23가입)_TB,A1CP1020261000120865,[FREE PASS] B tv+ 1개월 무료_26년6월,PM30000107,"20260608","20260519","20260629",16
C2600M6,JTBC 월정액 첫달 무료_5월 2차,A1SA1020261000119567,[깜짝 특가] JTBC 월정액 1개월 100% 할인 쿠폰,PM30000269,"20260604","20260119","20261231",13
C2600VN,<엘리베이션> 할인쿠폰 프로모션,A1SA1020261000121463,"[엘리베이션 런칭] 영화 3,300원 할인",PPV 등,"20260720","20260708","20260831",68
C2600JA,<오시리스> 할인쿠폰 프로모션,A1SA1020261000120652,"[오시리스 런칭] 영화 3,300원 할인",PPV 등,"20260508","20260421","20260531",9
C2600S6,토이스토리 소장용 패키지 프로모션_수정,A1SA1020261000121259,"[토이 스토리 패키지 구매] 영화 5,500원 할인",PPV 등,"20260628","20260615","20260731",16
C2600NE,통합 월정액 첫달 무료_6월 1차,A1CP1020261000120948,[이용 감사 혜택] 주요 월정액 1개월 100% 할인 (택1),PM30000176,"20260604","20260526","20260630",20
C2600TK,<메가 샤크 어택> 할인쿠폰 프로모션,A1SA1020261000121369,"[메가 샤크 어택 런칭] 영화 5,500원 할인",PPV 등,"20260707","20260626","20260731",13
C2600N5,(일회성) 6월 쿠폰팩 GCP(5/1~5/23가입)_TB,A1CP1020261000120865,[FREE PASS] B tv+ 1개월 무료_26년6월,PM30000107,"20260623","20260519","20260629",10
C2600P7,[주기성] 26년 6월_B tv+ 비플리_UI 541 이상_2~4차_3,A1CP1020261000120872,[위클리 혜택] B tv+ 12개월 50% 할인,PM30000107,"20260615","20260520","20260630",2
C2600LE,"CJ ENM 월정액 3개월 5,500원_5월 3차",A1CP1020261000120659,"[온가족특가] CJ ENM 월정액 3개월 내내 5,500원",PM30000154,"20260610","20260422","20260531",1
C2600PP,"지상파 월정액 첫달 3,300원_6월 3차",A1CP1020261000120947,"[6월 특가] 지상파 월정액 1개월 13,200원 할인",PM30000150,"20260605","20260526","20260630",1
C2600KT,[팝업] 밸류애드팀 STB 교체(26.5.11)_2-2차,,,PPV 등,,,,325298
C2600PB,[팝업] B tv All+(조합형)(26.6.9)_2-1차,,,PPV 등,,,,574112
C2600V4,[팝업] B tv All+(조합형)(26.7.14)_2-1차,,,PPV 등,,,,592617
C2600R6,<슈퍼 마리오 갤럭시> 할인쿠폰 프로모션,A1SA1020261000120961,"[슈퍼마리오 갤럭시 런칭] 영화 3,300원 할인",PPV 등,,"20260529","20260623",849
C2600W7,"7월 성인 1+1 이열치열 프로모션 (7/21~/20)",A1SA1020261000121561,"[1+1 이열치열 이벤트] 3,300원 할인 쿠폰",PPV 등,"20260728","20260716","20260831",313
C2600WH,<군체> 할인쿠폰 프로모션,A1SA1020261000121563,[군체 런칭] 영화 20% 할인,PPV 등,"20260802","20260716","20260831",296
C2600SG,"CJ ENM 월정액 3개월 5,500원_7월 1차",A1CP1020261000121358,"[쿨썸머 특가] CJ ENM 월정액 3개월 내내 월 5,500원",PM30000154,"20260710","20260622","20260731",53
C2600S9,통합 월정액 첫달 90% 할인_추가 1차,A1CP1020261000121363,[쿨썸머 파격 특가] 주요 월정액 첫달 90% 할인 (택1),PM30000176,"20260629","20260622","20260629",101
C2600TT,<현상수배> 타겟 프로모션_30%_0702,A1SA1020261000121372,[즉시 할인] 현상수배 30% 할인쿠폰,PPV 등,"20260706","20260626","20260731",55
C2600UD,"26년 7월_B tv+ 비플리_UI 541 이상_쿠폰&배너_2",A1CP1020261000121365,[고객님만 혜택] B tv+ 반값 할인 (최대 12개월),PM30000107,"20260731","20260624","20260731",57
C2600KN,JTBC 월정액 첫달 무료_5월 1차,A1SA1020261000119567,[깜짝 특가] JTBC 월정액 1개월 100% 할인 쿠폰,PM30000269,"20260626","20260119","20261231",27
C2600SG,"CJ ENM 월정액 3개월 5,500원_7월 1차",A1CP1020261000121358,"[쿨썸머 특가] CJ ENM 월정액 3개월 내내 월 5,500원",PM30000154,"20260715","20260622","20260731",43
C2600TL,"7월 성인 1+1 프로모션 (7/1~7/10)",A1SA1020261000121370,"[1+1이벤트] 3,300원 할인 쿠폰",PPV 등,"20260717","20260626","20260731",75
C2600JA,<오시리스> 할인쿠폰 프로모션,A1SA1020261000120652,"[오시리스 런칭] 영화 3,300원 할인",PPV 등,"20260512","20260421","20260531",20
C2600QP,"지상파 월정액 첫달 3,300원_6월 5차",A1CP1020261000120947,"[6월 특가] 지상파 월정액 1개월 13,200원 할인",PM30000150,"20260617","20260526","20260630",2
C2600ND,"지상파 월정액 첫달 3,300원_6월 1차",A1CP1020261000120947,"[6월 특가] 지상파 월정액 1개월 13,200원 할인",PM30000150,"20260622","20260526","20260630",14
C2600O7,"2606_캐치온 해지방어_B tv+ Cross-sell",A1CP1020261000120958,[비밀 특가] B tv+ 1개월 100원,PM30000107,"20260704","20260528","20260712",1
C2600NI,<시에라 마드레: 카르텔 전쟁> 할인쿠폰 프로모션,A1SA1020261000120862,"[시에라 마드레: 카르텔 전쟁 런칭] 영화 5,500원 할인",PPV 등,"20260614","20260518","20260630",25
C2600UV,모아나 소장용 패키지 프로모션 (7/10),A1SA1020261000121465,"[모아나 패키지 구매] 영화 5,500원 할인",PPV 등,"20260715","20260708","20260831",8
C2600KM,"지상파 월정액 3개월 내내 5,500원_5월 3차",A1CP1020261000120660,"[온가족특가] 지상파 월정액 3개월 내내 월 5,500원",PM30000150,"20260531","20260422","20260531",26
C2600NN,<코드 네임: 알라룸> 할인쿠폰 프로모션,A1SA1020261000120951,"[코드 네임: 알라룸 런칭] 영화 5,500원 할인",PPV 등,"20260620","20260526","20260630",12
C2600KK,"CJ ENM 월정액 3개월 5,500원_5월 2차",A1CP1020261000120659,"[온가족특가] CJ ENM 월정액 3개월 내내 5,500원",PM30000154,,"20260422","20260531",537822
C2600SK,"26년 7월_B tv+ 비플리_UI 541 이하_배너",DummyOffer,,PPV 등,,,,285785
C2600N4,(주기성) 6월 쿠폰팩 GCP(5/24~6/21가입)_TB,A1CP1020261000120866,[FREE PASS] 지상파 3사 1개월 무료_26년6월,PM30000150,"20260624","20260519","20260629",22
C2600J5,"지상파 월정액 3개월 내내 5,500원_5월 1차",A1CP1020261000120660,"[온가족특가] 지상파 월정액 3개월 내내 월 5,500원",PM30000150,"20260531","20260422","20260531",54
C2600OY,통합 월정액 첫달 무료_6월 2차,A1CP1020261000120948,[이용 감사 혜택] 주요 월정액 1개월 100% 할인 (택1),PM30000176,"20260613","20260526","20260630",51
C2600NP,<모탈 컴뱃2> 할인쿠폰 프로모션,A1SA1020261000120959,"[모탈컴뱃2 런칭] 영화 5,500원 할인",PPV 등,"20260605","20260528","20260615",34
C2600TA,[주기성] 26년 7월_B tv+ 비플리_UI 541 이하_쿠폰,A1CP1020261000121366,[고객님만 혜택] B tv+ 반값 할인 (최대 12개월),PM30000107,"20260701","20260624","20260731",24
C2600KM,"지상파 월정액 3개월 내내 5,500원_5월 3차",A1CP1020261000120660,"[온가족특가] 지상파 월정액 3개월 내내 월 5,500원",PM30000150,"20260528","20260422","20260531",13
C2600VH,"26년 7월_B tv+ KBS 이승철 콘서트_타임딜_UI 541 이상_1",A1CP1020261000121559,"[이승철 특가] B tv+ 월 5,500원 이용 혜택 (최대 12개월)",PM30000107,"20260719","20260714","20260722",68
C2600W1,"26년 7월_B tv+ KBS 이승철 콘서트_타임딜_UI 541 이상_2",A1CP1020261000121559,"[이승철 특가] B tv+ 월 5,500원 이용 혜택 (최대 12개월)",PM30000107,"20260718","20260714","20260722",75
C2600SG,"CJ ENM 월정액 3개월 5,500원_7월 1차",A1CP1020261000121358,"[쿨썸머 특가] CJ ENM 월정액 3개월 내내 월 5,500원",PM30000154,"20260705","20260622","20260731",82
C2600SC,<금발이 되고 싶어> 할인쿠폰 프로모션,A1SA1020261000121360,"[금발이 되고 싶어 런칭] 영화 5,500원 할인",PPV 등,"20260702","20260622","20260731",3
C2600IP,"CJ ENM 월정액 3개월 5,500원_5월 1차",A1CP1020261000120659,"[온가족특가] CJ ENM 월정액 3개월 내내 5,500원",PM30000154,"20260507","20260422","20260531",44
C2600J7,"지상파 월정액 3개월 내내 5,500원_5월 2차",A1CP1020261000120660,"[온가족특가] 지상파 월정액 3개월 내내 월 5,500원",PM30000150,"20260520","20260422","20260531",45
C2600UC,"26년 7월_B tv+ 비플리_UI 541 이상_쿠폰&배너_1",A1CP1020261000121365,[고객님만 혜택] B tv+ 반값 할인 (최대 12개월),PM30000107,"20260718","20260624","20260731",6
C2600PP,"지상파 월정액 첫달 3,300원_6월 3차",A1CP1020261000120947,"[6월 특가] 지상파 월정액 1개월 13,200원 할인",PM30000150,"20260603","20260526","20260630",1
C2600P5,[주기성] 26년 6월_B tv+ 비플리_UI 541 이상_2~4차_1,A1CP1020261000120872,[위클리 혜택] B tv+ 12개월 50% 할인,PM30000107,"20260627","20260520","20260630",6
C2600PN,JTBC 월정액 첫달 무료_6월 2차,A1SA1020261000119567,[깜짝 특가] JTBC 월정액 1개월 100% 할인 쿠폰,PM30000269,"20260708","20260119","20261231",1
C2600KZ,[팝업] B tv 스탠다드+(조합형)_(26.5.12)_2-1차,,,PPV 등,,,,434493
C2600LK,[팝업] 밸류애드팀 Btv 업_단기(26.5.19)_3-1차,,,PPV 등,,,,283215
C2600QD,[팝업] 밸류애드팀 Btv 업_장기(26.6.17)_3-1차,,,PPV 등,,,,388291
C2600QN,"지상파 월정액 첫달 3,300원_6월 4차",A1CP1020261000120947,"[6월 특가] 지상파 월정액 1개월 13,200원 할인",PM30000150,,"20260526","20260630",499736
C2600UJ,[보정용] 26년 7월_B tv+ 비플리_UI 541 이상_쿠폰&배너_3,DummyOffer,,PPV 등,,,,396746
C2600VU,[팝업] 밸류애드팀 Btv 업_단기(26.7.21)_3-3차,,,PPV 등,,,,135002
C2600XL,[타겟] 최신 리모컨 무상 업그레이드 (7/27),,,PPV 등,,,,14380
C2600NE,통합 월정액 첫달 무료_6월 1차,A1CP1020261000120948,[이용 감사 혜택] 주요 월정액 1개월 100% 할인 (택1),PM30000176,"20260605","20260526","20260630",35
C2600ND,"지상파 월정액 첫달 3,300원_6월 1차",A1CP1020261000120947,"[6월 특가] 지상파 월정액 1개월 13,200원 할인",PM30000150,"20260616","20260526","20260630",74
C2600SJ,[주기성]프라다입고문워크 신작혜택파티 프로모션,A1PR1020261000121272,[신작혜택파티] 영화 30% 할인(악마는프라다2 외 대상작),PPV 등,"20260630","20260618","20260706",88
C2600KM,"지상파 월정액 3개월 내내 5,500원_5월 3차",A1CP1020261000120660,"[온가족특가] 지상파 월정액 3개월 내내 월 5,500원",PM30000150,"20260524","20260422","20260531",20
C2600N4,(주기성) 6월 쿠폰팩 GCP(5/24~6/21가입)_TB,A1CP1020261000120867,[FREE PASS] CJ ENM 1개월 무료_26년6월,PM30000154,"20260624","20260519","20260629",16
C2600QS,"6월 성인 1+1 프로모션_모바일_추가 (6/12~6/14 구매자)",A1SA1020261000121169,"[1+1이벤트] 3,300원 할인 쿠폰 (모바일)",PPV 등,"20260620","20260609","20260731",5
C2600SD,통합 월정액 첫달 90% 할인_추가 2차,A1CP1020261000121363,[쿨썸머 파격 특가] 주요 월정액 첫달 90% 할인 (택1),PM30000176,"20260627","20260622","20260629",97
C2600TM,<신의 악단> 할인쿠폰 프로모션,A1SA1020261000121384,"[신의 악단 런칭] 영화 3,300원 할인",PPV 등,"20260715","20260630","20260731",31
C2600J7,"지상파 월정액 3개월 내내 5,500원_5월 2차",A1CP1020261000120660,"[온가족특가] 지상파 월정액 3개월 내내 월 5,500원",PM30000150,"20260531","20260422","20260531",52
C2600NE,통합 월정액 첫달 무료_6월 1차,A1CP1020261000120948,[이용 감사 혜택] 주요 월정액 1개월 100% 할인 (택1),PM30000176,"20260607","20260526","20260630",38
C2600TZ,"지상파 월정액 3개월 5,500원_7월 2차",A1CP1020261000121373,"[쿨썸머 특가] 지상파 월정액 3개월 내내 월 5,500원",PM30000150,"20260724","20260629","20260731",50
C2600TT,<현상수배> 타겟 프로모션_30%_0702,A1SA1020261000121372,[즉시 할인] 현상수배 30% 할인쿠폰,PPV 등,"20260702","20260626","20260731",33
C2600QM,[보정용][주기성] 26년 6월_B tv+ 비플리_UI 541 이상_2~4차_1,A1CP1020261000120872,[위클리 혜택] B tv+ 12개월 50% 할인,PM30000107,"20260622","20260520","20260630",39
C2600QM,[보정용][주기성] 26년 6월_B tv+ 비플리_UI 541 이상_2~4차_1,A1CP1020261000120872,[위클리 혜택] B tv+ 12개월 50% 할인,PM30000107,"20260623","20260520","20260630",44
C2600XE,"26년 7월_B tv+ 7월 4주차 복날 타임딜_UI 541 이상_2_F",A1CP1020261000121662,"[복날 치킨비] B tv+ 월 5,500원 이용 혜택 (최대 12개월)",PM30000107,"20260724","20260721","20260726",84
C2600JZ,"JTBC 월정액 6개월 약정 3,300원_5월 2차",A1CP1020261000120658,"[온가족특가] JTBC 6개월 약정 기간 내내 월 3,300원",PM30000269,"20260513","20260421","20260531",7
C2600N4,(주기성) 6월 쿠폰팩 GCP(5/24~6/21가입)_TB,A1CP1020261000120865,[FREE PASS] B tv+ 1개월 무료_26년6월,PM30000107,"20260618","20260519","20260629",18
C2600L9,"26년 5월_B tv+ 비플리_UI 541 이상_1차(~5/17)_3(1770)",A1CP1020261000120853,[가정의 달] B tv+ 12개월 50% 할인 (~5/17),PM30000107,"20260517","20260507","20260517",9
C2600KK,"CJ ENM 월정액 3개월 5,500원_5월 2차",A1CP1020261000120659,"[온가족특가] CJ ENM 월정액 3개월 내내 5,500원",PM30000154,"20260519","20260422","20260531",24
C2600JA,<오시리스> 할인쿠폰 프로모션,A1SA1020261000120652,"[오시리스 런칭] 영화 3,300원 할인",PPV 등,"20260509","20260421","20260531",12
C2600N4,(주기성) 6월 쿠폰팩 GCP(5/24~6/21가입)_TB,A1CP1020261000120865,[FREE PASS] B tv+ 1개월 무료_26년6월,PM30000107,"20260622","20260519","20260629",28
C2600QV,"6월 성인 1+1 프로모션_모바일 (6/11~6/20)_수정",A1SA1020261000121169,"[1+1이벤트] 3,300원 할인 쿠폰 (모바일)",PPV 등,"20260623","20260609","20260731",18
C2600LX,"26년 5월_B tv+ 비플리_UI 541 이상_2차(~5/25)_1(1770)",A1CP1020261000120859,[가정의 달] B tv+ 12개월 50% 할인 (~5/25),PM30000107,"20260518","20260515","20260525",68
C2600LG,<스피드> 할인쿠폰 프로모션,A1SA1020261000120858,"[스피드 런칭] 영화 5,500원 할인",PPV 등,"20260524","20260512","20260531",9
C2600T9,"26년 6월 B tv+ 할인 연장 캠페인_8월할인 7,700원",A1CP1020261000121368,"[가입 유지 선물] B tv+ 월 7,700원 이용 혜택 6개월 자동 연장_6월",PPV 등,"20260831","20260625","20260731",27
C2600OC,"26년 6월_B tv+ 비플리_UI 541 이상_1차 쿠폰(~6/7) & 배너(~6/30)_4",A1CP1020261000120872,[위클리 혜택] B tv+ 12개월 50% 할인,PM30000107,"20260619","20260520","20260630",19
C2600P6,[주기성] 26년 6월_B tv+ 비플리_UI 541 이상_2~4차_2,A1CP1020261000120872,[위클리 혜택] B tv+ 12개월 50% 할인,PM30000107,"20260614","20260520","20260630",3
C2600M0,"26년 5월_B tv+ 비플리_UI 541 이상_2차(~5/25)_4(1770)",A1CP1020261000120859,[가정의 달] B tv+ 12개월 50% 할인 (~5/25),PM30000107,"20260525","20260515","20260525",8
C2600WI,<뮌터 & 칸딘스키 - 사랑의 초상> 할인쿠폰 프로모션,A1SA1020261000121560,"[뮌터 & 칸딘스키 - 사랑의 초상 런칭] 영화 5,500원 할인",PPV 등,"20260730","20260716","20260831",3
C2600LX,"26년 5월_B tv+ 비플리_UI 541 이상_2차(~5/25)_1(1770)",A1CP1020261000120859,[가정의 달] B tv+ 12개월 50% 할인 (~5/25),PM30000107,"20260625","20260515","20260525",1
C2600LA,"26년 5월_B tv+ 비플리_UI 541 이상_1차(~5/17)_4(1770)",A1CP1020261000120853,[가정의 달] B tv+ 12개월 50% 할인 (~5/17),PM30000107,"20260731","20260507","20260517",1
C2600R4,<피어스> 할인쿠폰 프로모션,A1SA1020261000121258,"[피어스 런칭] 영화 5,500원 할인",PPV 등,"20260625","20260615","20260731",1
C2600PQ,통합 월정액 첫달 무료_6월 3차,A1CP1020261000120948,[이용 감사 혜택] 주요 월정액 1개월 100% 할인 (택1),PM30000176,"20260622","20260526","20260630",1
C2600N4,(주기성) 6월 쿠폰팩 GCP(5/24~6/21가입)_TB,A1SA1020261000120868,[FREE PASS] JTBC 1개월 무료_26년6월,PM30000269,,"20260519","20260629",51706
C2600VY,[팝업] 밸류애드팀 Btv 업_장기(26.7.22)_3-2차,,,PPV 등,,,,368600
C2600VT,[팝업] 밸류애드팀 Btv 업_단기(26.7.21)_3-2차,,,PPV 등,,,,298594
C2600TJ,<데드 오브 윈터> 할인쿠폰 프로모션,A1SA1020261000121361,"[데드 오브 윈터 런칭] 영화 3,300원 할인",PPV 등,"20260703","20260622","20260731",5
C2600UG,"2607_무빙 연장 동의_TV팝업_15차",,,PPV 등,,,,3853
C2600P0,<쉘터> 타겟 프로모션_30%_0604,A1SA1020261000120953,[즉시 할인] 쉘터 30% 할인쿠폰,PPV 등,"20260606","20260526","20260630",286
C2600TZ,"지상파 월정액 3개월 5,500원_7월 2차",A1CP1020261000121373,"[쿨썸머 특가] 지상파 월정액 3개월 내내 월 5,500원",PM30000150,"20260731","20260629","20260731",69
C2600S0,SPOTV 6월 첫달무료_2차_0620,A1SA1020261000121165,[MLB 이벤트] SPOTV Prime 1개월 무료,PM35000007,"20260620","20260609","20260630",138
C2600NA,"26년 5월 B tv+ 할인 연장 캠페인_1주년 5,500원",A1CP1020261000120954,"[가입 유지 선물] B tv+ 월 5,500원 혜택 6개월 자동 연장_5월",PM30000107,"20260719","20260526","20260731",74
C2600TF,"지상파 월정액 3개월 5,500원_7월 1차",A1CP1020261000121373,"[쿨썸머 특가] 지상파 월정액 3개월 내내 월 5,500원",PM30000150,"20260722","20260629","20260731",74
C2600N5,(일회성) 6월 쿠폰팩 GCP(5/1~5/23가입)_TB,A1CP1020261000120866,[FREE PASS] 지상파 3사 1개월 무료_26년6월,PM30000150,"20260621","20260519","20260629",3
C2600SG,"CJ ENM 월정액 3개월 5,500원_7월 1차",A1CP1020261000121358,"[쿨썸머 특가] CJ ENM 월정액 3개월 내내 월 5,500원",PM30000154,"20260814","20260622","20260731",1
C2600L5,"26년 5월_B tv+ 크런치롤_할인쿠폰",A1PR1020261000120053,[크런치롤] B tv 애니 장르 30% 할인,PPV 등,,"20260225","20260531",25
C2600NN,<코드 네임: 알라룸> 할인쿠폰 프로모션,A1SA1020261000120951,"[코드 네임: 알라룸 런칭] 영화 5,500원 할인",PPV 등,"20260619","20260526","20260630",7
C2600NP,<모탈 컴뱃2> 할인쿠폰 프로모션,A1SA1020261000120959,"[모탈컴뱃2 런칭] 영화 5,500원 할인",PPV 등,"20260620","20260528","20260615",25
C2600IP,"CJ ENM 월정액 3개월 5,500원_5월 1차",A1CP1020261000120659,"[온가족특가] CJ ENM 월정액 3개월 내내 5,500원",PM30000154,"20260515","20260422","20260531",35
C2600R6,<슈퍼 마리오 갤럭시> 할인쿠폰 프로모션,A1SA1020261000120961,"[슈퍼마리오 갤럭시 런칭] 영화 3,300원 할인",PPV 등,"20260629","20260529","20260623",4
C2600MI,JTBC 월정액 첫달 무료_6월 1차,A1SA1020261000119567,[깜짝 특가] JTBC 월정액 1개월 100% 할인 쿠폰,PM30000269,"20260623","20260119","20261231",29
C2600OL,"지상파 월정액 첫달 3,300원_6월 2차",A1CP1020261000120947,"[6월 특가] 지상파 월정액 1개월 13,200원 할인",PM30000150,"20260617","20260526","20260630",22
C2600QY,수요1+1무비쿠폰(6월 쿠폰발급),A1PR1020261000121167,[금토일무비쿠폰] 20% 할인(5천원 이상 사용),PPV 등,"20260620","20260609","20261231",21
C2600T8,<살목지(2차)> 할인쿠폰 프로모션,A1SA1020261000121161,"[살목지 런칭] 영화 4,444원 할인",PPV 등,"20260716","20260605","20260731",19
C2600JB,<극장의 시간들> 할인쿠폰 프로모션,A1SA1020261000120746,"[극장의 시간들 런칭] 영화 5,500원 할인",PPV 등,"20260504","20260428","20260531",2
C2600TK,<메가 샤크 어택> 할인쿠폰 프로모션,A1SA1020261000121369,"[메가 샤크 어택 런칭] 영화 5,500원 할인",PPV 등,"20260731","20260626","20260731",1
C2600QM,[보정용][주기성] 26년 6월_B tv+ 비플리_UI 541 이상_2~4차_1,A1CP1020261000120872,[위클리 혜택] B tv+ 12개월 50% 할인,PM30000107,"20260606","20260520","20260630",4
C2600JE,<캣 앤 독> 할인쿠폰 프로모션,A1SA1020261000120747,"[캣 앤 독 런칭] 영화 5,500원 할인",PPV 등,"20260507","20260428","20260531",2
C2600MI,JTBC 월정액 첫달 무료_6월 1차,A1SA1020261000119567,[깜짝 특가] JTBC 월정액 1개월 100% 할인 쿠폰,PM30000269,"20260515","20260119","20261231",1
C2600ON,"26년 6월_B tv+ 국내여행_(6/3)_4567",DummyOffer,,PPV 등,,,,1082175
C2600PN,JTBC 월정액 첫달 무료_6월 2차,A1SA1020261000119567,[깜짝 특가] JTBC 월정액 1개월 100% 할인 쿠폰,PM30000269,,"20260119","20261231",497459
C2600J2,[주기성]26년_5월 조합상품 미시청 고객 캐시 적립,PR102026100000125962,,PPV 등,,,,4058
C2600OC,"26년 6월_B tv+ 비플리_UI 541 이상_1차 쿠폰(~6/7) & 배너(~6/30)_4",A1CP1020261000120872,[위클리 혜택] B tv+ 12개월 50% 할인,PM30000107,"20260615","20260520","20260630",14
C2600N4,(주기성) 6월 쿠폰팩 GCP(5/24~6/21가입)_TB,A1CP1020261000120866,[FREE PASS] 지상파 3사 1개월 무료_26년6월,PM30000150,"20260607","20260519","20260629",11
C2600OL,"지상파 월정액 첫달 3,300원_6월 2차",A1CP1020261000120947,"[6월 특가] 지상파 월정액 1개월 13,200원 할인",PM30000150,"20260607","20260526","20260630",75
C2600TL,"7월 성인 1+1 프로모션 (7/1~7/10)",A1SA1020261000121370,"[1+1이벤트] 3,300원 할인 쿠폰",PPV 등,"20260715","20260626","20260731",141
C2600PP,"지상파 월정액 첫달 3,300원_6월 3차",A1CP1020261000120947,"[6월 특가] 지상파 월정액 1개월 13,200원 할인",PM30000150,"20260615","20260526","20260630",91
C2600TF,"지상파 월정액 3개월 5,500원_7월 1차",A1CP1020261000121373,"[쿨썸머 특가] 지상파 월정액 3개월 내내 월 5,500원",PM30000150,"20260702","20260629","20260731",93
C2600SG,"CJ ENM 월정액 3개월 5,500원_7월 1차",A1CP1020261000121358,"[쿨썸머 특가] CJ ENM 월정액 3개월 내내 월 5,500원",PM30000154,"20260717","20260622","20260731",80
C2600R6,<슈퍼 마리오 갤럭시> 할인쿠폰 프로모션,A1SA1020261000120961,"[슈퍼마리오 갤럭시 런칭] 영화 3,300원 할인",PPV 등,"20260702","20260529","20260623",10
C2600ND,"지상파 월정액 첫달 3,300원_6월 1차",A1CP1020261000120947,"[6월 특가] 지상파 월정액 1개월 13,200원 할인",PM30000150,"20260630","20260526","20260630",22
C2600UE,"26년 7월_B tv+ 비플리_UI 541 이상_쿠폰&배너_3",A1CP1020261000121365,[고객님만 혜택] B tv+ 반값 할인 (최대 12개월),PM30000107,"20260729","20260624","20260731",37
C2600J5,"지상파 월정액 3개월 내내 5,500원_5월 1차",A1CP1020261000120660,"[온가족특가] 지상파 월정액 3개월 내내 월 5,500원",PM30000150,"20260511","20260422","20260531",69
C2600Q5,<스위트 홈: 진격의 거인> 할인쿠폰 프로모션,A1SA1020261000121160,"[스위트 홈: 진격의 거인 런칭] 영화 3,300원 할인",PPV 등,"20260621","20260605","20260731",22
C2600SJ,[주기성]프라다입고문워크 신작혜택파티 프로모션,A1PR1020261000121272,[신작혜택파티] 영화 30% 할인(악마는프라다2 외 대상작),PPV 등,"20260701","20260618","20260706",106
C2600NN,<코드 네임: 알라룸> 할인쿠폰 프로모션,A1SA1020261000120951,"[코드 네임: 알라룸 런칭] 영화 5,500원 할인",PPV 등,"20260607","20260526","20260630",33
C2600KK,"CJ ENM 월정액 3개월 5,500원_5월 2차",A1CP1020261000120659,"[온가족특가] CJ ENM 월정액 3개월 내내 5,500원",PM30000154,"20260516","20260422","20260531",27
C2600N4,(주기성) 6월 쿠폰팩 GCP(5/24~6/21가입)_TB,A1SA1020261000120869,[FREE PASS] SPOTV 프라임패키지 1개월 무료_26년6월,PM35000007,"20260620","20260519","20260629",7
C2600US,<잠금: 셧다운> 할인쿠폰 프로모션,A1SA1020261000121462,"[잠금: 셧다운 런칭] 영화 5,500원 할인",PPV 등,"20260721","20260708","20260831",19
C2600UD,"26년 7월_B tv+ 비플리_UI 541 이상_쿠폰&배너_2",A1CP1020261000121365,[고객님만 혜택] B tv+ 반값 할인 (최대 12개월),PM30000107,"20260730","20260624","20260731",45
C2600ND,"지상파 월정액 첫달 3,300원_6월 1차",A1CP1020261000120947,"[6월 특가] 지상파 월정액 1개월 13,200원 할인",PM30000150,"20260621","20260526","20260630",13
C2600JE,<캣 앤 독> 할인쿠폰 프로모션,A1SA1020261000120747,"[캣 앤 독 런칭] 영화 5,500원 할인",PPV 등,"20260520","20260428","20260531",5
C2600TJ,<데드 오브 윈터> 할인쿠폰 프로모션,A1SA1020261000121361,"[데드 오브 윈터 런칭] 영화 3,300원 할인",PPV 등,"20260717","20260622","20260731",33
C2600QV,"6월 성인 1+1 프로모션_모바일 (6/11~6/20)_수정",A1SA1020261000121169,"[1+1이벤트] 3,300원 할인 쿠폰 (모바일)",PPV 등,"20260705","20260609","20260731",2
C2600PN,JTBC 월정액 첫달 무료_6월 2차,A1SA1020261000119567,[깜짝 특가] JTBC 월정액 1개월 100% 할인 쿠폰,PM30000269,"20260511","20260119","20261231",4
C2600QS,"6월 성인 1+1 프로모션_모바일_추가 (6/12~6/14 구매자)",A1SA1020261000121169,"[1+1이벤트] 3,300원 할인 쿠폰 (모바일)",PPV 등,"20260627","20260609","20260731",2
C2600KD,[주기성/쿠폰] <프로젝트헤일메리&인생SF전> 할인쿠폰 프로모션,A1PR1020261000120752,[프로젝트헤일메리] 인생SF영화 추가 30% 할인,PPV 등,"20260514","20260430","20260524",3
C2600OL,"지상파 월정액 첫달 3,300원_6월 2차",A1CP1020261000120947,"[6월 특가] 지상파 월정액 1개월 13,200원 할인",PM30000150,"20260531","20260526","20260630",1
C2600OB,"26년 6월_B tv+ 비플리_UI 541 이상_1차 쿠폰(~6/7) & 배너(~6/30)_3",A1CP1020261000120872,[위클리 혜택] B tv+ 12개월 50% 할인,PM30000107,"20260627","20260520","20260630",2
C2600Q4,"6월 성인 1+1 프로모션_모바일 (6/11~6/20)",A1SA1020261000121169,"[1+1이벤트] 3,300원 할인 쿠폰 (모바일)",PPV 등,"20260618","20260609","20260731",1
C2600UP,<서퍼> 할인쿠폰 프로모션,A1SA1020261000121460,"[서퍼 런칭] 영화 3,300원 할인",PPV 등,"20260730","20260708","20260831",2
C2600IP,"CJ ENM 월정액 3개월 5,500원_5월 1차",DummyOffer,,PPV 등,,,,499405
C2600NK,[팝업] 밸류애드팀 STB 교체(26.6.1))_1-2차,,,PPV 등,,,,276248
C2600WZ,[팝업] 밸류애드팀 Btv 업_장기(26.7.29)_4-3차,,,PPV 등,,,,386629
C2600PZ,SPOTV 6월 첫달무료_1차_0612,,,PPV 등,,,,1895877
C2600PS,"26년 6월_B tv+ 파격할인_UI 541 이상_2",DummyOffer,,PPV 등,,,,793113
C2600RT,[팝업] 밸류애드팀 Btv 업_장기(26.6.24)_4-2차,,,PPV 등,,,,385152
C2600NH,<리 크로닌의 미이라> 할인쿠폰 프로모션,A1SA1020261000120855,"[리 크로닌의 미이라] 영화 3,300원 할인",PPV 등,,"20260507","20260630",794
C2600N4,(주기성) 6월 쿠폰팩 GCP(5/24~6/21가입)_TB,A1SA1020261000120868,[FREE PASS] JTBC 1개월 무료_26년6월,PM30000269,"20260629","20260519","20260629",24
C2600TO,<마이클> 할인쿠폰 프로모션,A1SA1020261000121261,"[마이클 런칭] 영화 3,300원 할인",PPV 등,,"20260616","20260815",2481
C2600R1,JTBC 월정액 첫달 무료_6월 3차,A1SA1020261000119567,[깜짝 특가] JTBC 월정액 1개월 100% 할인 쿠폰,PM30000269,"20260625","20260119","20261231",309
C2600TK,<메가 샤크 어택> 할인쿠폰 프로모션,A1SA1020261000121369,"[메가 샤크 어택 런칭] 영화 5,500원 할인",PPV 등,,"20260626","20260731",452
C2600S1,SPOTV 6월 첫달무료_2차_0622,A1SA1020261000121165,[MLB 이벤트] SPOTV Prime 1개월 무료,PM35000007,"20260623","20260609","20260630",60
C2600TL,"7월 성인 1+1 프로모션 (7/1~7/10)",A1SA1020261000121370,"[1+1이벤트] 3,300원 할인 쿠폰",PPV 등,"20260714","20260626","20260731",187
C2600SU,"26년 6월_B tv+ KBO 올스타전_UI 541 이상_1",A1CP1020261000121364,"[올스타전 특가] B tv+ 월 5,500원 혜택 (최대 12개월)",PM30000107,"20260703","20260624","20260705",120
C2600VM,<헬파이어: 시수의 길> 할인쿠폰 프로모션,A1SA1020261000121461,"[헬파이어: 시수의 길 런칭] 영화 5,500원 할인",PPV 등,"20260802","20260708","20260831",12
C2600TK,<메가 샤크 어택> 할인쿠폰 프로모션,A1SA1020261000121369,"[메가 샤크 어택 런칭] 영화 5,500원 할인",PPV 등,"20260721","20260626","20260731",14
C2600TO,<마이클> 할인쿠폰 프로모션,A1SA1020261000121261,"[마이클 런칭] 영화 3,300원 할인",PPV 등,"20260721","20260616","20260815",20
C2600SH,<납치 48시간> 할인쿠폰 프로모션,A1SA1020261000121265,"[납치 48시간 런칭] 영화 3,300원 할인",PPV 등,"20260703","20260616","20260831",10
C2600N4,(주기성) 6월 쿠폰팩 GCP(5/24~6/21가입)_TB,A1CP1020261000120866,[FREE PASS] 지상파 3사 1개월 무료_26년6월,PM30000150,"20260615","20260519","20260629",13
C2600TG,JTBC 월정액 3개월 70% 할인_7월 1차,A1SA1020261000121374,[쿨썸머 특가] JTBC 월정액 3개월 내내 70% 할인,PM30000269,"20260728","20260629","20260731",36
C2600P8,[주기성] 26년 6월_B tv+ 비플리_UI 541 이상_2~4차_4,A1CP1020261000120872,[위클리 혜택] B tv+ 12개월 50% 할인,PM30000107,"20260618","20260520","20260630",28
C2600P8,[주기성] 26년 6월_B tv+ 비플리_UI 541 이상_2~4차_4,A1CP1020261000120872,[위클리 혜택] B tv+ 12개월 50% 할인,PM30000107,"20260621","20260520","20260630",19
C2600SC,<금발이 되고 싶어> 할인쿠폰 프로모션,A1SA1020261000121360,"[금발이 되고 싶어 런칭] 영화 5,500원 할인",PPV 등,"20260630","20260622","20260731",8
C2600SG,"CJ ENM 월정액 3개월 5,500원_7월 1차",A1CP1020261000121358,"[쿨썸머 특가] CJ ENM 월정액 3개월 내내 월 5,500원",PM30000154,"20260718","20260622","20260731",56
C2600L8,"26년 5월_B tv+ 비플리_UI 541 이상_1차(~5/17)_2(1770)",A1CP1020261000120853,[가정의 달] B tv+ 12개월 50% 할인 (~5/17),PM30000107,"20260515","20260507","20260517",37
C2600IY,"JTBC 월정액 6개월 약정 3,300원_5월 1차",A1CP1020261000120658,"[온가족특가] JTBC 6개월 약정 기간 내내 월 3,300원",PM30000269,"20260521","20260421","20260531",10
C2600KP,<왕과 사는 남자> 할인쿠폰 프로모션,A1SA1020261000120651,"[왕과 사는 남자 런칭] 영화 4,400원 할인",PPV 등,"20260513","20260421","20260531",2
C2600M0,"26년 5월_B tv+ 비플리_UI 541 이상_2차(~5/25)_4(1770)",A1CP1020261000120859,[가정의 달] B tv+ 12개월 50% 할인 (~5/25),PM30000107,"20260519","20260515","20260525",3
C2600US,<잠금: 셧다운> 할인쿠폰 프로모션,A1SA1020261000121462,"[잠금: 셧다운 런칭] 영화 5,500원 할인",PPV 등,"20260728","20260708","20260831",6
C2600WJ,"CJ ENM 월정액 3개월 5,500원_7월 3차",A1CP1020261000121358,"[쿨썸머 특가] CJ ENM 월정액 3개월 내내 월 5,500원",PM30000154,"20260729","20260622","20260731",9
C2600QP,"지상파 월정액 첫달 3,300원_6월 5차",A1CP1020261000120947,"[6월 특가] 지상파 월정액 1개월 13,200원 할인",PM30000150,"20260612","20260526","20260630",1
C2600N5,(일회성) 6월 쿠폰팩 GCP(5/1~5/23가입)_TB,A1CP1020261000120866,[FREE PASS] 지상파 3사 1개월 무료_26년6월,PM30000150,"20260616","20260519","20260629",5
C2600KD,[주기성/쿠폰] <프로젝트헤일메리&인생SF전> 할인쿠폰 프로모션,A1PR1020261000120752,[프로젝트헤일메리] 인생SF영화 추가 30% 할인,PPV 등,"20260509","20260430","20260524",3
C2600SH,<납치 48시간> 할인쿠폰 프로모션,A1SA1020261000121265,"[납치 48시간 런칭] 영화 3,300원 할인",PPV 등,"20260627","20260616","20260831",2
C2600O6,"26년 6월_B tv+ 비플리_UI 541 이상_1차 쿠폰(~6/7) & 배너(~6/30)_1",A1CP1020261000120872,[위클리 혜택] B tv+ 12개월 50% 할인,PM30000107,"20260613","20260520","20260630",3
C2600JE,<캣 앤 독> 할인쿠폰 프로모션,A1SA1020261000120747,"[캣 앤 독 런칭] 영화 5,500원 할인",PPV 등,"20260530","20260428","20260531",4
C2600R1,JTBC 월정액 첫달 무료_6월 3차,A1SA1020261000119567,[깜짝 특가] JTBC 월정액 1개월 100% 할인 쿠폰,PM30000269,"20260524","20260119","20261231",2
C2600L0,[팝업] 밸류애드팀 Btv 업_장기(26.5.13)_2-1차,,,PPV 등,,,,392285
C2600IY,"JTBC 월정액 6개월 약정 3,300원_5월 1차",A1CP1020261000120658,"[온가족특가] JTBC 6개월 약정 기간 내내 월 3,300원",PM30000269,,"20260421","20260531",499549
C2600LB,"2605_무빙 연장 동의_TDB_2차",,,PPV 등,,,,4411
C2600XE,"26년 7월_B tv+ 7월 4주차 복날 타임딜_UI 541 이상_2_F",A1CP1020261000121662,"[복날 치킨비] B tv+ 월 5,500원 이용 혜택 (최대 12개월)",PM30000107,,"20260721","20260726",787276
C2600VS,[팝업] 밸류애드팀 Btv 업_단기(26.7.21)_3-1차,,,PPV 등,,,,283248
C2600NA,"26년 5월 B tv+ 할인 연장 캠페인_1주년 5,500원",A1CP1020261000120954,"[가입 유지 선물] B tv+ 월 5,500원 혜택 6개월 자동 연장_5월",PM30000107,"20260729","20260526","20260731",83
C2600N5,(일회성) 6월 쿠폰팩 GCP(5/1~5/23가입)_TB,A1CP1020261000120865,[FREE PASS] B tv+ 1개월 무료_26년6월,PM30000107,"20260625","20260519","20260629",10
C2600O0,"26년 6월_B tv+ 짝수달 유료전환 테스트_UI 552 이상",A1CP1020261000120870,[6월 한정] B tv+ 첫달 무료,PM30000107,"20260602","20260520","20260630",119
C2600R5,<내 이름은> 할인쿠폰 프로모션,A1SA1020261000121159,"[내 이름은 런칭] 영화 5,500원 할인",PPV 등,,"20260605","20260731",742
C2600ND,"지상파 월정액 첫달 3,300원_6월 1차",A1CP1020261000120947,"[6월 특가] 지상파 월정액 1개월 13,200원 할인",PM30000150,"20260602","20260526","20260630",123
C2600TZ,"지상파 월정액 3개월 5,500원_7월 2차",A1CP1020261000121373,"[쿨썸머 특가] 지상파 월정액 3개월 내내 월 5,500원",PM30000150,"20260713","20260629","20260731",76
C2600TA,[주기성] 26년 7월_B tv+ 비플리_UI 541 이하_쿠폰,A1CP1020261000121366,[고객님만 혜택] B tv+ 반값 할인 (최대 12개월),PM30000107,"20260712","20260624","20260731",29
C2600VD,"CJ ENM 월정액 3개월 5,500원_7월 2차",A1CP1020261000121358,"[쿨썸머 특가] CJ ENM 월정액 3개월 내내 월 5,500원",PM30000154,"20260726","20260622","20260731",25
C2600N4,(주기성) 6월 쿠폰팩 GCP(5/24~6/21가입)_TB,A1SA1020261000120868,[FREE PASS] JTBC 1개월 무료_26년6월,PM30000269,"20260607","20260519","20260629",3
C2600S0,SPOTV 6월 첫달무료_2차_0620,A1SA1020261000121165,[MLB 이벤트] SPOTV Prime 1개월 무료,PM35000007,"20260627","20260609","20260630",146
C2600N4,(주기성) 6월 쿠폰팩 GCP(5/24~6/21가입)_TB,A1CP1020261000120865,[FREE PASS] B tv+ 1개월 무료_26년6월,PM30000107,"20260613","20260519","20260629",22
C2600UT,"7월 성인 1+1 앵콜 프로모션_모바일 (7/11~7/20)",A1SA1020261000121459,"[1+1 앵콜 이벤트] 3,300원 할인 쿠폰 (모바일)",PPV 등,"20260721","20260708","20260831",21
C2600Q5,<스위트 홈: 진격의 거인> 할인쿠폰 프로모션,A1SA1020261000121160,"[스위트 홈: 진격의 거인 런칭] 영화 3,300원 할인",PPV 등,"20260618","20260605","20260731",24
C2600LE,"CJ ENM 월정액 3개월 5,500원_5월 3차",A1CP1020261000120659,"[온가족특가] CJ ENM 월정액 3개월 내내 5,500원",PM30000154,"20260520","20260422","20260531",12
C2600QQ,통합 월정액 첫달 무료_6월 4차,A1CP1020261000120948,[이용 감사 혜택] 주요 월정액 1개월 100% 할인 (택1),PM30000176,"20260615","20260526","20260630",6
C2600N5,(일회성) 6월 쿠폰팩 GCP(5/1~5/23가입)_TB,A1CP1020261000120866,[FREE PASS] 지상파 3사 1개월 무료_26년6월,PM30000150,"20260614","20260519","20260629",5
C2600N4,(주기성) 6월 쿠폰팩 GCP(5/24~6/21가입)_TB,A1CP1020261000120867,[FREE PASS] CJ ENM 1개월 무료_26년6월,PM30000154,"20260609","20260519","20260629",7
C2600UV,모아나 소장용 패키지 프로모션 (7/10),A1SA1020261000121465,"[모아나 패키지 구매] 영화 5,500원 할인",PPV 등,"20260801","20260708","20260831",4
C2600QV,"6월 성인 1+1 프로모션_모바일 (6/11~6/20)_수정",A1SA1020261000121169,"[1+1이벤트] 3,300원 할인 쿠폰 (모바일)",PPV 등,"20260703","20260609","20260731",2
C2600NP,<모탈 컴뱃2> 할인쿠폰 프로모션,A1SA1020261000120959,"[모탈컴뱃2 런칭] 영화 5,500원 할인",PPV 등,"20260626","20260528","20260615",3
C2600UV,모아나 소장용 패키지 프로모션 (7/10),A1SA1020261000121465,"[모아나 패키지 구매] 영화 5,500원 할인",PPV 등,"20260721","20260708","20260831",3
C2600Q3,"6월 성인 1+1 프로모션 (6/11~6/20)",A1SA1020261000121168,"[1+1이벤트] 3,300원 할인 쿠폰",PPV 등,"20260703","20260609","20260731",4
C2600VD,"CJ ENM 월정액 3개월 5,500원_7월 2차",A1CP1020261000121358,"[쿨썸머 특가] CJ ENM 월정액 3개월 내내 월 5,500원",PM30000154,"20260701","20260622","20260731",1
C2600QM,[보정용][주기성] 26년 6월_B tv+ 비플리_UI 541 이상_2~4차_1,A1CP1020261000120872,[위클리 혜택] B tv+ 12개월 50% 할인,PM30000107,"20260628","20260520","20260630",4
C2600KO,<폭탄> 할인쿠폰 프로모션,A1SA1020261000120751,"[폭탄 런칭] 영화 5,500원 할인",PPV 등,"20260520","20260430","20260531",2
C2600PD,[팝업] 밸류애드팀 Btv 업_장기(26.6.10)_2-1차,,,PPV 등,,,,401244
C2600ML,"26년 5월_B tv+ 비플리_UI 541 이상_3차(~5/31)_2",A1CP1020261000120854,[가정의 달] B tv+ 12개월 50% 할인 (~5/31),PM30000107,,"20260507","20260531",787743
C2600M8,<짱구> 할인쿠폰 프로모션,A1SA1020261000120863,"[짱구 런칭] 영화 5,500원 할인",PPV 등,"20260606","20260518","20260630",168
C2600NI,<시에라 마드레: 카르텔 전쟁> 할인쿠폰 프로모션,A1SA1020261000120862,"[시에라 마드레: 카르텔 전쟁 런칭] 영화 5,500원 할인",PPV 등,,"20260518","20260630",446
C2600OY,통합 월정액 첫달 무료_6월 2차,A1CP1020261000120948,[이용 감사 혜택] 주요 월정액 1개월 100% 할인 (택1),PM30000176,"20260609","20260526","20260630",25
C2600T9,"26년 6월 B tv+ 할인 연장 캠페인_8월할인 7,700원",A1CP1020261000121368,"[가입 유지 선물] B tv+ 월 7,700원 이용 혜택 6개월 자동 연장_6월",PPV 등,"20260813","20260625","20260731",61
C2600PS,"26년 6월_B tv+ 파격할인_UI 541 이상_2",A1CP1020261000120874,"[72시간 한정] B tv+ 12개월 월 5,500원 혜택",PM30000107,"20260613","20260526","20260614",70
C2600P6,[주기성] 26년 6월_B tv+ 비플리_UI 541 이상_2~4차_2,A1CP1020261000120872,[위클리 혜택] B tv+ 12개월 50% 할인,PM30000107,"20260621","20260520","20260630",62
C2600QP,"지상파 월정액 첫달 3,300원_6월 5차",A1CP1020261000120947,"[6월 특가] 지상파 월정액 1개월 13,200원 할인",PM30000150,"20260626","20260526","20260630",57
C2600NE,통합 월정액 첫달 무료_6월 1차,A1CP1020261000120948,[이용 감사 혜택] 주요 월정액 1개월 100% 할인 (택1),PM30000176,"20260624","20260526","20260630",37
C2600VN,<엘리베이션> 할인쿠폰 프로모션,A1SA1020261000121463,"[엘리베이션 런칭] 영화 3,300원 할인",PPV 등,"20260727","20260708","20260831",74
C2600PY,SPOTV 6월 첫달무료_1차_0611,A1SA1020261000121164,[축구 이벤트] SPOTV Prime 1개월 무료,PM35000007,"20260628","20260609","20260630",73
C2600QR,"6월 성인 1+1 프로모션_추가 (6/12~14 구매자)",A1SA1020261000121168,"[1+1이벤트] 3,300원 할인 쿠폰",PPV 등,"20260629","20260609","20260731",46
C2600TI,JTBC 월정액 3개월 70% 할인_7월 2차,A1SA1020261000121374,[쿨썸머 특가] JTBC 월정액 3개월 내내 70% 할인,PM30000269,"20260708","20260629","20260731",21
C2600VM,<헬파이어: 시수의 길> 할인쿠폰 프로모션,A1SA1020261000121461,"[헬파이어: 시수의 길 런칭] 영화 5,500원 할인",PPV 등,"20260724","20260708","20260831",11
C2600NI,<시에라 마드레: 카르텔 전쟁> 할인쿠폰 프로모션,A1SA1020261000120862,"[시에라 마드레: 카르텔 전쟁 런칭] 영화 5,500원 할인",PPV 등,"20260601","20260518","20260630",19
C2600NH,<리 크로닌의 미이라> 할인쿠폰 프로모션,A1SA1020261000120855,"[리 크로닌의 미이라] 영화 3,300원 할인",PPV 등,"20260612","20260507","20260630",25
C2600N4,(주기성) 6월 쿠폰팩 GCP(5/24~6/21가입)_TB,A1CP1020261000120867,[FREE PASS] CJ ENM 1개월 무료_26년6월,PM30000154,"20260621","20260519","20260629",14
C2600JA,<오시리스> 할인쿠폰 프로모션,A1SA1020261000120652,"[오시리스 런칭] 영화 3,300원 할인",PPV 등,"20260525","20260421","20260531",8
C2600OA,"26년 6월_B tv+ 비플리_UI 541 이상_1차 쿠폰(~6/7) & 배너(~6/30)_2",A1CP1020261000120872,[위클리 혜택] B tv+ 12개월 50% 할인,PM30000107,"20260531","20260520","20260630",12
C2600SH,<납치 48시간> 할인쿠폰 프로모션,A1SA1020261000121265,"[납치 48시간 런칭] 영화 3,300원 할인",PPV 등,"20260720","20260616","20260831",1
C2600IY,"JTBC 월정액 6개월 약정 3,300원_5월 1차",A1CP1020261000120658,"[온가족특가] JTBC 6개월 약정 기간 내내 월 3,300원",PM30000269,"20260513","20260421","20260531",10
C2600S7,토이스토리 소장용 패키지 프로모션 (6/18~6/21 발급),A1SA1020261000121259,"[토이 스토리 패키지 구매] 영화 5,500원 할인",PPV 등,"20260622","20260615","20260731",3
C2600OB,"26년 6월_B tv+ 비플리_UI 541 이상_1차 쿠폰(~6/7) & 배너(~6/30)_3",A1CP1020261000120872,[위클리 혜택] B tv+ 12개월 50% 할인,PM30000107,"20260604","20260520","20260630",7
C2600MN,"26년 5월_B tv+ 비플리_UI 541 이상_3차(~5/31)_4",A1CP1020261000120854,[가정의 달] B tv+ 12개월 50% 할인 (~5/31),PM30000107,"20260526","20260507","20260531",9
C2600LG,<스피드> 할인쿠폰 프로모션,A1SA1020261000120858,"[스피드 런칭] 영화 5,500원 할인",PPV 등,"20260611","20260512","20260531",1
C2600WK,JTBC 월정액 3개월 70% 할인_7월 3차,A1SA1020261000121374,[쿨썸머 특가] JTBC 월정액 3개월 내내 70% 할인,PM30000269,"20260709","20260629","20260731",1
C2600LM,[팝업] 밸류애드팀 Btv 업_단기(26.5.19)_3-3차,,,PPV 등,,,,146750
C2600QW,SPOTV 6월 첫달무료_1차_0615 TV팝업,,,PPV 등,,,,1894105
C2600RF,"26년 6월_B tv+ 주말 야식비 지원_UI 541 이상_2",DummyOffer,,PPV 등,,,,790561
C2600SR,[팝업] B tv All+(조합형)(26.6.30)_1-1차,,,PPV 등,,,,576911
C2600U1,[팝업] 밸류애드팀 STB 교체(26.7.6)_1-2차,,,PPV 등,,,,349288
C2600V6,[팝업] 밸류애드팀 Btv 업_장기(26.7.15)_2-1차,,,PPV 등,,,,294182
C2600O8,[주기성] 26년 6월_B tv+ 비플리_UI 541 이하_쿠폰,A1CP1020261000120872,[위클리 혜택] B tv+ 12개월 50% 할인,PM30000107,"20260608","20260520","20260630",14
C2600QR,"6월 성인 1+1 프로모션_추가 (6/12~14 구매자)",A1SA1020261000121168,"[1+1이벤트] 3,300원 할인 쿠폰",PPV 등,"20260619","20260609","20260731",180
C2600PQ,통합 월정액 첫달 무료_6월 3차,A1CP1020261000120948,[이용 감사 혜택] 주요 월정액 1개월 100% 할인 (택1),PM30000176,"20260616","20260526","20260630",94
C2600OA,"26년 6월_B tv+ 비플리_UI 541 이상_1차 쿠폰(~6/7) & 배너(~6/30)_2",A1CP1020261000120872,[위클리 혜택] B tv+ 12개월 50% 할인,PM30000107,"20260621","20260520","20260630",62
C2600T0,"26년 6월_B tv+ KBO 올스타전_UI 541 이상_2",A1CP1020261000121364,"[올스타전 특가] B tv+ 월 5,500원 혜택 (최대 12개월)",PM30000107,"20260705","20260624","20260705",71
C2600WH,<군체> 할인쿠폰 프로모션,A1SA1020261000121563,[군체 런칭] 영화 20% 할인,PPV 등,"20260724","20260716","20260831",56
C2600TK,<메가 샤크 어택> 할인쿠폰 프로모션,A1SA1020261000121369,"[메가 샤크 어택 런칭] 영화 5,500원 할인",PPV 등,"20260714","20260626","20260731",14
C2600SG,"CJ ENM 월정액 3개월 5,500원_7월 1차",A1CP1020261000121358,"[쿨썸머 특가] CJ ENM 월정액 3개월 내내 월 5,500원",PM30000154,"20260708","20260622","20260731",59
C2600NN,<코드 네임: 알라룸> 할인쿠폰 프로모션,A1SA1020261000120951,"[코드 네임: 알라룸 런칭] 영화 5,500원 할인",PPV 등,"20260610","20260526","20260630",31
C2600L7,"26년 5월_B tv+ 비플리_UI 541 이상_1차(~5/17)_1(1770)",A1CP1020261000120853,[가정의 달] B tv+ 12개월 50% 할인 (~5/17),PM30000107,"20260511","20260507","20260517",98
C2600TZ,"지상파 월정액 3개월 5,500원_7월 2차",A1CP1020261000121373,"[쿨썸머 특가] 지상파 월정액 3개월 내내 월 5,500원",PM30000150,"20260721","20260629","20260731",48
C2600SG,"CJ ENM 월정액 3개월 5,500원_7월 1차",A1CP1020261000121358,"[쿨썸머 특가] CJ ENM 월정액 3개월 내내 월 5,500원",PM30000154,"20260725","20260622","20260731",52
C2600TT,<현상수배> 타겟 프로모션_30%_0702,A1SA1020261000121372,[즉시 할인] 현상수배 30% 할인쿠폰,PPV 등,"20260708","20260626","20260731",53
C2600N4,(주기성) 6월 쿠폰팩 GCP(5/24~6/21가입)_TB,A1CP1020261000120866,[FREE PASS] 지상파 3사 1개월 무료_26년6월,PM30000150,"20260606","20260519","20260629",15
C2600T7,<노멀> 할인쿠폰 프로모션,A1SA1020261000121162,"[노멀 런칭] 영화 3,300원 할인",PPV 등,"20260706","20260605","20260731",23
C2600P8,[주기성] 26년 6월_B tv+ 비플리_UI 541 이상_2~4차_4,A1CP1020261000120872,[위클리 혜택] B tv+ 12개월 50% 할인,PM30000107,"20260615","20260520","20260630",14
C2600UC,"26년 7월_B tv+ 비플리_UI 541 이상_쿠폰&배너_1",A1CP1020261000121365,[고객님만 혜택] B tv+ 반값 할인 (최대 12개월),PM30000107,"20260708","20260624","20260731",71
C2600KI,"JTBC 월정액 6개월 약정 3,300원_5월 3차",A1CP1020261000120658,"[온가족특가] JTBC 6개월 약정 기간 내내 월 3,300원",PM30000269,"20260521","20260421","20260531",1
C2600IY,"JTBC 월정액 6개월 약정 3,300원_5월 1차",A1CP1020261000120658,"[온가족특가] JTBC 6개월 약정 기간 내내 월 3,300원",PM30000269,"20260504","20260421","20260531",16
C2600T7,<노멀> 할인쿠폰 프로모션,A1SA1020261000121162,"[노멀 런칭] 영화 3,300원 할인",PPV 등,"20260707","20260605","20260731",27
C2600OC,"26년 6월_B tv+ 비플리_UI 541 이상_1차 쿠폰(~6/7) & 배너(~6/30)_4",A1CP1020261000120872,[위클리 혜택] B tv+ 12개월 50% 할인,PM30000107,"20260602","20260520","20260630",13
C2600PP,"지상파 월정액 첫달 3,300원_6월 3차",A1CP1020261000120947,"[6월 특가] 지상파 월정액 1개월 13,200원 할인",PM30000150,"20260625","20260526","20260630",38
C2600TG,JTBC 월정액 3개월 70% 할인_7월 1차,A1SA1020261000121374,[쿨썸머 특가] JTBC 월정액 3개월 내내 70% 할인,PM30000269,"20260715","20260629","20260731",22
C2600US,<잠금: 셧다운> 할인쿠폰 프로모션,A1SA1020261000121462,"[잠금: 셧다운 런칭] 영화 5,500원 할인",PPV 등,"20260722","20260708","20260831",28
C2600KD,[주기성/쿠폰] <프로젝트헤일메리&인생SF전> 할인쿠폰 프로모션,A1PR1020261000120752,[프로젝트헤일메리] 인생SF영화 추가 30% 할인,PPV 등,"20260510","20260430","20260524",7
C2600JZ,"JTBC 월정액 6개월 약정 3,300원_5월 2차",A1CP1020261000120658,"[온가족특가] JTBC 6개월 약정 기간 내내 월 3,300원",PM30000269,"20260507","20260421","20260531",7
C2600SC,<금발이 되고 싶어> 할인쿠폰 프로모션,A1SA1020261000121360,"[금발이 되고 싶어 런칭] 영화 5,500원 할인",PPV 등,"20260720","20260622","20260731",2
C2600JZ,"JTBC 월정액 6개월 약정 3,300원_5월 2차",A1CP1020261000120658,"[온가족특가] JTBC 6개월 약정 기간 내내 월 3,300원",PM30000269,"20260519","20260421","20260531",2
C2600UE,"26년 7월_B tv+ 비플리_UI 541 이상_쿠폰&배너_3",A1CP1020261000121365,[고객님만 혜택] B tv+ 반값 할인 (최대 12개월),PM30000107,"20260724","20260624","20260731",1
C2600JU,[팝업] 밸류애드팀 Btv 업_장기(26.5.06)_1-2차,,,PPV 등,,,,385230
C2600KA,"26년 5월_B tv+ 비플리_UI 540 이하(1969)_토팝 멀티스탭",DummyOffer,,PPV 등,,,,219617
C2600P3,[팝업] 밸류애드팀 STB 교체(26.6.8))_2-3차,,,PPV 등,,,,324901
C2600J5,"지상파 월정액 3개월 내내 5,500원_5월 1차",A1CP1020261000120660,"[온가족특가] 지상파 월정액 3개월 내내 월 5,500원",PM30000150,,"20260422","20260531",495304
C2600XQ,통합 월정액 3개월 내내 80% 할인_8월 2차,A1CP1020261000121658,[쿨썸머 특가] 주요 월정액 3개월 내내 80% 할인 (택1),PM30000176,,"20260720","20260731",498823
C2600O0,"26년 6월_B tv+ 짝수달 유료전환 테스트_UI 552 이상",A1CP1020261000120870,[6월 한정] B tv+ 첫달 무료,PM30000107,"20260620","20260520","20260630",112
C2600M8,<짱구> 할인쿠폰 프로모션,A1SA1020261000120863,"[짱구 런칭] 영화 5,500원 할인",PPV 등,"20260528","20260518","20260630",164
C2600IY,"JTBC 월정액 6개월 약정 3,300원_5월 1차",A1CP1020261000120658,"[온가족특가] JTBC 6개월 약정 기간 내내 월 3,300원",PM30000269,"20260502","20260421","20260531",14
C2600TL,"7월 성인 1+1 프로모션 (7/1~7/10)",A1SA1020261000121370,"[1+1이벤트] 3,300원 할인 쿠폰",PPV 등,"20260707","20260626","20260731",365
C2600S4,"6월 성인 1+1 프로모션_모바일 (6/21~6/30)",A1SA1020261000121171,"[1+1 앵콜 이벤트] 3,300원 할인 쿠폰 (모바일)",PPV 등,"20260627","20260609","20260731",55
C2600NL,<쉘터> 할인쿠폰 프로모션,A1SA1020261000120861,"[쉘터 런칭] 영화 3,300원 할인",PPV 등,"20260604","20260518","20260630",52
C2600P6,[주기성] 26년 6월_B tv+ 비플리_UI 541 이상_2~4차_2,A1CP1020261000120872,[위클리 혜택] B tv+ 12개월 50% 할인,PM30000107,"20260623","20260520","20260630",34
C2600O8,[주기성] 26년 6월_B tv+ 비플리_UI 541 이하_쿠폰,A1CP1020261000120872,[위클리 혜택] B tv+ 12개월 50% 할인,PM30000107,"20260617","20260520","20260630",12
C2600QU,"6월 성인 1+1 프로모션 (6/11~6/20)_수정",A1SA1020261000121168,"[1+1이벤트] 3,300원 할인 쿠폰",PPV 등,"20260704","20260609","20260731",77
C2600UV,모아나 소장용 패키지 프로모션 (7/10),A1SA1020261000121465,"[모아나 패키지 구매] 영화 5,500원 할인",PPV 등,"20260728","20260708","20260831",10
C2600QP,"지상파 월정액 첫달 3,300원_6월 5차",A1CP1020261000120947,"[6월 특가] 지상파 월정액 1개월 13,200원 할인",PM30000150,"20260624","20260526","20260630",53
C2600NN,<코드 네임: 알라룸> 할인쿠폰 프로모션,A1SA1020261000120951,"[코드 네임: 알라룸 런칭] 영화 5,500원 할인",PPV 등,"20260615","20260526","20260630",6
C2600TJ,<데드 오브 윈터> 할인쿠폰 프로모션,A1SA1020261000121361,"[데드 오브 윈터 런칭] 영화 3,300원 할인",PPV 등,"20260710","20260622","20260731",27
C2600NP,<모탈 컴뱃2> 할인쿠폰 프로모션,A1SA1020261000120959,"[모탈컴뱃2 런칭] 영화 5,500원 할인",PPV 등,"20260612","20260528","20260615",37
C2600WF,<군체[예약구매]> 할인쿠폰 프로모션,A1SA1020261000121562,"[군체 예약] 영화 4,400원 할인",PPV 등,"20260722","20260716","20260831",25
C2600O0,"26년 6월_B tv+ 짝수달 유료전환 테스트_UI 552 이상",A1CP1020261000120870,[6월 한정] B tv+ 첫달 무료,PM30000107,"20260629","20260520","20260630",94
C2600PP,"지상파 월정액 첫달 3,300원_6월 3차",A1CP1020261000120947,"[6월 특가] 지상파 월정액 1개월 13,200원 할인",PM30000150,"20260629","20260526","20260630",72
C2600N5,(일회성) 6월 쿠폰팩 GCP(5/1~5/23가입)_TB,A1CP1020261000120866,[FREE PASS] 지상파 3사 1개월 무료_26년6월,PM30000150,"20260603","20260519","20260629",17
C2600SA,SPOTV 6월 첫달무료_1차_0623,A1SA1020261000121164,[축구 이벤트] SPOTV Prime 1개월 무료,PM35000007,"20260627","20260609","20260630",99
C2600PM,[보정용][D+1] 쿠폰팩 등록 혜택 지급_2601,A1PR1020261000119553,[쿠폰팩 등록 감사] VOD 20% 할인쿠폰,PPV 등,"20260621","20260114","99991231",1
C2600M8,<짱구> 할인쿠폰 프로모션,A1SA1020261000120863,"[짱구 런칭] 영화 5,500원 할인",PPV 등,"20260522","20260518","20260630",10
C2600W1,"26년 7월_B tv+ KBS 이승철 콘서트_타임딜_UI 541 이상_2",A1CP1020261000121559,"[이승철 특가] B tv+ 월 5,500원 이용 혜택 (최대 12개월)",PM30000107,"20260720","20260714","20260722",58
C2600M6,JTBC 월정액 첫달 무료_5월 2차,A1SA1020261000119567,[깜짝 특가] JTBC 월정액 1개월 100% 할인 쿠폰,PM30000269,"20260610","20260119","20261231",29
C2600US,<잠금: 셧다운> 할인쿠폰 프로모션,A1SA1020261000121462,"[잠금: 셧다운 런칭] 영화 5,500원 할인",PPV 등,"20260716","20260708","20260831",2
C2600N3,[주기성/쿠폰] <살목지&K-공포상영회> 할인쿠폰 프로모션,A1PR1020261000120873,[K-공포 상영회] 영화 50% 할인,PPV 등,"20260601","20260520","20260609",26
C2600R6,<슈퍼 마리오 갤럭시> 할인쿠폰 프로모션,A1SA1020261000120961,"[슈퍼마리오 갤럭시 런칭] 영화 3,300원 할인",PPV 등,"20260703","20260529","20260623",9
C2600UE,"26년 7월_B tv+ 비플리_UI 541 이상_쿠폰&배너_3",A1CP1020261000121365,[고객님만 혜택] B tv+ 반값 할인 (최대 12개월),PM30000107,"20260725","20260624","20260731",1
C2600PP,"지상파 월정액 첫달 3,300원_6월 3차",A1CP1020261000120947,"[6월 특가] 지상파 월정액 1개월 13,200원 할인",PM30000150,"20260531","20260526","20260630",1
C2600IY,"JTBC 월정액 6개월 약정 3,300원_5월 1차",A1CP1020261000120658,"[온가족특가] JTBC 6개월 약정 기간 내내 월 3,300원",PM30000269,"20260519","20260421","20260531",6
C2600Q4,"6월 성인 1+1 프로모션_모바일 (6/11~6/20)",A1SA1020261000121169,"[1+1이벤트] 3,300원 할인 쿠폰 (모바일)",PPV 등,"20260621","20260609","20260731",1
C2600LJ,[팝업] 밸류애드팀 STB 교체(26.5.18)_3-3차,,,PPV 등,,,,333115
C2600IP,"CJ ENM 월정액 3개월 5,500원_5월 1차",A1CP1020261000120659,"[온가족특가] CJ ENM 월정액 3개월 내내 5,500원",PM30000154,"20260528","20260422","20260531",39
C2600M8,<짱구> 할인쿠폰 프로모션,A1SA1020261000120863,"[짱구 런칭] 영화 5,500원 할인",PPV 등,"20260601","20260518","20260630",138
C2600TL,"7월 성인 1+1 프로모션 (7/1~7/10)",A1SA1020261000121370,"[1+1이벤트] 3,300원 할인 쿠폰",PPV 등,"20260718","20260626","20260731",59
C2600W7,"7월 성인 1+1 이열치열 프로모션 (7/21~/20)",A1SA1020261000121561,"[1+1 이열치열 이벤트] 3,300원 할인 쿠폰",PPV 등,"20260724","20260716","20260831",217
C2600T7,<노멀> 할인쿠폰 프로모션,A1SA1020261000121162,"[노멀 런칭] 영화 3,300원 할인",PPV 등,"20260715","20260605","20260731",20
C2600O0,"26년 6월_B tv+ 짝수달 유료전환 테스트_UI 552 이상",A1CP1020261000120870,[6월 한정] B tv+ 첫달 무료,PM30000107,"20260601","20260520","20260630",78
C2600T9,"26년 6월 B tv+ 할인 연장 캠페인_8월할인 7,700원",A1CP1020261000121368,"[가입 유지 선물] B tv+ 월 7,700원 이용 혜택 6개월 자동 연장_6월",PPV 등,"20260824","20260625","20260731",25
C2600M8,<짱구> 할인쿠폰 프로모션,A1SA1020261000120863,"[짱구 런칭] 영화 5,500원 할인",PPV 등,"20260607","20260518","20260630",135
C2600S7,토이스토리 소장용 패키지 프로모션 (6/18~6/21 발급),A1SA1020261000121259,"[토이 스토리 패키지 구매] 영화 5,500원 할인",PPV 등,"20260704","20260615","20260731",23
C2600XH,"26년 7월 B tv+ 50% 할인 연장 캠페인_25년9월할인",A1CP1020261000121665,[가입 유지 선물] B tv+ 50% 할인 혜택 6개월 자동 연장_7월,PPV 등,"20260904","20260721","20260831",44
C2600N4,(주기성) 6월 쿠폰팩 GCP(5/24~6/21가입)_TB,A1CP1020261000120865,[FREE PASS] B tv+ 1개월 무료_26년6월,PM30000107,"20260614","20260519","20260629",32
C2600OY,통합 월정액 첫달 무료_6월 2차,A1CP1020261000120948,[이용 감사 혜택] 주요 월정액 1개월 100% 할인 (택1),PM30000176,"20260606","20260526","20260630",38
C2600O0,"26년 6월_B tv+ 짝수달 유료전환 테스트_UI 552 이상",A1CP1020261000120870,[6월 한정] B tv+ 첫달 무료,PM30000107,"20260625","20260520","20260630",40
C2600L5,"26년 5월_B tv+ 크런치롤_할인쿠폰",A1PR1020261000120053,[크런치롤] B tv 애니 장르 30% 할인,PPV 등,"20260512","20260225","20260531",3
C2600TA,[주기성] 26년 7월_B tv+ 비플리_UI 541 이하_쿠폰,A1CP1020261000121366,[고객님만 혜택] B tv+ 반값 할인 (최대 12개월),PM30000107,"20260727","20260624","20260731",20
C2600TO,<마이클> 할인쿠폰 프로모션,A1SA1020261000121261,"[마이클 런칭] 영화 3,300원 할인",PPV 등,"20260714","20260616","20260815",15
C2600S7,토이스토리 소장용 패키지 프로모션 (6/18~6/21 발급),A1SA1020261000121259,"[토이 스토리 패키지 구매] 영화 5,500원 할인",PPV 등,"20260705","20260615","20260731",24
C2600S6,토이스토리 소장용 패키지 프로모션_수정,A1SA1020261000121259,"[토이 스토리 패키지 구매] 영화 5,500원 할인",PPV 등,"20260624","20260615","20260731",6
C2600PN,JTBC 월정액 첫달 무료_6월 2차,A1SA1020261000119567,[깜짝 특가] JTBC 월정액 1개월 100% 할인 쿠폰,PM30000269,"20260529","20260119","20261231",3
C2600WJ,"CJ ENM 월정액 3개월 5,500원_7월 3차",A1CP1020261000121358,"[쿨썸머 특가] CJ ENM 월정액 3개월 내내 월 5,500원",PM30000154,"20260723","20260622","20260731",15
C2600XG,"26년 7월 B tv+ 할인 연장 캠페인_6개월/9개월 할인재연",A1CP1020261000121664,"[가입 유지 선물] B tv+ 월 5,500원 이용 혜택 6개월 자동 연장_7월",PPV 등,"20260911","20260721","20260831",9
C2600KP,<왕과 사는 남자> 할인쿠폰 프로모션,A1SA1020261000120651,"[왕과 사는 남자 런칭] 영화 4,400원 할인",PPV 등,"20260527","20260421","20260531",17
C2600NN,<코드 네임: 알라룸> 할인쿠폰 프로모션,A1SA1020261000120951,"[코드 네임: 알라룸 런칭] 영화 5,500원 할인",PPV 등,"20260616","20260526","20260630",14
C2600KD,[주기성/쿠폰] <프로젝트헤일메리&인생SF전> 할인쿠폰 프로모션,A1PR1020261000120752,[프로젝트헤일메리] 인생SF영화 추가 30% 할인,PPV 등,"20260519","20260430","20260524",5
C2600N4,(주기성) 6월 쿠폰팩 GCP(5/24~6/21가입)_TB,A1CP1020261000120867,[FREE PASS] CJ ENM 1개월 무료_26년6월,PM30000154,"20260608","20260519","20260629",2
C2600T8,<살목지(2차)> 할인쿠폰 프로모션,A1SA1020261000121161,"[살목지 런칭] 영화 4,444원 할인",PPV 등,"20260715","20260605","20260731",7
C2600P5,[주기성] 26년 6월_B tv+ 비플리_UI 541 이상_2~4차_1,A1CP1020261000120872,[위클리 혜택] B tv+ 12개월 50% 할인,PM30000107,"20260605","20260520","20260630",4
C2600P7,[주기성] 26년 6월_B tv+ 비플리_UI 541 이상_2~4차_3,A1CP1020261000120872,[위클리 혜택] B tv+ 12개월 50% 할인,PM30000107,"20260618","20260520","20260630",2
C2600SU,"26년 6월_B tv+ KBO 올스타전_UI 541 이상_1",DummyOffer,,PPV 등,,,,793534
C2600PJ,"2606_플레이보이 디맨드_첫달무료_리마인드_1차",,,PPV 등,,,,207365
C2600J5,"지상파 월정액 3개월 내내 5,500원_5월 1차",A1CP1020261000120660,"[온가족특가] 지상파 월정액 3개월 내내 월 5,500원",PM30000150,"20260528","20260422","20260531",36
C2600XK,군체 타겟 프로모션_배너 노출_0724_수정,DummyOffer,,PPV 등,,,,20968
C2600M8,<짱구> 할인쿠폰 프로모션,A1SA1020261000120863,"[짱구 런칭] 영화 5,500원 할인",PPV 등,"20260526","20260518","20260630",59
C2600S3,"6월 성인 1+1 프로모션 (6/21~6/30)",A1SA1020261000121170,"[1+1 앵콜 이벤트] 3,300원 할인 쿠폰",PPV 등,"20260626","20260609","20260731",329
C2600W1,"26년 7월_B tv+ KBS 이승철 콘서트_타임딜_UI 541 이상_2",A1CP1020261000121559,"[이승철 특가] B tv+ 월 5,500원 이용 혜택 (최대 12개월)",PM30000107,"20260721","20260714","20260722",64
C2600NH,<리 크로닌의 미이라> 할인쿠폰 프로모션,A1SA1020261000120855,"[리 크로닌의 미이라] 영화 3,300원 할인",PPV 등,"20260605","20260507","20260630",35
C2600LG,<스피드> 할인쿠폰 프로모션,A1SA1020261000120858,"[스피드 런칭] 영화 5,500원 할인",PPV 등,"20260525","20260512","20260531",10
C2600QU,"6월 성인 1+1 프로모션 (6/11~6/20)_수정",A1SA1020261000121168,"[1+1이벤트] 3,300원 할인 쿠폰",PPV 등,"20260629","20260609","20260731",107
C2600UE,"26년 7월_B tv+ 비플리_UI 541 이상_쿠폰&배너_3",A1CP1020261000121365,[고객님만 혜택] B tv+ 반값 할인 (최대 12개월),PM30000107,"20260708","20260624","20260731",11
C2600Q3,"6월 성인 1+1 프로모션 (6/11~6/20)",A1SA1020261000121168,"[1+1이벤트] 3,300원 할인 쿠폰",PPV 등,"20260615","20260609","20260731",55
C2600WK,JTBC 월정액 3개월 70% 할인_7월 3차,A1SA1020261000121374,[쿨썸머 특가] JTBC 월정액 3개월 내내 70% 할인,PM30000269,"20260729","20260629","20260731",15
C2600KP,<왕과 사는 남자> 할인쿠폰 프로모션,A1SA1020261000120651,"[왕과 사는 남자 런칭] 영화 4,400원 할인",PPV 등,"20260523","20260421","20260531",15
C2600S6,토이스토리 소장용 패키지 프로모션_수정,A1SA1020261000121259,"[토이 스토리 패키지 구매] 영화 5,500원 할인",PPV 등,"20260707","20260615","20260731",19
C2600IY,"JTBC 월정액 6개월 약정 3,300원_5월 1차",A1CP1020261000120658,"[온가족특가] JTBC 6개월 약정 기간 내내 월 3,300원",PM30000269,"20260529","20260421","20260531",10
C2600N5,(일회성) 6월 쿠폰팩 GCP(5/1~5/23가입)_TB,A1CP1020261000120865,[FREE PASS] B tv+ 1개월 무료_26년6월,PM30000107,"20260602","20260519","20260629",35
C2600UT,"7월 성인 1+1 앵콜 프로모션_모바일 (7/11~7/20)",A1SA1020261000121459,"[1+1 앵콜 이벤트] 3,300원 할인 쿠폰 (모바일)",PPV 등,"20260722","20260708","20260831",22
C2600TG,JTBC 월정액 3개월 70% 할인_7월 1차,A1SA1020261000121374,[쿨썸머 특가] JTBC 월정액 3개월 내내 70% 할인,PM30000269,"20260711","20260629","20260731",27
C2600PT,"26년 6월_B tv+ 파격할인_UI 541 이상_3",A1CP1020261000120874,"[72시간 한정] B tv+ 12개월 월 5,500원 혜택",PM30000107,"20260611","20260526","20260614",9
C2600Q5,<스위트 홈: 진격의 거인> 할인쿠폰 프로모션,A1SA1020261000121160,"[스위트 홈: 진격의 거인 런칭] 영화 3,300원 할인",PPV 등,"20260624","20260605","20260731",17
C2600UP,<서퍼> 할인쿠폰 프로모션,A1SA1020261000121460,"[서퍼 런칭] 영화 3,300원 할인",PPV 등,"20260712","20260708","20260831",9
C2600T4,"26년 6월_B tv+ KBO 올스타전_UI 541 이상_4",A1CP1020261000121364,"[올스타전 특가] B tv+ 월 5,500원 혜택 (최대 12개월)",PM30000107,"20260702","20260624","20260705",5
C2600T8,<살목지(2차)> 할인쿠폰 프로모션,A1SA1020261000121161,"[살목지 런칭] 영화 4,444원 할인",PPV 등,"20260709","20260605","20260731",5
C2600T9,"26년 6월 B tv+ 할인 연장 캠페인_8월할인 7,700원",A1CP1020261000121368,"[가입 유지 선물] B tv+ 월 7,700원 이용 혜택 6개월 자동 연장_6월",PPV 등,"20260816","20260625","20260731",1
C2600UF,"26년 7월_B tv+ 비플리_UI 541 이상_쿠폰&배너_4",A1CP1020261000121365,[고객님만 혜택] B tv+ 반값 할인 (최대 12개월),PM30000107,"20260724","20260624","20260731",2
C2600KI,"JTBC 월정액 6개월 약정 3,300원_5월 3차",A1CP1020261000120658,"[온가족특가] JTBC 6개월 약정 기간 내내 월 3,300원",PM30000269,,"20260421","20260531",586230
C2600PC,[팝업] B tv 스탠다드+(조합형)_(26.6.9)_2-1차,,,PPV 등,,,,439196
C2600S5,SPOTV 6월 첫달무료_1차_0622,A1SA1020261000121164,[축구 이벤트] SPOTV Prime 1개월 무료,PM35000007,,"20260609","20260630",899859
C2600T2,"6월 쿠폰팩 GCP 만료 D-3_POP",DummyOffer,,PPV 등,,,,85200
C2600PV,"26년 6월_B tv+ 파격할인_UI 541 이하_5",A1CP1020261000120874,"[72시간 한정] B tv+ 12개월 월 5,500원 혜택",PM30000107,"20260610","20260526","20260614",35
C2600R5,<내 이름은> 할인쿠폰 프로모션,A1SA1020261000121159,"[내 이름은 런칭] 영화 5,500원 할인",PPV 등,"20260701","20260605","20260731",15
C2600ND,"지상파 월정액 첫달 3,300원_6월 1차",A1CP1020261000120947,"[6월 특가] 지상파 월정액 1개월 13,200원 할인",PM30000150,"20260628","20260526","20260630",72
C2600NI,<시에라 마드레: 카르텔 전쟁> 할인쿠폰 프로모션,A1SA1020261000120862,"[시에라 마드레: 카르텔 전쟁 런칭] 영화 5,500원 할인",PPV 등,"20260603","20260518","20260630",42
C2600KN,JTBC 월정액 첫달 무료_5월 1차,A1SA1020261000119567,[깜짝 특가] JTBC 월정액 1개월 100% 할인 쿠폰,PM30000269,"20260607","20260119","20261231",8
C2600T1,"26년 6월_B tv+ KBO 올스타전_UI 541 이상_3",A1CP1020261000121364,"[올스타전 특가] B tv+ 월 5,500원 혜택 (최대 12개월)",PM30000107,"20260627","20260624","20260705",23
C2600UE,"26년 7월_B tv+ 비플리_UI 541 이상_쿠폰&배너_3",A1CP1020261000121365,[고객님만 혜택] B tv+ 반값 할인 (최대 12개월),PM30000107,"20260711","20260624","20260731",24
C2600KK,"CJ ENM 월정액 3개월 5,500원_5월 2차",A1CP1020261000120659,"[온가족특가] CJ ENM 월정액 3개월 내내 5,500원",PM30000154,"20260517","20260422","20260531",49
C2600JZ,"JTBC 월정액 6개월 약정 3,300원_5월 2차",A1CP1020261000120658,"[온가족특가] JTBC 6개월 약정 기간 내내 월 3,300원",PM30000269,"20260503","20260421","20260531",44
C2600QQ,통합 월정액 첫달 무료_6월 4차,A1CP1020261000120948,[이용 감사 혜택] 주요 월정액 1개월 100% 할인 (택1),PM30000176,"20260606","20260526","20260630",26
C2600OC,"26년 6월_B tv+ 비플리_UI 541 이상_1차 쿠폰(~6/7) & 배너(~6/30)_4",A1CP1020261000120872,[위클리 혜택] B tv+ 12개월 50% 할인,PM30000107,"20260604","20260520","20260630",14
C2600TG,JTBC 월정액 3개월 70% 할인_7월 1차,A1SA1020261000121374,[쿨썸머 특가] JTBC 월정액 3개월 내내 70% 할인,PM30000269,"20260713","20260629","20260731",27
C2600TA,[주기성] 26년 7월_B tv+ 비플리_UI 541 이하_쿠폰,A1CP1020261000121366,[고객님만 혜택] B tv+ 반값 할인 (최대 12개월),PM30000107,"20260710","20260624","20260731",15
C2600TH,<살목지> 할인쿠폰 프로모션,A1SA1020261000121380,"[살목지 런칭] 영화 3,300원 할인",PPV 등,"20260710","20260629","20260731",14
C2600TA,[주기성] 26년 7월_B tv+ 비플리_UI 541 이하_쿠폰,A1CP1020261000121366,[고객님만 혜택] B tv+ 반값 할인 (최대 12개월),PM30000107,"20260628","20260624","20260731",38
C2600T1,"26년 6월_B tv+ KBO 올스타전_UI 541 이상_3",A1CP1020261000121364,"[올스타전 특가] B tv+ 월 5,500원 혜택 (최대 12개월)",PM30000107,"20260702","20260624","20260705",11
C2600OY,통합 월정액 첫달 무료_6월 2차,A1CP1020261000120948,[이용 감사 혜택] 주요 월정액 1개월 100% 할인 (택1),PM30000176,"20260620","20260526","20260630",18
C2600N4,(주기성) 6월 쿠폰팩 GCP(5/24~6/21가입)_TB,A1SA1020261000120868,[FREE PASS] JTBC 1개월 무료_26년6월,PM30000269,"20260625","20260519","20260629",3
C2600NP,<모탈 컴뱃2> 할인쿠폰 프로모션,A1SA1020261000120959,"[모탈컴뱃2 런칭] 영화 5,500원 할인",PPV 등,"20260627","20260528","20260615",4
C2600NO,<푸틴: 절대 권력의 최후> 할인쿠폰 프로모션,A1SA1020261000120952,"[푸틴: 절대 권력의 최후 런칭] 영화 3,300원 할인",PPV 등,"20260606","20260526","20260630",3
C2600KN,JTBC 월정액 첫달 무료_5월 1차,A1SA1020261000119567,[깜짝 특가] JTBC 월정액 1개월 100% 할인 쿠폰,PM30000269,"20260606","20260119","20261231",8
C2600UD,"26년 7월_B tv+ 비플리_UI 541 이상_쿠폰&배너_2",A1CP1020261000121365,[고객님만 혜택] B tv+ 반값 할인 (최대 12개월),PM30000107,"20260725","20260624","20260731",3
C2600Q5,<스위트 홈: 진격의 거인> 할인쿠폰 프로모션,A1SA1020261000121160,"[스위트 홈: 진격의 거인 런칭] 영화 3,300원 할인",PPV 등,"20260707","20260605","20260731",3
C2600PN,JTBC 월정액 첫달 무료_6월 2차,A1SA1020261000119567,[깜짝 특가] JTBC 월정액 1개월 100% 할인 쿠폰,PM30000269,"20260524","20260119","20261231",1
C2600UV,모아나 소장용 패키지 프로모션 (7/10),A1SA1020261000121465,"[모아나 패키지 구매] 영화 5,500원 할인",PPV 등,"20260713","20260708","20260831",1
C2600KM,"지상파 월정액 3개월 내내 5,500원_5월 3차",A1CP1020261000120660,"[온가족특가] 지상파 월정액 3개월 내내 월 5,500원",PM30000150,"20260510","20260422","20260531",50
C2600LX,"26년 5월_B tv+ 비플리_UI 541 이상_2차(~5/25)_1(1770)",A1CP1020261000120859,[가정의 달] B tv+ 12개월 50% 할인 (~5/25),PM30000107,"20260626","20260515","20260525",1
C2600PP,"지상파 월정액 첫달 3,300원_6월 3차",A1CP1020261000120947,"[6월 특가] 지상파 월정액 1개월 13,200원 할인",PM30000150,"20260614","20260526","20260630",149
C2600RC,"<왕과 사는 남자> 타겟 프로모션_2,000원_0617",A1SA1020261000121266,"[즉시 할인] 왕과 사는 남자 2,200원 할인쿠폰",PPV 등,"20260620","20260616","20260731",463
C2600VH,"26년 7월_B tv+ KBS 이승철 콘서트_타임딜_UI 541 이상_1",A1CP1020261000121559,"[이승철 특가] B tv+ 월 5,500원 이용 혜택 (최대 12개월)",PM30000107,"20260720","20260714","20260722",60
C2600T6,"26년 6월 B tv+ 할인 연장 캠페인_광복절 5,500원",A1CP1020261000121367,"[가입 유지 선물] B tv+ 월 5,500원 이용 혜택 6개월 자동 연장_6월",PPV 등,"20260820","20260625","20260731",83
C2600OB,"26년 6월_B tv+ 비플리_UI 541 이상_1차 쿠폰(~6/7) & 배너(~6/30)_3",A1CP1020261000120872,[위클리 혜택] B tv+ 12개월 50% 할인,PM30000107,"20260602","20260520","20260630",4
C2600TN,"7월 성인 1+1 프로모션_모바일 (7/1~7/10)",A1SA1020261000121371,"[1+1이벤트] 3,300원 할인 쿠폰 (모바일)",PPV 등,"20260702","20260626","20260731",11
C2600VD,"CJ ENM 월정액 3개월 5,500원_7월 2차",A1CP1020261000121358,"[쿨썸머 특가] CJ ENM 월정액 3개월 내내 월 5,500원",PM30000154,"20260712","20260622","20260731",66
C2600J5,"지상파 월정액 3개월 내내 5,500원_5월 1차",A1CP1020261000120660,"[온가족특가] 지상파 월정액 3개월 내내 월 5,500원",PM30000150,"20260501","20260422","20260531",105
C2600LG,<스피드> 할인쿠폰 프로모션,A1SA1020261000120858,"[스피드 런칭] 영화 5,500원 할인",PPV 등,"20260523","20260512","20260531",12
C2600TM,<신의 악단> 할인쿠폰 프로모션,A1SA1020261000121384,"[신의 악단 런칭] 영화 3,300원 할인",PPV 등,"20260714","20260630","20260731",42
C2600S6,토이스토리 소장용 패키지 프로모션_수정,A1SA1020261000121259,"[토이 스토리 패키지 구매] 영화 5,500원 할인",PPV 등,"20260709","20260615","20260731",18
C2600IY,"JTBC 월정액 6개월 약정 3,300원_5월 1차",A1CP1020261000120658,"[온가족특가] JTBC 6개월 약정 기간 내내 월 3,300원",PM30000269,"20260527","20260421","20260531",11
C2600JA,<오시리스> 할인쿠폰 프로모션,A1SA1020261000120652,"[오시리스 런칭] 영화 3,300원 할인",PPV 등,"20260503","20260421","20260531",14
C2600S4,"6월 성인 1+1 프로모션_모바일 (6/21~6/30)",A1SA1020261000121171,"[1+1 앵콜 이벤트] 3,300원 할인 쿠폰 (모바일)",PPV 등,"20260629","20260609","20260731",46
C2600S6,토이스토리 소장용 패키지 프로모션_수정,A1SA1020261000121259,"[토이 스토리 패키지 구매] 영화 5,500원 할인",PPV 등,"20260711","20260615","20260731",31
C2600KD,[주기성/쿠폰] <프로젝트헤일메리&인생SF전> 할인쿠폰 프로모션,A1PR1020261000120752,[프로젝트헤일메리] 인생SF영화 추가 30% 할인,PPV 등,"20260518","20260430","20260524",3
C2600R1,JTBC 월정액 첫달 무료_6월 3차,A1SA1020261000119567,[깜짝 특가] JTBC 월정액 1개월 100% 할인 쿠폰,PM30000269,"20260514","20260119","20261231",14
C2600UV,모아나 소장용 패키지 프로모션 (7/10),A1SA1020261000121465,"[모아나 패키지 구매] 영화 5,500원 할인",PPV 등,"20260730","20260708","20260831",4
C2600Q4,"6월 성인 1+1 프로모션_모바일 (6/11~6/20)",A1SA1020261000121169,"[1+1이벤트] 3,300원 할인 쿠폰 (모바일)",PPV 등,"20260614","20260609","20260731",4
C2600VD,"CJ ENM 월정액 3개월 5,500원_7월 2차",A1CP1020261000121358,"[쿨썸머 특가] CJ ENM 월정액 3개월 내내 월 5,500원",PM30000154,"20260721","20260622","20260731",21
C2600L8,"26년 5월_B tv+ 비플리_UI 541 이상_1차(~5/17)_2(1770)",A1CP1020261000120853,[가정의 달] B tv+ 12개월 50% 할인 (~5/17),PM30000107,"20260510","20260507","20260517",7
C2600LY,"26년 5월_B tv+ 비플리_UI 541 이상_2차(~5/25)_2(1770)",A1CP1020261000120859,[가정의 달] B tv+ 12개월 50% 할인 (~5/25),PM30000107,"20260519","20260515","20260525",21
C2600OL,"지상파 월정액 첫달 3,300원_6월 2차",A1CP1020261000120947,"[6월 특가] 지상파 월정액 1개월 13,200원 할인",PM30000150,"20260601","20260526","20260630",1
C2600N5,(일회성) 6월 쿠폰팩 GCP(5/1~5/23가입)_TB,A1CP1020261000120865,[FREE PASS] B tv+ 1개월 무료_26년6월,PM30000107,"20260613","20260519","20260629",10
C2600R6,<슈퍼 마리오 갤럭시> 할인쿠폰 프로모션,A1SA1020261000120961,"[슈퍼마리오 갤럭시 런칭] 영화 3,300원 할인",PPV 등,"20260707","20260529","20260623",6
C2600TI,JTBC 월정액 3개월 70% 할인_7월 2차,A1SA1020261000121374,[쿨썸머 특가] JTBC 월정액 3개월 내내 70% 할인,PM30000269,"20260704","20260629","20260731",1
C2600JA,<오시리스> 할인쿠폰 프로모션,A1SA1020261000120652,"[오시리스 런칭] 영화 3,300원 할인",PPV 등,"20260519","20260421","20260531",2
C2600XG,"26년 7월 B tv+ 할인 연장 캠페인_6개월/9개월 할인재연",A1CP1020261000121664,"[가입 유지 선물] B tv+ 월 5,500원 이용 혜택 6개월 자동 연장_7월",PPV 등,"20261015","20260721","20260831",1
C2600PM,[보정용][D+1] 쿠폰팩 등록 혜택 지급_2601,A1PR1020261000119553,[쿠폰팩 등록 감사] VOD 20% 할인쿠폰,PPV 등,"20260603","20260114","99991231",1
C2600WV,[팝업] B tv 스탠다드+(조합형)_(26.7.28)_4-1차,,,PPV 등,,,,449664
C2600M6,JTBC 월정액 첫달 무료_5월 2차,A1SA1020261000119567,[깜짝 특가] JTBC 월정액 1개월 100% 할인 쿠폰,PM30000269,"20260528","20260119","20261231",344
C2600ND,"지상파 월정액 첫달 3,300원_6월 1차",A1CP1020261000120947,"[6월 특가] 지상파 월정액 1개월 13,200원 할인",PM30000150,"20260614","20260526","20260630",113
C2600J5,"지상파 월정액 3개월 내내 5,500원_5월 1차",A1CP1020261000120660,"[온가족특가] 지상파 월정액 3개월 내내 월 5,500원",PM30000150,"20260517","20260422","20260531",68
C2600M6,JTBC 월정액 첫달 무료_5월 2차,A1SA1020261000119567,[깜짝 특가] JTBC 월정액 1개월 100% 할인 쿠폰,PM30000269,"20260529","20260119","20261231",350
C2600XG,"26년 7월 B tv+ 할인 연장 캠페인_6개월/9개월 할인재연",A1CP1020261000121664,"[가입 유지 선물] B tv+ 월 5,500원 이용 혜택 6개월 자동 연장_7월",PPV 등,"20261011","20260721","20260831",137
C2600WK,JTBC 월정액 3개월 70% 할인_7월 3차,A1SA1020261000121374,[쿨썸머 특가] JTBC 월정액 3개월 내내 70% 할인,PM30000269,"20260722","20260629","20260731",33
C2600TZ,"지상파 월정액 3개월 5,500원_7월 2차",A1CP1020261000121373,"[쿨썸머 특가] 지상파 월정액 3개월 내내 월 5,500원",PM30000150,"20260712","20260629","20260731",107
C2600TM,<신의 악단> 할인쿠폰 프로모션,A1SA1020261000121384,"[신의 악단 런칭] 영화 3,300원 할인",PPV 등,"20260711","20260630","20260731",63
C2600TL,"7월 성인 1+1 프로모션 (7/1~7/10)",A1SA1020261000121370,"[1+1이벤트] 3,300원 할인 쿠폰",PPV 등,"20260703","20260626","20260731",211
C2600M6,JTBC 월정액 첫달 무료_5월 2차,A1SA1020261000119567,[깜짝 특가] JTBC 월정액 1개월 100% 할인 쿠폰,PM30000269,"20260618","20260119","20261231",36
C2600J5,"지상파 월정액 3개월 내내 5,500원_5월 1차",A1CP1020261000120660,"[온가족특가] 지상파 월정액 3개월 내내 월 5,500원",PM30000150,"20260527","20260422","20260531",36
C2600NC,"26년 5월 B tv+ 할인 연장 캠페인_1주년 4,400원",A1CP1020261000120955,"[가입 유지 선물] B tv+ 월 4,400원 혜택 6개월 자동 연장_5월",PM30000107,"20260711","20260526","20260731",112
C2600RC,"<왕과 사는 남자> 타겟 프로모션_2,000원_0617",A1SA1020261000121266,"[즉시 할인] 왕과 사는 남자 2,200원 할인쿠폰",PPV 등,"20260619","20260616","20260731",228
C2600N5,(일회성) 6월 쿠폰팩 GCP(5/1~5/23가입)_TB,A1CP1020261000120866,[FREE PASS] 지상파 3사 1개월 무료_26년6월,PM30000150,"20260629","20260519","20260629",17
C2600UD,"26년 7월_B tv+ 비플리_UI 541 이상_쿠폰&배너_2",A1CP1020261000121365,[고객님만 혜택] B tv+ 반값 할인 (최대 12개월),PM30000107,"20260710","20260624","20260731",35
C2600OL,"지상파 월정액 첫달 3,300원_6월 2차",A1CP1020261000120947,"[6월 특가] 지상파 월정액 1개월 13,200원 할인",PM30000150,"20260624","20260526","20260630",37
C2600KD,[주기성/쿠폰] <프로젝트헤일메리&인생SF전> 할인쿠폰 프로모션,A1PR1020261000120752,[프로젝트헤일메리] 인생SF영화 추가 30% 할인,PPV 등,"20260516","20260430","20260524",22
C2600Q3,"6월 성인 1+1 프로모션 (6/11~6/20)",A1SA1020261000121168,"[1+1이벤트] 3,300원 할인 쿠폰",PPV 등,"20260622","20260609","20260731",17
C2600OC,"26년 6월_B tv+ 비플리_UI 541 이상_1차 쿠폰(~6/7) & 배너(~6/30)_4",A1CP1020261000120872,[위클리 혜택] B tv+ 12개월 50% 할인,PM30000107,"20260625","20260520","20260630",8
C2600WJ,"CJ ENM 월정액 3개월 5,500원_7월 3차",A1CP1020261000121358,"[쿨썸머 특가] CJ ENM 월정액 3개월 내내 월 5,500원",PM30000154,"20260727","20260622","20260731",18
C2600QU,"6월 성인 1+1 프로모션 (6/11~6/20)_수정",A1SA1020261000121168,"[1+1이벤트] 3,300원 할인 쿠폰",PPV 등,"20260613","20260609","20260731",22
C2600L8,"26년 5월_B tv+ 비플리_UI 541 이상_1차(~5/17)_2(1770)",A1CP1020261000120853,[가정의 달] B tv+ 12개월 50% 할인 (~5/17),PM30000107,"20260513","20260507","20260517",28
C2600PT,"26년 6월_B tv+ 파격할인_UI 541 이상_3",A1CP1020261000120874,"[72시간 한정] B tv+ 12개월 월 5,500원 혜택",PM30000107,"20260610","20260526","20260614",3
C2600N4,(주기성) 6월 쿠폰팩 GCP(5/24~6/21가입)_TB,A1CP1020261000120867,[FREE PASS] CJ ENM 1개월 무료_26년6월,PM30000154,"20260611","20260519","20260629",5
C2600OA,"26년 6월_B tv+ 비플리_UI 541 이상_1차 쿠폰(~6/7) & 배너(~6/30)_2",A1CP1020261000120872,[위클리 혜택] B tv+ 12개월 50% 할인,PM30000107,"20260614","20260520","20260630",3
C2600NN,<코드 네임: 알라룸> 할인쿠폰 프로모션,A1SA1020261000120951,"[코드 네임: 알라룸 런칭] 영화 5,500원 할인",PPV 등,"20260626","20260526","20260630",1
C2600UE,"26년 7월_B tv+ 비플리_UI 541 이상_쿠폰&배너_3",A1CP1020261000121365,[고객님만 혜택] B tv+ 반값 할인 (최대 12개월),PM30000107,"20260716","20260624","20260731",2
C2600SH,<납치 48시간> 할인쿠폰 프로모션,A1SA1020261000121265,"[납치 48시간 런칭] 영화 3,300원 할인",PPV 등,"20260717","20260616","20260831",3
C2600TJ,<데드 오브 윈터> 할인쿠폰 프로모션,A1SA1020261000121361,"[데드 오브 윈터 런칭] 영화 3,300원 할인",PPV 등,"20260702","20260622","20260731",1
C2600OO,"26년 6월_B tv+ 국내여행_(6/3)_89",DummyOffer,,PPV 등,,,,540934
C2600QF,[팝업] 밸류애드팀 Btv 업_장기(26.6.17)_3-3차,,,PPV 등,,,,376279
C2600LZ,"26년 5월_B tv+ 비플리_UI 541 이상_2차(~5/25)_3(1770)",A1CP1020261000120859,[가정의 달] B tv+ 12개월 50% 할인 (~5/25),PM30000107,,"20260515","20260525",792281
C2600V3,[팝업] 밸류애드팀 Btv 업_단기(26.7.14)_2-3차,,,PPV 등,,,,135804
C2600KN,JTBC 월정액 첫달 무료_5월 1차,A1SA1020261000119567,[깜짝 특가] JTBC 월정액 1개월 100% 할인 쿠폰,PM30000269,"20260513","20260119","20261231",111
C2600XG,"26년 7월 B tv+ 할인 연장 캠페인_6개월/9개월 할인재연",A1CP1020261000121664,"[가입 유지 선물] B tv+ 월 5,500원 이용 혜택 6개월 자동 연장_7월",PPV 등,"20261012","20260721","20260831",138
C2600TZ,"지상파 월정액 3개월 5,500원_7월 2차",A1CP1020261000121373,"[쿨썸머 특가] 지상파 월정액 3개월 내내 월 5,500원",PM30000150,"20260719","20260629","20260731",57
C2600PY,SPOTV 6월 첫달무료_1차_0611,A1SA1020261000121164,[축구 이벤트] SPOTV Prime 1개월 무료,PM35000007,"20260613","20260609","20260630",102
C2600PN,JTBC 월정액 첫달 무료_6월 2차,A1SA1020261000119567,[깜짝 특가] JTBC 월정액 1개월 100% 할인 쿠폰,PM30000269,"20260510","20260119","20261231",68
C2600NL,<쉘터> 할인쿠폰 프로모션,A1SA1020261000120861,"[쉘터 런칭] 영화 3,300원 할인",PPV 등,"20260611","20260518","20260630",23
C2600OA,"26년 6월_B tv+ 비플리_UI 541 이상_1차 쿠폰(~6/7) & 배너(~6/30)_2",A1CP1020261000120872,[위클리 혜택] B tv+ 12개월 50% 할인,PM30000107,"20260605","20260520","20260630",38
C2600UC,"26년 7월_B tv+ 비플리_UI 541 이상_쿠폰&배너_1",A1CP1020261000121365,[고객님만 혜택] B tv+ 반값 할인 (최대 12개월),PM30000107,"20260705","20260624","20260731",30
C2600RD,"<짱구> 타겟 프로모션_2,000원_0617",A1SA1020261000121267,"[즉시 할인] 짱구 2,200원 할인쿠폰",PPV 등,"20260623","20260616","20260731",48
C2600OL,"지상파 월정액 첫달 3,300원_6월 2차",A1CP1020261000120947,"[6월 특가] 지상파 월정액 1개월 13,200원 할인",PM30000150,"20260629","20260526","20260630",6
C2600S4,"6월 성인 1+1 프로모션_모바일 (6/21~6/30)",A1SA1020261000121171,"[1+1 앵콜 이벤트] 3,300원 할인 쿠폰 (모바일)",PPV 등,"20260713","20260609","20260731",12
C2600SC,<금발이 되고 싶어> 할인쿠폰 프로모션,A1SA1020261000121360,"[금발이 되고 싶어 런칭] 영화 5,500원 할인",PPV 등,"20260707","20260622","20260731",2
C2600SH,<납치 48시간> 할인쿠폰 프로모션,A1SA1020261000121265,"[납치 48시간 런칭] 영화 3,300원 할인",PPV 등,"20260709","20260616","20260831",7
C2600TM,<신의 악단> 할인쿠폰 프로모션,A1SA1020261000121384,"[신의 악단 런칭] 영화 3,300원 할인",PPV 등,"20260730","20260630","20260731",4
C2600TZ,"지상파 월정액 3개월 5,500원_7월 2차",A1CP1020261000121373,"[쿨썸머 특가] 지상파 월정액 3개월 내내 월 5,500원",PM30000150,"20260702","20260629","20260731",1
C2600L9,"26년 5월_B tv+ 비플리_UI 541 이상_1차(~5/17)_3(1770)",A1CP1020261000120853,[가정의 달] B tv+ 12개월 50% 할인 (~5/17),PM30000107,"20260514","20260507","20260517",1
C2600P8,[주기성] 26년 6월_B tv+ 비플리_UI 541 이상_2~4차_4,A1CP1020261000120872,[위클리 혜택] B tv+ 12개월 50% 할인,PM30000107,,"20260520","20260630",793968
C2600XE,"26년 7월_B tv+ 7월 4주차 복날 타임딜_UI 541 이상_2_F",DummyOffer,,PPV 등,,,,787528
C2600PQ,통합 월정액 첫달 무료_6월 3차,A1CP1020261000120948,[이용 감사 혜택] 주요 월정액 1개월 100% 할인 (택1),PM30000176,,"20260526","20260630",498899
C2600SG,"CJ ENM 월정액 3개월 5,500원_7월 1차",A1CP1020261000121358,"[쿨썸머 특가] CJ ENM 월정액 3개월 내내 월 5,500원",PM30000154,,"20260622","20260731",498032
C2600VP,[팝업] 밸류애드팀 STB 교체(26.7.20)_3-1차,,,PPV 등,,,,244732
C2600UU,"7월 성인 1+1 앵콜 프로모션_모바일 (7/11~7/20)",A1SA1020261000121458,"[1+1 앵콜 이벤트] 3,300원 할인 쿠폰",PPV 등,"20260721","20260708","20260831",323
C2600WG,<디스클로저 데이> 할인쿠폰 프로모션,A1SA1020261000121558,"[디스클로저 데이 런칭] 영화 3,300원 할인",PPV 등,"20260802","20260713","20260831",85
C2600TJ,<데드 오브 윈터> 할인쿠폰 프로모션,A1SA1020261000121361,"[데드 오브 윈터 런칭] 영화 3,300원 할인",PPV 등,,"20260622","20260731",337
C2600LE,"CJ ENM 월정액 3개월 5,500원_5월 3차",A1CP1020261000120659,"[온가족특가] CJ ENM 월정액 3개월 내내 5,500원",PM30000154,"20260514","20260422","20260531",59
C2600N4,(주기성) 6월 쿠폰팩 GCP(5/24~6/21가입)_TB,A1CP1020261000120866,[FREE PASS] 지상파 3사 1개월 무료_26년6월,PM30000150,"20260613","20260519","20260629",9
C2600SC,<금발이 되고 싶어> 할인쿠폰 프로모션,A1SA1020261000121360,"[금발이 되고 싶어 런칭] 영화 5,500원 할인",PPV 등,,"20260622","20260731",124
C2600NN,<코드 네임: 알라룸> 할인쿠폰 프로모션,A1SA1020261000120951,"[코드 네임: 알라룸 런칭] 영화 5,500원 할인",PPV 등,"20260608","20260526","20260630",15
C2600NE,통합 월정액 첫달 무료_6월 1차,A1CP1020261000120948,[이용 감사 혜택] 주요 월정액 1개월 100% 할인 (택1),PM30000176,"20260606","20260526","20260630",47
C2600UD,"26년 7월_B tv+ 비플리_UI 541 이상_쿠폰&배너_2",A1CP1020261000121365,[고객님만 혜택] B tv+ 반값 할인 (최대 12개월),PM30000107,"20260709","20260624","20260731",31
C2600KM,"지상파 월정액 3개월 내내 5,500원_5월 3차",A1CP1020261000120660,"[온가족특가] 지상파 월정액 3개월 내내 월 5,500원",PM30000150,"20260527","20260422","20260531",15
C2600O8,[주기성] 26년 6월_B tv+ 비플리_UI 541 이하_쿠폰,A1CP1020261000120872,[위클리 혜택] B tv+ 12개월 50% 할인,PM30000107,"20260620","20260520","20260630",31
C2600N4,(주기성) 6월 쿠폰팩 GCP(5/24~6/21가입)_TB,A1SA1020261000120869,[FREE PASS] SPOTV 프라임패키지 1개월 무료_26년6월,PM35000007,"20260611","20260519","20260629",9
C2600N4,(주기성) 6월 쿠폰팩 GCP(5/24~6/21가입)_TB,A1SA1020261000120869,[FREE PASS] SPOTV 프라임패키지 1개월 무료_26년6월,PM35000007,"20260610","20260519","20260629",3
C2600TT,<현상수배> 타겟 프로모션_30%_0702,A1SA1020261000121372,[즉시 할인] 현상수배 30% 할인쿠폰,PPV 등,"20260704","20260626","20260731",50
C2600S6,토이스토리 소장용 패키지 프로모션_수정,A1SA1020261000121259,"[토이 스토리 패키지 구매] 영화 5,500원 할인",PPV 등,"20260623","20260615","20260731",7
C2600NN,<코드 네임: 알라룸> 할인쿠폰 프로모션,A1SA1020261000120951,"[코드 네임: 알라룸 런칭] 영화 5,500원 할인",PPV 등,"20260618","20260526","20260630",14
C2600XH,"26년 7월 B tv+ 50% 할인 연장 캠페인_25년9월할인",A1CP1020261000121665,[가입 유지 선물] B tv+ 50% 할인 혜택 6개월 자동 연장_7월,PPV 등,"20260910","20260721","20260831",47
C2600OC,"26년 6월_B tv+ 비플리_UI 541 이상_1차 쿠폰(~6/7) & 배너(~6/30)_4",A1CP1020261000120872,[위클리 혜택] B tv+ 12개월 50% 할인,PM30000107,"20260623","20260520","20260630",13
C2600Q4,"6월 성인 1+1 프로모션_모바일 (6/11~6/20)",A1SA1020261000121169,"[1+1이벤트] 3,300원 할인 쿠폰 (모바일)",PPV 등,,"20260609","20260731",2
C2600KD,[주기성/쿠폰] <프로젝트헤일메리&인생SF전> 할인쿠폰 프로모션,A1PR1020261000120752,[프로젝트헤일메리] 인생SF영화 추가 30% 할인,PPV 등,"20260521","20260430","20260524",9
C2600PN,JTBC 월정액 첫달 무료_6월 2차,A1SA1020261000119567,[깜짝 특가] JTBC 월정액 1개월 100% 할인 쿠폰,PM30000269,"20260515","20260119","20261231",1
C2600LZ,"26년 5월_B tv+ 비플리_UI 541 이상_2차(~5/25)_3(1770)",A1CP1020261000120859,[가정의 달] B tv+ 12개월 50% 할인 (~5/25),PM30000107,"20260517","20260515","20260525",3
C2600S9,통합 월정액 첫달 90% 할인_추가 1차,A1CP1020261000121363,[쿨썸머 파격 특가] 주요 월정액 첫달 90% 할인 (택1),PM30000176,"20260723","20260622","20260629",1
