"cmpgn_id","cmpgn_nm","cmpgn_ofer_id","copn_plcy_nm","pt_dt","cl","copn_plcy_sta_dt","copn_plcy_end_dt","cnts_prod_id","cnt"
C2600LA,"26년 5월_B tv+ 비플리_UI 541 이상_1차(~5/17)_4(1770)",A1CP1020261000120853,[가정의 달] B tv+ 12개월 50% 할인 (~5/17),"20260516",SMART,"20260507","20260517",PM30000107,126008
C2600J7,"지상파 월정액 3개월 내내 5,500원_5월 2차",A1CP1020261000120660,"[온가족특가] 지상파 월정액 3개월 내내 월 5,500원","20260529",SMART,"20260422","20260531",PM30000150,129405
C2600PN,JTBC 월정액 첫달 무료_6월 2차,A1SA1020261000119567,[깜짝 특가] JTBC 월정액 1개월 100% 할인 쿠폰,,SMART,"20260119","20261231",PM30000269,151312
C2600LZ,"26년 5월_B tv+ 비플리_UI 541 이상_2차(~5/25)_3(1770)",A1CP1020261000120859,[가정의 달] B tv+ 12개월 50% 할인 (~5/25),"20260525",SMART,"20260515","20260525",PM30000107,42187
C2600LE,"CJ ENM 월정액 3개월 5,500원_5월 3차",A1CP1020261000120659,"[온가족특가] CJ ENM 월정액 3개월 내내 5,500원","20260516",SMART,"20260422","20260531",PM30000154,20812
C2600P6,[주기성] 26년 6월_B tv+ 비플리_UI 541 이상_2~4차_2,A1CP1020261000120872,[위클리 혜택] B tv+ 12개월 50% 할인,"20260625",SMART,"20260520","20260630",PM30000107,5352
C2600L9,"26년 5월_B tv+ 비플리_UI 541 이상_1차(~5/17)_3(1770)",A1CP1020261000120853,[가정의 달] B tv+ 12개월 50% 할인 (~5/17),"20260513",SMART,"20260507","20260517",PM30000107,941
C2600UW,"26년 7월_B tv+ KBS 이승철 콘서트_UI 541 이상_2",DummyOffer,,,SMART,,,PPV 등,1069490
C2600P5,[주기성] 26년 6월_B tv+ 비플리_UI 541 이상_2~4차_1,A1CP1020261000120872,[위클리 혜택] B tv+ 12개월 50% 할인,"20260604",SMART,"20260520","20260630",PM30000107,1468
C2600LE,"CJ ENM 월정액 3개월 5,500원_5월 3차",A1CP1020261000120659,"[온가족특가] CJ ENM 월정액 3개월 내내 5,500원","20260521",SMART,"20260422","20260531",PM30000154,928
C2600TI,JTBC 월정액 3개월 70% 할인_7월 2차,A1SA1020261000121374,[쿨썸머 특가] JTBC 월정액 3개월 내내 70% 할인,"20260709",SMART,"20260629","20260731",PM30000269,46397
C2600U8,[팝업] 밸류애드팀 Btv 업_장기(26.7.8)_1-1차,,,,SMART,,,PPV 등,381531
C2600PP,"지상파 월정액 첫달 3,300원_6월 3차",A1CP1020261000120947,"[6월 특가] 지상파 월정액 1개월 13,200원 할인","20260623",SMART,"20260526","20260630",PM30000150,29392
C2600MI,JTBC 월정액 첫달 무료_6월 1차,A1SA1020261000119567,[깜짝 특가] JTBC 월정액 1개월 100% 할인 쿠폰,"20260610",SMART,"20260119","20261231",PM30000269,21918
C2600WJ,"CJ ENM 월정액 3개월 5,500원_7월 3차",A1CP1020261000121358,"[쿨썸머 특가] CJ ENM 월정액 3개월 내내 월 5,500원","20260729",SMART,"20260622","20260731",PM30000154,1868
C2600KI,"JTBC 월정액 6개월 약정 3,300원_5월 3차",A1CP1020261000120658,"[온가족특가] JTBC 6개월 약정 기간 내내 월 3,300원","20260527",SMART,"20260421","20260531",PM30000269,628
C2600TL,"7월 성인 1+1 프로모션 (7/1~7/10)",A1SA1020261000121370,"[1+1이벤트] 3,300원 할인 쿠폰","20260710",SMART,"20260626","20260731",PPV 등,455
C2600P7,[주기성] 26년 6월_B tv+ 비플리_UI 541 이상_2~4차_3,A1CP1020261000120872,[위클리 혜택] B tv+ 12개월 50% 할인,"20260625",SMART,"20260520","20260630",PM30000107,350
C2600JA,<오시리스> 할인쿠폰 프로모션,A1SA1020261000120652,"[오시리스 런칭] 영화 3,300원 할인","20260517",SMART,"20260421","20260531",PPV 등,25
C2600O8,[주기성] 26년 6월_B tv+ 비플리_UI 541 이하_쿠폰,A1CP1020261000120872,[위클리 혜택] B tv+ 12개월 50% 할인,"20260626",SMART,"20260520","20260630",PM30000107,128
C2600QV,"6월 성인 1+1 프로모션_모바일 (6/11~6/20)_수정",A1SA1020261000121169,"[1+1이벤트] 3,300원 할인 쿠폰 (모바일)",,SMART,"20260609","20260731",PPV 등,132
C2600TA,[주기성] 26년 7월_B tv+ 비플리_UI 541 이하_쿠폰,A1CP1020261000121366,[고객님만 혜택] B tv+ 반값 할인 (최대 12개월),"20260704",SMART,"20260624","20260731",PM30000107,49
C2600UV,모아나 소장용 패키지 프로모션 (7/10),A1SA1020261000121465,"[모아나 패키지 구매] 영화 5,500원 할인","20260728",SMART,"20260708","20260831",PPV 등,29
C2600N5,(일회성) 6월 쿠폰팩 GCP(5/1~5/23가입)_TB,A1CP1020261000120865,[FREE PASS] B tv+ 1개월 무료_26년6월,"20260617",SMART,"20260519","20260629",PM30000107,53
C2600TJ,<데드 오브 윈터> 할인쿠폰 프로모션,A1SA1020261000121361,"[데드 오브 윈터 런칭] 영화 3,300원 할인","20260713",SMART,"20260622","20260731",PPV 등,9
C2600PN,JTBC 월정액 첫달 무료_6월 2차,A1SA1020261000119567,[깜짝 특가] JTBC 월정액 1개월 100% 할인 쿠폰,"20260513",SMART,"20260119","20261231",PM30000269,65
C2600TA,[주기성] 26년 7월_B tv+ 비플리_UI 541 이하_쿠폰,A1CP1020261000121366,[고객님만 혜택] B tv+ 반값 할인 (최대 12개월),"20260707",SMART,"20260624","20260731",PM30000107,8
C2600S6,토이스토리 소장용 패키지 프로모션_수정,A1SA1020261000121259,"[토이 스토리 패키지 구매] 영화 5,500원 할인","20260626",SMART,"20260615","20260731",PPV 등,5
C2600WK,JTBC 월정액 3개월 70% 할인_7월 3차,A1SA1020261000121374,[쿨썸머 특가] JTBC 월정액 3개월 내내 70% 할인,"20260719",SMART,"20260629","20260731",PM30000269,1
C2600LZ,"26년 5월_B tv+ 비플리_UI 541 이상_2차(~5/25)_3(1770)",A1CP1020261000120859,[가정의 달] B tv+ 12개월 50% 할인 (~5/25),"20260523",SMART,"20260515","20260525",PM30000107,545274
C2600OC,"26년 6월_B tv+ 비플리_UI 541 이상_1차 쿠폰(~6/7) & 배너(~6/30)_4",A1CP1020261000120872,[위클리 혜택] B tv+ 12개월 50% 할인,"20260621",SMART,"20260520","20260630",PM30000107,10061
C2600PS,"26년 6월_B tv+ 파격할인_UI 541 이상_2",A1CP1020261000120874,"[72시간 한정] B tv+ 12개월 월 5,500원 혜택","20260612",SMART,"20260526","20260614",PM30000107,115376
C2600RF,"26년 6월_B tv+ 주말 야식비 지원_UI 541 이상_2",DummyOffer,,,SMART,,,PPV 등,790561
C2600P7,[주기성] 26년 6월_B tv+ 비플리_UI 541 이상_2~4차_3,A1CP1020261000120872,[위클리 혜택] B tv+ 12개월 50% 할인,"20260622",SMART,"20260520","20260630",PM30000107,3868
C2600PU,"26년 6월_B tv+ 파격할인_UI 541 이상_4",A1CP1020261000120874,"[파격할인] B tv+ 12개월 월 5,500원 혜택",,SMART,"20260520","20260531",PM30000107,133144
C2600R1,JTBC 월정액 첫달 무료_6월 3차,A1SA1020261000119567,[깜짝 특가] JTBC 월정액 1개월 100% 할인 쿠폰,"20260609",SMART,"20260119","20261231",PM30000269,11972
C2600PT,"26년 6월_B tv+ 파격할인_UI 541 이상_3",A1CP1020261000120874,"[파격할인] B tv+ 12개월 월 5,500원 혜택","20260612",SMART,"20260520","20260531",PM30000107,8047
C2600UU,"7월 성인 1+1 앵콜 프로모션_모바일 (7/11~7/20)",A1SA1020261000121458,"[1+1 앵콜 이벤트] 3,300원 할인 쿠폰","20260714",SMART,"20260708","20260831",PPV 등,330
C2600RD,"<짱구> 타겟 프로모션_2,000원_0617",A1SA1020261000121267,"[즉시 할인] 짱구 2,200원 할인쿠폰","20260620",SMART,"20260616","20260731",PPV 등,3399
C2600UC,"26년 7월_B tv+ 비플리_UI 541 이상_쿠폰&배너_1",A1CP1020261000121365,[고객님만 혜택] B tv+ 반값 할인 (최대 12개월),,SMART,"20260624","20260731",PM30000107,226587
C2600WC,"지상파 월정액 3개월 5,500원_7월 3차",A1CP1020261000121373,"[쿨썸머 특가] 지상파 월정액 3개월 내내 월 5,500원","20260730",SMART,"20260629","20260731",PM30000150,11017
C2600MI,JTBC 월정액 첫달 무료_6월 1차,A1SA1020261000119567,[깜짝 특가] JTBC 월정액 1개월 100% 할인 쿠폰,"20260528",SMART,"20260119","20261231",PM30000269,104
C2600TF,"지상파 월정액 3개월 5,500원_7월 1차",A1CP1020261000121373,"[쿨썸머 특가] 지상파 월정액 3개월 내내 월 5,500원","20260718",SMART,"20260629","20260731",PM30000150,500
C2600N5,(일회성) 6월 쿠폰팩 GCP(5/1~5/23가입)_TB,A1CP1020261000120865,[FREE PASS] B tv+ 1개월 무료_26년6월,"20260602",SMART,"20260519","20260629",PM30000107,632
C2600N5,(일회성) 6월 쿠폰팩 GCP(5/1~5/23가입)_TB,A1CP1020261000120865,[FREE PASS] B tv+ 1개월 무료_26년6월,"20260622",SMART,"20260519","20260629",PM30000107,34
C2600IY,"JTBC 월정액 6개월 약정 3,300원_5월 1차",A1CP1020261000120658,"[온가족특가] JTBC 6개월 약정 기간 내내 월 3,300원","20260506",SMART,"20260421","20260531",PM30000269,242
C2600NH,<리 크로닌의 미이라> 할인쿠폰 프로모션,A1SA1020261000120855,"[리 크로닌의 미이라] 영화 3,300원 할인","20260615",SMART,"20260507","20260630",PPV 등,405
C2600S3,"6월 성인 1+1 프로모션 (6/21~6/30)",A1SA1020261000121170,"[1+1 앵콜 이벤트] 3,300원 할인 쿠폰","20260708",SMART,"20260609","20260731",PPV 등,16
C2600TG,JTBC 월정액 3개월 70% 할인_7월 1차,A1SA1020261000121374,[쿨썸머 특가] JTBC 월정액 3개월 내내 70% 할인,"20260725",SMART,"20260629","20260731",PM30000269,152
C2600VD,"CJ ENM 월정액 3개월 5,500원_7월 2차",A1CP1020261000121358,"[쿨썸머 특가] CJ ENM 월정액 3개월 내내 월 5,500원","20260721",SMART,"20260622","20260731",PM30000154,116
C2600NO,<푸틴: 절대 권력의 최후> 할인쿠폰 프로모션,A1SA1020261000120952,"[푸틴: 절대 권력의 최후 런칭] 영화 3,300원 할인","20260624",SMART,"20260526","20260630",PPV 등,3
C2600TA,[주기성] 26년 7월_B tv+ 비플리_UI 541 이하_쿠폰,A1CP1020261000121366,[고객님만 혜택] B tv+ 반값 할인 (최대 12개월),"20260711",SMART,"20260624","20260731",PM30000107,21
C2600US,<잠금: 셧다운> 할인쿠폰 프로모션,A1SA1020261000121462,"[잠금: 셧다운 런칭] 영화 5,500원 할인","20260722",SMART,"20260708","20260831",PPV 등,14
C2600WK,JTBC 월정액 3개월 70% 할인_7월 3차,A1SA1020261000121374,[쿨썸머 특가] JTBC 월정액 3개월 내내 70% 할인,"20260709",SMART,"20260629","20260731",PM30000269,17
C2600O7,"2606_캐치온 해지방어_B tv+ Cross-sell",A1CP1020261000120958,[비밀 특가] B tv+ 1개월 100원,"20260616",SMART,"20260528","20260712",PM30000107,15
C2600S4,"6월 성인 1+1 프로모션_모바일 (6/21~6/30)",A1SA1020261000121171,"[1+1 앵콜 이벤트] 3,300원 할인 쿠폰 (모바일)","20260704",SMART,"20260609","20260731",PPV 등,4
C2600SC,<금발이 되고 싶어> 할인쿠폰 프로모션,A1SA1020261000121360,"[금발이 되고 싶어 런칭] 영화 5,500원 할인","20260719",SMART,"20260622","20260731",PPV 등,6
C2600O8,[주기성] 26년 6월_B tv+ 비플리_UI 541 이하_쿠폰,A1CP1020261000120872,[위클리 혜택] B tv+ 12개월 50% 할인,"20260608",SMART,"20260520","20260630",PM30000107,12
C2600Q4,"6월 성인 1+1 프로모션_모바일 (6/11~6/20)",A1SA1020261000121169,"[1+1이벤트] 3,300원 할인 쿠폰 (모바일)","20260705",SMART,"20260609","20260731",PPV 등,1
C2600JE,<캣 앤 독> 할인쿠폰 프로모션,A1SA1020261000120747,"[캣 앤 독 런칭] 영화 5,500원 할인","20260530",SMART,"20260428","20260531",PPV 등,3
C2600N0,"26년 5월_B tv+ 당첨자_UI 541 이상_2(1770)",DummyOffer,,,SMART,,,PPV 등,788395
C2600MI,JTBC 월정액 첫달 무료_6월 1차,A1SA1020261000119567,[깜짝 특가] JTBC 월정액 1개월 100% 할인 쿠폰,"20260626",SMART,"20260119","20261231",PM30000269,29661
C2600O0,"26년 6월_B tv+ 짝수달 유료전환 테스트_UI 552 이상",A1CP1020261000120870,[6월 한정] B tv+ 첫달 무료,"20260604",SMART,"20260520","20260630",PM30000107,23387
C2600PR,"26년 6월_B tv+ 파격할인_UI 541 이상_1",A1CP1020261000120874,"[72시간 한정] B tv+ 12개월 월 5,500원 혜택","20260613",SMART,"20260526","20260614",PM30000107,38663
C2600M0,"26년 5월_B tv+ 비플리_UI 541 이상_2차(~5/25)_4(1770)",A1CP1020261000120859,[가정의 달] B tv+ 12개월 50% 할인 (~5/25),"20260524",SMART,"20260515","20260525",PM30000107,71114
C2600OB,"26년 6월_B tv+ 비플리_UI 541 이상_1차 쿠폰(~6/7) & 배너(~6/30)_3",A1CP1020261000120872,[위클리 혜택] B tv+ 12개월 50% 할인,,SMART,"20260520","20260630",PM30000107,23527
C2600T5,<마이클> 런칭 안내 팝업 (6/25),,,,SMART,,,PPV 등,6368368
C2600MI,JTBC 월정액 첫달 무료_6월 1차,A1SA1020261000119567,[깜짝 특가] JTBC 월정액 1개월 100% 할인 쿠폰,"20260606",SMART,"20260119","20261231",PM30000269,2275
C2600R1,JTBC 월정액 첫달 무료_6월 3차,A1SA1020261000119567,[깜짝 특가] JTBC 월정액 1개월 100% 할인 쿠폰,"20260624",SMART,"20260119","20261231",PM30000269,1499
C2600WD,통합 월정액 3개월 내내 80% 할인,A1CP1020261000121658,[쿨썸머 특가] 주요 월정액 3개월 내내 80% 할인 (택1),"20260722",SMART,"20260720","20260731",PM30000176,57504
C2600QM,[보정용][주기성] 26년 6월_B tv+ 비플리_UI 541 이상_2~4차_1,A1CP1020261000120872,[위클리 혜택] B tv+ 12개월 50% 할인,"20260624",SMART,"20260520","20260630",PM30000107,2683
C2600UC,"26년 7월_B tv+ 비플리_UI 541 이상_쿠폰&배너_1",A1CP1020261000121365,[고객님만 혜택] B tv+ 반값 할인 (최대 12개월),"20260706",SMART,"20260624","20260731",PM30000107,29743
C2600W7,"7월 성인 1+1 이열치열 프로모션 (7/21~/20)",A1SA1020261000121561,"[1+1 이열치열 이벤트] 3,300원 할인 쿠폰",,SMART,"20260716","20260831",PPV 등,2194
C2600TI,JTBC 월정액 3개월 70% 할인_7월 2차,A1SA1020261000121374,[쿨썸머 특가] JTBC 월정액 3개월 내내 70% 할인,"20260731",SMART,"20260629","20260731",PM30000269,3084
C2600WC,"지상파 월정액 3개월 5,500원_7월 3차",A1CP1020261000121373,"[쿨썸머 특가] 지상파 월정액 3개월 내내 월 5,500원","20260731",SMART,"20260629","20260731",PM30000150,5687
C2600J5,"지상파 월정액 3개월 내내 5,500원_5월 1차",A1CP1020261000120660,"[온가족특가] 지상파 월정액 3개월 내내 월 5,500원","20260511",SMART,"20260422","20260531",PM30000150,705
C2600UV,모아나 소장용 패키지 프로모션 (7/10),A1SA1020261000121465,"[모아나 패키지 구매] 영화 5,500원 할인","20260729",SMART,"20260708","20260831",PPV 등,12
C2600TM,<신의 악단> 할인쿠폰 프로모션,A1SA1020261000121384,"[신의 악단 런칭] 영화 3,300원 할인","20260712",SMART,"20260630","20260731",PPV 등,29
C2600OB,"26년 6월_B tv+ 비플리_UI 541 이상_1차 쿠폰(~6/7) & 배너(~6/30)_3",A1CP1020261000120872,[위클리 혜택] B tv+ 12개월 50% 할인,"20260607",SMART,"20260520","20260630",PM30000107,235
C2600SG,"CJ ENM 월정액 3개월 5,500원_7월 1차",A1CP1020261000121358,"[쿨썸머 특가] CJ ENM 월정액 3개월 내내 월 5,500원","20260713",SMART,"20260622","20260731",PM30000154,863
C2600VD,"CJ ENM 월정액 3개월 5,500원_7월 2차",A1CP1020261000121358,"[쿨썸머 특가] CJ ENM 월정액 3개월 내내 월 5,500원","20260718",SMART,"20260622","20260731",PM30000154,383
C2600TF,"지상파 월정액 3개월 5,500원_7월 1차",A1CP1020261000121373,"[쿨썸머 특가] 지상파 월정액 3개월 내내 월 5,500원","20260721",SMART,"20260629","20260731",PM30000150,242
C2600T7,<노멀> 할인쿠폰 프로모션,A1SA1020261000121162,"[노멀 런칭] 영화 3,300원 할인","20260716",SMART,"20260605","20260731",PPV 등,30
C2600QR,"6월 성인 1+1 프로모션_추가 (6/12~14 구매자)",A1SA1020261000121168,"[1+1이벤트] 3,300원 할인 쿠폰","20260619",SMART,"20260609","20260731",PPV 등,11
C2600Q5,<스위트 홈: 진격의 거인> 할인쿠폰 프로모션,A1SA1020261000121160,"[스위트 홈: 진격의 거인 런칭] 영화 3,300원 할인","20260704",SMART,"20260605","20260731",PPV 등,31
C2600KM,"지상파 월정액 3개월 내내 5,500원_5월 3차",A1CP1020261000120660,"[온가족특가] 지상파 월정액 3개월 내내 월 5,500원","20260522",SMART,"20260422","20260531",PM30000150,62
C2600WC,"지상파 월정액 3개월 5,500원_7월 3차",A1CP1020261000121373,"[쿨썸머 특가] 지상파 월정액 3개월 내내 월 5,500원","20260712",SMART,"20260629","20260731",PM30000150,2
C2600O7,"2606_캐치온 해지방어_B tv+ Cross-sell",A1CP1020261000120958,[비밀 특가] B tv+ 1개월 100원,"20260610",SMART,"20260528","20260712",PM30000107,8
C2600LA,"26년 5월_B tv+ 비플리_UI 541 이상_1차(~5/17)_4(1770)",DummyOffer,,,SMART,,,PPV 등,792879
C2600K8,<몽타주: 6일간의 추격> 타겟 프로모션_40%_0430,A1SA1020261000120748,[즉시 할인] 몽타주: 6일간의 추격 40% 할인쿠폰,"20260502",SMART,"20260403","20260430",PPV 등,12685
C2600PP,"지상파 월정액 첫달 3,300원_6월 3차",A1CP1020261000120947,"[6월 특가] 지상파 월정액 1개월 13,200원 할인",,SMART,"20260526","20260630",PM30000150,77102
C2600T3,(주기성) 콜센터 시청유도_TB_노출종료,DummyOffer,,,SMART,,,PPV 등,4872
C2600PP,"지상파 월정액 첫달 3,300원_6월 3차",A1CP1020261000120947,"[6월 특가] 지상파 월정액 1개월 13,200원 할인","20260601",SMART,"20260526","20260630",PM30000150,1599
C2600MK,"26년 5월_B tv+ 비플리_UI 541 이상_3차(~5/31)_1",A1CP1020261000120854,[가정의 달] B tv+ 12개월 50% 할인 (~5/31),"20260527",SMART,"20260507","20260531",PM30000107,21306
C2600M8,<짱구> 할인쿠폰 프로모션,A1SA1020261000120863,"[짱구 런칭] 영화 5,500원 할인","20260526",SMART,"20260518","20260630",PPV 등,228
C2600QP,"지상파 월정액 첫달 3,300원_6월 5차",A1CP1020261000120947,"[6월 특가] 지상파 월정액 1개월 13,200원 할인","20260618",SMART,"20260526","20260630",PM30000150,3833
C2600MZ,"2605_무빙 연장 동의_TV팝업_9차",,,,SMART,,,PPV 등,4266
C2600PZ,SPOTV 6월 첫달무료_1차_0612,A1SA1020261000121164,[축구 이벤트] SPOTV Prime 1개월 무료,"20260615",SMART,"20260609","20260630",PM35000007,4112
C2600UC,"26년 7월_B tv+ 비플리_UI 541 이상_쿠폰&배너_1",A1CP1020261000121365,[고객님만 혜택] B tv+ 반값 할인 (최대 12개월),"20260715",SMART,"20260624","20260731",PM30000107,1638
C2600UC,"26년 7월_B tv+ 비플리_UI 541 이상_쿠폰&배너_1",A1CP1020261000121365,[고객님만 혜택] B tv+ 반값 할인 (최대 12개월),"20260727",SMART,"20260624","20260731",PM30000107,600
C2600UV,모아나 소장용 패키지 프로모션 (7/10),A1SA1020261000121465,"[모아나 패키지 구매] 영화 5,500원 할인","20260719",SMART,"20260708","20260831",PPV 등,44
C2600UE,"26년 7월_B tv+ 비플리_UI 541 이상_쿠폰&배너_3",A1CP1020261000121365,[고객님만 혜택] B tv+ 반값 할인 (최대 12개월),"20260713",SMART,"20260624","20260731",PM30000107,696
C2600LW,수요1+1무비쿠폰(5월 쿠폰발급),A1PR1020261000120851,[연휴무비쿠폰] 20% 할인(5천원 이상 사용),"20260523",SMART,"20260408","20260525",PPV 등,183
C2600TA,[주기성] 26년 7월_B tv+ 비플리_UI 541 이하_쿠폰,A1CP1020261000121366,[고객님만 혜택] B tv+ 반값 할인 (최대 12개월),"20260628",SMART,"20260624","20260731",PM30000107,15
C2600NP,<모탈 컴뱃2> 할인쿠폰 프로모션,A1SA1020261000120959,"[모탈컴뱃2 런칭] 영화 5,500원 할인","20260615",SMART,"20260528","20260615",PPV 등,15
C2600TA,[주기성] 26년 7월_B tv+ 비플리_UI 541 이하_쿠폰,A1CP1020261000121366,[고객님만 혜택] B tv+ 반값 할인 (최대 12개월),"20260727",SMART,"20260624","20260731",PM30000107,9
C2600NI,<시에라 마드레: 카르텔 전쟁> 할인쿠폰 프로모션,A1SA1020261000120862,"[시에라 마드레: 카르텔 전쟁 런칭] 영화 5,500원 할인","20260624",SMART,"20260518","20260630",PPV 등,1
C2600MJ,[팝업] 밸류애드팀 STB 교체(26.5.25)_4-1차,,,,SMART,,,PPV 등,296200
C2600R1,JTBC 월정액 첫달 무료_6월 3차,A1SA1020261000119567,[깜짝 특가] JTBC 월정액 1개월 100% 할인 쿠폰,"20260626",SMART,"20260119","20261231",PM30000269,44609
C2600M8,<짱구> 할인쿠폰 프로모션,A1SA1020261000120863,"[짱구 런칭] 영화 5,500원 할인","20260605",SMART,"20260518","20260630",PPV 등,351
C2600O0,"26년 6월_B tv+ 짝수달 유료전환 테스트_UI 552 이상",A1CP1020261000120870,[6월 한정] B tv+ 첫달 무료,"20260607",SMART,"20260520","20260630",PM30000107,16537
C2600WJ,"CJ ENM 월정액 3개월 5,500원_7월 3차",A1CP1020261000121358,"[쿨썸머 특가] CJ ENM 월정액 3개월 내내 월 5,500원",,SMART,"20260622","20260731",PM30000154,185678
C2600VH,"26년 7월_B tv+ KBS 이승철 콘서트_타임딜_UI 541 이상_1",A1CP1020261000121559,"[이승철 특가] B tv+ 월 5,500원 이용 혜택 (최대 12개월)","20260720",SMART,"20260714","20260722",PM30000107,658468
C2600TT,<현상수배> 타겟 프로모션_30%_0702,A1SA1020261000121372,[즉시 할인] 현상수배 30% 할인쿠폰,"20260704",SMART,"20260626","20260731",PPV 등,9388
C2600TI,JTBC 월정액 3개월 70% 할인_7월 2차,A1SA1020261000121374,[쿨썸머 특가] JTBC 월정액 3개월 내내 70% 할인,"20260729",SMART,"20260629","20260731",PM30000269,16779
C2600QM,[보정용][주기성] 26년 6월_B tv+ 비플리_UI 541 이상_2~4차_1,A1CP1020261000120872,[위클리 혜택] B tv+ 12개월 50% 할인,"20260615",SMART,"20260520","20260630",PM30000107,1153
C2600QN,"지상파 월정액 첫달 3,300원_6월 4차",A1CP1020261000120947,"[6월 특가] 지상파 월정액 1개월 13,200원 할인","20260608",SMART,"20260526","20260630",PM30000150,587
C2600QP,"지상파 월정액 첫달 3,300원_6월 5차",A1CP1020261000120947,"[6월 특가] 지상파 월정액 1개월 13,200원 할인","20260604",SMART,"20260526","20260630",PM30000150,495
C2600QQ,통합 월정액 첫달 무료_6월 4차,A1CP1020261000120948,[이용 감사 혜택] 주요 월정액 1개월 100% 할인 (택1),"20260603",SMART,"20260526","20260630",PM30000176,849
C2600XQ,통합 월정액 3개월 내내 80% 할인_8월 2차,A1CP1020261000121658,[쿨썸머 특가] 주요 월정액 3개월 내내 80% 할인 (택1),"20260721",SMART,"20260720","20260731",PM30000176,20
C2600MI,JTBC 월정액 첫달 무료_6월 1차,A1SA1020261000119567,[깜짝 특가] JTBC 월정액 1개월 100% 할인 쿠폰,"20260511",SMART,"20260119","20261231",PM30000269,54
C2600S6,토이스토리 소장용 패키지 프로모션_수정,A1SA1020261000121259,"[토이 스토리 패키지 구매] 영화 5,500원 할인","20260705",SMART,"20260615","20260731",PPV 등,188
C2600TO,<마이클> 할인쿠폰 프로모션,A1SA1020261000121261,"[마이클 런칭] 영화 3,300원 할인","20260722",SMART,"20260616","20260815",PPV 등,84
C2600JZ,"JTBC 월정액 6개월 약정 3,300원_5월 2차",A1CP1020261000120658,"[온가족특가] JTBC 6개월 약정 기간 내내 월 3,300원","20260516",SMART,"20260421","20260531",PM30000269,349
C2600NP,<모탈 컴뱃2> 할인쿠폰 프로모션,A1SA1020261000120959,"[모탈컴뱃2 런칭] 영화 5,500원 할인","20260604",SMART,"20260528","20260615",PPV 등,36
C2600QU,"6월 성인 1+1 프로모션 (6/11~6/20)_수정",A1SA1020261000121168,"[1+1이벤트] 3,300원 할인 쿠폰","20260701",SMART,"20260609","20260731",PPV 등,8
C2600O8,[주기성] 26년 6월_B tv+ 비플리_UI 541 이하_쿠폰,A1CP1020261000120872,[위클리 혜택] B tv+ 12개월 50% 할인,"20260622",SMART,"20260520","20260630",PM30000107,13
C2600JE,<캣 앤 독> 할인쿠폰 프로모션,A1SA1020261000120747,"[캣 앤 독 런칭] 영화 5,500원 할인","20260513",SMART,"20260428","20260531",PPV 등,2
C2600NL,<쉘터> 할인쿠폰 프로모션,A1SA1020261000120861,"[쉘터 런칭] 영화 3,300원 할인","20260615",SMART,"20260518","20260630",PPV 등,3
C2600KO,<폭탄> 할인쿠폰 프로모션,A1SA1020261000120751,"[폭탄 런칭] 영화 5,500원 할인","20260512",SMART,"20260430","20260531",PPV 등,2
C2600NL,<쉘터> 할인쿠폰 프로모션,A1SA1020261000120861,"[쉘터 런칭] 영화 3,300원 할인","20260612",SMART,"20260518","20260630",PPV 등,2
C2600JR,[팝업] B tv All+(조합형)(26.5.05)_1-1차,,,,SMART,,,PPV 등,573291
C2600LX,"26년 5월_B tv+ 비플리_UI 541 이상_2차(~5/25)_1(1770)",A1CP1020261000120859,[가정의 달] B tv+ 12개월 50% 할인 (~5/25),"20260517",SMART,"20260515","20260525",PM30000107,10367
C2600UJ,[보정용] 26년 7월_B tv+ 비플리_UI 541 이상_쿠폰&배너_3,DummyOffer,,,SMART,,,PPV 등,396746
C2600M6,JTBC 월정액 첫달 무료_5월 2차,A1SA1020261000119567,[깜짝 특가] JTBC 월정액 1개월 100% 할인 쿠폰,"20260613",SMART,"20260119","20261231",PM30000269,667
C2600S5,SPOTV 6월 첫달무료_1차_0622,A1SA1020261000121164,[축구 이벤트] SPOTV Prime 1개월 무료,"20260619",SMART,"20260609","20260630",PM35000007,16222
C2600UD,"26년 7월_B tv+ 비플리_UI 541 이상_쿠폰&배너_2",A1CP1020261000121365,[고객님만 혜택] B tv+ 반값 할인 (최대 12개월),"20260707",SMART,"20260624","20260731",PM30000107,13463
C2600OY,통합 월정액 첫달 무료_6월 2차,A1CP1020261000120948,[이용 감사 혜택] 주요 월정액 1개월 100% 할인 (택1),"20260620",SMART,"20260526","20260630",PM30000176,1627
C2600S7,토이스토리 소장용 패키지 프로모션 (6/18~6/21 발급),A1SA1020261000121259,"[토이 스토리 패키지 구매] 영화 5,500원 할인","20260623",SMART,"20260615","20260731",PPV 등,70
C2600QQ,통합 월정액 첫달 무료_6월 4차,A1CP1020261000120948,[이용 감사 혜택] 주요 월정액 1개월 100% 할인 (택1),"20260607",SMART,"20260526","20260630",PM30000176,961
C2600UF,"26년 7월_B tv+ 비플리_UI 541 이상_쿠폰&배너_4",A1CP1020261000121365,[고객님만 혜택] B tv+ 반값 할인 (최대 12개월),"20260716",SMART,"20260624","20260731",PM30000107,87
C2600QP,"지상파 월정액 첫달 3,300원_6월 5차",A1CP1020261000120947,"[6월 특가] 지상파 월정액 1개월 13,200원 할인","20260609",SMART,"20260526","20260630",PM30000150,188
C2600N4,(주기성) 6월 쿠폰팩 GCP(5/24~6/21가입)_TB,A1CP1020261000120867,[FREE PASS] CJ ENM 1개월 무료_26년6월,"20260603",SMART,"20260519","20260629",PM30000154,59
C2600WG,<디스클로저 데이> 할인쿠폰 프로모션,A1SA1020261000121558,"[디스클로저 데이 런칭] 영화 3,300원 할인","20260724",SMART,"20260713","20260831",PPV 등,219
C2600W7,"7월 성인 1+1 이열치열 프로모션 (7/21~/20)",A1SA1020261000121561,"[1+1 이열치열 이벤트] 3,300원 할인 쿠폰","20260722",SMART,"20260716","20260831",PPV 등,78
C2600WC,"지상파 월정액 3개월 5,500원_7월 3차",A1CP1020261000121373,"[쿨썸머 특가] 지상파 월정액 3개월 내내 월 5,500원","20260710",SMART,"20260629","20260731",PM30000150,19
C2600S3,"6월 성인 1+1 프로모션 (6/21~6/30)",A1SA1020261000121170,"[1+1 앵콜 이벤트] 3,300원 할인 쿠폰","20260707",SMART,"20260609","20260731",PPV 등,16
C2600JE,<캣 앤 독> 할인쿠폰 프로모션,A1SA1020261000120747,"[캣 앤 독 런칭] 영화 5,500원 할인","20260522",SMART,"20260428","20260531",PPV 등,3
C2600M6,JTBC 월정액 첫달 무료_5월 2차,A1SA1020261000119567,[깜짝 특가] JTBC 월정액 1개월 100% 할인 쿠폰,"20260513",SMART,"20260119","20261231",PM30000269,1
C2600Q3,"6월 성인 1+1 프로모션 (6/11~6/20)",A1SA1020261000121168,"[1+1이벤트] 3,300원 할인 쿠폰","20260630",SMART,"20260609","20260731",PPV 등,1
C2600MS,[팝업] 밸류애드팀 Btv 업_단기(26.5.26)_4-3차,,,,SMART,,,PPV 등,146315
C2600PS,"26년 6월_B tv+ 파격할인_UI 541 이상_2",A1CP1020261000120874,"[파격할인] B tv+ 12개월 월 5,500원 혜택","20260612",SMART,"20260520","20260531",PM30000107,115376
C2600RQ,[팝업] B tv All+(조합형)(26.6.23)_4-1차,,,,SMART,,,PPV 등,579504
C2600KI,"JTBC 월정액 6개월 약정 3,300원_5월 3차",A1CP1020261000120658,"[온가족특가] JTBC 6개월 약정 기간 내내 월 3,300원","20260518",SMART,"20260421","20260531",PM30000269,920
C2600S9,통합 월정액 첫달 90% 할인_추가 1차,A1CP1020261000121363,[쿨썸머 파격 특가] 주요 월정액 첫달 90% 할인 (택1),"20260624",SMART,"20260622","20260629",PM30000176,135813
C2600QQ,통합 월정액 첫달 무료_6월 4차,A1CP1020261000120948,[이용 감사 혜택] 주요 월정액 1개월 100% 할인 (택1),"20260627",SMART,"20260526","20260630",PM30000176,42340
C2600J5,"지상파 월정액 3개월 내내 5,500원_5월 1차",A1CP1020261000120660,"[온가족특가] 지상파 월정액 3개월 내내 월 5,500원","20260502",SMART,"20260422","20260531",PM30000150,5435
C2600TZ,"지상파 월정액 3개월 5,500원_7월 2차",A1CP1020261000121373,"[쿨썸머 특가] 지상파 월정액 3개월 내내 월 5,500원","20260711",SMART,"20260629","20260731",PM30000150,12168
C2600RD,"<짱구> 타겟 프로모션_2,000원_0617",A1SA1020261000121267,"[즉시 할인] 짱구 2,200원 할인쿠폰","20260623",SMART,"20260616","20260731",PPV 등,13155
C2600PU,"26년 6월_B tv+ 파격할인_UI 541 이상_4",A1CP1020261000120874,"[72시간 한정] B tv+ 12개월 월 5,500원 혜택","20260611",SMART,"20260526","20260614",PM30000107,11573
C2600WZ,[팝업] 밸류애드팀 Btv 업_장기(26.7.29)_4-3차,,,,SMART,,,PPV 등,386629
C2600UU,"7월 성인 1+1 앵콜 프로모션_모바일 (7/11~7/20)",A1SA1020261000121458,"[1+1 앵콜 이벤트] 3,300원 할인 쿠폰","20260727",SMART,"20260708","20260831",PPV 등,284
C2600WL,"2607_비플/캐치온 왕사남 해지취소_3주차_TV팝업",,,,SMART,,,PPV 등,1681
C2600VN,<엘리베이션> 할인쿠폰 프로모션,A1SA1020261000121463,"[엘리베이션 런칭] 영화 3,300원 할인","20260718",SMART,"20260708","20260831",PPV 등,217
C2600N5,(일회성) 6월 쿠폰팩 GCP(5/1~5/23가입)_TB,A1CP1020261000120865,[FREE PASS] B tv+ 1개월 무료_26년6월,"20260615",SMART,"20260519","20260629",PM30000107,73
C2600NI,<시에라 마드레: 카르텔 전쟁> 할인쿠폰 프로모션,A1SA1020261000120862,"[시에라 마드레: 카르텔 전쟁 런칭] 영화 5,500원 할인","20260623",SMART,"20260518","20260630",PPV 등,4
C2600KN,JTBC 월정액 첫달 무료_5월 1차,A1SA1020261000119567,[깜짝 특가] JTBC 월정액 1개월 100% 할인 쿠폰,"20260606",SMART,"20260119","20261231",PM30000269,89
C2600NP,<모탈 컴뱃2> 할인쿠폰 프로모션,A1SA1020261000120959,"[모탈컴뱃2 런칭] 영화 5,500원 할인","20260619",SMART,"20260528","20260615",PPV 등,55
C2600SC,<금발이 되고 싶어> 할인쿠폰 프로모션,A1SA1020261000121360,"[금발이 되고 싶어 런칭] 영화 5,500원 할인","20260709",SMART,"20260622","20260731",PPV 등,6
C2600OC,"26년 6월_B tv+ 비플리_UI 541 이상_1차 쿠폰(~6/7) & 배너(~6/30)_4",A1CP1020261000120872,[위클리 혜택] B tv+ 12개월 50% 할인,"20260531",SMART,"20260520","20260630",PM30000107,2
C2600SC,<금발이 되고 싶어> 할인쿠폰 프로모션,A1SA1020261000121360,"[금발이 되고 싶어 런칭] 영화 5,500원 할인","20260723",SMART,"20260622","20260731",PPV 등,1
C2600LG,<스피드> 할인쿠폰 프로모션,A1SA1020261000120858,"[스피드 런칭] 영화 5,500원 할인","20260608",SMART,"20260512","20260531",PPV 등,4
C2600JB,<극장의 시간들> 할인쿠폰 프로모션,A1SA1020261000120746,"[극장의 시간들 런칭] 영화 5,500원 할인","20260505",SMART,"20260428","20260531",PPV 등,1
C2600K8,<몽타주: 6일간의 추격> 타겟 프로모션_40%_0430,A1SA1020261000120748,[즉시 할인] 몽타주: 6일간의 추격 40% 할인쿠폰,"20260506",SMART,"20260403","20260430",PPV 등,94371
C2600NS,[팝업] 밸류애드팀 Btv 업_단기(26.6.2)_1-2차,,,,SMART,,,PPV 등,295298
C2600J5,"지상파 월정액 3개월 내내 5,500원_5월 1차",A1CP1020261000120660,"[온가족특가] 지상파 월정액 3개월 내내 월 5,500원","20260523",SMART,"20260422","20260531",PM30000150,392
C2600O0,"26년 6월_B tv+ 짝수달 유료전환 테스트_UI 552 이상",A1CP1020261000120870,[6월 한정] B tv+ 첫달 무료,"20260609",SMART,"20260520","20260630",PM30000107,8753
C2600MI,JTBC 월정액 첫달 무료_6월 1차,A1SA1020261000119567,[깜짝 특가] JTBC 월정액 1개월 100% 할인 쿠폰,"20260530",SMART,"20260119","20261231",PM30000269,103
C2600V4,[팝업] B tv All+(조합형)(26.7.14)_2-1차,,,,SMART,,,PPV 등,592617
C2600RV,[팝업] 밸류애드팀 Btv 업_장기(26.6.24)_4-4차,,,,SMART,,,PPV 등,224465
C2600KD,[주기성/쿠폰] <프로젝트헤일메리&인생SF전> 할인쿠폰 프로모션,A1PR1020261000120752,[프로젝트헤일메리] 인생SF영화 추가 30% 할인,"20260524",SMART,"20260430","20260524",PPV 등,517
C2600QP,"지상파 월정액 첫달 3,300원_6월 5차",A1CP1020261000120947,"[6월 특가] 지상파 월정액 1개월 13,200원 할인","20260615",SMART,"20260526","20260630",PM30000150,1373
C2600S9,통합 월정액 첫달 90% 할인_추가 1차,A1CP1020261000121363,[쿨썸머 파격 특가] 주요 월정액 첫달 90% 할인 (택1),"20260628",SMART,"20260622","20260629",PM30000176,17703
C2600MI,JTBC 월정액 첫달 무료_6월 1차,A1SA1020261000119567,[깜짝 특가] JTBC 월정액 1개월 100% 할인 쿠폰,"20260515",SMART,"20260119","20261231",PM30000269,163
C2600QM,[보정용][주기성] 26년 6월_B tv+ 비플리_UI 541 이상_2~4차_1,A1CP1020261000120872,[위클리 혜택] B tv+ 12개월 50% 할인,"20260616",SMART,"20260520","20260630",PM30000107,1512
C2600UD,"26년 7월_B tv+ 비플리_UI 541 이상_쿠폰&배너_2",A1CP1020261000121365,[고객님만 혜택] B tv+ 반값 할인 (최대 12개월),"20260717",SMART,"20260624","20260731",PM30000107,614
C2600NL,<쉘터> 할인쿠폰 프로모션,A1SA1020261000120861,"[쉘터 런칭] 영화 3,300원 할인","20260604",SMART,"20260518","20260630",PPV 등,174
C2600N5,(일회성) 6월 쿠폰팩 GCP(5/1~5/23가입)_TB,A1CP1020261000120865,[FREE PASS] B tv+ 1개월 무료_26년6월,"20260613",SMART,"20260519","20260629",PM30000107,130
C2600QY,수요1+1무비쿠폰(6월 쿠폰발급),A1PR1020261000121167,[금토일무비쿠폰] 20% 할인(5천원 이상 사용),"20260621",SMART,"20260609","20261231",PPV 등,25
C2600NH,<리 크로닌의 미이라> 할인쿠폰 프로모션,A1SA1020261000120855,"[리 크로닌의 미이라] 영화 3,300원 할인","20260603",SMART,"20260507","20260630",PPV 등,125
C2600N4,(주기성) 6월 쿠폰팩 GCP(5/24~6/21가입)_TB,A1CP1020261000120867,[FREE PASS] CJ ENM 1개월 무료_26년6월,"20260616",SMART,"20260519","20260629",PM30000154,63
C2600KP,<왕과 사는 남자> 할인쿠폰 프로모션,A1SA1020261000120651,"[왕과 사는 남자 런칭] 영화 4,400원 할인","20260513",SMART,"20260421","20260531",PPV 등,40
C2600QU,"6월 성인 1+1 프로모션 (6/11~6/20)_수정",A1SA1020261000121168,"[1+1이벤트] 3,300원 할인 쿠폰","20260615",SMART,"20260609","20260731",PPV 등,169
C2600Q3,"6월 성인 1+1 프로모션 (6/11~6/20)",A1SA1020261000121168,"[1+1이벤트] 3,300원 할인 쿠폰","20260612",SMART,"20260609","20260731",PPV 등,68
C2600VN,<엘리베이션> 할인쿠폰 프로모션,A1SA1020261000121463,"[엘리베이션 런칭] 영화 3,300원 할인","20260726",SMART,"20260708","20260831",PPV 등,126
C2600WC,"지상파 월정액 3개월 5,500원_7월 3차",A1CP1020261000121373,"[쿨썸머 특가] 지상파 월정액 3개월 내내 월 5,500원","20260703",SMART,"20260629","20260731",PM30000150,21
C2600TO,<마이클> 할인쿠폰 프로모션,A1SA1020261000121261,"[마이클 런칭] 영화 3,300원 할인","20260716",SMART,"20260616","20260815",PPV 등,5
C2600O7,"2606_캐치온 해지방어_B tv+ Cross-sell",A1CP1020261000120958,[비밀 특가] B tv+ 1개월 100원,"20260628",SMART,"20260528","20260712",PM30000107,15
C2600O7,"2606_캐치온 해지방어_B tv+ Cross-sell",A1CP1020261000120958,[비밀 특가] B tv+ 1개월 100원,"20260609",SMART,"20260528","20260712",PM30000107,8
C2600SC,<금발이 되고 싶어> 할인쿠폰 프로모션,A1SA1020261000121360,"[금발이 되고 싶어 런칭] 영화 5,500원 할인","20260722",SMART,"20260622","20260731",PPV 등,9
C2600NN,<코드 네임: 알라룸> 할인쿠폰 프로모션,A1SA1020261000120951,"[코드 네임: 알라룸 런칭] 영화 5,500원 할인","20260622",SMART,"20260526","20260630",PPV 등,7
C2600LX,"26년 5월_B tv+ 비플리_UI 541 이상_2차(~5/25)_1(1770)",A1CP1020261000120859,[가정의 달] B tv+ 12개월 50% 할인 (~5/25),"20260523",SMART,"20260515","20260525",PM30000107,325231
C2600NT,[팝업] 밸류애드팀 Btv 업_단기(26.6.2)_1-3차,,,,SMART,,,PPV 등,145836
C2600M0,"26년 5월_B tv+ 비플리_UI 541 이상_2차(~5/25)_4(1770)",A1CP1020261000120859,[가정의 달] B tv+ 12개월 50% 할인 (~5/25),"20260521",SMART,"20260515","20260525",PM30000107,763
C2600QN,"지상파 월정액 첫달 3,300원_6월 4차",A1CP1020261000120947,"[6월 특가] 지상파 월정액 1개월 13,200원 할인","20260623",SMART,"20260526","20260630",PM30000150,89567
C2600XQ,통합 월정액 3개월 내내 80% 할인_8월 2차,A1CP1020261000121658,[쿨썸머 특가] 주요 월정액 3개월 내내 80% 할인 (택1),"20260730",SMART,"20260720","20260731",PM30000176,19674
C2600J5,"지상파 월정액 3개월 내내 5,500원_5월 1차",A1CP1020261000120660,"[온가족특가] 지상파 월정액 3개월 내내 월 5,500원","20260506",SMART,"20260422","20260531",PM30000150,997
C2600JZ,"JTBC 월정액 6개월 약정 3,300원_5월 2차",A1CP1020261000120658,"[온가족특가] JTBC 6개월 약정 기간 내내 월 3,300원","20260506",SMART,"20260421","20260531",PM30000269,4910
C2600O7,"2606_캐치온 해지방어_B tv+ Cross-sell",,,,SMART,,,PPV 등,511
C2600UC,"26년 7월_B tv+ 비플리_UI 541 이상_쿠폰&배너_1",A1CP1020261000121365,[고객님만 혜택] B tv+ 반값 할인 (최대 12개월),"20260729",SMART,"20260624","20260731",PM30000107,311747
C2600TG,JTBC 월정액 3개월 70% 할인_7월 1차,A1SA1020261000121374,[쿨썸머 특가] JTBC 월정액 3개월 내내 70% 할인,"20260707",SMART,"20260629","20260731",PM30000269,4729
C2600TI,JTBC 월정액 3개월 70% 할인_7월 2차,A1SA1020261000121374,[쿨썸머 특가] JTBC 월정액 3개월 내내 70% 할인,"20260714",SMART,"20260629","20260731",PM30000269,1646
C2600PP,"지상파 월정액 첫달 3,300원_6월 3차",A1CP1020261000120947,"[6월 특가] 지상파 월정액 1개월 13,200원 할인","20260604",SMART,"20260526","20260630",PM30000150,1078
C2600QY,수요1+1무비쿠폰(6월 쿠폰발급),A1PR1020261000121167,[금토일무비쿠폰] 20% 할인(5천원 이상 사용),"20260619",SMART,"20260609","20261231",PPV 등,279
C2600T7,<노멀> 할인쿠폰 프로모션,A1SA1020261000121162,"[노멀 런칭] 영화 3,300원 할인","20260702",SMART,"20260605","20260731",PPV 등,48
C2600W7,"7월 성인 1+1 이열치열 프로모션 (7/21~/20)",A1SA1020261000121561,"[1+1 이열치열 이벤트] 3,300원 할인 쿠폰","20260729",SMART,"20260716","20260831",PPV 등,411
C2600N4,(주기성) 6월 쿠폰팩 GCP(5/24~6/21가입)_TB,A1CP1020261000120865,[FREE PASS] B tv+ 1개월 무료_26년6월,"20260608",SMART,"20260519","20260629",PM30000107,209
C2600LW,수요1+1무비쿠폰(5월 쿠폰발급),A1PR1020261000120851,[연휴무비쿠폰] 20% 할인(5천원 이상 사용),,SMART,"20260408","20260525",PPV 등,287
C2600VM,<헬파이어: 시수의 길> 할인쿠폰 프로모션,A1SA1020261000121461,"[헬파이어: 시수의 길 런칭] 영화 5,500원 할인","20260719",SMART,"20260708","20260831",PPV 등,39
C2600J7,"지상파 월정액 3개월 내내 5,500원_5월 2차",A1CP1020261000120660,"[온가족특가] 지상파 월정액 3개월 내내 월 5,500원","20260528",SMART,"20260422","20260531",PM30000150,321
C2600WI,<뮌터 & 칸딘스키 - 사랑의 초상> 할인쿠폰 프로모션,A1SA1020261000121560,"[뮌터 & 칸딘스키 - 사랑의 초상 런칭] 영화 5,500원 할인","20260727",SMART,"20260716","20260831",PPV 등,6
C2600J7,"지상파 월정액 3개월 내내 5,500원_5월 2차",A1CP1020261000120660,"[온가족특가] 지상파 월정액 3개월 내내 월 5,500원","20260523",SMART,"20260422","20260531",PM30000150,302
C2600UU,"7월 성인 1+1 앵콜 프로모션_모바일 (7/11~7/20)",A1SA1020261000121458,"[1+1 앵콜 이벤트] 3,300원 할인 쿠폰","20260729",SMART,"20260708","20260831",PPV 등,89
C2600TM,<신의 악단> 할인쿠폰 프로모션,A1SA1020261000121384,"[신의 악단 런칭] 영화 3,300원 할인","20260720",SMART,"20260630","20260731",PPV 등,213
C2600JA,<오시리스> 할인쿠폰 프로모션,A1SA1020261000120652,"[오시리스 런칭] 영화 3,300원 할인","20260510",SMART,"20260421","20260531",PPV 등,6
C2600TK,<메가 샤크 어택> 할인쿠폰 프로모션,A1SA1020261000121369,"[메가 샤크 어택 런칭] 영화 5,500원 할인","20260729",SMART,"20260626","20260731",PPV 등,4
C2600Q5,<스위트 홈: 진격의 거인> 할인쿠폰 프로모션,A1SA1020261000121160,"[스위트 홈: 진격의 거인 런칭] 영화 3,300원 할인","20260708",SMART,"20260605","20260731",PPV 등,5
C2600M6,JTBC 월정액 첫달 무료_5월 2차,A1SA1020261000119567,[깜짝 특가] JTBC 월정액 1개월 100% 할인 쿠폰,"20260515",SMART,"20260119","20261231",PM30000269,3
C2600UU,"7월 성인 1+1 앵콜 프로모션_모바일 (7/11~7/20)",A1SA1020261000121458,"[1+1 앵콜 이벤트] 3,300원 할인 쿠폰","20260731",SMART,"20260708","20260831",PPV 등,1
C2600OX,"26년 6월_B tv+ 국내여행_(6/4~7)_89",DummyOffer,,,SMART,,,PPV 등,540593
C2600MM,"26년 5월_B tv+ 비플리_UI 541 이상_3차(~5/31)_3",A1CP1020261000120854,[가정의 달] B tv+ 12개월 50% 할인 (~5/31),"20260531",SMART,"20260507","20260531",PM30000107,23042
C2600PU,"26년 6월_B tv+ 파격할인_UI 541 이상_4",A1CP1020261000120874,"[파격할인] B tv+ 12개월 월 5,500원 혜택","20260612",SMART,"20260520","20260531",PM30000107,221797
C2600P0,<쉘터> 타겟 프로모션_30%_0604,A1SA1020261000120953,[즉시 할인] 쉘터 30% 할인쿠폰,"20260610",SMART,"20260526","20260630",PPV 등,128058
C2600OB,"26년 6월_B tv+ 비플리_UI 541 이상_1차 쿠폰(~6/7) & 배너(~6/30)_3",A1CP1020261000120872,[위클리 혜택] B tv+ 12개월 50% 할인,"20260626",SMART,"20260520","20260630",PM30000107,231763
C2600M6,JTBC 월정액 첫달 무료_5월 2차,A1SA1020261000119567,[깜짝 특가] JTBC 월정액 1개월 100% 할인 쿠폰,"20260525",SMART,"20260119","20261231",PM30000269,3249
C2600T0,"26년 6월_B tv+ KBO 올스타전_UI 541 이상_2",A1CP1020261000121364,"[올스타전 특가] B tv+ 월 5,500원 혜택 (최대 12개월)",,SMART,"20260624","20260705",PM30000107,230761
C2600WK,JTBC 월정액 3개월 70% 할인_7월 3차,A1SA1020261000121374,[쿨썸머 특가] JTBC 월정액 3개월 내내 70% 할인,,SMART,"20260629","20260731",PM30000269,230197
C2600VX,[팝업] 밸류애드팀 Btv 업_장기(26.7.22)_3-1차,,,,SMART,,,PPV 등,290360
C2600XD,"26년 7월_B tv+ 7월 4주차 복날 타임딜_UI 541 이상_1_F",A1CP1020261000121662,"[복날 치킨비] B tv+ 월 5,500원 이용 혜택 (최대 12개월)","20260724",SMART,"20260721","20260726",PM30000107,392972
C2600LZ,"26년 5월_B tv+ 비플리_UI 541 이상_2차(~5/25)_3(1770)",A1CP1020261000120859,[가정의 달] B tv+ 12개월 50% 할인 (~5/25),"20260520",SMART,"20260515","20260525",PM30000107,3007
C2600OA,"26년 6월_B tv+ 비플리_UI 541 이상_1차 쿠폰(~6/7) & 배너(~6/30)_2",A1CP1020261000120872,[위클리 혜택] B tv+ 12개월 50% 할인,"20260604",SMART,"20260520","20260630",PM30000107,1462
C2600OY,통합 월정액 첫달 무료_6월 2차,A1CP1020261000120948,[이용 감사 혜택] 주요 월정액 1개월 100% 할인 (택1),"20260610",SMART,"20260526","20260630",PM30000176,1803
C2600VK,"2607_무빙 연장 동의_TV팝업_17차",,,,SMART,,,PPV 등,3686
C2600UC,"26년 7월_B tv+ 비플리_UI 541 이상_쿠폰&배너_1",A1CP1020261000121365,[고객님만 혜택] B tv+ 반값 할인 (최대 12개월),"20260719",SMART,"20260624","20260731",PM30000107,292
C2600R6,<슈퍼 마리오 갤럭시> 할인쿠폰 프로모션,A1SA1020261000120961,"[슈퍼마리오 갤럭시 런칭] 영화 3,300원 할인",,SMART,"20260529","20260623",PPV 등,318
C2600TO,<마이클> 할인쿠폰 프로모션,A1SA1020261000121261,"[마이클 런칭] 영화 3,300원 할인","20260709",SMART,"20260616","20260815",PPV 등,129
C2600TK,<메가 샤크 어택> 할인쿠폰 프로모션,A1SA1020261000121369,"[메가 샤크 어택 런칭] 영화 5,500원 할인","20260718",SMART,"20260626","20260731",PPV 등,56
C2600TL,"7월 성인 1+1 프로모션 (7/1~7/10)",A1SA1020261000121370,"[1+1이벤트] 3,300원 할인 쿠폰","20260711",SMART,"20260626","20260731",PPV 등,503
C2600L9,"26년 5월_B tv+ 비플리_UI 541 이상_1차(~5/17)_3(1770)",A1CP1020261000120853,[가정의 달] B tv+ 12개월 50% 할인 (~5/17),"20260510",SMART,"20260507","20260517",PM30000107,235
C2600S4,"6월 성인 1+1 프로모션_모바일 (6/21~6/30)",A1SA1020261000121171,"[1+1 앵콜 이벤트] 3,300원 할인 쿠폰 (모바일)","20260630",SMART,"20260609","20260731",PPV 등,30
C2600Q3,"6월 성인 1+1 프로모션 (6/11~6/20)",A1SA1020261000121168,"[1+1이벤트] 3,300원 할인 쿠폰","20260705",SMART,"20260609","20260731",PPV 등,38
C2600O8,[주기성] 26년 6월_B tv+ 비플리_UI 541 이하_쿠폰,A1CP1020261000120872,[위클리 혜택] B tv+ 12개월 50% 할인,"20260603",SMART,"20260520","20260630",PM30000107,7
C2600QS,"6월 성인 1+1 프로모션_모바일_추가 (6/12~6/14 구매자)",A1SA1020261000121169,"[1+1이벤트] 3,300원 할인 쿠폰 (모바일)","20260703",SMART,"20260609","20260731",PPV 등,10
C2600KO,<폭탄> 할인쿠폰 프로모션,A1SA1020261000120751,"[폭탄 런칭] 영화 5,500원 할인","20260604",SMART,"20260430","20260531",PPV 등,1
C2600PU,"26년 6월_B tv+ 파격할인_UI 541 이상_4",A1CP1020261000120874,"[72시간 한정] B tv+ 12개월 월 5,500원 혜택","20260613",SMART,"20260526","20260614",PM30000107,294419
C2600IY,"JTBC 월정액 6개월 약정 3,300원_5월 1차",A1CP1020261000120658,"[온가족특가] JTBC 6개월 약정 기간 내내 월 3,300원","20260509",SMART,"20260421","20260531",PM30000269,150
C2600NE,통합 월정액 첫달 무료_6월 1차,A1CP1020261000120948,[이용 감사 혜택] 주요 월정액 1개월 100% 할인 (택1),"20260609",SMART,"20260526","20260630",PM30000176,31392
C2600P7,[주기성] 26년 6월_B tv+ 비플리_UI 541 이상_2~4차_3,A1CP1020261000120872,[위클리 혜택] B tv+ 12개월 50% 할인,"20260621",SMART,"20260520","20260630",PM30000107,3708
C2600VH,"26년 7월_B tv+ KBS 이승철 콘서트_타임딜_UI 541 이상_1",A1CP1020261000121559,"[이승철 특가] B tv+ 월 5,500원 이용 혜택 (최대 12개월)",,SMART,"20260714","20260722",PM30000107,212104
C2600O6,"26년 6월_B tv+ 비플리_UI 541 이상_1차 쿠폰(~6/7) & 배너(~6/30)_1",A1CP1020261000120872,[위클리 혜택] B tv+ 12개월 50% 할인,"20260623",SMART,"20260520","20260630",PM30000107,6431
C2600N3,[주기성/쿠폰] <살목지&K-공포상영회> 할인쿠폰 프로모션,A1PR1020261000120873,[K-공포 상영회] 영화 50% 할인,"20260608",SMART,"20260520","20260609",PPV 등,4437
C2600TZ,"지상파 월정액 3개월 5,500원_7월 2차",A1CP1020261000121373,"[쿨썸머 특가] 지상파 월정액 3개월 내내 월 5,500원","20260710",SMART,"20260629","20260731",PM30000150,34968
C2600UC,"26년 7월_B tv+ 비플리_UI 541 이상_쿠폰&배너_1",A1CP1020261000121365,[고객님만 혜택] B tv+ 반값 할인 (최대 12개월),"20260712",SMART,"20260624","20260731",PM30000107,4512
C2600P6,[주기성] 26년 6월_B tv+ 비플리_UI 541 이상_2~4차_2,A1CP1020261000120872,[위클리 혜택] B tv+ 12개월 50% 할인,"20260602",SMART,"20260520","20260630",PM30000107,1397
C2600WJ,"CJ ENM 월정액 3개월 5,500원_7월 3차",A1CP1020261000121358,"[쿨썸머 특가] CJ ENM 월정액 3개월 내내 월 5,500원","20260722",SMART,"20260622","20260731",PM30000154,137916
C2600P7,[주기성] 26년 6월_B tv+ 비플리_UI 541 이상_2~4차_3,A1CP1020261000120872,[위클리 혜택] B tv+ 12개월 50% 할인,"20260624",SMART,"20260520","20260630",PM30000107,560
C2600NI,<시에라 마드레: 카르텔 전쟁> 할인쿠폰 프로모션,A1SA1020261000120862,"[시에라 마드레: 카르텔 전쟁 런칭] 영화 5,500원 할인","20260529",SMART,"20260518","20260630",PPV 등,22
C2600UC,"26년 7월_B tv+ 비플리_UI 541 이상_쿠폰&배너_1",A1CP1020261000121365,[고객님만 혜택] B tv+ 반값 할인 (최대 12개월),"20260717",SMART,"20260624","20260731",PM30000107,651
C2600JZ,"JTBC 월정액 6개월 약정 3,300원_5월 2차",A1CP1020261000120658,"[온가족특가] JTBC 6개월 약정 기간 내내 월 3,300원","20260513",SMART,"20260421","20260531",PM30000269,294
C2600N5,(일회성) 6월 쿠폰팩 GCP(5/1~5/23가입)_TB,A1CP1020261000120865,[FREE PASS] B tv+ 1개월 무료_26년6월,"20260621",SMART,"20260519","20260629",PM30000107,75
C2600TH,<살목지> 할인쿠폰 프로모션,A1SA1020261000121380,"[살목지 런칭] 영화 3,300원 할인","20260630",SMART,"20260629","20260731",PPV 등,218
C2600TF,"지상파 월정액 3개월 5,500원_7월 1차",A1CP1020261000121373,"[쿨썸머 특가] 지상파 월정액 3개월 내내 월 5,500원","20260723",SMART,"20260629","20260731",PM30000150,231
C2600KO,<폭탄> 할인쿠폰 프로모션,A1SA1020261000120751,"[폭탄 런칭] 영화 5,500원 할인","20260523",SMART,"20260430","20260531",PPV 등,14
C2600S4,"6월 성인 1+1 프로모션_모바일 (6/21~6/30)",A1SA1020261000121171,"[1+1 앵콜 이벤트] 3,300원 할인 쿠폰 (모바일)","20260629",SMART,"20260609","20260731",PPV 등,25
C2600PQ,통합 월정액 첫달 무료_6월 3차,A1CP1020261000120948,[이용 감사 혜택] 주요 월정액 1개월 100% 할인 (택1),"20260622",SMART,"20260526","20260630",PM30000176,1
C2600JE,<캣 앤 독> 할인쿠폰 프로모션,A1SA1020261000120747,"[캣 앤 독 런칭] 영화 5,500원 할인","20260517",SMART,"20260428","20260531",PPV 등,4
C2600QV,"6월 성인 1+1 프로모션_모바일 (6/11~6/20)_수정",A1SA1020261000121169,"[1+1이벤트] 3,300원 할인 쿠폰 (모바일)","20260629",SMART,"20260609","20260731",PPV 등,1
C2600NH,<리 크로닌의 미이라> 할인쿠폰 프로모션,A1SA1020261000120855,"[리 크로닌의 미이라] 영화 3,300원 할인","20260612",SMART,"20260507","20260630",PPV 등,1
C2600KN,JTBC 월정액 첫달 무료_5월 1차,A1SA1020261000119567,[깜짝 특가] JTBC 월정액 1개월 100% 할인 쿠폰,"20260510",SMART,"20260119","20261231",PM30000269,30189
C2600KK,"CJ ENM 월정액 3개월 5,500원_5월 2차",A1CP1020261000120659,"[온가족특가] CJ ENM 월정액 3개월 내내 5,500원","20260510",SMART,"20260422","20260531",PM30000154,11794
C2600L8,"26년 5월_B tv+ 비플리_UI 541 이상_1차(~5/17)_2(1770)",A1CP1020261000120853,[가정의 달] B tv+ 12개월 50% 할인 (~5/17),"20260511",SMART,"20260507","20260517",PM30000107,9992
C2600O0,"26년 6월_B tv+ 짝수달 유료전환 테스트_UI 552 이상",A1CP1020261000120870,[6월 한정] B tv+ 첫달 무료,"20260621",SMART,"20260520","20260630",PM30000107,7845
C2600P6,[주기성] 26년 6월_B tv+ 비플리_UI 541 이상_2~4차_2,A1CP1020261000120872,[위클리 혜택] B tv+ 12개월 50% 할인,"20260622",SMART,"20260520","20260630",PM30000107,12852
C2600P5,[주기성] 26년 6월_B tv+ 비플리_UI 541 이상_2~4차_1,A1CP1020261000120872,[위클리 혜택] B tv+ 12개월 50% 할인,"20260622",SMART,"20260520","20260630",PM30000107,12132
C2600M6,JTBC 월정액 첫달 무료_5월 2차,A1SA1020261000119567,[깜짝 특가] JTBC 월정액 1개월 100% 할인 쿠폰,"20260627",SMART,"20260119","20261231",PM30000269,664
C2600J7,"지상파 월정액 3개월 내내 5,500원_5월 2차",A1CP1020261000120660,"[온가족특가] 지상파 월정액 3개월 내내 월 5,500원","20260512",SMART,"20260422","20260531",PM30000150,465
C2600P6,[주기성] 26년 6월_B tv+ 비플리_UI 541 이상_2~4차_2,A1CP1020261000120872,[위클리 혜택] B tv+ 12개월 50% 할인,"20260616",SMART,"20260520","20260630",PM30000107,1516
C2600PY,SPOTV 6월 첫달무료_1차_0611,A1SA1020261000121164,[축구 이벤트] SPOTV Prime 1개월 무료,"20260622",SMART,"20260609","20260630",PM35000007,24208
C2600P8,[주기성] 26년 6월_B tv+ 비플리_UI 541 이상_2~4차_4,A1CP1020261000120872,[위클리 혜택] B tv+ 12개월 50% 할인,"20260628",SMART,"20260520","20260630",PM30000107,34070
C2600SA,SPOTV 6월 첫달무료_1차_0623,A1SA1020261000121164,[축구 이벤트] SPOTV Prime 1개월 무료,"20260628",SMART,"20260609","20260630",PM35000007,93950
C2600SA,SPOTV 6월 첫달무료_1차_0623,A1SA1020261000121164,[축구 이벤트] SPOTV Prime 1개월 무료,"20260625",SMART,"20260609","20260630",PM35000007,44885
C2600PT,"26년 6월_B tv+ 파격할인_UI 541 이상_3",A1CP1020261000120874,"[72시간 한정] B tv+ 12개월 월 5,500원 혜택","20260614",SMART,"20260526","20260614",PM30000107,3001
C2600ND,"지상파 월정액 첫달 3,300원_6월 1차",A1CP1020261000120947,"[6월 특가] 지상파 월정액 1개월 13,200원 할인","20260601",SMART,"20260526","20260630",PM30000150,1953
C2600PY,SPOTV 6월 첫달무료_1차_0611,A1SA1020261000121164,[축구 이벤트] SPOTV Prime 1개월 무료,"20260616",SMART,"20260609","20260630",PM35000007,3584
C2600T4,"26년 6월_B tv+ KBO 올스타전_UI 541 이상_4",A1CP1020261000121364,"[올스타전 특가] B tv+ 월 5,500원 혜택 (최대 12개월)","20260627",SMART,"20260624","20260705",PM30000107,1560
C2600SG,"CJ ENM 월정액 3개월 5,500원_7월 1차",A1CP1020261000121358,"[쿨썸머 특가] CJ ENM 월정액 3개월 내내 월 5,500원","20260723",SMART,"20260622","20260731",PM30000154,396
C2600PV,"26년 6월_B tv+ 파격할인_UI 541 이하_5",A1CP1020261000120874,"[72시간 한정] B tv+ 12개월 월 5,500원 혜택","20260613",SMART,"20260526","20260614",PM30000107,64
C2600OB,"26년 6월_B tv+ 비플리_UI 541 이상_1차 쿠폰(~6/7) & 배너(~6/30)_3",A1CP1020261000120872,[위클리 혜택] B tv+ 12개월 50% 할인,"20260617",SMART,"20260520","20260630",PM30000107,56
C2600P7,[주기성] 26년 6월_B tv+ 비플리_UI 541 이상_2~4차_3,A1CP1020261000120872,[위클리 혜택] B tv+ 12개월 50% 할인,"20260602",SMART,"20260520","20260630",PM30000107,65
C2600Q5,<스위트 홈: 진격의 거인> 할인쿠폰 프로모션,A1SA1020261000121160,"[스위트 홈: 진격의 거인 런칭] 영화 3,300원 할인","20260628",SMART,"20260605","20260731",PPV 등,55
C2600Q5,<스위트 홈: 진격의 거인> 할인쿠폰 프로모션,A1SA1020261000121160,"[스위트 홈: 진격의 거인 런칭] 영화 3,300원 할인","20260625",SMART,"20260605","20260731",PPV 등,19
C2600KD,[주기성/쿠폰] <프로젝트헤일메리&인생SF전> 할인쿠폰 프로모션,A1PR1020261000120752,[프로젝트헤일메리] 인생SF영화 추가 30% 할인,"20260512",SMART,"20260430","20260524",PPV 등,37
C2600N4,(주기성) 6월 쿠폰팩 GCP(5/24~6/21가입)_TB,A1CP1020261000120865,[FREE PASS] B tv+ 1개월 무료_26년6월,"20260613",SMART,"20260519","20260629",PM30000107,29
C2600JE,<캣 앤 독> 할인쿠폰 프로모션,A1SA1020261000120747,"[캣 앤 독 런칭] 영화 5,500원 할인","20260518",SMART,"20260428","20260531",PPV 등,13
C2600N4,(주기성) 6월 쿠폰팩 GCP(5/24~6/21가입)_TB,A1SA1020261000120868,[FREE PASS] JTBC 1개월 무료_26년6월,"20260601",SMART,"20260519","20260629",PM30000269,10
C2600QV,"6월 성인 1+1 프로모션_모바일 (6/11~6/20)_수정",A1SA1020261000121169,"[1+1이벤트] 3,300원 할인 쿠폰 (모바일)","20260702",SMART,"20260609","20260731",PPV 등,1
C2600NM,<살목지> 런칭 안내 팝업 (5/29),,,,SMART,,,PPV 등,6343714
C2600KN,JTBC 월정액 첫달 무료_5월 1차,A1SA1020261000119567,[깜짝 특가] JTBC 월정액 1개월 100% 할인 쿠폰,"20260515",SMART,"20260119","20261231",PM30000269,39411
C2600MX,[팝업] 밸류애드팀 Btv 업_장기(26.5.27)_4-3차,,,,SMART,,,PPV 등,175522
C2600ND,"지상파 월정액 첫달 3,300원_6월 1차",A1CP1020261000120947,"[6월 특가] 지상파 월정액 1개월 13,200원 할인","20260625",SMART,"20260526","20260630",PM30000150,6158
C2600SL,[팝업] 밸류애드팀 STB 교체(26.6.29)_5-1차,,,,SMART,,,PPV 등,249631
C2600KM,"지상파 월정액 3개월 내내 5,500원_5월 3차",A1CP1020261000120660,"[온가족특가] 지상파 월정액 3개월 내내 월 5,500원","20260519",SMART,"20260422","20260531",PM30000150,140
C2600PR,"26년 6월_B tv+ 파격할인_UI 541 이상_1",A1CP1020261000120874,"[파격할인] B tv+ 12개월 월 5,500원 혜택","20260610",SMART,"20260520","20260531",PM30000107,27687
C2600W1,"26년 7월_B tv+ KBS 이승철 콘서트_타임딜_UI 541 이상_2",A1CP1020261000121559,"[이승철 특가] B tv+ 월 5,500원 이용 혜택 (최대 12개월)","20260720",SMART,"20260714","20260722",PM30000107,656512
C2600WJ,"CJ ENM 월정액 3개월 5,500원_7월 3차",A1CP1020261000121358,"[쿨썸머 특가] CJ ENM 월정액 3개월 내내 월 5,500원","20260723",SMART,"20260622","20260731",PM30000154,35796
C2600TT,<현상수배> 타겟 프로모션_30%_0702,A1SA1020261000121372,[즉시 할인] 현상수배 30% 할인쿠폰,"20260703",SMART,"20260626","20260731",PPV 등,8396
C2600J5,"지상파 월정액 3개월 내내 5,500원_5월 1차",A1CP1020261000120660,"[온가족특가] 지상파 월정액 3개월 내내 월 5,500원","20260504",SMART,"20260422","20260531",PM30000150,1608
C2600J7,"지상파 월정액 3개월 내내 5,500원_5월 2차",A1CP1020261000120660,"[온가족특가] 지상파 월정액 3개월 내내 월 5,500원","20260511",SMART,"20260422","20260531",PM30000150,598
C2600WC,"지상파 월정액 3개월 5,500원_7월 3차",A1CP1020261000121373,"[쿨썸머 특가] 지상파 월정액 3개월 내내 월 5,500원","20260726",SMART,"20260629","20260731",PM30000150,979
C2600N4,(주기성) 6월 쿠폰팩 GCP(5/24~6/21가입)_TB,A1SA1020261000120869,[FREE PASS] SPOTV 프라임패키지 1개월 무료_26년6월,"20260612",SMART,"20260519","20260629",PM35000007,76
C2600SC,<금발이 되고 싶어> 할인쿠폰 프로모션,A1SA1020261000121360,"[금발이 되고 싶어 런칭] 영화 5,500원 할인","20260627",SMART,"20260622","20260731",PPV 등,5
C2600R1,JTBC 월정액 첫달 무료_6월 3차,A1SA1020261000119567,[깜짝 특가] JTBC 월정액 1개월 100% 할인 쿠폰,"20260605",SMART,"20260119","20261231",PM30000269,774
C2600P7,[주기성] 26년 6월_B tv+ 비플리_UI 541 이상_2~4차_3,A1CP1020261000120872,[위클리 혜택] B tv+ 12개월 50% 할인,"20260603",SMART,"20260520","20260630",PM30000107,68
C2600WG,<디스클로저 데이> 할인쿠폰 프로모션,A1SA1020261000121558,"[디스클로저 데이 런칭] 영화 3,300원 할인","20260731",SMART,"20260713","20260831",PPV 등,27
C2600O7,"2606_캐치온 해지방어_B tv+ Cross-sell",A1CP1020261000120958,[비밀 특가] B tv+ 1개월 100원,"20260603",SMART,"20260528","20260712",PM30000107,3
C2600S7,토이스토리 소장용 패키지 프로모션 (6/18~6/21 발급),A1SA1020261000121259,"[토이 스토리 패키지 구매] 영화 5,500원 할인","20260626",SMART,"20260615","20260731",PPV 등,2
C2600UP,<서퍼> 할인쿠폰 프로모션,A1SA1020261000121460,"[서퍼 런칭] 영화 3,300원 할인","20260715",SMART,"20260708","20260831",PPV 등,14
C2600L5,"26년 5월_B tv+ 크런치롤_할인쿠폰",A1PR1020261000120053,[크런치롤] B tv 애니 장르 30% 할인,"20260530",SMART,"20260225","20260531",PPV 등,1
C2600Q5,<스위트 홈: 진격의 거인> 할인쿠폰 프로모션,A1SA1020261000121160,"[스위트 홈: 진격의 거인 런칭] 영화 3,300원 할인","20260622",SMART,"20260605","20260731",PPV 등,14
C2600PM,[보정용][D+1] 쿠폰팩 등록 혜택 지급_2601,A1PR1020261000119553,[쿠폰팩 등록 감사] VOD 20% 할인쿠폰,"20260706",SMART,"20260114","99991231",PPV 등,11
C2600IZ,[모바일 B tv] '26년 4월 무비 쿠폰 도미노 앱푸쉬 (Mass),,,,SMART,,,PPV 등,936525
C2600MN,"26년 5월_B tv+ 비플리_UI 541 이상_3차(~5/31)_4",A1CP1020261000120854,[가정의 달] B tv+ 12개월 50% 할인 (~5/31),"20260528",SMART,"20260507","20260531",PM30000107,4582
C2600PP,"지상파 월정액 첫달 3,300원_6월 3차",A1CP1020261000120947,"[6월 특가] 지상파 월정액 1개월 13,200원 할인","20260627",SMART,"20260526","20260630",PM30000150,60811
C2600PQ,통합 월정액 첫달 무료_6월 3차,A1CP1020261000120948,[이용 감사 혜택] 주요 월정액 1개월 100% 할인 (택1),"20260618",SMART,"20260526","20260630",PM30000176,216329
C2600O6,"26년 6월_B tv+ 비플리_UI 541 이상_1차 쿠폰(~6/7) & 배너(~6/30)_1",A1CP1020261000120872,[위클리 혜택] B tv+ 12개월 50% 할인,"20260604",SMART,"20260520","20260630",PM30000107,1499
C2600PZ,SPOTV 6월 첫달무료_1차_0612,A1SA1020261000121164,[축구 이벤트] SPOTV Prime 1개월 무료,"20260622",SMART,"20260609","20260630",PM35000007,21722
C2600RC,"<왕과 사는 남자> 타겟 프로모션_2,000원_0617",A1SA1020261000121266,"[즉시 할인] 왕과 사는 남자 2,200원 할인쿠폰",,SMART,"20260616","20260731",PPV 등,252512
C2600PZ,SPOTV 6월 첫달무료_1차_0612,A1SA1020261000121164,[축구 이벤트] SPOTV Prime 1개월 무료,"20260629",SMART,"20260609","20260630",PM35000007,35225
C2600ND,"지상파 월정액 첫달 3,300원_6월 1차",A1CP1020261000120947,"[6월 특가] 지상파 월정액 1개월 13,200원 할인","20260604",SMART,"20260526","20260630",PM30000150,1205
C2600NN,<코드 네임: 알라룸> 할인쿠폰 프로모션,A1SA1020261000120951,"[코드 네임: 알라룸 런칭] 영화 5,500원 할인",,SMART,"20260526","20260630",PPV 등,276
C2600TT,<현상수배> 타겟 프로모션_30%_0702,A1SA1020261000121372,[즉시 할인] 현상수배 30% 할인쿠폰,"20260702",SMART,"20260626","20260731",PPV 등,7235
C2600WJ,"CJ ENM 월정액 3개월 5,500원_7월 3차",A1CP1020261000121358,"[쿨썸머 특가] CJ ENM 월정액 3개월 내내 월 5,500원","20260727",SMART,"20260622","20260731",PM30000154,2536
C2600J5,"지상파 월정액 3개월 내내 5,500원_5월 1차",A1CP1020261000120660,"[온가족특가] 지상파 월정액 3개월 내내 월 5,500원","20260515",SMART,"20260422","20260531",PM30000150,376
C2600NN,<코드 네임: 알라룸> 할인쿠폰 프로모션,A1SA1020261000120951,"[코드 네임: 알라룸 런칭] 영화 5,500원 할인","20260608",SMART,"20260526","20260630",PPV 등,18
C2600TM,<신의 악단> 할인쿠폰 프로모션,A1SA1020261000121384,"[신의 악단 런칭] 영화 3,300원 할인","20260703",SMART,"20260630","20260731",PPV 등,32
C2600M8,<짱구> 할인쿠폰 프로모션,A1SA1020261000120863,"[짱구 런칭] 영화 5,500원 할인","20260619",SMART,"20260518","20260630",PPV 등,34
C2600Q5,<스위트 홈: 진격의 거인> 할인쿠폰 프로모션,A1SA1020261000121160,"[스위트 홈: 진격의 거인 런칭] 영화 3,300원 할인","20260620",SMART,"20260605","20260731",PPV 등,8
C2600TO,<마이클> 할인쿠폰 프로모션,A1SA1020261000121261,"[마이클 런칭] 영화 3,300원 할인","20260719",SMART,"20260616","20260815",PPV 등,6
C2600MB,<힌드의 목소리> 할인쿠폰 프로모션,A1SA1020261000120864,"[힌드의 목소리 런칭] 영화 5,500원 할인",,SMART,"20260519","20260630",PPV 등,24
C2600T8,<살목지(2차)> 할인쿠폰 프로모션,A1SA1020261000121161,"[살목지 런칭] 영화 4,444원 할인","20260716",SMART,"20260605","20260731",PPV 등,17
C2600MI,JTBC 월정액 첫달 무료_6월 1차,A1SA1020261000119567,[깜짝 특가] JTBC 월정액 1개월 100% 할인 쿠폰,"20260514",SMART,"20260119","20261231",PM30000269,28
C2600UV,모아나 소장용 패키지 프로모션 (7/10),A1SA1020261000121465,"[모아나 패키지 구매] 영화 5,500원 할인","20260727",SMART,"20260708","20260831",PPV 등,26
C2600SH,<납치 48시간> 할인쿠폰 프로모션,A1SA1020261000121265,"[납치 48시간 런칭] 영화 3,300원 할인","20260703",SMART,"20260616","20260831",PPV 등,7
C2600JB,<극장의 시간들> 할인쿠폰 프로모션,A1SA1020261000120746,"[극장의 시간들 런칭] 영화 5,500원 할인","20260514",SMART,"20260428","20260531",PPV 등,1
C2600JA,<오시리스> 할인쿠폰 프로모션,A1SA1020261000120652,"[오시리스 런칭] 영화 3,300원 할인","20260506",SMART,"20260421","20260531",PPV 등,4
C2600Q3,"6월 성인 1+1 프로모션 (6/11~6/20)",A1SA1020261000121168,"[1+1이벤트] 3,300원 할인 쿠폰","20260620",SMART,"20260609","20260731",PPV 등,1
C2600R4,<피어스> 할인쿠폰 프로모션,A1SA1020261000121258,"[피어스 런칭] 영화 5,500원 할인","20260621",SMART,"20260615","20260731",PPV 등,1
C2600KY,[팝업] B tv All+(조합형)(26.5.12)_2-1차,,,,SMART,,,PPV 등,571806
C2600JU,[팝업] 밸류애드팀 Btv 업_장기(26.5.06)_1-2차,,,,SMART,,,PPV 등,385230
C2600PS,"26년 6월_B tv+ 파격할인_UI 541 이상_2",A1CP1020261000120874,"[72시간 한정] B tv+ 12개월 월 5,500원 혜택","20260611",SMART,"20260526","20260614",PM30000107,215194
C2600KM,"지상파 월정액 3개월 내내 5,500원_5월 3차",A1CP1020261000120660,"[온가족특가] 지상파 월정액 3개월 내내 월 5,500원","20260510",SMART,"20260422","20260531",PM30000150,11029
C2600SA,SPOTV 6월 첫달무료_1차_0623,A1SA1020261000121164,[축구 이벤트] SPOTV Prime 1개월 무료,,SMART,"20260609","20260630",PM35000007,244636
C2600VU,[팝업] 밸류애드팀 Btv 업_단기(26.7.21)_3-3차,,,,SMART,,,PPV 등,135002
C2600X8,"26년 7월_B tv+ 7월 4주차 복날 타임딜_UI 541 이상_3_F",A1CP1020261000121662,"[복날 치킨비] B tv+ 월 5,500원 이용 혜택 (최대 12개월)",,SMART,"20260721","20260726",PM30000107,72789
C2600Q5,<스위트 홈: 진격의 거인> 할인쿠폰 프로모션,A1SA1020261000121160,"[스위트 홈: 진격의 거인 런칭] 영화 3,300원 할인",,SMART,"20260605","20260731",PPV 등,308
C2600S0,SPOTV 6월 첫달무료_2차_0620,A1SA1020261000121165,[MLB 이벤트] SPOTV Prime 1개월 무료,"20260626",SMART,"20260609","20260630",PM35000007,5507
C2600LQ,"2605_SPOTV B캐시 프로모션_B캐시 지급",SA102026100000126262,,,SMART,,,PPV 등,540
C2600ND,"지상파 월정액 첫달 3,300원_6월 1차",A1CP1020261000120947,"[6월 특가] 지상파 월정액 1개월 13,200원 할인","20260602",SMART,"20260526","20260630",PM30000150,1317
C2600VN,<엘리베이션> 할인쿠폰 프로모션,A1SA1020261000121463,"[엘리베이션 런칭] 영화 3,300원 할인","20260723",SMART,"20260708","20260831",PPV 등,123
C2600KK,"CJ ENM 월정액 3개월 5,500원_5월 2차",A1CP1020261000120659,"[온가족특가] CJ ENM 월정액 3개월 내내 5,500원","20260528",SMART,"20260422","20260531",PM30000154,304
C2600IY,"JTBC 월정액 6개월 약정 3,300원_5월 1차",A1CP1020261000120658,"[온가족특가] JTBC 6개월 약정 기간 내내 월 3,300원","20260504",SMART,"20260421","20260531",PM30000269,605
C2600N4,(주기성) 6월 쿠폰팩 GCP(5/24~6/21가입)_TB,A1CP1020261000120865,[FREE PASS] B tv+ 1개월 무료_26년6월,"20260626",SMART,"20260519","20260629",PM30000107,152
C2600S3,"6월 성인 1+1 프로모션 (6/21~6/30)",A1SA1020261000121170,"[1+1 앵콜 이벤트] 3,300원 할인 쿠폰","20260715",SMART,"20260609","20260731",PPV 등,425
C2600TM,<신의 악단> 할인쿠폰 프로모션,A1SA1020261000121384,"[신의 악단 런칭] 영화 3,300원 할인","20260719",SMART,"20260630","20260731",PPV 등,259
C2600TK,<메가 샤크 어택> 할인쿠폰 프로모션,A1SA1020261000121369,"[메가 샤크 어택 런칭] 영화 5,500원 할인","20260712",SMART,"20260626","20260731",PPV 등,23
C2600LW,수요1+1무비쿠폰(5월 쿠폰발급),A1PR1020261000120851,[연휴무비쿠폰] 20% 할인(5천원 이상 사용),"20260524",SMART,"20260408","20260525",PPV 등,54
C2600TA,[주기성] 26년 7월_B tv+ 비플리_UI 541 이하_쿠폰,A1CP1020261000121366,[고객님만 혜택] B tv+ 반값 할인 (최대 12개월),"20260726",SMART,"20260624","20260731",PM30000107,10
C2600KN,JTBC 월정액 첫달 무료_5월 1차,A1SA1020261000119567,[깜짝 특가] JTBC 월정액 1개월 100% 할인 쿠폰,"20260523",SMART,"20260119","20261231",PM30000269,1
C2600MB,<힌드의 목소리> 할인쿠폰 프로모션,A1SA1020261000120864,"[힌드의 목소리 런칭] 영화 5,500원 할인","20260602",SMART,"20260519","20260630",PPV 등,1
C2600SH,<납치 48시간> 할인쿠폰 프로모션,A1SA1020261000121265,"[납치 48시간 런칭] 영화 3,300원 할인","20260707",SMART,"20260616","20260831",PPV 등,1
C2600WV,[팝업] B tv 스탠다드+(조합형)_(26.7.28)_4-1차,,,,SMART,,,PPV 등,449664
C2600KE,무비혜택도미도 쿠폰 사용 안내,,,,SMART,,,PPV 등,107256
C2600P1,[팝업] 밸류애드팀 STB 교체(26.6.8))_2-1차,,,,SMART,,,PPV 등,293202
C2600UX,"26년 7월_B tv+ KBS 이승철 콘서트_UI 541 이상_3",DummyOffer,,,SMART,,,PPV 등,534234
C2600RD,"<짱구> 타겟 프로모션_2,000원_0617",A1SA1020261000121267,"[즉시 할인] 짱구 2,200원 할인쿠폰","20260619",SMART,"20260616","20260731",PPV 등,7884
C2600LE,"CJ ENM 월정액 3개월 5,500원_5월 3차",A1CP1020261000120659,"[온가족특가] CJ ENM 월정액 3개월 내내 5,500원","20260524",SMART,"20260422","20260531",PM30000154,683
C2600ND,"지상파 월정액 첫달 3,300원_6월 1차",A1CP1020261000120947,"[6월 특가] 지상파 월정액 1개월 13,200원 할인","20260629",SMART,"20260526","20260630",PM30000150,16574
C2600OA,"26년 6월_B tv+ 비플리_UI 541 이상_1차 쿠폰(~6/7) & 배너(~6/30)_2",A1CP1020261000120872,[위클리 혜택] B tv+ 12개월 50% 할인,"20260619",SMART,"20260520","20260630",PM30000107,5487
C2600KD,[주기성/쿠폰] <프로젝트헤일메리&인생SF전> 할인쿠폰 프로모션,A1PR1020261000120752,[프로젝트헤일메리] 인생SF영화 추가 30% 할인,,SMART,"20260430","20260524",PPV 등,2744
C2600RS,[팝업] 밸류애드팀 Btv 업_장기(26.6.24)_4-1차,,,,SMART,,,PPV 등,385304
C2600TT,<현상수배> 타겟 프로모션_30%_0702,A1SA1020261000121372,[즉시 할인] 현상수배 30% 할인쿠폰,,SMART,"20260626","20260731",PPV 등,235350
C2600OL,"지상파 월정액 첫달 3,300원_6월 2차",A1CP1020261000120947,"[6월 특가] 지상파 월정액 1개월 13,200원 할인","20260629",SMART,"20260526","20260630",PM30000150,5983
C2600J7,"지상파 월정액 3개월 내내 5,500원_5월 2차",A1CP1020261000120660,"[온가족특가] 지상파 월정액 3개월 내내 월 5,500원","20260507",SMART,"20260422","20260531",PM30000150,958
C2600PR,"26년 6월_B tv+ 파격할인_UI 541 이상_1",A1CP1020261000120874,"[파격할인] B tv+ 12개월 월 5,500원 혜택","20260614",SMART,"20260520","20260531",PM30000107,33368
C2600UF,"26년 7월_B tv+ 비플리_UI 541 이상_쿠폰&배너_4",A1CP1020261000121365,[고객님만 혜택] B tv+ 반값 할인 (최대 12개월),"20260723",SMART,"20260624","20260731",PM30000107,23
C2600S4,"6월 성인 1+1 프로모션_모바일 (6/21~6/30)",A1SA1020261000121171,"[1+1 앵콜 이벤트] 3,300원 할인 쿠폰 (모바일)","20260701",SMART,"20260609","20260731",PPV 등,21
C2600T8,<살목지(2차)> 할인쿠폰 프로모션,A1SA1020261000121161,"[살목지 런칭] 영화 4,444원 할인","20260714",SMART,"20260605","20260731",PPV 등,196
C2600UD,"26년 7월_B tv+ 비플리_UI 541 이상_쿠폰&배너_2",A1CP1020261000121365,[고객님만 혜택] B tv+ 반값 할인 (최대 12개월),"20260720",SMART,"20260624","20260731",PM30000107,169
C2600N4,(주기성) 6월 쿠폰팩 GCP(5/24~6/21가입)_TB,A1CP1020261000120865,[FREE PASS] B tv+ 1개월 무료_26년6월,"20260609",SMART,"20260519","20260629",PM30000107,89
C2600OC,"26년 6월_B tv+ 비플리_UI 541 이상_1차 쿠폰(~6/7) & 배너(~6/30)_4",A1CP1020261000120872,[위클리 혜택] B tv+ 12개월 50% 할인,"20260605",SMART,"20260520","20260630",PM30000107,1017
C2600JZ,"JTBC 월정액 6개월 약정 3,300원_5월 2차",A1CP1020261000120658,"[온가족특가] JTBC 6개월 약정 기간 내내 월 3,300원","20260515",SMART,"20260421","20260531",PM30000269,235
C2600WK,JTBC 월정액 3개월 70% 할인_7월 3차,A1SA1020261000121374,[쿨썸머 특가] JTBC 월정액 3개월 내내 70% 할인,"20260704",SMART,"20260629","20260731",PM30000269,63
C2600VD,"CJ ENM 월정액 3개월 5,500원_7월 2차",A1CP1020261000121358,"[쿨썸머 특가] CJ ENM 월정액 3개월 내내 월 5,500원","20260724",SMART,"20260622","20260731",PM30000154,107
C2600O8,[주기성] 26년 6월_B tv+ 비플리_UI 541 이하_쿠폰,A1CP1020261000120872,[위클리 혜택] B tv+ 12개월 50% 할인,"20260620",SMART,"20260520","20260630",PM30000107,46
C2600TL,"7월 성인 1+1 프로모션 (7/1~7/10)",A1SA1020261000121370,"[1+1이벤트] 3,300원 할인 쿠폰","20260721",SMART,"20260626","20260731",PPV 등,11
C2600Q5,<스위트 홈: 진격의 거인> 할인쿠폰 프로모션,A1SA1020261000121160,"[스위트 홈: 진격의 거인 런칭] 영화 3,300원 할인","20260616",SMART,"20260605","20260731",PPV 등,18
C2600US,<잠금: 셧다운> 할인쿠폰 프로모션,A1SA1020261000121462,"[잠금: 셧다운 런칭] 영화 5,500원 할인","20260730",SMART,"20260708","20260831",PPV 등,18
C2600NN,<코드 네임: 알라룸> 할인쿠폰 프로모션,A1SA1020261000120951,"[코드 네임: 알라룸 런칭] 영화 5,500원 할인","20260603",SMART,"20260526","20260630",PPV 등,11
C2600T8,<살목지(2차)> 할인쿠폰 프로모션,A1SA1020261000121161,"[살목지 런칭] 영화 4,444원 할인","20260702",SMART,"20260605","20260731",PPV 등,9
C2600S4,"6월 성인 1+1 프로모션_모바일 (6/21~6/30)",A1SA1020261000121171,"[1+1 앵콜 이벤트] 3,300원 할인 쿠폰 (모바일)","20260703",SMART,"20260609","20260731",PPV 등,5
C2600SC,<금발이 되고 싶어> 할인쿠폰 프로모션,A1SA1020261000121360,"[금발이 되고 싶어 런칭] 영화 5,500원 할인","20260716",SMART,"20260622","20260731",PPV 등,5
C2600MB,<힌드의 목소리> 할인쿠폰 프로모션,A1SA1020261000120864,"[힌드의 목소리 런칭] 영화 5,500원 할인","20260603",SMART,"20260519","20260630",PPV 등,1
C2600IP,"CJ ENM 월정액 3개월 5,500원_5월 1차",DummyOffer,,,SMART,,,PPV 등,499405
C2600KN,JTBC 월정액 첫달 무료_5월 1차,A1SA1020261000119567,[깜짝 특가] JTBC 월정액 1개월 100% 할인 쿠폰,"20260516",SMART,"20260119","20261231",PM30000269,18493
C2600WR,[팝업] 밸류애드팀 Btv 업_단기(26.7.28)_4-1차,,,,SMART,,,PPV 등,281287
C2600KI,"JTBC 월정액 6개월 약정 3,300원_5월 3차",A1CP1020261000120658,"[온가족특가] JTBC 6개월 약정 기간 내내 월 3,300원","20260525",SMART,"20260421","20260531",PM30000269,434
C2600PT,"26년 6월_B tv+ 파격할인_UI 541 이상_3",A1CP1020261000120874,"[72시간 한정] B tv+ 12개월 월 5,500원 혜택","20260613",SMART,"20260526","20260614",PM30000107,4441
C2600J5,"지상파 월정액 3개월 내내 5,500원_5월 1차",A1CP1020261000120660,"[온가족특가] 지상파 월정액 3개월 내내 월 5,500원","20260512",SMART,"20260422","20260531",PM30000150,519
C2600N3,[주기성/쿠폰] <살목지&K-공포상영회> 할인쿠폰 프로모션,A1PR1020261000120873,[K-공포 상영회] 영화 50% 할인,"20260530",SMART,"20260520","20260609",PPV 등,194
C2600V7,[팝업] 밸류애드팀 Btv 업_장기(26.7.15)_2-2차,,,,SMART,,,PPV 등,373270
C2600QQ,통합 월정액 첫달 무료_6월 4차,A1CP1020261000120948,[이용 감사 혜택] 주요 월정액 1개월 100% 할인 (택1),"20260620",SMART,"20260526","20260630",PM30000176,7785
C2600W1,"26년 7월_B tv+ KBS 이승철 콘서트_타임딜_UI 541 이상_2",A1CP1020261000121559,"[이승철 특가] B tv+ 월 5,500원 이용 혜택 (최대 12개월)","20260716",SMART,"20260714","20260722",PM30000107,6757
C2600SU,"26년 6월_B tv+ KBO 올스타전_UI 541 이상_1",A1CP1020261000121364,"[올스타전 특가] B tv+ 월 5,500원 혜택 (최대 12개월)","20260701",SMART,"20260624","20260705",PM30000107,3457
C2600T0,"26년 6월_B tv+ KBO 올스타전_UI 541 이상_2",A1CP1020261000121364,"[올스타전 특가] B tv+ 월 5,500원 혜택 (최대 12개월)","20260629",SMART,"20260624","20260705",PM30000107,1810
C2600N4,(주기성) 6월 쿠폰팩 GCP(5/24~6/21가입)_TB,A1SA1020261000120869,[FREE PASS] SPOTV 프라임패키지 1개월 무료_26년6월,"20260606",SMART,"20260519","20260629",PM35000007,54
C2600J5,"지상파 월정액 3개월 내내 5,500원_5월 1차",A1CP1020261000120660,"[온가족특가] 지상파 월정액 3개월 내내 월 5,500원","20260516",SMART,"20260422","20260531",PM30000150,527
C2600O8,[주기성] 26년 6월_B tv+ 비플리_UI 541 이하_쿠폰,A1CP1020261000120872,[위클리 혜택] B tv+ 12개월 50% 할인,"20260605",SMART,"20260520","20260630",PM30000107,124
C2600UE,"26년 7월_B tv+ 비플리_UI 541 이상_쿠폰&배너_3",A1CP1020261000121365,[고객님만 혜택] B tv+ 반값 할인 (최대 12개월),"20260715",SMART,"20260624","20260731",PM30000107,548
C2600QU,"6월 성인 1+1 프로모션 (6/11~6/20)_수정",A1SA1020261000121168,"[1+1이벤트] 3,300원 할인 쿠폰","20260616",SMART,"20260609","20260731",PPV 등,241
C2600TZ,"지상파 월정액 3개월 5,500원_7월 2차",A1CP1020261000121373,"[쿨썸머 특가] 지상파 월정액 3개월 내내 월 5,500원","20260726",SMART,"20260629","20260731",PM30000150,99
C2600WF,<군체[예약구매]> 할인쿠폰 프로모션,A1SA1020261000121562,"[군체 예약] 영화 4,400원 할인","20260724",SMART,"20260716","20260831",PPV 등,134
C2600NH,<리 크로닌의 미이라> 할인쿠폰 프로모션,A1SA1020261000120855,"[리 크로닌의 미이라] 영화 3,300원 할인","20260604",SMART,"20260507","20260630",PPV 등,84
C2600SH,<납치 48시간> 할인쿠폰 프로모션,A1SA1020261000121265,"[납치 48시간 런칭] 영화 3,300원 할인","20260708",SMART,"20260616","20260831",PPV 등,5
C2600WI,<뮌터 & 칸딘스키 - 사랑의 초상> 할인쿠폰 프로모션,A1SA1020261000121560,"[뮌터 & 칸딘스키 - 사랑의 초상 런칭] 영화 5,500원 할인",,SMART,"20260716","20260831",PPV 등,19
C2600NI,<시에라 마드레: 카르텔 전쟁> 할인쿠폰 프로모션,A1SA1020261000120862,"[시에라 마드레: 카르텔 전쟁 런칭] 영화 5,500원 할인","20260615",SMART,"20260518","20260630",PPV 등,26
C2600S4,"6월 성인 1+1 프로모션_모바일 (6/21~6/30)",A1SA1020261000121171,"[1+1 앵콜 이벤트] 3,300원 할인 쿠폰 (모바일)","20260707",SMART,"20260609","20260731",PPV 등,3
C2600M6,JTBC 월정액 첫달 무료_5월 2차,A1SA1020261000119567,[깜짝 특가] JTBC 월정액 1개월 100% 할인 쿠폰,"20260514",SMART,"20260119","20261231",PM30000269,1
C2600P2,[팝업] 밸류애드팀 STB 교체(26.6.8))_2-2차,,,,SMART,,,PPV 등,274028
C2600J5,"지상파 월정액 3개월 내내 5,500원_5월 1차",A1CP1020261000120660,"[온가족특가] 지상파 월정액 3개월 내내 월 5,500원","20260508",SMART,"20260422","20260531",PM30000150,741
C2600P6,[주기성] 26년 6월_B tv+ 비플리_UI 541 이상_2~4차_2,A1CP1020261000120872,[위클리 혜택] B tv+ 12개월 50% 할인,"20260605",SMART,"20260520","20260630",PM30000107,3410
C2600OC,"26년 6월_B tv+ 비플리_UI 541 이상_1차 쿠폰(~6/7) & 배너(~6/30)_4",A1CP1020261000120872,[위클리 혜택] B tv+ 12개월 50% 할인,"20260625",SMART,"20260520","20260630",PM30000107,3403
C2600N5,(일회성) 6월 쿠폰팩 GCP(5/1~5/23가입)_TB,A1CP1020261000120865,[FREE PASS] B tv+ 1개월 무료_26년6월,"20260605",SMART,"20260519","20260629",PM30000107,256
C2600UD,"26년 7월_B tv+ 비플리_UI 541 이상_쿠폰&배너_2",A1CP1020261000121365,[고객님만 혜택] B tv+ 반값 할인 (최대 12개월),"20260709",SMART,"20260624","20260731",PM30000107,4673
C2600OB,"26년 6월_B tv+ 비플리_UI 541 이상_1차 쿠폰(~6/7) & 배너(~6/30)_3",A1CP1020261000120872,[위클리 혜택] B tv+ 12개월 50% 할인,"20260623",SMART,"20260520","20260630",PM30000107,1226
C2600TI,JTBC 월정액 3개월 70% 할인_7월 2차,A1SA1020261000121374,[쿨썸머 특가] JTBC 월정액 3개월 내내 70% 할인,"20260717",SMART,"20260629","20260731",PM30000269,1151
C2600VG,"2607_비플/캐치온 왕사남 해지취소_2주차_토팝",,,,SMART,,,PPV 등,1965
C2600UU,"7월 성인 1+1 앵콜 프로모션_모바일 (7/11~7/20)",A1SA1020261000121458,"[1+1 앵콜 이벤트] 3,300원 할인 쿠폰","20260720",SMART,"20260708","20260831",PPV 등,398
C2600N4,(주기성) 6월 쿠폰팩 GCP(5/24~6/21가입)_TB,A1SA1020261000120868,[FREE PASS] JTBC 1개월 무료_26년6월,"20260613",SMART,"20260519","20260629",PM30000269,30
C2600OB,"26년 6월_B tv+ 비플리_UI 541 이상_1차 쿠폰(~6/7) & 배너(~6/30)_3",A1CP1020261000120872,[위클리 혜택] B tv+ 12개월 50% 할인,"20260531",SMART,"20260520","20260630",PM30000107,35
C2600TK,<메가 샤크 어택> 할인쿠폰 프로모션,A1SA1020261000121369,"[메가 샤크 어택 런칭] 영화 5,500원 할인","20260708",SMART,"20260626","20260731",PPV 등,33
C2600MI,JTBC 월정액 첫달 무료_6월 1차,A1SA1020261000119567,[깜짝 특가] JTBC 월정액 1개월 100% 할인 쿠폰,"20260512",SMART,"20260119","20261231",PM30000269,43
C2600R5,<내 이름은> 할인쿠폰 프로모션,A1SA1020261000121159,"[내 이름은 런칭] 영화 5,500원 할인","20260626",SMART,"20260605","20260731",PPV 등,2
C2600QR,"6월 성인 1+1 프로모션_추가 (6/12~14 구매자)",A1SA1020261000121168,"[1+1이벤트] 3,300원 할인 쿠폰","20260625",SMART,"20260609","20260731",PPV 등,2
C2600TA,[주기성] 26년 7월_B tv+ 비플리_UI 541 이하_쿠폰,A1CP1020261000121366,[고객님만 혜택] B tv+ 반값 할인 (최대 12개월),"20260728",SMART,"20260624","20260731",PM30000107,10
C2600JE,<캣 앤 독> 할인쿠폰 프로모션,A1SA1020261000120747,"[캣 앤 독 런칭] 영화 5,500원 할인","20260507",SMART,"20260428","20260531",PPV 등,5
C2600PV,"26년 6월_B tv+ 파격할인_UI 541 이하_5",A1CP1020261000120874,"[72시간 한정] B tv+ 12개월 월 5,500원 혜택","20260611",SMART,"20260526","20260614",PM30000107,2
C2600NN,<코드 네임: 알라룸> 할인쿠폰 프로모션,A1SA1020261000120951,"[코드 네임: 알라룸 런칭] 영화 5,500원 할인","20260625",SMART,"20260526","20260630",PPV 등,5
C2600TJ,<데드 오브 윈터> 할인쿠폰 프로모션,A1SA1020261000121361,"[데드 오브 윈터 런칭] 영화 3,300원 할인","20260710",SMART,"20260622","20260731",PPV 등,11
C2600JB,<극장의 시간들> 할인쿠폰 프로모션,A1SA1020261000120746,"[극장의 시간들 런칭] 영화 5,500원 할인","20260515",SMART,"20260428","20260531",PPV 등,3
C2600US,<잠금: 셧다운> 할인쿠폰 프로모션,A1SA1020261000121462,"[잠금: 셧다운 런칭] 영화 5,500원 할인","20260725",SMART,"20260708","20260831",PPV 등,5
C2600NH,<리 크로닌의 미이라> 할인쿠폰 프로모션,A1SA1020261000120855,"[리 크로닌의 미이라] 영화 3,300원 할인","20260613",SMART,"20260507","20260630",PPV 등,2
C2600R1,JTBC 월정액 첫달 무료_6월 3차,A1SA1020261000119567,[깜짝 특가] JTBC 월정액 1개월 100% 할인 쿠폰,,SMART,"20260119","20261231",PM30000269,77253
C2600QN,"지상파 월정액 첫달 3,300원_6월 4차",A1CP1020261000120947,"[6월 특가] 지상파 월정액 1개월 13,200원 할인","20260624",SMART,"20260526","20260630",PM30000150,35567
C2600PS,"26년 6월_B tv+ 파격할인_UI 541 이상_2",A1CP1020261000120874,"[72시간 한정] B tv+ 12개월 월 5,500원 혜택","20260614",SMART,"20260526","20260614",PM30000107,53513
C2600QM,[보정용][주기성] 26년 6월_B tv+ 비플리_UI 541 이상_2~4차_1,A1CP1020261000120872,[위클리 혜택] B tv+ 12개월 50% 할인,"20260622",SMART,"20260520","20260630",PM30000107,6739
C2600W1,"26년 7월_B tv+ KBS 이승철 콘서트_타임딜_UI 541 이상_2",A1CP1020261000121559,"[이승철 특가] B tv+ 월 5,500원 이용 혜택 (최대 12개월)","20260722",SMART,"20260714","20260722",PM30000107,39050
C2600XB,"26년 7월_B tv+ 7월 4주차 복날 타임딜_UI 541 이상_4_F",A1CP1020261000121662,"[복날 치킨비] B tv+ 월 5,500원 이용 혜택 (최대 12개월)","20260726",SMART,"20260721","20260726",PM30000107,23017
C2600WD,통합 월정액 3개월 내내 80% 할인,A1CP1020261000121658,[쿨썸머 특가] 주요 월정액 3개월 내내 80% 할인 (택1),"20260728",SMART,"20260720","20260731",PM30000176,1584
C2600TM,<신의 악단> 할인쿠폰 프로모션,A1SA1020261000121384,"[신의 악단 런칭] 영화 3,300원 할인",,SMART,"20260630","20260731",PPV 등,926
C2600T1,"26년 6월_B tv+ KBO 올스타전_UI 541 이상_3",A1CP1020261000121364,"[올스타전 특가] B tv+ 월 5,500원 혜택 (최대 12개월)","20260702",SMART,"20260624","20260705",PM30000107,1130
C2600R1,JTBC 월정액 첫달 무료_6월 3차,A1SA1020261000119567,[깜짝 특가] JTBC 월정액 1개월 100% 할인 쿠폰,"20260524",SMART,"20260119","20261231",PM30000269,28
C2600VD,"CJ ENM 월정액 3개월 5,500원_7월 2차",A1CP1020261000121358,"[쿨썸머 특가] CJ ENM 월정액 3개월 내내 월 5,500원","20260730",SMART,"20260622","20260731",PM30000154,356
C2600R1,JTBC 월정액 첫달 무료_6월 3차,A1SA1020261000119567,[깜짝 특가] JTBC 월정액 1개월 100% 할인 쿠폰,"20260513",SMART,"20260119","20261231",PM30000269,19
C2600R6,<슈퍼 마리오 갤럭시> 할인쿠폰 프로모션,A1SA1020261000120961,"[슈퍼마리오 갤럭시 런칭] 영화 3,300원 할인","20260627",SMART,"20260529","20260623",PPV 등,2
C2600S4,"6월 성인 1+1 프로모션_모바일 (6/21~6/30)",A1SA1020261000121171,"[1+1 앵콜 이벤트] 3,300원 할인 쿠폰 (모바일)","20260706",SMART,"20260609","20260731",PPV 등,5
C2600SH,<납치 48시간> 할인쿠폰 프로모션,A1SA1020261000121265,"[납치 48시간 런칭] 영화 3,300원 할인","20260716",SMART,"20260616","20260831",PPV 등,5
C2600KO,<폭탄> 할인쿠폰 프로모션,A1SA1020261000120751,"[폭탄 런칭] 영화 5,500원 할인","20260515",SMART,"20260430","20260531",PPV 등,1
C2600LR,[팝업] 밸류애드팀 Btv 업_장기(26.5.20)_3-1차,,,,SMART,,,PPV 등,406910
C2600MN,"26년 5월_B tv+ 비플리_UI 541 이상_3차(~5/31)_4",A1CP1020261000120854,[가정의 달] B tv+ 12개월 50% 할인 (~5/31),"20260531",SMART,"20260507","20260531",PM30000107,16203
C2600W1,"26년 7월_B tv+ KBS 이승철 콘서트_타임딜_UI 541 이상_2",DummyOffer,,,SMART,,,PPV 등,1064473
C2600PR,"26년 6월_B tv+ 파격할인_UI 541 이상_1",A1CP1020261000120874,"[파격할인] B tv+ 12개월 월 5,500원 혜택",,SMART,"20260520","20260531",PM30000107,349116
C2600KN,JTBC 월정액 첫달 무료_5월 1차,A1SA1020261000119567,[깜짝 특가] JTBC 월정액 1개월 100% 할인 쿠폰,"20260619",SMART,"20260119","20261231",PM30000269,3039
C2600NE,통합 월정액 첫달 무료_6월 1차,A1CP1020261000120948,[이용 감사 혜택] 주요 월정액 1개월 100% 할인 (택1),"20260604",SMART,"20260526","20260630",PM30000176,4581
C2600PQ,통합 월정액 첫달 무료_6월 3차,A1CP1020261000120948,[이용 감사 혜택] 주요 월정액 1개월 100% 할인 (택1),,SMART,"20260526","20260630",PM30000176,111527
C2600OC,"26년 6월_B tv+ 비플리_UI 541 이상_1차 쿠폰(~6/7) & 배너(~6/30)_4",A1CP1020261000120872,[위클리 혜택] B tv+ 12개월 50% 할인,,SMART,"20260520","20260630",PM30000107,60805
C2600S5,SPOTV 6월 첫달무료_1차_0622,A1SA1020261000121164,[축구 이벤트] SPOTV Prime 1개월 무료,"20260618",SMART,"20260609","20260630",PM35000007,14970
C2600M8,<짱구> 할인쿠폰 프로모션,A1SA1020261000120863,"[짱구 런칭] 영화 5,500원 할인",,SMART,"20260518","20260630",PPV 등,2703
C2600PR,"26년 6월_B tv+ 파격할인_UI 541 이상_1",A1CP1020261000120874,"[파격할인] B tv+ 12개월 월 5,500원 혜택","20260613",SMART,"20260520","20260531",PM30000107,38663
C2600SG,"CJ ENM 월정액 3개월 5,500원_7월 1차",A1CP1020261000121358,"[쿨썸머 특가] CJ ENM 월정액 3개월 내내 월 5,500원","20260730",SMART,"20260622","20260731",PM30000154,43062
C2600T1,"26년 6월_B tv+ KBO 올스타전_UI 541 이상_3",A1CP1020261000121364,"[올스타전 특가] B tv+ 월 5,500원 혜택 (최대 12개월)",,SMART,"20260624","20260705",PM30000107,68104
C2600KI,"JTBC 월정액 6개월 약정 3,300원_5월 3차",A1CP1020261000120658,"[온가족특가] JTBC 6개월 약정 기간 내내 월 3,300원","20260514",SMART,"20260421","20260531",PM30000269,855
C2600IY,"JTBC 월정액 6개월 약정 3,300원_5월 1차",A1CP1020261000120658,"[온가족특가] JTBC 6개월 약정 기간 내내 월 3,300원","20260503",SMART,"20260421","20260531",PM30000269,1579
C2600UE,"26년 7월_B tv+ 비플리_UI 541 이상_쿠폰&배너_3",A1CP1020261000121365,[고객님만 혜택] B tv+ 반값 할인 (최대 12개월),"20260731",SMART,"20260624","20260731",PM30000107,19126
C2600R1,JTBC 월정액 첫달 무료_6월 3차,A1SA1020261000119567,[깜짝 특가] JTBC 월정액 1개월 100% 할인 쿠폰,"20260603",SMART,"20260119","20261231",PM30000269,2757
C2600N4,(주기성) 6월 쿠폰팩 GCP(5/24~6/21가입)_TB,A1CP1020261000120865,[FREE PASS] B tv+ 1개월 무료_26년6월,"20260611",SMART,"20260519","20260629",PM30000107,109
C2600UU,"7월 성인 1+1 앵콜 프로모션_모바일 (7/11~7/20)",A1SA1020261000121458,"[1+1 앵콜 이벤트] 3,300원 할인 쿠폰","20260728",SMART,"20260708","20260831",PPV 등,260
C2600ND,"지상파 월정액 첫달 3,300원_6월 1차",A1CP1020261000120947,"[6월 특가] 지상파 월정액 1개월 13,200원 할인","20260626",SMART,"20260526","20260630",PM30000150,1677
C2600TZ,"지상파 월정액 3개월 5,500원_7월 2차",A1CP1020261000121373,"[쿨썸머 특가] 지상파 월정액 3개월 내내 월 5,500원","20260713",SMART,"20260629","20260731",PM30000150,1677
C2600PV,"26년 6월_B tv+ 파격할인_UI 541 이하_5",A1CP1020261000120874,"[72시간 한정] B tv+ 12개월 월 5,500원 혜택","20260612",SMART,"20260526","20260614",PM30000107,240
C2600KM,"지상파 월정액 3개월 내내 5,500원_5월 3차",A1CP1020261000120660,"[온가족특가] 지상파 월정액 3개월 내내 월 5,500원","20260530",SMART,"20260422","20260531",PM30000150,757
C2600N4,(주기성) 6월 쿠폰팩 GCP(5/24~6/21가입)_TB,A1SA1020261000120868,[FREE PASS] JTBC 1개월 무료_26년6월,"20260617",SMART,"20260519","20260629",PM30000269,50
C2600IP,"CJ ENM 월정액 3개월 5,500원_5월 1차",A1CP1020261000120659,"[온가족특가] CJ ENM 월정액 3개월 내내 5,500원","20260515",SMART,"20260422","20260531",PM30000154,398
C2600M8,<짱구> 할인쿠폰 프로모션,A1SA1020261000120863,"[짱구 런칭] 영화 5,500원 할인","20260527",SMART,"20260518","20260630",PPV 등,179
C2600UT,"7월 성인 1+1 앵콜 프로모션_모바일 (7/11~7/20)",A1SA1020261000121459,"[1+1 앵콜 이벤트] 3,300원 할인 쿠폰 (모바일)","20260714",SMART,"20260708","20260831",PPV 등,44
C2600TF,"지상파 월정액 3개월 5,500원_7월 1차",A1CP1020261000121373,"[쿨썸머 특가] 지상파 월정액 3개월 내내 월 5,500원","20260727",SMART,"20260629","20260731",PM30000150,279
C2600NP,<모탈 컴뱃2> 할인쿠폰 프로모션,A1SA1020261000120959,"[모탈컴뱃2 런칭] 영화 5,500원 할인","20260607",SMART,"20260528","20260615",PPV 등,23
C2600UD,"26년 7월_B tv+ 비플리_UI 541 이상_쿠폰&배너_2",A1CP1020261000121365,[고객님만 혜택] B tv+ 반값 할인 (최대 12개월),"20260725",SMART,"20260624","20260731",PM30000107,157
C2600TN,"7월 성인 1+1 프로모션_모바일 (7/1~7/10)",A1SA1020261000121371,"[1+1이벤트] 3,300원 할인 쿠폰 (모바일)","20260703",SMART,"20260626","20260731",PPV 등,31
C2600LG,<스피드> 할인쿠폰 프로모션,A1SA1020261000120858,"[스피드 런칭] 영화 5,500원 할인",,SMART,"20260512","20260531",PPV 등,68
C2600UF,"26년 7월_B tv+ 비플리_UI 541 이상_쿠폰&배너_4",A1CP1020261000121365,[고객님만 혜택] B tv+ 반값 할인 (최대 12개월),"20260718",SMART,"20260624","20260731",PM30000107,20
C2600N4,(주기성) 6월 쿠폰팩 GCP(5/24~6/21가입)_TB,A1CP1020261000120866,[FREE PASS] 지상파 3사 1개월 무료_26년6월,"20260617",SMART,"20260519","20260629",PM30000150,60
C2600TL,"7월 성인 1+1 프로모션 (7/1~7/10)",A1SA1020261000121370,"[1+1이벤트] 3,300원 할인 쿠폰","20260720",SMART,"20260626","20260731",PPV 등,55
C2600NI,<시에라 마드레: 카르텔 전쟁> 할인쿠폰 프로모션,A1SA1020261000120862,"[시에라 마드레: 카르텔 전쟁 런칭] 영화 5,500원 할인","20260614",SMART,"20260518","20260630",PPV 등,42
C2600L5,"26년 5월_B tv+ 크런치롤_할인쿠폰",A1PR1020261000120053,[크런치롤] B tv 애니 장르 30% 할인,"20260508",SMART,"20260225","20260531",PPV 등,5
C2600TN,"7월 성인 1+1 프로모션_모바일 (7/1~7/10)",A1SA1020261000121371,"[1+1이벤트] 3,300원 할인 쿠폰 (모바일)","20260721",SMART,"20260626","20260731",PPV 등,1
C2600TN,"7월 성인 1+1 프로모션_모바일 (7/1~7/10)",A1SA1020261000121371,"[1+1이벤트] 3,300원 할인 쿠폰 (모바일)","20260719",SMART,"20260626","20260731",PPV 등,17
C2600TK,<메가 샤크 어택> 할인쿠폰 프로모션,A1SA1020261000121369,"[메가 샤크 어택 런칭] 영화 5,500원 할인","20260717",SMART,"20260626","20260731",PPV 등,30
C2600TM,<신의 악단> 할인쿠폰 프로모션,A1SA1020261000121384,"[신의 악단 런칭] 영화 3,300원 할인","20260730",SMART,"20260630","20260731",PPV 등,5
C2600LG,<스피드> 할인쿠폰 프로모션,A1SA1020261000120858,"[스피드 런칭] 영화 5,500원 할인","20260601",SMART,"20260512","20260531",PPV 등,4
C2600P5,[주기성] 26년 6월_B tv+ 비플리_UI 541 이상_2~4차_1,DummyOffer,,,SMART,,,PPV 등,395285
C2600L3,[팝업] 밸류애드팀 Btv 업_장기(26.5.13)_2-4차,,,,SMART,,,PPV 등,174521
C2600WU,[팝업] B tv All+(조합형)(26.7.28)_4-1차,,,,SMART,,,PPV 등,582092
C2600MI,JTBC 월정액 첫달 무료_6월 1차,A1SA1020261000119567,[깜짝 특가] JTBC 월정액 1개월 100% 할인 쿠폰,"20260620",SMART,"20260119","20261231",PM30000269,13218
C2600QE,[팝업] 밸류애드팀 Btv 업_장기(26.6.17)_3-2차,,,,SMART,,,PPV 등,387744
C2600K8,<몽타주: 6일간의 추격> 타겟 프로모션_40%_0430,A1SA1020261000120748,[즉시 할인] 몽타주: 6일간의 추격 40% 할인쿠폰,"20260501",SMART,"20260403","20260430",PPV 등,4146
C2600MI,JTBC 월정액 첫달 무료_6월 1차,A1SA1020261000119567,[깜짝 특가] JTBC 월정액 1개월 100% 할인 쿠폰,"20260603",SMART,"20260119","20261231",PM30000269,9824
C2600M6,JTBC 월정액 첫달 무료_5월 2차,A1SA1020261000119567,[깜짝 특가] JTBC 월정액 1개월 100% 할인 쿠폰,"20260620",SMART,"20260119","20261231",PM30000269,1081
C2600TG,JTBC 월정액 3개월 70% 할인_7월 1차,A1SA1020261000121374,[쿨썸머 특가] JTBC 월정액 3개월 내내 70% 할인,"20260729",SMART,"20260629","20260731",PM30000269,60063
C2600SA,SPOTV 6월 첫달무료_1차_0623,A1SA1020261000121164,[축구 이벤트] SPOTV Prime 1개월 무료,"20260623",SMART,"20260609","20260630",PM35000007,90213
C2600T1,"26년 6월_B tv+ KBO 올스타전_UI 541 이상_3",A1CP1020261000121364,"[올스타전 특가] B tv+ 월 5,500원 혜택 (최대 12개월)","20260705",SMART,"20260624","20260705",PM30000107,27605
C2600QN,"지상파 월정액 첫달 3,300원_6월 4차",A1CP1020261000120947,"[6월 특가] 지상파 월정액 1개월 13,200원 할인","20260621",SMART,"20260526","20260630",PM30000150,5229
C2600QQ,통합 월정액 첫달 무료_6월 4차,A1CP1020261000120948,[이용 감사 혜택] 주요 월정액 1개월 100% 할인 (택1),"20260624",SMART,"20260526","20260630",PM30000176,3134
C2600XB,"26년 7월_B tv+ 7월 4주차 복날 타임딜_UI 541 이상_4_F",A1CP1020261000121662,"[복날 치킨비] B tv+ 월 5,500원 이용 혜택 (최대 12개월)","20260725",SMART,"20260721","20260726",PM30000107,54338
C2600IP,"CJ ENM 월정액 3개월 5,500원_5월 1차",A1CP1020261000120659,"[온가족특가] CJ ENM 월정액 3개월 내내 5,500원","20260505",SMART,"20260422","20260531",PM30000154,1181
C2600WD,통합 월정액 3개월 내내 80% 할인,A1CP1020261000121658,[쿨썸머 특가] 주요 월정액 3개월 내내 80% 할인 (택1),"20260724",SMART,"20260720","20260731",PM30000176,3091
C2600P6,[주기성] 26년 6월_B tv+ 비플리_UI 541 이상_2~4차_2,A1CP1020261000120872,[위클리 혜택] B tv+ 12개월 50% 할인,"20260617",SMART,"20260520","20260630",PM30000107,1059
C2600N4,(주기성) 6월 쿠폰팩 GCP(5/24~6/21가입)_TB,A1CP1020261000120865,[FREE PASS] B tv+ 1개월 무료_26년6월,"20260622",SMART,"20260519","20260629",PM30000107,77
C2600N5,(일회성) 6월 쿠폰팩 GCP(5/1~5/23가입)_TB,A1CP1020261000120865,[FREE PASS] B tv+ 1개월 무료_26년6월,"20260625",SMART,"20260519","20260629",PM30000107,52
C2600N4,(주기성) 6월 쿠폰팩 GCP(5/24~6/21가입)_TB,A1CP1020261000120867,[FREE PASS] CJ ENM 1개월 무료_26년6월,"20260608",SMART,"20260519","20260629",PM30000154,21
C2600TA,[주기성] 26년 7월_B tv+ 비플리_UI 541 이하_쿠폰,A1CP1020261000121366,[고객님만 혜택] B tv+ 반값 할인 (최대 12개월),"20260717",SMART,"20260624","20260731",PM30000107,66
C2600UE,"26년 7월_B tv+ 비플리_UI 541 이상_쿠폰&배너_3",A1CP1020261000121365,[고객님만 혜택] B tv+ 반값 할인 (최대 12개월),"20260724",SMART,"20260624","20260731",PM30000107,54
C2600S3,"6월 성인 1+1 프로모션 (6/21~6/30)",A1SA1020261000121170,"[1+1 앵콜 이벤트] 3,300원 할인 쿠폰","20260622",SMART,"20260609","20260731",PPV 등,22
C2600UP,<서퍼> 할인쿠폰 프로모션,A1SA1020261000121460,"[서퍼 런칭] 영화 3,300원 할인","20260721",SMART,"20260708","20260831",PPV 등,11
C2600UP,<서퍼> 할인쿠폰 프로모션,A1SA1020261000121460,"[서퍼 런칭] 영화 3,300원 할인","20260714",SMART,"20260708","20260831",PPV 등,23
C2600LE,"CJ ENM 월정액 3개월 5,500원_5월 3차",A1CP1020261000120659,"[온가족특가] CJ ENM 월정액 3개월 내내 5,500원","20260510",SMART,"20260422","20260531",PM30000154,1
C2600JA,<오시리스> 할인쿠폰 프로모션,A1SA1020261000120652,"[오시리스 런칭] 영화 3,300원 할인","20260508",SMART,"20260421","20260531",PPV 등,2
C2600L9,"26년 5월_B tv+ 비플리_UI 541 이상_1차(~5/17)_3(1770)",A1CP1020261000120853,[가정의 달] B tv+ 12개월 50% 할인 (~5/17),"20260516",SMART,"20260507","20260517",PM30000107,85596
C2600O0,"26년 6월_B tv+ 짝수달 유료전환 테스트_UI 552 이상",A1CP1020261000120870,[6월 한정] B tv+ 첫달 무료,"20260629",SMART,"20260520","20260630",PM30000107,155123
C2600S1,SPOTV 6월 첫달무료_2차_0622,A1SA1020261000121165,[MLB 이벤트] SPOTV Prime 1개월 무료,,SMART,"20260609","20260630",PM35000007,311101
C2600ND,"지상파 월정액 첫달 3,300원_6월 1차",A1CP1020261000120947,"[6월 특가] 지상파 월정액 1개월 13,200원 할인","20260627",SMART,"20260526","20260630",PM30000150,55452
C2600KI,"JTBC 월정액 6개월 약정 3,300원_5월 3차",A1CP1020261000120658,"[온가족특가] JTBC 6개월 약정 기간 내내 월 3,300원","20260526",SMART,"20260421","20260531",PM30000269,660
C2600J5,"지상파 월정액 3개월 내내 5,500원_5월 1차",A1CP1020261000120660,"[온가족특가] 지상파 월정액 3개월 내내 월 5,500원","20260501",SMART,"20260422","20260531",PM30000150,5735
C2600IP,"CJ ENM 월정액 3개월 5,500원_5월 1차",A1CP1020261000120659,"[온가족특가] CJ ENM 월정액 3개월 내내 5,500원","20260510",SMART,"20260422","20260531",PM30000154,662
C2600RW,"2606_비너스 디맨드_첫달무료_개편전",,,,SMART,,,PPV 등,210204
C2600SA,SPOTV 6월 첫달무료_1차_0623,A1SA1020261000121164,[축구 이벤트] SPOTV Prime 1개월 무료,"20260626",SMART,"20260609","20260630",PM35000007,15787
C2600OL,"지상파 월정액 첫달 3,300원_6월 2차",A1CP1020261000120947,"[6월 특가] 지상파 월정액 1개월 13,200원 할인","20260606",SMART,"20260526","20260630",PM30000150,3441
C2600MI,JTBC 월정액 첫달 무료_6월 1차,A1SA1020261000119567,[깜짝 특가] JTBC 월정액 1개월 100% 할인 쿠폰,"20260604",SMART,"20260119","20261231",PM30000269,3600
C2600UF,"26년 7월_B tv+ 비플리_UI 541 이상_쿠폰&배너_4",A1CP1020261000121365,[고객님만 혜택] B tv+ 반값 할인 (최대 12개월),"20260730",SMART,"20260624","20260731",PM30000107,33916
C2600XD,"26년 7월_B tv+ 7월 4주차 복날 타임딜_UI 541 이상_1_F",A1CP1020261000121662,"[복날 치킨비] B tv+ 월 5,500원 이용 혜택 (최대 12개월)","20260723",SMART,"20260721","20260726",PM30000107,11214
C2600TI,JTBC 월정액 3개월 70% 할인_7월 2차,A1SA1020261000121374,[쿨썸머 특가] JTBC 월정액 3개월 내내 70% 할인,"20260715",SMART,"20260629","20260731",PM30000269,1251
C2600WK,JTBC 월정액 3개월 70% 할인_7월 3차,A1SA1020261000121374,[쿨썸머 특가] JTBC 월정액 3개월 내내 70% 할인,"20260726",SMART,"20260629","20260731",PM30000269,1017
C2600TM,<신의 악단> 할인쿠폰 프로모션,A1SA1020261000121384,"[신의 악단 런칭] 영화 3,300원 할인","20260718",SMART,"20260630","20260731",PPV 등,304
C2600NI,<시에라 마드레: 카르텔 전쟁> 할인쿠폰 프로모션,A1SA1020261000120862,"[시에라 마드레: 카르텔 전쟁 런칭] 영화 5,500원 할인","20260617",SMART,"20260518","20260630",PPV 등,38
C2600P8,[주기성] 26년 6월_B tv+ 비플리_UI 541 이상_2~4차_4,A1CP1020261000120872,[위클리 혜택] B tv+ 12개월 50% 할인,"20260602",SMART,"20260520","20260630",PM30000107,564
C2600TA,[주기성] 26년 7월_B tv+ 비플리_UI 541 이하_쿠폰,A1CP1020261000121366,[고객님만 혜택] B tv+ 반값 할인 (최대 12개월),"20260730",SMART,"20260624","20260731",PM30000107,400
C2600PM,[보정용][D+1] 쿠폰팩 등록 혜택 지급_2601,A1PR1020261000119553,[쿠폰팩 등록 감사] VOD 20% 할인쿠폰,"20260617",SMART,"20260114","99991231",PPV 등,1
C2600TN,"7월 성인 1+1 프로모션_모바일 (7/1~7/10)",A1SA1020261000121371,"[1+1이벤트] 3,300원 할인 쿠폰 (모바일)","20260709",SMART,"20260626","20260731",PPV 등,45
C2600KD,[주기성/쿠폰] <프로젝트헤일메리&인생SF전> 할인쿠폰 프로모션,A1PR1020261000120752,[프로젝트헤일메리] 인생SF영화 추가 30% 할인,"20260519",SMART,"20260430","20260524",PPV 등,34
C2600N4,(주기성) 6월 쿠폰팩 GCP(5/24~6/21가입)_TB,A1SA1020261000120868,[FREE PASS] JTBC 1개월 무료_26년6월,"20260604",SMART,"20260519","20260629",PM30000269,51
C2600NO,<푸틴: 절대 권력의 최후> 할인쿠폰 프로모션,A1SA1020261000120952,"[푸틴: 절대 권력의 최후 런칭] 영화 3,300원 할인","20260607",SMART,"20260526","20260630",PPV 등,11
C2600QY,수요1+1무비쿠폰(6월 쿠폰발급),A1PR1020261000121167,[금토일무비쿠폰] 20% 할인(5천원 이상 사용),"20260618",SMART,"20260609","20261231",PPV 등,116
C2600QV,"6월 성인 1+1 프로모션_모바일 (6/11~6/20)_수정",A1SA1020261000121169,"[1+1이벤트] 3,300원 할인 쿠폰 (모바일)","20260617",SMART,"20260609","20260731",PPV 등,17
C2600NI,<시에라 마드레: 카르텔 전쟁> 할인쿠폰 프로모션,A1SA1020261000120862,"[시에라 마드레: 카르텔 전쟁 런칭] 영화 5,500원 할인","20260610",SMART,"20260518","20260630",PPV 등,26
C2600VD,"CJ ENM 월정액 3개월 5,500원_7월 2차",A1CP1020261000121358,"[쿨썸머 특가] CJ ENM 월정액 3개월 내내 월 5,500원","20260701",SMART,"20260622","20260731",PM30000154,4
C2600L8,"26년 5월_B tv+ 비플리_UI 541 이상_1차(~5/17)_2(1770)",DummyOffer,,,SMART,,,PPV 등,789121
C2600M8,<짱구> 할인쿠폰 프로모션,A1SA1020261000120863,"[짱구 런칭] 영화 5,500원 할인","20260610",SMART,"20260518","20260630",PPV 등,240
C2600IP,"CJ ENM 월정액 3개월 5,500원_5월 1차",A1CP1020261000120659,"[온가족특가] CJ ENM 월정액 3개월 내내 5,500원","20260501",SMART,"20260422","20260531",PM30000154,23793
C2600QD,[팝업] 밸류애드팀 Btv 업_장기(26.6.17)_3-1차,,,,SMART,,,PPV 등,388291
C2600OA,"26년 6월_B tv+ 비플리_UI 541 이상_1차 쿠폰(~6/7) & 배너(~6/30)_2",A1CP1020261000120872,[위클리 혜택] B tv+ 12개월 50% 할인,"20260603",SMART,"20260520","20260630",PM30000107,2224
C2600P0,<쉘터> 타겟 프로모션_30%_0604,A1SA1020261000120953,[즉시 할인] 쉘터 30% 할인쿠폰,"20260607",SMART,"20260526","20260630",PPV 등,12052
C2600RP,[팝업] 밸류애드팀 Btv 업_단기(26.6.23)_4-3차,,,,SMART,,,PPV 등,154926
C2600O7,"2606_캐치온 해지방어_B tv+ Cross-sell",A1CP1020261000120958,[비밀 특가] B tv+ 1개월 100원,"20260625",SMART,"20260528","20260712",PM30000107,10
C2600O6,"26년 6월_B tv+ 비플리_UI 541 이상_1차 쿠폰(~6/7) & 배너(~6/30)_1",A1CP1020261000120872,[위클리 혜택] B tv+ 12개월 50% 할인,"20260617",SMART,"20260520","20260630",PM30000107,1639
C2600PY,SPOTV 6월 첫달무료_1차_0611,A1SA1020261000121164,[축구 이벤트] SPOTV Prime 1개월 무료,"20260626",SMART,"20260609","20260630",PM35000007,14495
C2600WD,통합 월정액 3개월 내내 80% 할인,A1CP1020261000121658,[쿨썸머 특가] 주요 월정액 3개월 내내 80% 할인 (택1),"20260731",SMART,"20260720","20260731",PM30000176,8816
C2600P7,[주기성] 26년 6월_B tv+ 비플리_UI 541 이상_2~4차_3,A1CP1020261000120872,[위클리 혜택] B tv+ 12개월 50% 할인,"20260606",SMART,"20260520","20260630",PM30000107,503
C2600UU,"7월 성인 1+1 앵콜 프로모션_모바일 (7/11~7/20)",A1SA1020261000121458,"[1+1 앵콜 이벤트] 3,300원 할인 쿠폰","20260716",SMART,"20260708","20260831",PPV 등,271
C2600JZ,"JTBC 월정액 6개월 약정 3,300원_5월 2차",A1CP1020261000120658,"[온가족특가] JTBC 6개월 약정 기간 내내 월 3,300원","20260527",SMART,"20260421","20260531",PM30000269,157
C2600OB,"26년 6월_B tv+ 비플리_UI 541 이상_1차 쿠폰(~6/7) & 배너(~6/30)_3",A1CP1020261000120872,[위클리 혜택] B tv+ 12개월 50% 할인,"20260608",SMART,"20260520","20260630",PM30000107,77
C2600J7,"지상파 월정액 3개월 내내 5,500원_5월 2차",A1CP1020261000120660,"[온가족특가] 지상파 월정액 3개월 내내 월 5,500원","20260520",SMART,"20260422","20260531",PM30000150,287
C2600TA,[주기성] 26년 7월_B tv+ 비플리_UI 541 이하_쿠폰,A1CP1020261000121366,[고객님만 혜택] B tv+ 반값 할인 (최대 12개월),"20260710",SMART,"20260624","20260731",PM30000107,122
C2600N4,(주기성) 6월 쿠폰팩 GCP(5/24~6/21가입)_TB,A1CP1020261000120867,[FREE PASS] CJ ENM 1개월 무료_26년6월,"20260629",SMART,"20260519","20260629",PM30000154,874
C2600N4,(주기성) 6월 쿠폰팩 GCP(5/24~6/21가입)_TB,A1CP1020261000120865,[FREE PASS] B tv+ 1개월 무료_26년6월,"20260603",SMART,"20260519","20260629",PM30000107,133
C2600OB,"26년 6월_B tv+ 비플리_UI 541 이상_1차 쿠폰(~6/7) & 배너(~6/30)_3",A1CP1020261000120872,[위클리 혜택] B tv+ 12개월 50% 할인,"20260603",SMART,"20260520","20260630",PM30000107,78
C2600SC,<금발이 되고 싶어> 할인쿠폰 프로모션,A1SA1020261000121360,"[금발이 되고 싶어 런칭] 영화 5,500원 할인","20260701",SMART,"20260622","20260731",PPV 등,4
C2600VN,<엘리베이션> 할인쿠폰 프로모션,A1SA1020261000121463,"[엘리베이션 런칭] 영화 3,300원 할인","20260721",SMART,"20260708","20260831",PPV 등,177
C2600TZ,"지상파 월정액 3개월 5,500원_7월 2차",A1CP1020261000121373,"[쿨썸머 특가] 지상파 월정액 3개월 내내 월 5,500원","20260722",SMART,"20260629","20260731",PM30000150,120
C2600Q3,"6월 성인 1+1 프로모션 (6/11~6/20)",A1SA1020261000121168,"[1+1이벤트] 3,300원 할인 쿠폰","20260613",SMART,"20260609","20260731",PPV 등,113
C2600N4,(주기성) 6월 쿠폰팩 GCP(5/24~6/21가입)_TB,A1CP1020261000120867,[FREE PASS] CJ ENM 1개월 무료_26년6월,"20260626",SMART,"20260519","20260629",PM30000154,54
C2600SC,<금발이 되고 싶어> 할인쿠폰 프로모션,A1SA1020261000121360,"[금발이 되고 싶어 런칭] 영화 5,500원 할인","20260720",SMART,"20260622","20260731",PPV 등,4
C2600WF,<군체[예약구매]> 할인쿠폰 프로모션,A1SA1020261000121562,"[군체 예약] 영화 4,400원 할인","20260725",SMART,"20260716","20260831",PPV 등,11
C2600UV,모아나 소장용 패키지 프로모션 (7/10),A1SA1020261000121465,"[모아나 패키지 구매] 영화 5,500원 할인","20260723",SMART,"20260708","20260831",PPV 등,26
C2600NN,<코드 네임: 알라룸> 할인쿠폰 프로모션,A1SA1020261000120951,"[코드 네임: 알라룸 런칭] 영화 5,500원 할인","20260628",SMART,"20260526","20260630",PPV 등,6
C2600TH,<살목지> 할인쿠폰 프로모션,A1SA1020261000121380,"[살목지 런칭] 영화 3,300원 할인","20260707",SMART,"20260629","20260731",PPV 등,1
C2600NO,<푸틴: 절대 권력의 최후> 할인쿠폰 프로모션,A1SA1020261000120952,"[푸틴: 절대 권력의 최후 런칭] 영화 3,300원 할인","20260701",SMART,"20260526","20260630",PPV 등,2
C2600NN,<코드 네임: 알라룸> 할인쿠폰 프로모션,A1SA1020261000120951,"[코드 네임: 알라룸 런칭] 영화 5,500원 할인","20260614",SMART,"20260526","20260630",PPV 등,2
C2600JJ,[팝업] 밸류애드팀 STB 교체(26.5.04)_1-1차,,,,SMART,,,PPV 등,298566
C2600JZ,"JTBC 월정액 6개월 약정 3,300원_5월 2차",A1CP1020261000120658,"[온가족특가] JTBC 6개월 약정 기간 내내 월 3,300원",,SMART,"20260421","20260531",PM30000269,222309
C2600IP,"CJ ENM 월정액 3개월 5,500원_5월 1차",A1CP1020261000120659,"[온가족특가] CJ ENM 월정액 3개월 내내 5,500원",,SMART,"20260422","20260531",PM30000154,264286
C2600PT,"26년 6월_B tv+ 파격할인_UI 541 이상_3",A1CP1020261000120874,"[72시간 한정] B tv+ 12개월 월 5,500원 혜택","20260611",SMART,"20260526","20260614",PM30000107,126868
C2600MK,"26년 5월_B tv+ 비플리_UI 541 이상_3차(~5/31)_1",A1CP1020261000120854,[가정의 달] B tv+ 12개월 50% 할인 (~5/31),"20260530",SMART,"20260507","20260531",PM30000107,71870
C2600MN,"26년 5월_B tv+ 비플리_UI 541 이상_3차(~5/31)_4",A1CP1020261000120854,[가정의 달] B tv+ 12개월 50% 할인 (~5/31),,SMART,"20260507","20260531",PM30000107,34290
C2600SE,SPOTV 6월 첫달무료_1차_0623 TV팝업,,,,SMART,,,PPV 등,896893
C2600ND,"지상파 월정액 첫달 3,300원_6월 1차",A1CP1020261000120947,"[6월 특가] 지상파 월정액 1개월 13,200원 할인","20260624",SMART,"20260526","20260630",PM30000150,15003
C2600PY,SPOTV 6월 첫달무료_1차_0611,A1SA1020261000121164,[축구 이벤트] SPOTV Prime 1개월 무료,"20260629",SMART,"20260609","20260630",PM35000007,39209
C2600N5,(일회성) 6월 쿠폰팩 GCP(5/1~5/23가입)_TB,A1CP1020261000120865,[FREE PASS] B tv+ 1개월 무료_26년6월,"20260629",SMART,"20260519","20260629",PM30000107,2572
C2600LE,"CJ ENM 월정액 3개월 5,500원_5월 3차",A1CP1020261000120659,"[온가족특가] CJ ENM 월정액 3개월 내내 5,500원","20260519",SMART,"20260422","20260531",PM30000154,2026
C2600KK,"CJ ENM 월정액 3개월 5,500원_5월 2차",A1CP1020261000120659,"[온가족특가] CJ ENM 월정액 3개월 내내 5,500원","20260513",SMART,"20260422","20260531",PM30000154,1456
C2600WD,통합 월정액 3개월 내내 80% 할인,A1CP1020261000121658,[쿨썸머 특가] 주요 월정액 3개월 내내 80% 할인 (택1),"20260729",SMART,"20260720","20260731",PM30000176,45029
C2600TW,"2607_무빙 연장 동의_TDB_3차",,,,SMART,,,PPV 등,3853
C2600TF,"지상파 월정액 3개월 5,500원_7월 1차",A1CP1020261000121373,"[쿨썸머 특가] 지상파 월정액 3개월 내내 월 5,500원","20260709",SMART,"20260629","20260731",PM30000150,1188
C2600W7,"7월 성인 1+1 이열치열 프로모션 (7/21~/20)",A1SA1020261000121561,"[1+1 이열치열 이벤트] 3,300원 할인 쿠폰","20260728",SMART,"20260716","20260831",PPV 등,748
C2600N4,(주기성) 6월 쿠폰팩 GCP(5/24~6/21가입)_TB,A1SA1020261000120869,[FREE PASS] SPOTV 프라임패키지 1개월 무료_26년6월,"20260605",SMART,"20260519","20260629",PM35000007,69
C2600UV,모아나 소장용 패키지 프로모션 (7/10),A1SA1020261000121465,"[모아나 패키지 구매] 영화 5,500원 할인","20260710",SMART,"20260708","20260831",PPV 등,7
C2600NP,<모탈 컴뱃2> 할인쿠폰 프로모션,A1SA1020261000120959,"[모탈컴뱃2 런칭] 영화 5,500원 할인","20260625",SMART,"20260528","20260615",PPV 등,11
C2600VM,<헬파이어: 시수의 길> 할인쿠폰 프로모션,A1SA1020261000121461,"[헬파이어: 시수의 길 런칭] 영화 5,500원 할인","20260730",SMART,"20260708","20260831",PPV 등,14
C2600Q4,"6월 성인 1+1 프로모션_모바일 (6/11~6/20)",A1SA1020261000121169,"[1+1이벤트] 3,300원 할인 쿠폰 (모바일)","20260703",SMART,"20260609","20260731",PPV 등,1
C2600JE,<캣 앤 독> 할인쿠폰 프로모션,A1SA1020261000120747,"[캣 앤 독 런칭] 영화 5,500원 할인","20260514",SMART,"20260428","20260531",PPV 등,3
C2600UT,"7월 성인 1+1 앵콜 프로모션_모바일 (7/11~7/20)",A1SA1020261000121459,"[1+1 앵콜 이벤트] 3,300원 할인 쿠폰 (모바일)","20260719",SMART,"20260708","20260831",PPV 등,8
C2600UV,모아나 소장용 패키지 프로모션 (7/10),A1SA1020261000121465,"[모아나 패키지 구매] 영화 5,500원 할인","20260714",SMART,"20260708","20260831",PPV 등,13
C2600TJ,<데드 오브 윈터> 할인쿠폰 프로모션,A1SA1020261000121361,"[데드 오브 윈터 런칭] 영화 3,300원 할인","20260729",SMART,"20260622","20260731",PPV 등,1
C2600PR,"26년 6월_B tv+ 파격할인_UI 541 이상_1",A1CP1020261000120874,"[72시간 한정] B tv+ 12개월 월 5,500원 혜택","20260612",SMART,"20260526","20260614",PM30000107,58294
C2600R0,AI커머스광고 6월 프로모션 TV팝업,,,,SMART,,,PPV 등,1830128
C2600RT,[팝업] 밸류애드팀 Btv 업_장기(26.6.24)_4-2차,,,,SMART,,,PPV 등,385152
C2600LZ,"26년 5월_B tv+ 비플리_UI 541 이상_2차(~5/25)_3(1770)",A1CP1020261000120859,[가정의 달] B tv+ 12개월 50% 할인 (~5/25),"20260517",SMART,"20260515","20260525",PM30000107,3538
C2600OL,"지상파 월정액 첫달 3,300원_6월 2차",A1CP1020261000120947,"[6월 특가] 지상파 월정액 1개월 13,200원 할인","20260611",SMART,"20260526","20260630",PM30000150,38884
C2600QM,[보정용][주기성] 26년 6월_B tv+ 비플리_UI 541 이상_2~4차_1,A1CP1020261000120872,[위클리 혜택] B tv+ 12개월 50% 할인,"20260618",SMART,"20260520","20260630",PM30000107,852
C2600SD,통합 월정액 첫달 90% 할인_추가 2차,A1CP1020261000121363,[쿨썸머 파격 특가] 주요 월정액 첫달 90% 할인 (택1),"20260625",SMART,"20260622","20260629",PM30000176,65468
C2600WD,통합 월정액 3개월 내내 80% 할인,A1CP1020261000121658,[쿨썸머 특가] 주요 월정액 3개월 내내 80% 할인 (택1),"20260721",SMART,"20260720","20260731",PM30000176,106332
C2600VR,[팝업] 밸류애드팀 STB 교체(26.7.20)_3-3차,,,,SMART,,,PPV 등,194822
C2600NE,통합 월정액 첫달 무료_6월 1차,A1CP1020261000120948,[이용 감사 혜택] 주요 월정액 1개월 100% 할인 (택1),"20260607",SMART,"20260526","20260630",PM30000176,2832
C2600UF,"26년 7월_B tv+ 비플리_UI 541 이상_쿠폰&배너_4",A1CP1020261000121365,[고객님만 혜택] B tv+ 반값 할인 (최대 12개월),"20260708",SMART,"20260624","20260731",PM30000107,2916
C2600WJ,"CJ ENM 월정액 3개월 5,500원_7월 3차",A1CP1020261000121358,"[쿨썸머 특가] CJ ENM 월정액 3개월 내내 월 5,500원","20260724",SMART,"20260622","20260731",PM30000154,8806
C2600WD,통합 월정액 3개월 내내 80% 할인,A1CP1020261000121658,[쿨썸머 특가] 주요 월정액 3개월 내내 80% 할인 (택1),"20260725",SMART,"20260720","20260731",PM30000176,2457
C2600WH,<군체> 할인쿠폰 프로모션,A1SA1020261000121563,[군체 런칭] 영화 20% 할인,"20260726",SMART,"20260716","20260831",PPV 등,3134
C2600M6,JTBC 월정액 첫달 무료_5월 2차,A1SA1020261000119567,[깜짝 특가] JTBC 월정액 1개월 100% 할인 쿠폰,"20260623",SMART,"20260119","20261231",PM30000269,28
C2600TM,<신의 악단> 할인쿠폰 프로모션,A1SA1020261000121384,"[신의 악단 런칭] 영화 3,300원 할인","20260721",SMART,"20260630","20260731",PPV 등,135
C2600QN,"지상파 월정액 첫달 3,300원_6월 4차",A1CP1020261000120947,"[6월 특가] 지상파 월정액 1개월 13,200원 할인","20260601",SMART,"20260526","20260630",PM30000150,112
C2600J7,"지상파 월정액 3개월 내내 5,500원_5월 2차",A1CP1020261000120660,"[온가족특가] 지상파 월정액 3개월 내내 월 5,500원","20260527",SMART,"20260422","20260531",PM30000150,357
C2600UF,"26년 7월_B tv+ 비플리_UI 541 이상_쿠폰&배너_4",A1CP1020261000121365,[고객님만 혜택] B tv+ 반값 할인 (최대 12개월),"20260717",SMART,"20260624","20260731",PM30000107,48
C2600KO,<폭탄> 할인쿠폰 프로모션,A1SA1020261000120751,"[폭탄 런칭] 영화 5,500원 할인","20260510",SMART,"20260430","20260531",PPV 등,10
C2600WC,"지상파 월정액 3개월 5,500원_7월 3차",A1CP1020261000121373,"[쿨썸머 특가] 지상파 월정액 3개월 내내 월 5,500원","20260702",SMART,"20260629","20260731",PM30000150,20
C2600O7,"2606_캐치온 해지방어_B tv+ Cross-sell",A1CP1020261000120958,[비밀 특가] B tv+ 1개월 100원,"20260702",SMART,"20260528","20260712",PM30000107,15
C2600T8,<살목지(2차)> 할인쿠폰 프로모션,A1SA1020261000121161,"[살목지 런칭] 영화 4,444원 할인","20260705",SMART,"20260605","20260731",PPV 등,2
C2600LG,<스피드> 할인쿠폰 프로모션,A1SA1020261000120858,"[스피드 런칭] 영화 5,500원 할인","20260609",SMART,"20260512","20260531",PPV 등,6
C2600R5,<내 이름은> 할인쿠폰 프로모션,A1SA1020261000121159,"[내 이름은 런칭] 영화 5,500원 할인","20260702",SMART,"20260605","20260731",PPV 등,1
C2600O0,"26년 6월_B tv+ 짝수달 유료전환 테스트_UI 552 이상",A1CP1020261000120870,[6월 한정] B tv+ 첫달 무료,"20260628",SMART,"20260520","20260630",PM30000107,303615
C2600PV,"26년 6월_B tv+ 파격할인_UI 541 이하_5",A1CP1020261000120874,"[72시간 한정] B tv+ 12개월 월 5,500원 혜택",,SMART,"20260526","20260614",PM30000107,272468
C2600N4,(주기성) 6월 쿠폰팩 GCP(5/24~6/21가입)_TB,A1CP1020261000120865,[FREE PASS] B tv+ 1개월 무료_26년6월,,SMART,"20260519","20260629",PM30000107,41661
C2600KI,"JTBC 월정액 6개월 약정 3,300원_5월 3차",A1CP1020261000120658,"[온가족특가] JTBC 6개월 약정 기간 내내 월 3,300원","20260520",SMART,"20260421","20260531",PM30000269,590
C2600S1,SPOTV 6월 첫달무료_2차_0622,A1SA1020261000121165,[MLB 이벤트] SPOTV Prime 1개월 무료,"20260627",SMART,"20260609","20260630",PM35000007,265734
C2600OA,"26년 6월_B tv+ 비플리_UI 541 이상_1차 쿠폰(~6/7) & 배너(~6/30)_2",A1CP1020261000120872,[위클리 혜택] B tv+ 12개월 50% 할인,"20260601",SMART,"20260520","20260630",PM30000107,1874
C2600S5,SPOTV 6월 첫달무료_1차_0622,A1SA1020261000121164,[축구 이벤트] SPOTV Prime 1개월 무료,"20260628",SMART,"20260609","20260630",PM35000007,88700
C2600TF,"지상파 월정액 3개월 5,500원_7월 1차",A1CP1020261000121373,"[쿨썸머 특가] 지상파 월정액 3개월 내내 월 5,500원","20260731",SMART,"20260629","20260731",PM30000150,12313
C2600T0,"26년 6월_B tv+ KBO 올스타전_UI 541 이상_2",A1CP1020261000121364,"[올스타전 특가] B tv+ 월 5,500원 혜택 (최대 12개월)","20260627",SMART,"20260624","20260705",PM30000107,2529
C2600R1,JTBC 월정액 첫달 무료_6월 3차,A1SA1020261000119567,[깜짝 특가] JTBC 월정액 1개월 100% 할인 쿠폰,"20260516",SMART,"20260119","20261231",PM30000269,149
C2600MI,JTBC 월정액 첫달 무료_6월 1차,A1SA1020261000119567,[깜짝 특가] JTBC 월정액 1개월 100% 할인 쿠폰,"20260516",SMART,"20260119","20261231",PM30000269,152
C2600JZ,"JTBC 월정액 6개월 약정 3,300원_5월 2차",A1CP1020261000120658,"[온가족특가] JTBC 6개월 약정 기간 내내 월 3,300원","20260511",SMART,"20260421","20260531",PM30000269,476
C2600N4,(주기성) 6월 쿠폰팩 GCP(5/24~6/21가입)_TB,A1CP1020261000120865,[FREE PASS] B tv+ 1개월 무료_26년6월,"20260602",SMART,"20260519","20260629",PM30000107,104
C2600ND,"지상파 월정액 첫달 3,300원_6월 1차",A1CP1020261000120947,"[6월 특가] 지상파 월정액 1개월 13,200원 할인","20260621",SMART,"20260526","20260630",PM30000150,400
C2600R6,<슈퍼 마리오 갤럭시> 할인쿠폰 프로모션,A1SA1020261000120961,"[슈퍼마리오 갤럭시 런칭] 영화 3,300원 할인","20260624",SMART,"20260529","20260623",PPV 등,67
C2600SC,<금발이 되고 싶어> 할인쿠폰 프로모션,A1SA1020261000121360,"[금발이 되고 싶어 런칭] 영화 5,500원 할인","20260711",SMART,"20260622","20260731",PPV 등,13
C2600N4,(주기성) 6월 쿠폰팩 GCP(5/24~6/21가입)_TB,A1SA1020261000120869,[FREE PASS] SPOTV 프라임패키지 1개월 무료_26년6월,"20260615",SMART,"20260519","20260629",PM35000007,84
C2600NI,<시에라 마드레: 카르텔 전쟁> 할인쿠폰 프로모션,A1SA1020261000120862,"[시에라 마드레: 카르텔 전쟁 런칭] 영화 5,500원 할인","20260621",SMART,"20260518","20260630",PPV 등,18
C2600QV,"6월 성인 1+1 프로모션_모바일 (6/11~6/20)_수정",A1SA1020261000121169,"[1+1이벤트] 3,300원 할인 쿠폰 (모바일)","20260619",SMART,"20260609","20260731",PPV 등,13
C2600Q5,<스위트 홈: 진격의 거인> 할인쿠폰 프로모션,A1SA1020261000121160,"[스위트 홈: 진격의 거인 런칭] 영화 3,300원 할인","20260627",SMART,"20260605","20260731",PPV 등,50
C2600TZ,"지상파 월정액 3개월 5,500원_7월 2차",A1CP1020261000121373,"[쿨썸머 특가] 지상파 월정액 3개월 내내 월 5,500원","20260727",SMART,"20260629","20260731",PM30000150,78
C2600SH,<납치 48시간> 할인쿠폰 프로모션,A1SA1020261000121265,"[납치 48시간 런칭] 영화 3,300원 할인","20260626",SMART,"20260616","20260831",PPV 등,7
C2600S3,"6월 성인 1+1 프로모션 (6/21~6/30)",A1SA1020261000121170,"[1+1 앵콜 이벤트] 3,300원 할인 쿠폰","20260703",SMART,"20260609","20260731",PPV 등,44
C2600PM,[보정용][D+1] 쿠폰팩 등록 혜택 지급_2601,A1PR1020261000119553,[쿠폰팩 등록 감사] VOD 20% 할인쿠폰,"20260625",SMART,"20260114","99991231",PPV 등,1
C2600UP,<서퍼> 할인쿠폰 프로모션,A1SA1020261000121460,"[서퍼 런칭] 영화 3,300원 할인","20260718",SMART,"20260708","20260831",PPV 등,9
C2600WK,JTBC 월정액 3개월 70% 할인_7월 3차,A1SA1020261000121374,[쿨썸머 특가] JTBC 월정액 3개월 내내 70% 할인,"20260711",SMART,"20260629","20260731",PM30000269,6
C2600KO,<폭탄> 할인쿠폰 프로모션,A1SA1020261000120751,"[폭탄 런칭] 영화 5,500원 할인","20260605",SMART,"20260430","20260531",PPV 등,1
C2600NQ,[팝업] 밸류애드팀 STB 교체(26.6.1))_1-3차,,,,SMART,,,PPV 등,327188
C2600OM,"26년 6월_B tv+ 국내여행_(6/3)_0123",DummyOffer,,,SMART,,,PPV 등,1083136
C2600R8,"26년 6월_B tv+ 주말 야식비 지원_UI 541 이상_1",DummyOffer,,,SMART,,,PPV 등,785447
C2600PY,SPOTV 6월 첫달무료_1차_0611,A1SA1020261000121164,[축구 이벤트] SPOTV Prime 1개월 무료,,SMART,"20260609","20260630",PM35000007,230675
C2600J5,"지상파 월정액 3개월 내내 5,500원_5월 1차",A1CP1020261000120660,"[온가족특가] 지상파 월정액 3개월 내내 월 5,500원","20260520",SMART,"20260422","20260531",PM30000150,360
C2600P6,[주기성] 26년 6월_B tv+ 비플리_UI 541 이상_2~4차_2,A1CP1020261000120872,[위클리 혜택] B tv+ 12개월 50% 할인,"20260619",SMART,"20260520","20260630",PM30000107,5489
C2600W6,AI커머스광고 7월 프로모션_복날 챌린지,,,,SMART,,,PPV 등,4581262
C2600UD,"26년 7월_B tv+ 비플리_UI 541 이상_쿠폰&배너_2",A1CP1020261000121365,[고객님만 혜택] B tv+ 반값 할인 (최대 12개월),,SMART,"20260624","20260731",PM30000107,214300
C2600QP,"지상파 월정액 첫달 3,300원_6월 5차",A1CP1020261000120947,"[6월 특가] 지상파 월정액 1개월 13,200원 할인","20260625",SMART,"20260526","20260630",PM30000150,12759
C2600P6,[주기성] 26년 6월_B tv+ 비플리_UI 541 이상_2~4차_2,A1CP1020261000120872,[위클리 혜택] B tv+ 12개월 50% 할인,"20260607",SMART,"20260520","20260630",PM30000107,3640
C2600QM,[보정용][주기성] 26년 6월_B tv+ 비플리_UI 541 이상_2~4차_1,A1CP1020261000120872,[위클리 혜택] B tv+ 12개월 50% 할인,"20260623",SMART,"20260520","20260630",PM30000107,3190
C2600QR,"6월 성인 1+1 프로모션_추가 (6/12~14 구매자)",A1SA1020261000121168,"[1+1이벤트] 3,300원 할인 쿠폰","20260618",SMART,"20260609","20260731",PPV 등,19
C2600N3,[주기성/쿠폰] <살목지&K-공포상영회> 할인쿠폰 프로모션,A1PR1020261000120873,[K-공포 상영회] 영화 50% 할인,"20260601",SMART,"20260520","20260609",PPV 등,137
C2600UT,"7월 성인 1+1 앵콜 프로모션_모바일 (7/11~7/20)",A1SA1020261000121459,"[1+1 앵콜 이벤트] 3,300원 할인 쿠폰 (모바일)","20260728",SMART,"20260708","20260831",PPV 등,11
C2600O8,[주기성] 26년 6월_B tv+ 비플리_UI 541 이하_쿠폰,A1CP1020261000120872,[위클리 혜택] B tv+ 12개월 50% 할인,"20260612",SMART,"20260520","20260630",PM30000107,173
C2600M8,<짱구> 할인쿠폰 프로모션,A1SA1020261000120863,"[짱구 런칭] 영화 5,500원 할인","20260523",SMART,"20260518","20260630",PPV 등,158
C2600KN,JTBC 월정액 첫달 무료_5월 1차,A1SA1020261000119567,[깜짝 특가] JTBC 월정액 1개월 100% 할인 쿠폰,"20260617",SMART,"20260119","20261231",PM30000269,58
C2600S3,"6월 성인 1+1 프로모션 (6/21~6/30)",A1SA1020261000121170,"[1+1 앵콜 이벤트] 3,300원 할인 쿠폰","20260704",SMART,"20260609","20260731",PPV 등,19
C2600NN,<코드 네임: 알라룸> 할인쿠폰 프로모션,A1SA1020261000120951,"[코드 네임: 알라룸 런칭] 영화 5,500원 할인","20260618",SMART,"20260526","20260630",PPV 등,25
C2600Q3,"6월 성인 1+1 프로모션 (6/11~6/20)",A1SA1020261000121168,"[1+1이벤트] 3,300원 할인 쿠폰","20260616",SMART,"20260609","20260731",PPV 등,1
C2600QU,"6월 성인 1+1 프로모션 (6/11~6/20)_수정",A1SA1020261000121168,"[1+1이벤트] 3,300원 할인 쿠폰","20260625",SMART,"20260609","20260731",PPV 등,6
C2600LE,"CJ ENM 월정액 3개월 5,500원_5월 3차",A1CP1020261000120659,"[온가족특가] CJ ENM 월정액 3개월 내내 5,500원","20260504",SMART,"20260422","20260531",PM30000154,1
C2600KV,[팝업] 밸류애드팀 Btv 업_단기(26.5.12)_2-1차,,,,SMART,,,PPV 등,267321
C2600ML,"26년 5월_B tv+ 비플리_UI 541 이상_3차(~5/31)_2",A1CP1020261000120854,[가정의 달] B tv+ 12개월 50% 할인 (~5/31),"20260526",SMART,"20260507","20260531",PM30000107,117660
C2600JP,[팝업] 밸류애드팀 Btv 업_단기(26.5.05)_1-2차,,,,SMART,,,PPV 등,291751
C2600L9,"26년 5월_B tv+ 비플리_UI 541 이상_1차(~5/17)_3(1770)",A1CP1020261000120853,[가정의 달] B tv+ 12개월 50% 할인 (~5/17),,SMART,"20260507","20260517",PM30000107,35500
C2600O6,"26년 6월_B tv+ 비플리_UI 541 이상_1차 쿠폰(~6/7) & 배너(~6/30)_1",A1CP1020261000120872,[위클리 혜택] B tv+ 12개월 50% 할인,,SMART,"20260520","20260630",PM30000107,209730
C2600XQ,통합 월정액 3개월 내내 80% 할인_8월 2차,A1CP1020261000121658,[쿨썸머 특가] 주요 월정액 3개월 내내 80% 할인 (택1),,SMART,"20260720","20260731",PM30000176,194973
C2600NE,통합 월정액 첫달 무료_6월 1차,A1CP1020261000120948,[이용 감사 혜택] 주요 월정액 1개월 100% 할인 (택1),"20260625",SMART,"20260526","20260630",PM30000176,97935
C2600KK,"CJ ENM 월정액 3개월 5,500원_5월 2차",A1CP1020261000120659,"[온가족특가] CJ ENM 월정액 3개월 내내 5,500원","20260518",SMART,"20260422","20260531",PM30000154,676
C2600LD,"2605_무빙 연장 동의_TV팝업_8차",,,,SMART,,,PPV 등,4348
C2600SP,[팝업] 밸류애드팀 Btv 업_단기(26.6.30)_5-2차,,,,SMART,,,PPV 등,304119
C2600KI,"JTBC 월정액 6개월 약정 3,300원_5월 3차",A1CP1020261000120658,"[온가족특가] JTBC 6개월 약정 기간 내내 월 3,300원","20260513",SMART,"20260421","20260531",PM30000269,1165
C2600RC,"<왕과 사는 남자> 타겟 프로모션_2,000원_0617",A1SA1020261000121266,"[즉시 할인] 왕과 사는 남자 2,200원 할인쿠폰","20260620",SMART,"20260616","20260731",PPV 등,1126
C2600UE,"26년 7월_B tv+ 비플리_UI 541 이상_쿠폰&배너_3",A1CP1020261000121365,[고객님만 혜택] B tv+ 반값 할인 (최대 12개월),"20260714",SMART,"20260624","20260731",PM30000107,630
C2600OB,"26년 6월_B tv+ 비플리_UI 541 이상_1차 쿠폰(~6/7) & 배너(~6/30)_3",A1CP1020261000120872,[위클리 혜택] B tv+ 12개월 50% 할인,"20260605",SMART,"20260520","20260630",PM30000107,593
C2600T1,"26년 6월_B tv+ KBO 올스타전_UI 541 이상_3",A1CP1020261000121364,"[올스타전 특가] B tv+ 월 5,500원 혜택 (최대 12개월)","20260627",SMART,"20260624","20260705",PM30000107,2060
C2600N4,(주기성) 6월 쿠폰팩 GCP(5/24~6/21가입)_TB,A1CP1020261000120867,[FREE PASS] CJ ENM 1개월 무료_26년6월,"20260612",SMART,"20260519","20260629",PM30000154,61
C2600P8,[주기성] 26년 6월_B tv+ 비플리_UI 541 이상_2~4차_4,A1CP1020261000120872,[위클리 혜택] B tv+ 12개월 50% 할인,"20260604",SMART,"20260520","20260630",PM30000107,432
C2600R1,JTBC 월정액 첫달 무료_6월 3차,A1SA1020261000119567,[깜짝 특가] JTBC 월정액 1개월 100% 할인 쿠폰,"20260523",SMART,"20260119","20261231",PM30000269,32
C2600QR,"6월 성인 1+1 프로모션_추가 (6/12~14 구매자)",A1SA1020261000121168,"[1+1이벤트] 3,300원 할인 쿠폰","20260622",SMART,"20260609","20260731",PPV 등,9
C2600N5,(일회성) 6월 쿠폰팩 GCP(5/1~5/23가입)_TB,A1CP1020261000120865,[FREE PASS] B tv+ 1개월 무료_26년6월,"20260624",SMART,"20260519","20260629",PM30000107,37
C2600US,<잠금: 셧다운> 할인쿠폰 프로모션,A1SA1020261000121462,"[잠금: 셧다운 런칭] 영화 5,500원 할인","20260720",SMART,"20260708","20260831",PPV 등,32
C2600N4,(주기성) 6월 쿠폰팩 GCP(5/24~6/21가입)_TB,A1CP1020261000120866,[FREE PASS] 지상파 3사 1개월 무료_26년6월,"20260620",SMART,"20260519","20260629",PM30000150,52
C2600N4,(주기성) 6월 쿠폰팩 GCP(5/24~6/21가입)_TB,A1CP1020261000120866,[FREE PASS] 지상파 3사 1개월 무료_26년6월,"20260606",SMART,"20260519","20260629",PM30000150,29
C2600KD,[주기성/쿠폰] <프로젝트헤일메리&인생SF전> 할인쿠폰 프로모션,A1PR1020261000120752,[프로젝트헤일메리] 인생SF영화 추가 30% 할인,"20260515",SMART,"20260430","20260524",PPV 등,26
C2600QV,"6월 성인 1+1 프로모션_모바일 (6/11~6/20)_수정",A1SA1020261000121169,"[1+1이벤트] 3,300원 할인 쿠폰 (모바일)","20260616",SMART,"20260609","20260731",PPV 등,7
C2600TN,"7월 성인 1+1 프로모션_모바일 (7/1~7/10)",A1SA1020261000121371,"[1+1이벤트] 3,300원 할인 쿠폰 (모바일)","20260706",SMART,"20260626","20260731",PPV 등,47
C2600NP,<모탈 컴뱃2> 할인쿠폰 프로모션,A1SA1020261000120959,"[모탈컴뱃2 런칭] 영화 5,500원 할인","20260606",SMART,"20260528","20260615",PPV 등,19
C2600JE,<캣 앤 독> 할인쿠폰 프로모션,A1SA1020261000120747,"[캣 앤 독 런칭] 영화 5,500원 할인","20260512",SMART,"20260428","20260531",PPV 등,4
C2600L5,"26년 5월_B tv+ 크런치롤_할인쿠폰",A1PR1020261000120053,[크런치롤] B tv 애니 장르 30% 할인,"20260509",SMART,"20260225","20260531",PPV 등,1
C2600P0,<쉘터> 타겟 프로모션_30%_0604,A1SA1020261000120953,[즉시 할인] 쉘터 30% 할인쿠폰,"20260609",SMART,"20260526","20260630",PPV 등,328869
C2600N4,(주기성) 6월 쿠폰팩 GCP(5/24~6/21가입)_TB,A1SA1020261000120869,[FREE PASS] SPOTV 프라임패키지 1개월 무료_26년6월,,SMART,"20260519","20260629",PM35000007,41368
C2600WS,[팝업] 밸류애드팀 Btv 업_단기(26.7.28)_4-2차,,,,SMART,,,PPV 등,298025
C2600IP,"CJ ENM 월정액 3개월 5,500원_5월 1차",A1CP1020261000120659,"[온가족특가] CJ ENM 월정액 3개월 내내 5,500원","20260530",SMART,"20260422","20260531",PM30000154,45801
C2600L8,"26년 5월_B tv+ 비플리_UI 541 이상_1차(~5/17)_2(1770)",A1CP1020261000120853,[가정의 달] B tv+ 12개월 50% 할인 (~5/17),"20260513",SMART,"20260507","20260517",PM30000107,5386
C2600KI,"JTBC 월정액 6개월 약정 3,300원_5월 3차",A1CP1020261000120658,"[온가족특가] JTBC 6개월 약정 기간 내내 월 3,300원","20260510",SMART,"20260421","20260531",PM30000269,6767
C2600OC,"26년 6월_B tv+ 비플리_UI 541 이상_1차 쿠폰(~6/7) & 배너(~6/30)_4",A1CP1020261000120872,[위클리 혜택] B tv+ 12개월 50% 할인,"20260627",SMART,"20260520","20260630",PM30000107,108133
C2600OY,통합 월정액 첫달 무료_6월 2차,A1CP1020261000120948,[이용 감사 혜택] 주요 월정액 1개월 100% 할인 (택1),"20260609",SMART,"20260526","20260630",PM30000176,2198
C2600RX,"2606_비너스 디맨드_첫달무료_개편후",,,,SMART,,,PPV 등,210828
C2600P6,[주기성] 26년 6월_B tv+ 비플리_UI 541 이상_2~4차_2,A1CP1020261000120872,[위클리 혜택] B tv+ 12개월 50% 할인,"20260604",SMART,"20260520","20260630",PM30000107,1426
C2600QY,수요1+1무비쿠폰(6월 쿠폰발급),A1PR1020261000121167,[금토일무비쿠폰] 20% 할인(5천원 이상 사용),,SMART,"20260609","20261231",PPV 등,182
C2600KN,JTBC 월정액 첫달 무료_5월 1차,A1SA1020261000119567,[깜짝 특가] JTBC 월정액 1개월 100% 할인 쿠폰,"20260514",SMART,"20260119","20261231",PM30000269,654
C2600UT,"7월 성인 1+1 앵콜 프로모션_모바일 (7/11~7/20)",A1SA1020261000121459,"[1+1 앵콜 이벤트] 3,300원 할인 쿠폰 (모바일)","20260713",SMART,"20260708","20260831",PPV 등,66
C2600V2,[팝업] 밸류애드팀 Btv 업_단기(26.7.14)_2-2차,,,,SMART,,,PPV 등,299847
C2600PN,JTBC 월정액 첫달 무료_6월 2차,A1SA1020261000119567,[깜짝 특가] JTBC 월정액 1개월 100% 할인 쿠폰,"20260528",SMART,"20260119","20261231",PM30000269,995
C2600UQ,"2607_비플/캐치온 왕사남 해지취소",,,,SMART,,,PPV 등,2088
C2600M6,JTBC 월정액 첫달 무료_5월 2차,A1SA1020261000119567,[깜짝 특가] JTBC 월정액 1개월 100% 할인 쿠폰,"20260622",SMART,"20260119","20261231",PM30000269,71
C2600UU,"7월 성인 1+1 앵콜 프로모션_모바일 (7/11~7/20)",A1SA1020261000121458,"[1+1 앵콜 이벤트] 3,300원 할인 쿠폰","20260717",SMART,"20260708","20260831",PPV 등,210
C2600N5,(일회성) 6월 쿠폰팩 GCP(5/1~5/23가입)_TB,A1CP1020261000120865,[FREE PASS] B tv+ 1개월 무료_26년6월,"20260614",SMART,"20260519","20260629",PM30000107,101
C2600UV,모아나 소장용 패키지 프로모션 (7/10),A1SA1020261000121465,"[모아나 패키지 구매] 영화 5,500원 할인","20260724",SMART,"20260708","20260831",PPV 등,25
C2600VM,<헬파이어: 시수의 길> 할인쿠폰 프로모션,A1SA1020261000121461,"[헬파이어: 시수의 길 런칭] 영화 5,500원 할인","20260721",SMART,"20260708","20260831",PPV 등,28
C2600N4,(주기성) 6월 쿠폰팩 GCP(5/24~6/21가입)_TB,A1CP1020261000120867,[FREE PASS] CJ ENM 1개월 무료_26년6월,"20260618",SMART,"20260519","20260629",PM30000154,56
C2600N4,(주기성) 6월 쿠폰팩 GCP(5/24~6/21가입)_TB,A1SA1020261000120869,[FREE PASS] SPOTV 프라임패키지 1개월 무료_26년6월,"20260623",SMART,"20260519","20260629",PM35000007,85
C2600PN,JTBC 월정액 첫달 무료_6월 2차,A1SA1020261000119567,[깜짝 특가] JTBC 월정액 1개월 100% 할인 쿠폰,"20260523",SMART,"20260119","20261231",PM30000269,69
C2600TJ,<데드 오브 윈터> 할인쿠폰 프로모션,A1SA1020261000121361,"[데드 오브 윈터 런칭] 영화 3,300원 할인","20260714",SMART,"20260622","20260731",PPV 등,7
C2600N4,(주기성) 6월 쿠폰팩 GCP(5/24~6/21가입)_TB,A1SA1020261000120869,[FREE PASS] SPOTV 프라임패키지 1개월 무료_26년6월,"20260608",SMART,"20260519","20260629",PM35000007,46
C2600JA,<오시리스> 할인쿠폰 프로모션,A1SA1020261000120652,"[오시리스 런칭] 영화 3,300원 할인","20260511",SMART,"20260421","20260531",PPV 등,12
C2600N5,(일회성) 6월 쿠폰팩 GCP(5/1~5/23가입)_TB,A1CP1020261000120866,[FREE PASS] 지상파 3사 1개월 무료_26년6월,"20260605",SMART,"20260519","20260629",PM30000150,4
C2600LT,[팝업] 밸류애드팀 Btv 업_장기(26.5.20)_3-3차,,,,SMART,,,PPV 등,177041
C2600LA,"26년 5월_B tv+ 비플리_UI 541 이상_1차(~5/17)_4(1770)",A1CP1020261000120853,[가정의 달] B tv+ 12개월 50% 할인 (~5/17),"20260517",SMART,"20260507","20260517",PM30000107,36284
C2600QM,[보정용][주기성] 26년 6월_B tv+ 비플리_UI 541 이상_2~4차_1,A1CP1020261000120872,[위클리 혜택] B tv+ 12개월 50% 할인,"20260626",SMART,"20260520","20260630",PM30000107,168817
C2600RR,[팝업] B tv 스탠다드+(조합형)_(26.6.23)_4-1차,,,,SMART,,,PPV 등,445197
C2600PU,"26년 6월_B tv+ 파격할인_UI 541 이상_4",DummyOffer,,,SMART,,,PPV 등,794654
C2600P7,[주기성] 26년 6월_B tv+ 비플리_UI 541 이상_2~4차_3,A1CP1020261000120872,[위클리 혜택] B tv+ 12개월 50% 할인,,SMART,"20260520","20260630",PM30000107,23019
C2600KK,"CJ ENM 월정액 3개월 5,500원_5월 2차",A1CP1020261000120659,"[온가족특가] CJ ENM 월정액 3개월 내내 5,500원","20260516",SMART,"20260422","20260531",PM30000154,1215
C2600NE,통합 월정액 첫달 무료_6월 1차,A1CP1020261000120948,[이용 감사 혜택] 주요 월정액 1개월 100% 할인 (택1),"20260622",SMART,"20260526","20260630",PM30000176,1672
C2600OA,"26년 6월_B tv+ 비플리_UI 541 이상_1차 쿠폰(~6/7) & 배너(~6/30)_2",A1CP1020261000120872,[위클리 혜택] B tv+ 12개월 50% 할인,"20260624",SMART,"20260520","20260630",PM30000107,4803
C2600WC,"지상파 월정액 3개월 5,500원_7월 3차",A1CP1020261000121373,"[쿨썸머 특가] 지상파 월정액 3개월 내내 월 5,500원","20260729",SMART,"20260629","20260731",PM30000150,55656
C2600XV,[타겟] 최신 리모컨 무상 업그레이드 (7/29),,,,SMART,,,PPV 등,3358
C2600SG,"CJ ENM 월정액 3개월 5,500원_7월 1차",A1CP1020261000121358,"[쿨썸머 특가] CJ ENM 월정액 3개월 내내 월 5,500원","20260709",SMART,"20260622","20260731",PM30000154,1210
C2600TG,JTBC 월정액 3개월 70% 할인_7월 1차,A1SA1020261000121374,[쿨썸머 특가] JTBC 월정액 3개월 내내 70% 할인,"20260708",SMART,"20260629","20260731",PM30000269,2249
C2600X8,"26년 7월_B tv+ 7월 4주차 복날 타임딜_UI 541 이상_3_F",A1CP1020261000121662,"[복날 치킨비] B tv+ 월 5,500원 이용 혜택 (최대 12개월)","20260725",SMART,"20260721","20260726",PM30000107,59517
C2600SC,<금발이 되고 싶어> 할인쿠폰 프로모션,A1SA1020261000121360,"[금발이 되고 싶어 런칭] 영화 5,500원 할인","20260717",SMART,"20260622","20260731",PPV 등,7
C2600KK,"CJ ENM 월정액 3개월 5,500원_5월 2차",A1CP1020261000120659,"[온가족특가] CJ ENM 월정액 3개월 내내 5,500원","20260515",SMART,"20260422","20260531",PM30000154,971
C2600PP,"지상파 월정액 첫달 3,300원_6월 3차",A1CP1020261000120947,"[6월 특가] 지상파 월정액 1개월 13,200원 할인","20260602",SMART,"20260526","20260630",PM30000150,1141
C2600N5,(일회성) 6월 쿠폰팩 GCP(5/1~5/23가입)_TB,A1CP1020261000120866,[FREE PASS] 지상파 3사 1개월 무료_26년6월,"20260603",SMART,"20260519","20260629",PM30000150,30
C2600N4,(주기성) 6월 쿠폰팩 GCP(5/24~6/21가입)_TB,A1SA1020261000120869,[FREE PASS] SPOTV 프라임패키지 1개월 무료_26년6월,"20260626",SMART,"20260519","20260629",PM35000007,92
C2600QU,"6월 성인 1+1 프로모션 (6/11~6/20)_수정",A1SA1020261000121168,"[1+1이벤트] 3,300원 할인 쿠폰","20260705",SMART,"20260609","20260731",PPV 등,307
C2600NN,<코드 네임: 알라룸> 할인쿠폰 프로모션,A1SA1020261000120951,"[코드 네임: 알라룸 런칭] 영화 5,500원 할인","20260613",SMART,"20260526","20260630",PPV 등,4
C2600UP,<서퍼> 할인쿠폰 프로모션,A1SA1020261000121460,"[서퍼 런칭] 영화 3,300원 할인","20260719",SMART,"20260708","20260831",PPV 등,10
C2600KM,"지상파 월정액 3개월 내내 5,500원_5월 3차",A1CP1020261000120660,"[온가족특가] 지상파 월정액 3개월 내내 월 5,500원","20260525",SMART,"20260422","20260531",PM30000150,50
C2600R5,<내 이름은> 할인쿠폰 프로모션,A1SA1020261000121159,"[내 이름은 런칭] 영화 5,500원 할인","20260627",SMART,"20260605","20260731",PPV 등,3
C2600TN,"7월 성인 1+1 프로모션_모바일 (7/1~7/10)",A1SA1020261000121371,"[1+1이벤트] 3,300원 할인 쿠폰 (모바일)","20260705",SMART,"20260626","20260731",PPV 등,42
C2600T7,<노멀> 할인쿠폰 프로모션,A1SA1020261000121162,"[노멀 런칭] 영화 3,300원 할인","20260706",SMART,"20260605","20260731",PPV 등,1
C2600PM,[보정용][D+1] 쿠폰팩 등록 혜택 지급_2601,A1PR1020261000119553,[쿠폰팩 등록 감사] VOD 20% 할인쿠폰,"20260708",SMART,"20260114","99991231",PPV 등,2
C2600XG,"26년 7월 B tv+ 할인 연장 캠페인_6개월/9개월 할인재연",A1CP1020261000121664,"[가입 유지 선물] B tv+ 월 5,500원 이용 혜택 6개월 자동 연장_7월","20260725",SMART,"20260721","20260831",PPV 등,1
C2600Q3,"6월 성인 1+1 프로모션 (6/11~6/20)",A1SA1020261000121168,"[1+1이벤트] 3,300원 할인 쿠폰","20260621",SMART,"20260609","20260731",PPV 등,3
C2600O7,"2606_캐치온 해지방어_B tv+ Cross-sell",A1CP1020261000120958,[비밀 특가] B tv+ 1개월 100원,"20260623",SMART,"20260528","20260712",PM30000107,14
C2600LU,[팝업] 밸류애드팀 Btv 업_장기(26.5.20)_3-4차,,,,SMART,,,PPV 등,404726
C2600L1,[팝업] 밸류애드팀 Btv 업_장기(26.5.13)_2-2차,,,,SMART,,,PPV 등,384050
C2600N4,(주기성) 6월 쿠폰팩 GCP(5/24~6/21가입)_TB,A1CP1020261000120867,[FREE PASS] CJ ENM 1개월 무료_26년6월,,SMART,"20260519","20260629",PM30000154,42733
C2600MN,"26년 5월_B tv+ 비플리_UI 541 이상_3차(~5/31)_4",A1CP1020261000120854,[가정의 달] B tv+ 12개월 50% 할인 (~5/31),"20260530",SMART,"20260507","20260531",PM30000107,63444
C2600PZ,SPOTV 6월 첫달무료_1차_0612,A1SA1020261000121164,[축구 이벤트] SPOTV Prime 1개월 무료,,SMART,"20260609","20260630",PM35000007,229108
C2600J2,[주기성]26년_5월 조합상품 미시청 고객 캐시 적립,PR102026100000125961,,,SMART,,,PPV 등,4059
C2600O6,"26년 6월_B tv+ 비플리_UI 541 이상_1차 쿠폰(~6/7) & 배너(~6/30)_1",A1CP1020261000120872,[위클리 혜택] B tv+ 12개월 50% 할인,"20260616",SMART,"20260520","20260630",PM30000107,2221
C2600XQ,통합 월정액 3개월 내내 80% 할인_8월 2차,A1CP1020261000121658,[쿨썸머 특가] 주요 월정액 3개월 내내 80% 할인 (택1),"20260729",SMART,"20260720","20260731",PM30000176,43871
C2600S9,통합 월정액 첫달 90% 할인_추가 1차,A1CP1020261000121363,[쿨썸머 파격 특가] 주요 월정액 첫달 90% 할인 (택1),,SMART,"20260622","20260629",PM30000176,119672
C2600N5,(일회성) 6월 쿠폰팩 GCP(5/1~5/23가입)_TB,A1CP1020261000120866,[FREE PASS] 지상파 3사 1개월 무료_26년6월,"20260601",SMART,"20260519","20260629",PM30000150,3758
C2600L7,"26년 5월_B tv+ 비플리_UI 541 이상_1차(~5/17)_1(1770)",A1CP1020261000120853,[가정의 달] B tv+ 12개월 50% 할인 (~5/17),"20260511",SMART,"20260507","20260517",PM30000107,9901
C2600S0,SPOTV 6월 첫달무료_2차_0620,A1SA1020261000121165,[MLB 이벤트] SPOTV Prime 1개월 무료,"20260620",SMART,"20260609","20260630",PM35000007,41878
C2600SD,통합 월정액 첫달 90% 할인_추가 2차,A1CP1020261000121363,[쿨썸머 파격 특가] 주요 월정액 첫달 90% 할인 (택1),,SMART,"20260622","20260629",PM30000176,130203
C2600SU,"26년 6월_B tv+ KBO 올스타전_UI 541 이상_1",A1CP1020261000121364,"[올스타전 특가] B tv+ 월 5,500원 혜택 (최대 12개월)","20260629",SMART,"20260624","20260705",PM30000107,3152
C2600TZ,"지상파 월정액 3개월 5,500원_7월 2차",A1CP1020261000121373,"[쿨썸머 특가] 지상파 월정액 3개월 내내 월 5,500원","20260730",SMART,"20260629","20260731",PM30000150,857
C2600TA,[주기성] 26년 7월_B tv+ 비플리_UI 541 이하_쿠폰,A1CP1020261000121366,[고객님만 혜택] B tv+ 반값 할인 (최대 12개월),"20260709",SMART,"20260624","20260731",PM30000107,375
C2600WQ,[팝업] 밸류애드팀 STB 교체(26.7.27)_4-3차,,,,SMART,,,PPV 등,194458
C2600UD,"26년 7월_B tv+ 비플리_UI 541 이상_쿠폰&배너_2",A1CP1020261000121365,[고객님만 혜택] B tv+ 반값 할인 (최대 12개월),"20260728",SMART,"20260624","20260731",PM30000107,498
C2600OA,"26년 6월_B tv+ 비플리_UI 541 이상_1차 쿠폰(~6/7) & 배너(~6/30)_2",A1CP1020261000120872,[위클리 혜택] B tv+ 12개월 50% 할인,"20260617",SMART,"20260520","20260630",PM30000107,1058
C2600W2,"26년 7월_B tv+ KBS 이승철 콘서트_타임딜_UI 541 이상_3",A1CP1020261000121559,"[이승철 특가] B tv+ 월 5,500원 이용 혜택 (최대 12개월)","20260717",SMART,"20260714","20260722",PM30000107,11727
C2600UE,"26년 7월_B tv+ 비플리_UI 541 이상_쿠폰&배너_3",A1CP1020261000121365,[고객님만 혜택] B tv+ 반값 할인 (최대 12개월),"20260710",SMART,"20260624","20260731",PM30000107,2093
C2600OB,"26년 6월_B tv+ 비플리_UI 541 이상_1차 쿠폰(~6/7) & 배너(~6/30)_3",A1CP1020261000120872,[위클리 혜택] B tv+ 12개월 50% 할인,"20260606",SMART,"20260520","20260630",PM30000107,826
C2600S3,"6월 성인 1+1 프로모션 (6/21~6/30)",A1SA1020261000121170,"[1+1 앵콜 이벤트] 3,300원 할인 쿠폰","20260629",SMART,"20260609","20260731",PPV 등,249
C2600P7,[주기성] 26년 6월_B tv+ 비플리_UI 541 이상_2~4차_3,A1CP1020261000120872,[위클리 혜택] B tv+ 12개월 50% 할인,"20260616",SMART,"20260520","20260630",PM30000107,128
C2600P7,[주기성] 26년 6월_B tv+ 비플리_UI 541 이상_2~4차_3,A1CP1020261000120872,[위클리 혜택] B tv+ 12개월 50% 할인,"20260601",SMART,"20260520","20260630",PM30000107,230
C2600WG,<디스클로저 데이> 할인쿠폰 프로모션,A1SA1020261000121558,"[디스클로저 데이 런칭] 영화 3,300원 할인","20260725",SMART,"20260713","20260831",PPV 등,191
C2600N4,(주기성) 6월 쿠폰팩 GCP(5/24~6/21가입)_TB,A1CP1020261000120867,[FREE PASS] CJ ENM 1개월 무료_26년6월,"20260607",SMART,"20260519","20260629",PM30000154,30
C2600NI,<시에라 마드레: 카르텔 전쟁> 할인쿠폰 프로모션,A1SA1020261000120862,"[시에라 마드레: 카르텔 전쟁 런칭] 영화 5,500원 할인","20260620",SMART,"20260518","20260630",PPV 등,17
C2600UE,"26년 7월_B tv+ 비플리_UI 541 이상_쿠폰&배너_3",A1CP1020261000121365,[고객님만 혜택] B tv+ 반값 할인 (최대 12개월),"20260725",SMART,"20260624","20260731",PM30000107,69
C2600UV,모아나 소장용 패키지 프로모션 (7/10),A1SA1020261000121465,"[모아나 패키지 구매] 영화 5,500원 할인","20260716",SMART,"20260708","20260831",PPV 등,10
C2600JE,<캣 앤 독> 할인쿠폰 프로모션,A1SA1020261000120747,"[캣 앤 독 런칭] 영화 5,500원 할인","20260521",SMART,"20260428","20260531",PPV 등,4
C2600TZ,"지상파 월정액 3개월 5,500원_7월 2차",A1CP1020261000121373,"[쿨썸머 특가] 지상파 월정액 3개월 내내 월 5,500원","20260702",SMART,"20260629","20260731",PM30000150,1
C2600KM,"지상파 월정액 3개월 내내 5,500원_5월 3차",A1CP1020261000120660,"[온가족특가] 지상파 월정액 3개월 내내 월 5,500원","20260503",SMART,"20260422","20260531",PM30000150,7
C2600XQ,통합 월정액 3개월 내내 80% 할인_8월 2차,A1CP1020261000121658,[쿨썸머 특가] 주요 월정액 3개월 내내 80% 할인 (택1),"20260723",SMART,"20260720","20260731",PM30000176,1
C2600NP,<모탈 컴뱃2> 할인쿠폰 프로모션,A1SA1020261000120959,"[모탈컴뱃2 런칭] 영화 5,500원 할인","20260630",SMART,"20260528","20260615",PPV 등,3
C2600JE,<캣 앤 독> 할인쿠폰 프로모션,A1SA1020261000120747,"[캣 앤 독 런칭] 영화 5,500원 할인","20260516",SMART,"20260428","20260531",PPV 등,3
C2600TA,[주기성] 26년 7월_B tv+ 비플리_UI 541 이하_쿠폰,A1CP1020261000121366,[고객님만 혜택] B tv+ 반값 할인 (최대 12개월),"20260705",SMART,"20260624","20260731",PM30000107,2
C2600ON,"26년 6월_B tv+ 국내여행_(6/3)_4567",DummyOffer,,"20260603",TOAST,,,PPV 등,513220
C2600M2,"26년 5월_B tv+ 당첨자_UI 541 이상_1(1770)",DummyOffer,,"20260524",TOAST,,,PPV 등,57412
C2600N3,[주기성/쿠폰] <살목지&K-공포상영회> 할인쿠폰 프로모션,A1PR1020261000120873,[K-공포 상영회] 영화 50% 할인,"20260611",TOAST,"20260520","20260609",PPV 등,213
C2600JZ,"JTBC 월정액 6개월 약정 3,300원_5월 2차",DummyOffer,,"20260601",TOAST,,,PPV 등,354
C2600RW,"2606_비너스 디맨드_첫달무료_개편전",,,"20260625",TOAST,,,PPV 등,885
C2600OJ,"2606_플레이보이 디맨드_첫달무료",,,"20260605",TOAST,,,PPV 등,259
C2600RX,"2606_비너스 디맨드_첫달무료_개편후",,,"20260715",TOAST,,,PPV 등,41
C2600P0,<쉘터> 타겟 프로모션_30%_0604,A1SA1020261000120953,[즉시 할인] 쉘터 30% 할인쿠폰,"20260715",TOAST,"20260526","20260630",PPV 등,24
C2600O0,"26년 6월_B tv+ 짝수달 유료전환 테스트_UI 552 이상",DummyOffer,,"20260727",TOAST,,,PPV 등,372
C2600RX,"2606_비너스 디맨드_첫달무료_개편후",,,"20260706",TOAST,,,PPV 등,138
C2600UV,모아나 소장용 패키지 프로모션 (7/10),A1SA1020261000121465,"[모아나 패키지 구매] 영화 5,500원 할인","20260711",TOAST,"20260708","20260831",PPV 등,25
C2600SC,<금발이 되고 싶어> 할인쿠폰 프로모션,A1SA1020261000121360,"[금발이 되고 싶어 런칭] 영화 5,500원 할인","20260710",TOAST,"20260622","20260731",PPV 등,6
C2600P0,<쉘터> 타겟 프로모션_30%_0604,A1SA1020261000120953,[즉시 할인] 쉘터 30% 할인쿠폰,"20260721",TOAST,"20260526","20260630",PPV 등,15
C2600JZ,"JTBC 월정액 6개월 약정 3,300원_5월 2차",DummyOffer,,"20260607",TOAST,,,PPV 등,60
C2600P0,<쉘터> 타겟 프로모션_30%_0604,A1SA1020261000120953,[즉시 할인] 쉘터 30% 할인쿠폰,"20260701",TOAST,"20260526","20260630",PPV 등,39
C2600KE,무비혜택도미도 쿠폰 사용 안내,,,"20260525",TOAST,,,PPV 등,37
C2600TN,"7월 성인 1+1 프로모션_모바일 (7/1~7/10)",A1SA1020261000121371,"[1+1이벤트] 3,300원 할인 쿠폰 (모바일)","20260711",TOAST,"20260626","20260731",PPV 등,35
C2600VG,"2607_비플/캐치온 왕사남 해지취소_2주차_토팝",,,"20260721",TOAST,,,PPV 등,8
C2600TH,<살목지> 할인쿠폰 프로모션,A1SA1020261000121380,"[살목지 런칭] 영화 3,300원 할인","20260705",TOAST,"20260629","20260731",PPV 등,4
C2600T4,"26년 6월_B tv+ KBO 올스타전_UI 541 이상_4",DummyOffer,,"20260724",TOAST,,,PPV 등,1
C2600OW,"26년 6월_B tv+ 국내여행_(6/4~7)_4567",DummyOffer,,"20260715",TOAST,,,PPV 등,1
C2600PS,"26년 6월_B tv+ 파격할인_UI 541 이상_2",DummyOffer,,"20260702",TOAST,,,PPV 등,1
C2600ON,"26년 6월_B tv+ 국내여행_(6/3)_4567",DummyOffer,,"20260627",TOAST,,,PPV 등,1
C2600K8,<몽타주: 6일간의 추격> 타겟 프로모션_40%_0430,A1SA1020261000120748,[즉시 할인] 몽타주: 6일간의 추격 40% 할인쿠폰,"20260713",TOAST,"20260403","20260430",PPV 등,1
C2600QU,"6월 성인 1+1 프로모션 (6/11~6/20)_수정",A1SA1020261000121168,"[1+1이벤트] 3,300원 할인 쿠폰","20260716",TOAST,"20260609","20260731",PPV 등,1
C2600K8,<몽타주: 6일간의 추격> 타겟 프로모션_40%_0430,A1SA1020261000120748,[즉시 할인] 몽타주: 6일간의 추격 40% 할인쿠폰,"20260629",TOAST,"20260403","20260430",PPV 등,1
C2600VG,"2607_비플/캐치온 왕사남 해지취소_2주차_토팝",,,"20260726",TOAST,,,PPV 등,1
C2600N0,"26년 5월_B tv+ 당첨자_UI 541 이상_2(1770)",DummyOffer,,"20260711",TOAST,,,PPV 등,1
C2600PJ,"2606_플레이보이 디맨드_첫달무료_리마인드_1차",,,"20260716",TOAST,,,PPV 등,1
C2600IY,"JTBC 월정액 6개월 약정 3,300원_5월 1차",A1CP1020261000120658,"[온가족특가] JTBC 6개월 약정 기간 내내 월 3,300원","20260531",TOAST,"20260421","20260531",PM30000269,1
C2600NA,"26년 5월 B tv+ 할인 연장 캠페인_1주년 5,500원",A1CP1020261000120954,"[가입 유지 선물] B tv+ 월 5,500원 혜택 6개월 자동 연장_5월","20260606",TOAST,"20260526","20260731",PM30000107,1
C2600OP,"26년 6월_B tv+ 국내여행_(6/4~7)_0123",DummyOffer,,"20260707",TOAST,,,PPV 등,1
C2600L7,"26년 5월_B tv+ 비플리_UI 541 이상_1차(~5/17)_1(1770)",DummyOffer,,"20260517",TOAST,,,PPV 등,45821
C2600O0,"26년 6월_B tv+ 짝수달 유료전환 테스트_UI 552 이상",DummyOffer,,"20260607",TOAST,,,PPV 등,123011
C2600X8,"26년 7월_B tv+ 7월 4주차 복날 타임딜_UI 541 이상_3_F",DummyOffer,,"20260725",TOAST,,,PPV 등,53614
C2600OU,"2606_SPOTV_BWF 인도네시아 오픈",DummyOffer,,"20260603",TOAST,,,PPV 등,480687
C2600RX,"2606_비너스 디맨드_첫달무료_개편후",,,"20260626",TOAST,,,PPV 등,15690
C2600UX,"26년 7월_B tv+ KBS 이승철 콘서트_UI 541 이상_3",DummyOffer,,"20260709",TOAST,,,PPV 등,284412
C2600PT,"26년 6월_B tv+ 파격할인_UI 541 이상_3",DummyOffer,,"20260615",TOAST,,,PPV 등,726
C2600UW,"26년 7월_B tv+ KBS 이승철 콘서트_UI 541 이상_2",DummyOffer,,"20260716",TOAST,,,PPV 등,7467
C2600R8,"26년 6월_B tv+ 주말 야식비 지원_UI 541 이상_1",DummyOffer,,"20260703",TOAST,,,PPV 등,208
C2600NG,SPOTV 6월 첫달무료_1차_0613 토팝,,,"20260617",TOAST,,,PPV 등,3305
C2600OU,"2606_SPOTV_BWF 인도네시아 오픈",DummyOffer,,"20260720",TOAST,,,PPV 등,85
C2600RA,SPOTV 6월 첫달무료_1차_0617 토스트팝업,,,"20260626",TOAST,,,PPV 등,282
C2600KI,"JTBC 월정액 6개월 약정 3,300원_5월 3차",A1CP1020261000120658,"[온가족특가] JTBC 6개월 약정 기간 내내 월 3,300원","20260515",TOAST,"20260421","20260531",PM30000269,262
C2600IP,"CJ ENM 월정액 3개월 5,500원_5월 1차",DummyOffer,,"20260510",TOAST,,,PPV 등,70
C2600RF,"26년 6월_B tv+ 주말 야식비 지원_UI 541 이상_2",DummyOffer,,"20260725",TOAST,,,PPV 등,67
C2600VN,<엘리베이션> 할인쿠폰 프로모션,A1SA1020261000121463,"[엘리베이션 런칭] 영화 3,300원 할인","20260718",TOAST,"20260708","20260831",PPV 등,239
C2600VG,"2607_비플/캐치온 왕사남 해지취소_2주차_토팝",,,"20260720",TOAST,,,PPV 등,21
C2600LE,"CJ ENM 월정액 3개월 5,500원_5월 3차",A1CP1020261000120659,"[온가족특가] CJ ENM 월정액 3개월 내내 5,500원","20260601",TOAST,"20260422","20260531",PM30000154,28
C2600KI,"JTBC 월정액 6개월 약정 3,300원_5월 3차",A1CP1020261000120658,"[온가족특가] JTBC 6개월 약정 기간 내내 월 3,300원","20260524",TOAST,"20260421","20260531",PM30000269,98
C2600XG,"26년 7월 B tv+ 할인 연장 캠페인_6개월/9개월 할인재연",A1CP1020261000121664,"[가입 유지 선물] B tv+ 월 5,500원 이용 혜택 6개월 자동 연장_7월","20260728",TOAST,"20260721","20260831",PPV 등,22
C2600TH,<살목지> 할인쿠폰 프로모션,A1SA1020261000121380,"[살목지 런칭] 영화 3,300원 할인","20260709",TOAST,"20260629","20260731",PPV 등,1
C2600TM,<신의 악단> 할인쿠폰 프로모션,A1SA1020261000121384,"[신의 악단 런칭] 영화 3,300원 할인","20260715",TOAST,"20260630","20260731",PPV 등,67
C2600KI,"JTBC 월정액 6개월 약정 3,300원_5월 3차",A1CP1020261000120658,"[온가족특가] JTBC 6개월 약정 기간 내내 월 3,300원","20260521",TOAST,"20260421","20260531",PM30000269,72
C2600UP,<서퍼> 할인쿠폰 프로모션,A1SA1020261000121460,"[서퍼 런칭] 영화 3,300원 할인","20260718",TOAST,"20260708","20260831",PPV 등,8
C2600IY,"JTBC 월정액 6개월 약정 3,300원_5월 1차",DummyOffer,,"20260630",TOAST,,,PPV 등,10
C2600RH,"26년 6월_B tv+ 주말 야식비 지원_UI 541 이상_4",DummyOffer,,"20260719",TOAST,,,PPV 등,22
C2600SH,<납치 48시간> 할인쿠폰 프로모션,A1SA1020261000121265,"[납치 48시간 런칭] 영화 3,300원 할인","20260626",TOAST,"20260616","20260831",PPV 등,37
C2600QR,"6월 성인 1+1 프로모션_추가 (6/12~14 구매자)",A1SA1020261000121168,"[1+1이벤트] 3,300원 할인 쿠폰","20260618",TOAST,"20260609","20260731",PPV 등,11
C2600KA,"26년 5월_B tv+ 비플리_UI 540 이하(1969)_토팝 멀티스탭",DummyOffer,,"20260604",TOAST,,,PPV 등,4
C2600OM,"26년 6월_B tv+ 국내여행_(6/3)_0123",DummyOffer,,"20260629",TOAST,,,PPV 등,5
C2600T0,"26년 6월_B tv+ KBO 올스타전_UI 541 이상_2",DummyOffer,,"20260716",TOAST,,,PPV 등,14
C2600N1,"26년 5월_B tv+ 당첨자_UI 541 이상_3(1770)",DummyOffer,,"20260611",TOAST,,,PPV 등,1
C2600L9,"26년 5월_B tv+ 비플리_UI 541 이상_1차(~5/17)_3(1770)",DummyOffer,,"20260527",TOAST,,,PPV 등,4
C2600QL,"2606_플레이보이 디맨드_첫달무료_리마인드_2차",,,"20260629",TOAST,,,PPV 등,3
C2600NP,<모탈 컴뱃2> 할인쿠폰 프로모션,A1SA1020261000120959,"[모탈컴뱃2 런칭] 영화 5,500원 할인","20260617",TOAST,"20260528","20260615",PPV 등,3
C2600OO,"26년 6월_B tv+ 국내여행_(6/3)_89",DummyOffer,,"20260610",TOAST,,,PPV 등,1
C2600QS,"6월 성인 1+1 프로모션_모바일_추가 (6/12~6/14 구매자)",A1SA1020261000121169,"[1+1이벤트] 3,300원 할인 쿠폰 (모바일)","20260621",TOAST,"20260609","20260731",PPV 등,1
C2600N1,"26년 5월_B tv+ 당첨자_UI 541 이상_3(1770)",DummyOffer,,"20260612",TOAST,,,PPV 등,3
C2600NC,"26년 5월 B tv+ 할인 연장 캠페인_1주년 4,400원",A1CP1020261000120955,"[가입 유지 선물] B tv+ 월 4,400원 혜택 6개월 자동 연장_5월","20260601",TOAST,"20260526","20260731",PM30000107,1
C2600XD,"26년 7월_B tv+ 7월 4주차 복날 타임딜_UI 541 이상_1_F",DummyOffer,,,TOAST,,,PPV 등,0
C2600L9,"26년 5월_B tv+ 비플리_UI 541 이상_1차(~5/17)_3(1770)",DummyOffer,,"20260525",TOAST,,,PPV 등,1
C2600LA,"26년 5월_B tv+ 비플리_UI 541 이상_1차(~5/17)_4(1770)",DummyOffer,,"20260608",TOAST,,,PPV 등,1
C2600OJ,"2606_플레이보이 디맨드_첫달무료",,,"20260601",TOAST,,,PPV 등,21435
C2600N3,[주기성/쿠폰] <살목지&K-공포상영회> 할인쿠폰 프로모션,A1PR1020261000120873,[K-공포 상영회] 영화 50% 할인,"20260531",TOAST,"20260520","20260609",PPV 등,3322
C2600OP,"26년 6월_B tv+ 국내여행_(6/4~7)_0123",DummyOffer,,"20260608",TOAST,,,PPV 등,4689
C2600T4,"26년 6월_B tv+ KBO 올스타전_UI 541 이상_4",DummyOffer,,"20260703",TOAST,,,PPV 등,1613
C2600R8,"26년 6월_B tv+ 주말 야식비 지원_UI 541 이상_1",DummyOffer,,"20260709",TOAST,,,PPV 등,56
C2600RC,"<왕과 사는 남자> 타겟 프로모션_2,000원_0617",A1SA1020261000121266,"[즉시 할인] 왕과 사는 남자 2,200원 할인쿠폰","20260707",TOAST,"20260616","20260731",PPV 등,76
C2600VN,<엘리베이션> 할인쿠폰 프로모션,A1SA1020261000121463,"[엘리베이션 런칭] 영화 3,300원 할인","20260723",TOAST,"20260708","20260831",PPV 등,48
C2600IP,"CJ ENM 월정액 3개월 5,500원_5월 1차",DummyOffer,,"20260526",TOAST,,,PPV 등,154
C2600OU,"2606_SPOTV_BWF 인도네시아 오픈",DummyOffer,,"20260726",TOAST,,,PPV 등,110
C2600VN,<엘리베이션> 할인쿠폰 프로모션,A1SA1020261000121463,"[엘리베이션 런칭] 영화 3,300원 할인","20260721",TOAST,"20260708","20260831",PPV 등,75
C2600K8,<몽타주: 6일간의 추격> 타겟 프로모션_40%_0430,A1SA1020261000120748,[즉시 할인] 몽타주: 6일간의 추격 40% 할인쿠폰,"20260523",TOAST,"20260403","20260430",PPV 등,216
C2600R8,"26년 6월_B tv+ 주말 야식비 지원_UI 541 이상_1",DummyOffer,,"20260719",TOAST,,,PPV 등,61
C2600KK,"CJ ENM 월정액 3개월 5,500원_5월 2차",A1CP1020261000120659,"[온가족특가] CJ ENM 월정액 3개월 내내 5,500원","20260604",TOAST,"20260422","20260531",PM30000154,19
C2600SH,<납치 48시간> 할인쿠폰 프로모션,A1SA1020261000121265,"[납치 48시간 런칭] 영화 3,300원 할인","20260704",TOAST,"20260616","20260831",PPV 등,5
C2600RA,SPOTV 6월 첫달무료_1차_0617 토스트팝업,,,"20260729",TOAST,,,PPV 등,29
C2600PU,"26년 6월_B tv+ 파격할인_UI 541 이상_4",DummyOffer,,"20260623",TOAST,,,PPV 등,4
C2600US,<잠금: 셧다운> 할인쿠폰 프로모션,A1SA1020261000121462,"[잠금: 셧다운 런칭] 영화 5,500원 할인","20260729",TOAST,"20260708","20260831",PPV 등,3
C2600T0,"26년 6월_B tv+ KBO 올스타전_UI 541 이상_2",DummyOffer,,"20260726",TOAST,,,PPV 등,6
C2600KP,<왕과 사는 남자> 할인쿠폰 프로모션,A1SA1020261000120651,"[왕과 사는 남자 런칭] 영화 4,400원 할인","20260515",TOAST,"20260421","20260531",PPV 등,17
C2600KE,무비혜택도미도 쿠폰 사용 안내,,,"20260613",TOAST,,,PPV 등,3
C2600OW,"26년 6월_B tv+ 국내여행_(6/4~7)_4567",DummyOffer,,"20260622",TOAST,,,PPV 등,3
C2600KD,[주기성/쿠폰] <프로젝트헤일메리&인생SF전> 할인쿠폰 프로모션,A1PR1020261000120752,[프로젝트헤일메리] 인생SF영화 추가 30% 할인,"20260525",TOAST,"20260430","20260524",PPV 등,6
C2600N1,"26년 5월_B tv+ 당첨자_UI 541 이상_3(1770)",DummyOffer,,"20260629",TOAST,,,PPV 등,1
C2600TH,<살목지> 할인쿠폰 프로모션,A1SA1020261000121380,"[살목지 런칭] 영화 3,300원 할인","20260707",TOAST,"20260629","20260731",PPV 등,2
C2600LA,"26년 5월_B tv+ 비플리_UI 541 이상_1차(~5/17)_4(1770)",DummyOffer,,"20260523",TOAST,,,PPV 등,3
C2600KI,"JTBC 월정액 6개월 약정 3,300원_5월 3차",A1CP1020261000120658,"[온가족특가] JTBC 6개월 약정 기간 내내 월 3,300원","20260610",TOAST,"20260421","20260531",PM30000269,4
C2600NC,"26년 5월 B tv+ 할인 연장 캠페인_1주년 4,400원",A1CP1020261000120955,"[가입 유지 선물] B tv+ 월 4,400원 혜택 6개월 자동 연장_5월","20260611",TOAST,"20260526","20260731",PM30000107,1
C2600PT,"26년 6월_B tv+ 파격할인_UI 541 이상_3",DummyOffer,,"20260620",TOAST,,,PPV 등,1
C2600TM,<신의 악단> 할인쿠폰 프로모션,A1SA1020261000121384,"[신의 악단 런칭] 영화 3,300원 할인","20260719",TOAST,"20260630","20260731",PPV 등,2
C2600OO,"26년 6월_B tv+ 국내여행_(6/3)_89",DummyOffer,,"20260707",TOAST,,,PPV 등,1
C2600SJ,[주기성]프라다입고문워크 신작혜택파티 프로모션,A1PR1020261000121272,[신작혜택파티] 영화 30% 할인(악마는프라다2 외 대상작),"20260705",TOAST,"20260618","20260706",PPV 등,1370
C2600NN,<코드 네임: 알라룸> 할인쿠폰 프로모션,A1SA1020261000120951,"[코드 네임: 알라룸 런칭] 영화 5,500원 할인","20260614",TOAST,"20260526","20260630",PPV 등,11
C2600P0,<쉘터> 타겟 프로모션_30%_0604,A1SA1020261000120953,[즉시 할인] 쉘터 30% 할인쿠폰,"20260619",TOAST,"20260526","20260630",PPV 등,189
C2600QU,"6월 성인 1+1 프로모션 (6/11~6/20)_수정",A1SA1020261000121168,"[1+1이벤트] 3,300원 할인 쿠폰","20260620",TOAST,"20260609","20260731",PPV 등,208
C2600IY,"JTBC 월정액 6개월 약정 3,300원_5월 1차",DummyOffer,,"20260603",TOAST,,,PPV 등,425
C2600RF,"26년 6월_B tv+ 주말 야식비 지원_UI 541 이상_2",DummyOffer,,"20260706",TOAST,,,PPV 등,167
C2600KE,무비혜택도미도 쿠폰 사용 안내,,,"20260523",TOAST,,,PPV 등,51
C2600JE,<캣 앤 독> 할인쿠폰 프로모션,A1SA1020261000120747,"[캣 앤 독 런칭] 영화 5,500원 할인","20260513",TOAST,"20260428","20260531",PPV 등,4
C2600TM,<신의 악단> 할인쿠폰 프로모션,A1SA1020261000121384,"[신의 악단 런칭] 영화 3,300원 할인","20260709",TOAST,"20260630","20260731",PPV 등,111
C2600W7,"7월 성인 1+1 이열치열 프로모션 (7/21~/20)",A1SA1020261000121561,"[1+1 이열치열 이벤트] 3,300원 할인 쿠폰","20260731",TOAST,"20260716","20260831",PPV 등,22
C2600R8,"26년 6월_B tv+ 주말 야식비 지원_UI 541 이상_1",DummyOffer,,"20260727",TOAST,,,PPV 등,12
C2600KK,"CJ ENM 월정액 3개월 5,500원_5월 2차",A1CP1020261000120659,"[온가족특가] CJ ENM 월정액 3개월 내내 5,500원","20260619",TOAST,"20260422","20260531",PM30000154,7
C2600JZ,"JTBC 월정액 6개월 약정 3,300원_5월 2차",A1CP1020261000120658,"[온가족특가] JTBC 6개월 약정 기간 내내 월 3,300원","20260512",TOAST,"20260421","20260531",PM30000269,3
C2600KA,"26년 5월_B tv+ 비플리_UI 540 이하(1969)_토팝 멀티스탭",DummyOffer,,"20260520",TOAST,,,PPV 등,6
C2600VM,<헬파이어: 시수의 길> 할인쿠폰 프로모션,A1SA1020261000121461,"[헬파이어: 시수의 길 런칭] 영화 5,500원 할인","20260721",TOAST,"20260708","20260831",PPV 등,3
C2600LE,"CJ ENM 월정액 3개월 5,500원_5월 3차",A1CP1020261000120659,"[온가족특가] CJ ENM 월정액 3개월 내내 5,500원","20260620",TOAST,"20260422","20260531",PM30000154,1
C2600JZ,"JTBC 월정액 6개월 약정 3,300원_5월 2차",DummyOffer,,"20260624",TOAST,,,PPV 등,6
C2600OW,"26년 6월_B tv+ 국내여행_(6/4~7)_4567",DummyOffer,,"20260725",TOAST,,,PPV 등,1
C2600IY,"JTBC 월정액 6개월 약정 3,300원_5월 1차",DummyOffer,,"20260620",TOAST,,,PPV 등,10
C2600OO,"26년 6월_B tv+ 국내여행_(6/3)_89",DummyOffer,,,TOAST,,,PPV 등,0
C2600LA,"26년 5월_B tv+ 비플리_UI 541 이상_1차(~5/17)_4(1770)",DummyOffer,,"20260606",TOAST,,,PPV 등,2
C2600TH,<살목지> 할인쿠폰 프로모션,A1SA1020261000121380,"[살목지 런칭] 영화 3,300원 할인",,TOAST,"20260629","20260731",PPV 등,0
C2600KD,[주기성/쿠폰] <프로젝트헤일메리&인생SF전> 할인쿠폰 프로모션,A1PR1020261000120752,[프로젝트헤일메리] 인생SF영화 추가 30% 할인,,TOAST,"20260430","20260524",PPV 등,0
C2600OO,"26년 6월_B tv+ 국내여행_(6/3)_89",DummyOffer,,"20260607",TOAST,,,PPV 등,1
C2600IY,"JTBC 월정액 6개월 약정 3,300원_5월 1차",DummyOffer,,"20260508",TOAST,,,PPV 등,110976
C2600PU,"26년 6월_B tv+ 파격할인_UI 541 이상_4",DummyOffer,,"20260612",TOAST,,,PPV 등,120685
C2600RX,"2606_비너스 디맨드_첫달무료_개편후",,,"20260625",TOAST,,,PPV 등,42200
C2600T0,"26년 6월_B tv+ KBO 올스타전_UI 541 이상_2",DummyOffer,,"20260706",TOAST,,,PPV 등,22487
C2600PS,"26년 6월_B tv+ 파격할인_UI 541 이상_2",DummyOffer,,"20260616",TOAST,,,PPV 등,2378
C2600NI,<시에라 마드레: 카르텔 전쟁> 할인쿠폰 프로모션,A1SA1020261000120862,"[시에라 마드레: 카르텔 전쟁 런칭] 영화 5,500원 할인","20260604",TOAST,"20260518","20260630",PPV 등,62
C2600UT,"7월 성인 1+1 앵콜 프로모션_모바일 (7/11~7/20)",A1SA1020261000121459,"[1+1 앵콜 이벤트] 3,300원 할인 쿠폰 (모바일)","20260712",TOAST,"20260708","20260831",PPV 등,108
C2600IP,"CJ ENM 월정액 3개월 5,500원_5월 1차",DummyOffer,,"20260525",TOAST,,,PPV 등,265
C2600IP,"CJ ENM 월정액 3개월 5,500원_5월 1차",DummyOffer,,"20260530",TOAST,,,PPV 등,91
C2600QY,수요1+1무비쿠폰(6월 쿠폰발급),A1PR1020261000121167,[금토일무비쿠폰] 20% 할인(5천원 이상 사용),"20260620",TOAST,"20260609","20261231",PPV 등,4
C2600SJ,[주기성]프라다입고문워크 신작혜택파티 프로모션,A1PR1020261000121272,[신작혜택파티] 영화 30% 할인(악마는프라다2 외 대상작),"20260714",TOAST,"20260618","20260706",PPV 등,5
C2600US,<잠금: 셧다운> 할인쿠폰 프로모션,A1SA1020261000121462,"[잠금: 셧다운 런칭] 영화 5,500원 할인","20260722",TOAST,"20260708","20260831",PPV 등,7
C2600QV,"6월 성인 1+1 프로모션_모바일 (6/11~6/20)_수정",A1SA1020261000121169,"[1+1이벤트] 3,300원 할인 쿠폰 (모바일)","20260621",TOAST,"20260609","20260731",PPV 등,14
C2600PU,"26년 6월_B tv+ 파격할인_UI 541 이상_4",DummyOffer,,"20260626",TOAST,,,PPV 등,1
C2600N0,"26년 5월_B tv+ 당첨자_UI 541 이상_2(1770)",DummyOffer,,"20260717",TOAST,,,PPV 등,1
C2600K8,<몽타주: 6일간의 추격> 타겟 프로모션_40%_0430,A1SA1020261000120748,[즉시 할인] 몽타주: 6일간의 추격 40% 할인쿠폰,"20260606",TOAST,"20260403","20260430",PPV 등,1
C2600O0,"26년 6월_B tv+ 짝수달 유료전환 테스트_UI 552 이상",DummyOffer,,"20260619",TOAST,,,PPV 등,9068
C2600NL,<쉘터> 할인쿠폰 프로모션,A1SA1020261000120861,"[쉘터 런칭] 영화 3,300원 할인","20260604",TOAST,"20260518","20260630",PPV 등,1025
C2600RX,"2606_비너스 디맨드_첫달무료_개편후",,,"20260627",TOAST,,,PPV 등,1752
C2600XD,"26년 7월_B tv+ 7월 4주차 복날 타임딜_UI 541 이상_1_F",DummyOffer,,"20260725",TOAST,,,PPV 등,60126
C2600UN,"26년 7월_B tv+ KBS 이승철 콘서트_UI 541 이상_1",DummyOffer,,"20260711",TOAST,,,PPV 등,25751
C2600IP,"CJ ENM 월정액 3개월 5,500원_5월 1차",DummyOffer,,"20260513",TOAST,,,PPV 등,19
C2600O0,"26년 6월_B tv+ 짝수달 유료전환 테스트_UI 552 이상",DummyOffer,,"20260712",TOAST,,,PPV 등,3516
C2600KD,[주기성/쿠폰] <프로젝트헤일메리&인생SF전> 할인쿠폰 프로모션,A1PR1020261000120752,[프로젝트헤일메리] 인생SF영화 추가 30% 할인,"20260523",TOAST,"20260430","20260524",PPV 등,11
C2600P0,<쉘터> 타겟 프로모션_30%_0604,A1SA1020261000120953,[즉시 할인] 쉘터 30% 할인쿠폰,"20260620",TOAST,"20260526","20260630",PPV 등,181
C2600SJ,[주기성]프라다입고문워크 신작혜택파티 프로모션,A1PR1020261000121272,[신작혜택파티] 영화 30% 할인(악마는프라다2 외 대상작),"20260627",TOAST,"20260618","20260706",PPV 등,934
C2600IY,"JTBC 월정액 6개월 약정 3,300원_5월 1차",DummyOffer,,"20260517",TOAST,,,PPV 등,290
C2600OX,"26년 6월_B tv+ 국내여행_(6/4~7)_89",DummyOffer,,"20260612",TOAST,,,PPV 등,574
C2600P0,<쉘터> 타겟 프로모션_30%_0604,A1SA1020261000120953,[즉시 할인] 쉘터 30% 할인쿠폰,"20260628",TOAST,"20260526","20260630",PPV 등,75
C2600P0,<쉘터> 타겟 프로모션_30%_0604,A1SA1020261000120953,[즉시 할인] 쉘터 30% 할인쿠폰,"20260621",TOAST,"20260526","20260630",PPV 등,151
C2600S6,토이스토리 소장용 패키지 프로모션_수정,A1SA1020261000121259,"[토이 스토리 패키지 구매] 영화 5,500원 할인","20260707",TOAST,"20260615","20260731",PPV 등,36
C2600RF,"26년 6월_B tv+ 주말 야식비 지원_UI 541 이상_2",DummyOffer,,"20260703",TOAST,,,PPV 등,281
C2600RX,"2606_비너스 디맨드_첫달무료_개편후",,,"20260725",TOAST,,,PPV 등,19
C2600IY,"JTBC 월정액 6개월 약정 3,300원_5월 1차",DummyOffer,,"20260628",TOAST,,,PPV 등,11
C2600IP,"CJ ENM 월정액 3개월 5,500원_5월 1차",DummyOffer,,"20260601",TOAST,,,PPV 등,80
C2600RA,SPOTV 6월 첫달무료_1차_0617 토스트팝업,,,"20260725",TOAST,,,PPV 등,62
C2600T9,"26년 6월 B tv+ 할인 연장 캠페인_8월할인 7,700원",A1CP1020261000121368,"[가입 유지 선물] B tv+ 월 7,700원 이용 혜택 6개월 자동 연장_6월","20260630",TOAST,"20260625","20260731",PPV 등,19
C2600JZ,"JTBC 월정액 6개월 약정 3,300원_5월 2차",DummyOffer,,"20260711",TOAST,,,PPV 등,3
C2600ON,"26년 6월_B tv+ 국내여행_(6/3)_4567",DummyOffer,,"20260610",TOAST,,,PPV 등,4
C2600N0,"26년 5월_B tv+ 당첨자_UI 541 이상_2(1770)",DummyOffer,,"20260706",TOAST,,,PPV 등,1
C2600T1,"26년 6월_B tv+ KBO 올스타전_UI 541 이상_3",DummyOffer,,,TOAST,,,PPV 등,0
C2600RW,"2606_비너스 디맨드_첫달무료_개편전",,,"20260630",TOAST,,,PPV 등,4
C2600QL,"2606_플레이보이 디맨드_첫달무료_리마인드_2차",,,"20260708",TOAST,,,PPV 등,1
C2600IY,"JTBC 월정액 6개월 약정 3,300원_5월 1차",DummyOffer,,"20260609",TOAST,,,PPV 등,20
C2600OJ,"2606_플레이보이 디맨드_첫달무료",,,"20260613",TOAST,,,PPV 등,4
C2600N0,"26년 5월_B tv+ 당첨자_UI 541 이상_2(1770)",DummyOffer,,"20260608",TOAST,,,PPV 등,5
C2600NI,<시에라 마드레: 카르텔 전쟁> 할인쿠폰 프로모션,A1SA1020261000120862,"[시에라 마드레: 카르텔 전쟁 런칭] 영화 5,500원 할인","20260609",TOAST,"20260518","20260630",PPV 등,11
C2600S6,토이스토리 소장용 패키지 프로모션_수정,A1SA1020261000121259,"[토이 스토리 패키지 구매] 영화 5,500원 할인","20260701",TOAST,"20260615","20260731",PPV 등,7
C2600UV,모아나 소장용 패키지 프로모션 (7/10),A1SA1020261000121465,"[모아나 패키지 구매] 영화 5,500원 할인","20260724",TOAST,"20260708","20260831",PPV 등,1
C2600K8,<몽타주: 6일간의 추격> 타겟 프로모션_40%_0430,A1SA1020261000120748,[즉시 할인] 몽타주: 6일간의 추격 40% 할인쿠폰,"20260605",TOAST,"20260403","20260430",PPV 등,10
C2600T4,"26년 6월_B tv+ KBO 올스타전_UI 541 이상_4",DummyOffer,,"20260723",TOAST,,,PPV 등,2
C2600JE,<캣 앤 독> 할인쿠폰 프로모션,A1SA1020261000120747,"[캣 앤 독 런칭] 영화 5,500원 할인","20260507",TOAST,"20260428","20260531",PPV 등,8
C2600PJ,"2606_플레이보이 디맨드_첫달무료_리마인드_1차",,,"20260702",TOAST,,,PPV 등,1
C2600NH,<리 크로닌의 미이라> 할인쿠폰 프로모션,A1SA1020261000120855,"[리 크로닌의 미이라] 영화 3,300원 할인","20260611",TOAST,"20260507","20260630",PPV 등,1
C2600IY,"JTBC 월정액 6개월 약정 3,300원_5월 1차",DummyOffer,,"20260629",TOAST,,,PPV 등,6
C2600PT,"26년 6월_B tv+ 파격할인_UI 541 이상_3",DummyOffer,,"20260625",TOAST,,,PPV 등,2
C2600N1,"26년 5월_B tv+ 당첨자_UI 541 이상_3(1770)",DummyOffer,,"20260628",TOAST,,,PPV 등,4
C2600L8,"26년 5월_B tv+ 비플리_UI 541 이상_1차(~5/17)_2(1770)",DummyOffer,,"20260706",TOAST,,,PPV 등,1
C2600NA,"26년 5월 B tv+ 할인 연장 캠페인_1주년 5,500원",A1CP1020261000120954,"[가입 유지 선물] B tv+ 월 5,500원 혜택 6개월 자동 연장_5월","20260605",TOAST,"20260526","20260731",PM30000107,1
C2600RA,SPOTV 6월 첫달무료_1차_0617 토스트팝업,,,"20260618",TOAST,,,PPV 등,96481
C2600IY,"JTBC 월정액 6개월 약정 3,300원_5월 1차",DummyOffer,,"20260511",TOAST,,,PPV 등,4442
C2600UV,모아나 소장용 패키지 프로모션 (7/10),A1SA1020261000121465,"[모아나 패키지 구매] 영화 5,500원 할인","20260713",TOAST,"20260708","20260831",PPV 등,71
C2600PU,"26년 6월_B tv+ 파격할인_UI 541 이상_4",DummyOffer,,"20260618",TOAST,,,PPV 등,221
C2600PU,"26년 6월_B tv+ 파격할인_UI 541 이상_4",DummyOffer,,"20260617",TOAST,,,PPV 등,579
C2600N1,"26년 5월_B tv+ 당첨자_UI 541 이상_3(1770)",DummyOffer,,"20260604",TOAST,,,PPV 등,68
C2600S4,"6월 성인 1+1 프로모션_모바일 (6/21~6/30)",A1SA1020261000121171,"[1+1 앵콜 이벤트] 3,300원 할인 쿠폰 (모바일)","20260622",TOAST,"20260609","20260731",PPV 등,88
C2600K8,<몽타주: 6일간의 추격> 타겟 프로모션_40%_0430,A1SA1020261000120748,[즉시 할인] 몽타주: 6일간의 추격 40% 할인쿠폰,"20260525",TOAST,"20260403","20260430",PPV 등,154
C2600OX,"26년 6월_B tv+ 국내여행_(6/4~7)_89",DummyOffer,,"20260618",TOAST,,,PPV 등,49
C2600QV,"6월 성인 1+1 프로모션_모바일 (6/11~6/20)_수정",A1SA1020261000121169,"[1+1이벤트] 3,300원 할인 쿠폰 (모바일)","20260616",TOAST,"20260609","20260731",PPV 등,15
C2600KD,[주기성/쿠폰] <프로젝트헤일메리&인생SF전> 할인쿠폰 프로모션,A1PR1020261000120752,[프로젝트헤일메리] 인생SF영화 추가 30% 할인,"20260528",TOAST,"20260430","20260524",PPV 등,2
C2600PV,"26년 6월_B tv+ 파격할인_UI 541 이하_5",DummyOffer,,"20260617",TOAST,,,PPV 등,1
C2600UX,"26년 7월_B tv+ KBS 이승철 콘서트_UI 541 이상_3",DummyOffer,,"20260723",TOAST,,,PPV 등,7
C2600TH,<살목지> 할인쿠폰 프로모션,A1SA1020261000121380,"[살목지 런칭] 영화 3,300원 할인","20260723",TOAST,"20260629","20260731",PPV 등,1
C2600JZ,"JTBC 월정액 6개월 약정 3,300원_5월 2차",DummyOffer,,"20260712",TOAST,,,PPV 등,3
C2600NG,SPOTV 6월 첫달무료_1차_0613 토팝,,,"20260710",TOAST,,,PPV 등,3
C2600NA,"26년 5월 B tv+ 할인 연장 캠페인_1주년 5,500원",A1CP1020261000120954,"[가입 유지 선물] B tv+ 월 5,500원 혜택 6개월 자동 연장_5월","20260604",TOAST,"20260526","20260731",PM30000107,3
C2600OP,"26년 6월_B tv+ 국내여행_(6/4~7)_0123",DummyOffer,,"20260709",TOAST,,,PPV 등,2
C2600R5,<내 이름은> 할인쿠폰 프로모션,A1SA1020261000121159,"[내 이름은 런칭] 영화 5,500원 할인","20260707",TOAST,"20260605","20260731",PPV 등,1
C2600KI,"JTBC 월정액 6개월 약정 3,300원_5월 3차",A1CP1020261000120658,"[온가족특가] JTBC 6개월 약정 기간 내내 월 3,300원","20260627",TOAST,"20260421","20260531",PM30000269,1
C2600K8,<몽타주: 6일간의 추격> 타겟 프로모션_40%_0430,A1SA1020261000120748,[즉시 할인] 몽타주: 6일간의 추격 40% 할인쿠폰,"20260612",TOAST,"20260403","20260430",PPV 등,1
C2600IP,"CJ ENM 월정액 3개월 5,500원_5월 1차",DummyOffer,,"20260507",TOAST,,,PPV 등,2800
C2600KD,[주기성/쿠폰] <프로젝트헤일메리&인생SF전> 할인쿠폰 프로모션,A1PR1020261000120752,[프로젝트헤일메리] 인생SF영화 추가 30% 할인,"20260520",TOAST,"20260430","20260524",PPV 등,113
C2600RG,"26년 6월_B tv+ 주말 야식비 지원_UI 541 이상_3",DummyOffer,,"20260703",TOAST,,,PPV 등,15
C2600R8,"26년 6월_B tv+ 주말 야식비 지원_UI 541 이상_1",DummyOffer,,"20260707",TOAST,,,PPV 등,106
C2600OU,"2606_SPOTV_BWF 인도네시아 오픈",DummyOffer,,"20260723",TOAST,,,PPV 등,105
C2600NH,<리 크로닌의 미이라> 할인쿠폰 프로모션,A1SA1020261000120855,"[리 크로닌의 미이라] 영화 3,300원 할인","20260603",TOAST,"20260507","20260630",PPV 등,526
C2600P0,<쉘터> 타겟 프로모션_30%_0604,A1SA1020261000120953,[즉시 할인] 쉘터 30% 할인쿠폰,"20260627",TOAST,"20260526","20260630",PPV 등,84
C2600UW,"26년 7월_B tv+ KBS 이승철 콘서트_UI 541 이상_2",DummyOffer,,"20260723",TOAST,,,PPV 등,14
C2600UV,모아나 소장용 패키지 프로모션 (7/10),A1SA1020261000121465,"[모아나 패키지 구매] 영화 5,500원 할인","20260718",TOAST,"20260708","20260831",PPV 등,49
C2600SC,<금발이 되고 싶어> 할인쿠폰 프로모션,A1SA1020261000121360,"[금발이 되고 싶어 런칭] 영화 5,500원 할인","20260708",TOAST,"20260622","20260731",PPV 등,7
C2600M8,<짱구> 할인쿠폰 프로모션,A1SA1020261000120863,"[짱구 런칭] 영화 5,500원 할인","20260605",TOAST,"20260518","20260630",PPV 등,56
C2600JZ,"JTBC 월정액 6개월 약정 3,300원_5월 2차",DummyOffer,,"20260616",TOAST,,,PPV 등,10
C2600M2,"26년 5월_B tv+ 당첨자_UI 541 이상_1(1770)",DummyOffer,,"20260628",TOAST,,,PPV 등,5
C2600KI,"JTBC 월정액 6개월 약정 3,300원_5월 3차",A1CP1020261000120658,"[온가족특가] JTBC 6개월 약정 기간 내내 월 3,300원","20260604",TOAST,"20260421","20260531",PM30000269,16
C2600OJ,"2606_플레이보이 디맨드_첫달무료",,,"20260608",TOAST,,,PPV 등,2
C2600SC,<금발이 되고 싶어> 할인쿠폰 프로모션,A1SA1020261000121360,"[금발이 되고 싶어 런칭] 영화 5,500원 할인","20260630",TOAST,"20260622","20260731",PPV 등,14
C2600TJ,<데드 오브 윈터> 할인쿠폰 프로모션,A1SA1020261000121361,"[데드 오브 윈터 런칭] 영화 3,300원 할인","20260714",TOAST,"20260622","20260731",PPV 등,13
C2600PS,"26년 6월_B tv+ 파격할인_UI 541 이상_2",DummyOffer,,"20260709",TOAST,,,PPV 등,2
C2600K8,<몽타주: 6일간의 추격> 타겟 프로모션_40%_0430,A1SA1020261000120748,[즉시 할인] 몽타주: 6일간의 추격 40% 할인쿠폰,"20260617",TOAST,"20260403","20260430",PPV 등,1
C2600UX,"26년 7월_B tv+ KBS 이승철 콘서트_UI 541 이상_3",DummyOffer,,"20260721",TOAST,,,PPV 등,4
C2600RG,"26년 6월_B tv+ 주말 야식비 지원_UI 541 이상_3",DummyOffer,,"20260717",TOAST,,,PPV 등,7
C2600L5,"26년 5월_B tv+ 크런치롤_할인쿠폰",A1PR1020261000120053,[크런치롤] B tv 애니 장르 30% 할인,,TOAST,"20260225","20260531",PPV 등,0
C2600QL,"2606_플레이보이 디맨드_첫달무료_리마인드_2차",,,"20260623",TOAST,,,PPV 등,2
C2600PR,"26년 6월_B tv+ 파격할인_UI 541 이상_1",DummyOffer,,"20260617",TOAST,,,PPV 등,1
C2600T0,"26년 6월_B tv+ KBO 올스타전_UI 541 이상_2",DummyOffer,,"20260723",TOAST,,,PPV 등,1
C2600IP,"CJ ENM 월정액 3개월 5,500원_5월 1차",DummyOffer,,"20260518",TOAST,,,PPV 등,10842
C2600M8,<짱구> 할인쿠폰 프로모션,A1SA1020261000120863,"[짱구 런칭] 영화 5,500원 할인","20260525",TOAST,"20260518","20260630",PPV 등,774
C2600UW,"26년 7월_B tv+ KBS 이승철 콘서트_UI 541 이상_2",DummyOffer,,"20260718",TOAST,,,PPV 등,1199
C2600S7,토이스토리 소장용 패키지 프로모션 (6/18~6/21 발급),A1SA1020261000121259,"[토이 스토리 패키지 구매] 영화 5,500원 할인","20260622",TOAST,"20260615","20260731",PPV 등,281
C2600IP,"CJ ENM 월정액 3개월 5,500원_5월 1차",A1CP1020261000120659,"[온가족특가] CJ ENM 월정액 3개월 내내 5,500원","20260504",TOAST,"20260422","20260531",PM30000154,980
C2600XH,"26년 7월 B tv+ 50% 할인 연장 캠페인_25년9월할인",A1CP1020261000121665,[가입 유지 선물] B tv+ 50% 할인 혜택 6개월 자동 연장_7월,"20260724",TOAST,"20260721","20260831",PPV 등,246
C2600UX,"26년 7월_B tv+ KBS 이승철 콘서트_UI 541 이상_3",DummyOffer,,"20260730",TOAST,,,PPV 등,18
C2600RA,SPOTV 6월 첫달무료_1차_0617 토스트팝업,,,"20260711",TOAST,,,PPV 등,231
C2600T1,"26년 6월_B tv+ KBO 올스타전_UI 541 이상_3",DummyOffer,,"20260713",TOAST,,,PPV 등,15
C2600VG,"2607_비플/캐치온 왕사남 해지취소_2주차_토팝",,,"20260724",TOAST,,,PPV 등,2
C2600TN,"7월 성인 1+1 프로모션_모바일 (7/1~7/10)",A1SA1020261000121371,"[1+1이벤트] 3,300원 할인 쿠폰 (모바일)","20260708",TOAST,"20260626","20260731",PPV 등,42
C2600IP,"CJ ENM 월정액 3개월 5,500원_5월 1차",DummyOffer,,"20260529",TOAST,,,PPV 등,52
C2600N2,"26년 5월_B tv+ 당첨자_UI 541 이상_4(1770)",DummyOffer,,"20260606",TOAST,,,PPV 등,8
C2600IY,"JTBC 월정액 6개월 약정 3,300원_5월 1차",DummyOffer,,"20260625",TOAST,,,PPV 등,13
C2600IP,"CJ ENM 월정액 3개월 5,500원_5월 1차",DummyOffer,,"20260719",TOAST,,,PPV 등,2
C2600OO,"26년 6월_B tv+ 국내여행_(6/3)_89",DummyOffer,,"20260608",TOAST,,,PPV 등,7
C2600N1,"26년 5월_B tv+ 당첨자_UI 541 이상_3(1770)",DummyOffer,,"20260625",TOAST,,,PPV 등,2
C2600R4,<피어스> 할인쿠폰 프로모션,A1SA1020261000121258,"[피어스 런칭] 영화 5,500원 할인","20260622",TOAST,"20260615","20260731",PPV 등,1
C2600RW,"2606_비너스 디맨드_첫달무료_개편전",,,"20260718",TOAST,,,PPV 등,2
C2600VM,<헬파이어: 시수의 길> 할인쿠폰 프로모션,A1SA1020261000121461,"[헬파이어: 시수의 길 런칭] 영화 5,500원 할인",,TOAST,"20260708","20260831",PPV 등,0
C2600N0,"26년 5월_B tv+ 당첨자_UI 541 이상_2(1770)",DummyOffer,,"20260621",TOAST,,,PPV 등,1
C2600RW,"2606_비너스 디맨드_첫달무료_개편전",,,"20260715",TOAST,,,PPV 등,2
C2600LA,"26년 5월_B tv+ 비플리_UI 541 이상_1차(~5/17)_4(1770)",DummyOffer,,"20260517",TOAST,,,PPV 등,71690
C2600VG,"2607_비플/캐치온 왕사남 해지취소_2주차_토팝",,,"20260716",TOAST,,,PPV 등,226
C2600K8,<몽타주: 6일간의 추격> 타겟 프로모션_40%_0430,A1SA1020261000120748,[즉시 할인] 몽타주: 6일간의 추격 40% 할인쿠폰,"20260511",TOAST,"20260403","20260430",PPV 등,336
C2600LE,"CJ ENM 월정액 3개월 5,500원_5월 3차",A1CP1020261000120659,"[온가족특가] CJ ENM 월정액 3개월 내내 5,500원","20260520",TOAST,"20260422","20260531",PM30000154,321
C2600K8,<몽타주: 6일간의 추격> 타겟 프로모션_40%_0430,A1SA1020261000120748,[즉시 할인] 몽타주: 6일간의 추격 40% 할인쿠폰,"20260506",TOAST,"20260403","20260430",PPV 등,2490
C2600NH,<리 크로닌의 미이라> 할인쿠폰 프로모션,A1SA1020261000120855,"[리 크로닌의 미이라] 영화 3,300원 할인","20260604",TOAST,"20260507","20260630",PPV 등,68
C2600RX,"2606_비너스 디맨드_첫달무료_개편후",,,"20260712",TOAST,,,PPV 등,99
C2600OX,"26년 6월_B tv+ 국내여행_(6/4~7)_89",DummyOffer,,"20260617",TOAST,,,PPV 등,118
C2600VH,"26년 7월_B tv+ KBS 이승철 콘서트_타임딜_UI 541 이상_1",DummyOffer,,"20260730",TOAST,,,PPV 등,55
C2600KE,무비혜택도미도 쿠폰 사용 안내,,,"20260524",TOAST,,,PPV 등,58
C2600T0,"26년 6월_B tv+ KBO 올스타전_UI 541 이상_2",DummyOffer,,"20260719",TOAST,,,PPV 등,10
C2600ON,"26년 6월_B tv+ 국내여행_(6/3)_4567",DummyOffer,,"20260605",TOAST,,,PPV 등,44
C2600N1,"26년 5월_B tv+ 당첨자_UI 541 이상_3(1770)",DummyOffer,,"20260606",TOAST,,,PPV 등,16
C2600N7,"2605_SPOTV B캐시 이벤트_토팝 추가",,,"20260527",TOAST,,,PPV 등,16
C2600T1,"26년 6월_B tv+ KBO 올스타전_UI 541 이상_3",DummyOffer,,"20260720",TOAST,,,PPV 등,13
C2600KD,[주기성/쿠폰] <프로젝트헤일메리&인생SF전> 할인쿠폰 프로모션,A1PR1020261000120752,[프로젝트헤일메리] 인생SF영화 추가 30% 할인,"20260524",TOAST,"20260430","20260524",PPV 등,12
C2600O7,"2606_캐치온 해지방어_B tv+ Cross-sell",,,,TOAST,,,PPV 등,0
C2600KP,<왕과 사는 남자> 할인쿠폰 프로모션,A1SA1020261000120651,"[왕과 사는 남자 런칭] 영화 4,400원 할인",,TOAST,"20260421","20260531",PPV 등,0
C2600TL,"7월 성인 1+1 프로모션 (7/1~7/10)",A1SA1020261000121370,"[1+1이벤트] 3,300원 할인 쿠폰","20260718",TOAST,"20260626","20260731",PPV 등,2
C2600N7,"2605_SPOTV B캐시 이벤트_토팝 추가",,,,TOAST,,,PPV 등,0
C2600UQ,"2607_비플/캐치온 왕사남 해지취소",,,"20260722",TOAST,,,PPV 등,2
C2600PJ,"2606_플레이보이 디맨드_첫달무료_리마인드_1차",,,"20260630",TOAST,,,PPV 등,2
C2600N3,[주기성/쿠폰] <살목지&K-공포상영회> 할인쿠폰 프로모션,A1PR1020261000120873,[K-공포 상영회] 영화 50% 할인,"20260705",TOAST,"20260520","20260609",PPV 등,1
C2600OW,"26년 6월_B tv+ 국내여행_(6/4~7)_4567",DummyOffer,,"20260623",TOAST,,,PPV 등,2
C2600TJ,<데드 오브 윈터> 할인쿠폰 프로모션,A1SA1020261000121361,"[데드 오브 윈터 런칭] 영화 3,300원 할인","20260710",TOAST,"20260622","20260731",PPV 등,17
C2600KI,"JTBC 월정액 6개월 약정 3,300원_5월 3차",A1CP1020261000120658,"[온가족특가] JTBC 6개월 약정 기간 내내 월 3,300원","20260624",TOAST,"20260421","20260531",PM30000269,1
C2600IP,"CJ ENM 월정액 3개월 5,500원_5월 1차",DummyOffer,,"20260705",TOAST,,,PPV 등,1
C2600SJ,[주기성]프라다입고문워크 신작혜택파티 프로모션,A1PR1020261000121272,[신작혜택파티] 영화 30% 할인(악마는프라다2 외 대상작),"20260729",TOAST,"20260618","20260706",PPV 등,2
C2600N0,"26년 5월_B tv+ 당첨자_UI 541 이상_2(1770)",DummyOffer,,"20260704",TOAST,,,PPV 등,3
C2600UQ,"2607_비플/캐치온 왕사남 해지취소",,,"20260713",TOAST,,,PPV 등,19
C2600OU,"2606_SPOTV_BWF 인도네시아 오픈",DummyOffer,,"20260719",TOAST,,,PPV 등,158
C2600IY,"JTBC 월정액 6개월 약정 3,300원_5월 1차",A1CP1020261000120658,"[온가족특가] JTBC 6개월 약정 기간 내내 월 3,300원","20260506",TOAST,"20260421","20260531",PM30000269,427
C2600VN,<엘리베이션> 할인쿠폰 프로모션,A1SA1020261000121463,"[엘리베이션 런칭] 영화 3,300원 할인","20260717",TOAST,"20260708","20260831",PPV 등,152
C2600RG,"26년 6월_B tv+ 주말 야식비 지원_UI 541 이상_3",DummyOffer,,"20260625",TOAST,,,PPV 등,206
C2600RG,"26년 6월_B tv+ 주말 야식비 지원_UI 541 이상_3",DummyOffer,,"20260730",TOAST,,,PPV 등,8
C2600P0,<쉘터> 타겟 프로모션_30%_0604,A1SA1020261000120953,[즉시 할인] 쉘터 30% 할인쿠폰,"20260625",TOAST,"20260526","20260630",PPV 등,70
C2600UP,<서퍼> 할인쿠폰 프로모션,A1SA1020261000121460,"[서퍼 런칭] 영화 3,300원 할인","20260712",TOAST,"20260708","20260831",PPV 등,13
C2600JZ,"JTBC 월정액 6개월 약정 3,300원_5월 2차",DummyOffer,,"20260614",TOAST,,,PPV 등,13
C2600QY,수요1+1무비쿠폰(6월 쿠폰발급),A1PR1020261000121167,[금토일무비쿠폰] 20% 할인(5천원 이상 사용),"20260619",TOAST,"20260609","20261231",PPV 등,35
C2600T0,"26년 6월_B tv+ KBO 올스타전_UI 541 이상_2",DummyOffer,,"20260717",TOAST,,,PPV 등,10
C2600RH,"26년 6월_B tv+ 주말 야식비 지원_UI 541 이상_4",DummyOffer,,"20260724",TOAST,,,PPV 등,11
C2600SJ,[주기성]프라다입고문워크 신작혜택파티 프로모션,A1PR1020261000121272,[신작혜택파티] 영화 30% 할인(악마는프라다2 외 대상작),"20260725",TOAST,"20260618","20260706",PPV 등,1
C2600KO,<폭탄> 할인쿠폰 프로모션,A1SA1020261000120751,"[폭탄 런칭] 영화 5,500원 할인","20260522",TOAST,"20260430","20260531",PPV 등,2
C2600LA,"26년 5월_B tv+ 비플리_UI 541 이상_1차(~5/17)_4(1770)",DummyOffer,,"20260605",TOAST,,,PPV 등,2
C2600M8,<짱구> 할인쿠폰 프로모션,A1SA1020261000120863,"[짱구 런칭] 영화 5,500원 할인","20260606",TOAST,"20260518","20260630",PPV 등,5
C2600US,<잠금: 셧다운> 할인쿠폰 프로모션,A1SA1020261000121462,"[잠금: 셧다운 런칭] 영화 5,500원 할인","20260725",TOAST,"20260708","20260831",PPV 등,3
C2600KP,<왕과 사는 남자> 할인쿠폰 프로모션,A1SA1020261000120651,"[왕과 사는 남자 런칭] 영화 4,400원 할인","20260524",TOAST,"20260421","20260531",PPV 등,4
C2600T4,"26년 6월_B tv+ KBO 올스타전_UI 541 이상_4",DummyOffer,,"20260716",TOAST,,,PPV 등,6
C2600OJ,"2606_플레이보이 디맨드_첫달무료",,,,TOAST,,,PPV 등,0
C2600KK,"CJ ENM 월정액 3개월 5,500원_5월 2차",A1CP1020261000120659,"[온가족특가] CJ ENM 월정액 3개월 내내 5,500원","20260621",TOAST,"20260422","20260531",PM30000154,4
C2600TH,<살목지> 할인쿠폰 프로모션,A1SA1020261000121380,"[살목지 런칭] 영화 3,300원 할인","20260717",TOAST,"20260629","20260731",PPV 등,1
C2600KE,무비혜택도미도 쿠폰 사용 안내,,,"20260608",TOAST,,,PPV 등,1
C2600RA,SPOTV 6월 첫달무료_1차_0617 토스트팝업,,,"20260622",TOAST,,,PPV 등,880
C2600SU,"26년 6월_B tv+ KBO 올스타전_UI 541 이상_1",DummyOffer,,"20260702",TOAST,,,PPV 등,18222
C2600RC,"<왕과 사는 남자> 타겟 프로모션_2,000원_0617",A1SA1020261000121266,"[즉시 할인] 왕과 사는 남자 2,200원 할인쿠폰","20260620",TOAST,"20260616","20260731",PPV 등,2451
C2600NG,SPOTV 6월 첫달무료_1차_0613 토팝,,,"20260616",TOAST,,,PPV 등,11179
C2600O0,"26년 6월_B tv+ 짝수달 유료전환 테스트_UI 552 이상",DummyOffer,,"20260609",TOAST,,,PPV 등,21813
C2600N3,[주기성/쿠폰] <살목지&K-공포상영회> 할인쿠폰 프로모션,A1PR1020261000120873,[K-공포 상영회] 영화 50% 할인,"20260529",TOAST,"20260520","20260609",PPV 등,1019
C2600KP,<왕과 사는 남자> 할인쿠폰 프로모션,A1SA1020261000120651,"[왕과 사는 남자 런칭] 영화 4,400원 할인","20260514",TOAST,"20260421","20260531",PPV 등,134
C2600OU,"2606_SPOTV_BWF 인도네시아 오픈",DummyOffer,,"20260721",TOAST,,,PPV 등,81
C2600RF,"26년 6월_B tv+ 주말 야식비 지원_UI 541 이상_2",DummyOffer,,"20260717",TOAST,,,PPV 등,106
C2600RH,"26년 6월_B tv+ 주말 야식비 지원_UI 541 이상_4",DummyOffer,,"20260629",TOAST,,,PPV 등,101
C2600IP,"CJ ENM 월정액 3개월 5,500원_5월 1차",DummyOffer,,"20260527",TOAST,,,PPV 등,114
C2600RF,"26년 6월_B tv+ 주말 야식비 지원_UI 541 이상_2",DummyOffer,,"20260723",TOAST,,,PPV 등,42
C2600OU,"2606_SPOTV_BWF 인도네시아 오픈",DummyOffer,,"20260703",TOAST,,,PPV 등,242
C2600KI,"JTBC 월정액 6개월 약정 3,300원_5월 3차",A1CP1020261000120658,"[온가족특가] JTBC 6개월 약정 기간 내내 월 3,300원","20260517",TOAST,"20260421","20260531",PM30000269,246
C2600SU,"26년 6월_B tv+ KBO 올스타전_UI 541 이상_1",DummyOffer,,"20260710",TOAST,,,PPV 등,20
C2600R8,"26년 6월_B tv+ 주말 야식비 지원_UI 541 이상_1",DummyOffer,,"20260715",TOAST,,,PPV 등,37
C2600R8,"26년 6월_B tv+ 주말 야식비 지원_UI 541 이상_1",DummyOffer,,"20260726",TOAST,,,PPV 등,19
C2600JA,<오시리스> 할인쿠폰 프로모션,A1SA1020261000120652,"[오시리스 런칭] 영화 3,300원 할인","20260515",TOAST,"20260421","20260531",PPV 등,4
C2600ON,"26년 6월_B tv+ 국내여행_(6/3)_4567",DummyOffer,,"20260622",TOAST,,,PPV 등,1
C2600LA,"26년 5월_B tv+ 비플리_UI 541 이상_1차(~5/17)_4(1770)",DummyOffer,,"20260617",TOAST,,,PPV 등,1
C2600NA,"26년 5월 B tv+ 할인 연장 캠페인_1주년 5,500원",A1CP1020261000120954,"[가입 유지 선물] B tv+ 월 5,500원 혜택 6개월 자동 연장_5월","20260612",TOAST,"20260526","20260731",PM30000107,3
C2600N0,"26년 5월_B tv+ 당첨자_UI 541 이상_2(1770)",DummyOffer,,"20260628",TOAST,,,PPV 등,1
C2600OP,"26년 6월_B tv+ 국내여행_(6/4~7)_0123",DummyOffer,,"20260720",TOAST,,,PPV 등,1
C2600M8,<짱구> 할인쿠폰 프로모션,A1SA1020261000120863,"[짱구 런칭] 영화 5,500원 할인","20260616",TOAST,"20260518","20260630",PPV 등,1
C2600TM,<신의 악단> 할인쿠폰 프로모션,A1SA1020261000121384,"[신의 악단 런칭] 영화 3,300원 할인","20260720",TOAST,"20260630","20260731",PPV 등,1
C2600KK,"CJ ENM 월정액 3개월 5,500원_5월 2차",A1CP1020261000120659,"[온가족특가] CJ ENM 월정액 3개월 내내 5,500원","20260609",TOAST,"20260422","20260531",PM30000154,5
C2600N1,"26년 5월_B tv+ 당첨자_UI 541 이상_3(1770)",DummyOffer,,"20260621",TOAST,,,PPV 등,5
C2600UP,<서퍼> 할인쿠폰 프로모션,A1SA1020261000121460,"[서퍼 런칭] 영화 3,300원 할인","20260722",TOAST,"20260708","20260831",PPV 등,1
C2600T6,"26년 6월 B tv+ 할인 연장 캠페인_광복절 5,500원",A1CP1020261000121367,"[가입 유지 선물] B tv+ 월 5,500원 이용 혜택 6개월 자동 연장_6월","20260720",TOAST,"20260625","20260731",PPV 등,1
C2600UU,"7월 성인 1+1 앵콜 프로모션_모바일 (7/11~7/20)",A1SA1020261000121458,"[1+1 앵콜 이벤트] 3,300원 할인 쿠폰","20260729",TOAST,"20260708","20260831",PPV 등,1
C2600UQ,"2607_비플/캐치온 왕사남 해지취소",,,"20260724",TOAST,,,PPV 등,1
C2600JZ,"JTBC 월정액 6개월 약정 3,300원_5월 2차",DummyOffer,,"20260508",TOAST,,,PPV 등,110573
C2600T1,"26년 6월_B tv+ KBO 올스타전_UI 541 이상_3",DummyOffer,,"20260704",TOAST,,,PPV 등,543578
C2600KK,"CJ ENM 월정액 3개월 5,500원_5월 2차",A1CP1020261000120659,"[온가족특가] CJ ENM 월정액 3개월 내내 5,500원","20260508",TOAST,"20260422","20260531",PM30000154,16110
C2600SU,"26년 6월_B tv+ KBO 올스타전_UI 541 이상_1",DummyOffer,,"20260709",TOAST,,,PPV 등,1553
C2600UN,"26년 7월_B tv+ KBS 이승철 콘서트_UI 541 이상_1",DummyOffer,,"20260716",TOAST,,,PPV 등,6005
C2600IY,"JTBC 월정액 6개월 약정 3,300원_5월 1차",A1CP1020261000120658,"[온가족특가] JTBC 6개월 약정 기간 내내 월 3,300원","20260504",TOAST,"20260421","20260531",PM30000269,1028
C2600RW,"2606_비너스 디맨드_첫달무료_개편전",,,"20260622",TOAST,,,PPV 등,4749
C2600T1,"26년 6월_B tv+ KBO 올스타전_UI 541 이상_3",DummyOffer,,"20260708",TOAST,,,PPV 등,1319
C2600UU,"7월 성인 1+1 앵콜 프로모션_모바일 (7/11~7/20)",A1SA1020261000121458,"[1+1 앵콜 이벤트] 3,300원 할인 쿠폰","20260714",TOAST,"20260708","20260831",PPV 등,356
C2600OU,"2606_SPOTV_BWF 인도네시아 오픈",DummyOffer,,"20260707",TOAST,,,PPV 등,169
C2600PU,"26년 6월_B tv+ 파격할인_UI 541 이상_4",DummyOffer,,"20260616",TOAST,,,PPV 등,1028
C2600LA,"26년 5월_B tv+ 비플리_UI 541 이상_1차(~5/17)_4(1770)",DummyOffer,,"20260525",TOAST,,,PPV 등,3
C2600PT,"26년 6월_B tv+ 파격할인_UI 541 이상_3",DummyOffer,,"20260619",TOAST,,,PPV 등,51
C2600OU,"2606_SPOTV_BWF 인도네시아 오픈",DummyOffer,,"20260715",TOAST,,,PPV 등,99
C2600RH,"26년 6월_B tv+ 주말 야식비 지원_UI 541 이상_4",DummyOffer,,"20260630",TOAST,,,PPV 등,159
C2600IP,"CJ ENM 월정액 3개월 5,500원_5월 1차",DummyOffer,,"20260602",TOAST,,,PPV 등,66
C2600K8,<몽타주: 6일간의 추격> 타겟 프로모션_40%_0430,A1SA1020261000120748,[즉시 할인] 몽타주: 6일간의 추격 40% 할인쿠폰,"20260530",TOAST,"20260403","20260430",PPV 등,123
C2600TJ,<데드 오브 윈터> 할인쿠폰 프로모션,A1SA1020261000121361,"[데드 오브 윈터 런칭] 영화 3,300원 할인","20260704",TOAST,"20260622","20260731",PPV 등,31
C2600N2,"26년 5월_B tv+ 당첨자_UI 541 이상_4(1770)",DummyOffer,,"20260617",TOAST,,,PPV 등,1
C2600R8,"26년 6월_B tv+ 주말 야식비 지원_UI 541 이상_1",DummyOffer,,"20260721",TOAST,,,PPV 등,25
C2600N3,[주기성/쿠폰] <살목지&K-공포상영회> 할인쿠폰 프로모션,A1PR1020261000120873,[K-공포 상영회] 영화 50% 할인,"20260614",TOAST,"20260520","20260609",PPV 등,14
C2600R8,"26년 6월_B tv+ 주말 야식비 지원_UI 541 이상_1",DummyOffer,,"20260728",TOAST,,,PPV 등,16
C2600KD,[주기성/쿠폰] <프로젝트헤일메리&인생SF전> 할인쿠폰 프로모션,A1PR1020261000120752,[프로젝트헤일메리] 인생SF영화 추가 30% 할인,"20260526",TOAST,"20260430","20260524",PPV 등,4
C2600XH,"26년 7월 B tv+ 50% 할인 연장 캠페인_25년9월할인",A1CP1020261000121665,[가입 유지 선물] B tv+ 50% 할인 혜택 6개월 자동 연장_7월,"20260726",TOAST,"20260721","20260831",PPV 등,13
C2600NA,"26년 5월 B tv+ 할인 연장 캠페인_1주년 5,500원",A1CP1020261000120954,"[가입 유지 선물] B tv+ 월 5,500원 혜택 6개월 자동 연장_5월","20260530",TOAST,"20260526","20260731",PM30000107,24
C2600NG,SPOTV 6월 첫달무료_1차_0613 토팝,,,"20260712",TOAST,,,PPV 등,4
C2600PS,"26년 6월_B tv+ 파격할인_UI 541 이상_2",DummyOffer,,"20260707",TOAST,,,PPV 등,2
C2600KE,무비혜택도미도 쿠폰 사용 안내,,,"20260617",TOAST,,,PPV 등,2
C2600QY,수요1+1무비쿠폰(6월 쿠폰발급),A1PR1020261000121167,[금토일무비쿠폰] 20% 할인(5천원 이상 사용),"20260625",TOAST,"20260609","20261231",PPV 등,1
C2600IY,"JTBC 월정액 6개월 약정 3,300원_5월 1차",DummyOffer,,"20260621",TOAST,,,PPV 등,8
C2600VM,<헬파이어: 시수의 길> 할인쿠폰 프로모션,A1SA1020261000121461,"[헬파이어: 시수의 길 런칭] 영화 5,500원 할인","20260723",TOAST,"20260708","20260831",PPV 등,5
C2600W3,비캐시 유효기간 임박고객 콘텐츠 구매 알림,,,,TOAST,,,PPV 등,0
C2600PT,"26년 6월_B tv+ 파격할인_UI 541 이상_3",DummyOffer,,"20260621",TOAST,,,PPV 등,1
C2600N2,"26년 5월_B tv+ 당첨자_UI 541 이상_4(1770)",DummyOffer,,"20260616",TOAST,,,PPV 등,1
C2600M2,"26년 5월_B tv+ 당첨자_UI 541 이상_1(1770)",DummyOffer,,"20260526",TOAST,,,PPV 등,12978
C2600L9,"26년 5월_B tv+ 비플리_UI 541 이상_1차(~5/17)_3(1770)",DummyOffer,,"20260516",TOAST,,,PPV 등,177532
C2600PJ,"2606_플레이보이 디맨드_첫달무료_리마인드_1차",,,"20260606",TOAST,,,PPV 등,60435
C2600R8,"26년 6월_B tv+ 주말 야식비 지원_UI 541 이상_1",DummyOffer,,"20260619",TOAST,,,PPV 등,67202
C2600OU,"2606_SPOTV_BWF 인도네시아 오픈",DummyOffer,,"20260614",TOAST,,,PPV 등,981
C2600UX,"26년 7월_B tv+ KBS 이승철 콘서트_UI 541 이상_3",DummyOffer,,"20260711",TOAST,,,PPV 등,15084
C2600IY,"JTBC 월정액 6개월 약정 3,300원_5월 1차",DummyOffer,,"20260525",TOAST,,,PPV 등,4003
C2600O0,"26년 6월_B tv+ 짝수달 유료전환 테스트_UI 552 이상",DummyOffer,,"20260718",TOAST,,,PPV 등,1366
C2600L9,"26년 5월_B tv+ 비플리_UI 541 이상_1차(~5/17)_3(1770)",DummyOffer,,"20260521",TOAST,,,PPV 등,322
C2600RA,SPOTV 6월 첫달무료_1차_0617 토스트팝업,,,"20260713",TOAST,,,PPV 등,115
C2600KD,[주기성/쿠폰] <프로젝트헤일메리&인생SF전> 할인쿠폰 프로모션,A1PR1020261000120752,[프로젝트헤일메리] 인생SF영화 추가 30% 할인,"20260518",TOAST,"20260430","20260524",PPV 등,507
C2600N1,"26년 5월_B tv+ 당첨자_UI 541 이상_3(1770)",DummyOffer,,"20260528",TOAST,,,PPV 등,1449
C2600NP,<모탈 컴뱃2> 할인쿠폰 프로모션,A1SA1020261000120959,"[모탈컴뱃2 런칭] 영화 5,500원 할인","20260605",TOAST,"20260528","20260615",PPV 등,59
C2600UU,"7월 성인 1+1 앵콜 프로모션_모바일 (7/11~7/20)",A1SA1020261000121458,"[1+1 앵콜 이벤트] 3,300원 할인 쿠폰","20260713",TOAST,"20260708","20260831",PPV 등,415
C2600O7,"2606_캐치온 해지방어_B tv+ Cross-sell",,,"20260607",TOAST,,,PPV 등,5
C2600NL,<쉘터> 할인쿠폰 프로모션,A1SA1020261000120861,"[쉘터 런칭] 영화 3,300원 할인","20260606",TOAST,"20260518","20260630",PPV 등,3
C2600LE,"CJ ENM 월정액 3개월 5,500원_5월 3차",A1CP1020261000120659,"[온가족특가] CJ ENM 월정액 3개월 내내 5,500원","20260602",TOAST,"20260422","20260531",PM30000154,29
C2600TH,<살목지> 할인쿠폰 프로모션,A1SA1020261000121380,"[살목지 런칭] 영화 3,300원 할인","20260711",TOAST,"20260629","20260731",PPV 등,3
C2600MB,<힌드의 목소리> 할인쿠폰 프로모션,A1SA1020261000120864,"[힌드의 목소리 런칭] 영화 5,500원 할인","20260526",TOAST,"20260519","20260630",PPV 등,1
C2600O7,"2606_캐치온 해지방어_B tv+ Cross-sell",,,"20260611",TOAST,,,PPV 등,6
C2600LE,"CJ ENM 월정액 3개월 5,500원_5월 3차",A1CP1020261000120659,"[온가족특가] CJ ENM 월정액 3개월 내내 5,500원","20260616",TOAST,"20260422","20260531",PM30000154,1
C2600KK,"CJ ENM 월정액 3개월 5,500원_5월 2차",A1CP1020261000120659,"[온가족특가] CJ ENM 월정액 3개월 내내 5,500원","20260729",TOAST,"20260422","20260531",PM30000154,1
C2600LE,"CJ ENM 월정액 3개월 5,500원_5월 3차",A1CP1020261000120659,"[온가족특가] CJ ENM 월정액 3개월 내내 5,500원","20260622",TOAST,"20260422","20260531",PM30000154,1
C2600T1,"26년 6월_B tv+ KBO 올스타전_UI 541 이상_3",DummyOffer,,"20260716",TOAST,,,PPV 등,4
C2600NI,<시에라 마드레: 카르텔 전쟁> 할인쿠폰 프로모션,A1SA1020261000120862,"[시에라 마드레: 카르텔 전쟁 런칭] 영화 5,500원 할인","20260613",TOAST,"20260518","20260630",PPV 등,1
C2600R6,<슈퍼 마리오 갤럭시> 할인쿠폰 프로모션,A1SA1020261000120961,"[슈퍼마리오 갤럭시 런칭] 영화 3,300원 할인","20260628",TOAST,"20260529","20260623",PPV 등,2
C2600KI,"JTBC 월정액 6개월 약정 3,300원_5월 3차",A1CP1020261000120658,"[온가족특가] JTBC 6개월 약정 기간 내내 월 3,300원","20260726",TOAST,"20260421","20260531",PM30000269,1
C2600N1,"26년 5월_B tv+ 당첨자_UI 541 이상_3(1770)",DummyOffer,,"20260615",TOAST,,,PPV 등,1
C2600RF,"26년 6월_B tv+ 주말 야식비 지원_UI 541 이상_2",DummyOffer,,"20260620",TOAST,,,PPV 등,311825
C2600OX,"26년 6월_B tv+ 국내여행_(6/4~7)_89",DummyOffer,,"20260605",TOAST,,,PPV 등,19400
C2600KK,"CJ ENM 월정액 3개월 5,500원_5월 2차",A1CP1020261000120659,"[온가족특가] CJ ENM 월정액 3개월 내내 5,500원","20260511",TOAST,"20260422","20260531",PM30000154,200
C2600NP,<모탈 컴뱃2> 할인쿠폰 프로모션,A1SA1020261000120959,"[모탈컴뱃2 런칭] 영화 5,500원 할인","20260608",TOAST,"20260528","20260615",PPV 등,108
C2600RF,"26년 6월_B tv+ 주말 야식비 지원_UI 541 이상_2",DummyOffer,,"20260704",TOAST,,,PPV 등,399
C2600IP,"CJ ENM 월정액 3개월 5,500원_5월 1차",DummyOffer,,"20260605",TOAST,,,PPV 등,43
C2600OU,"2606_SPOTV_BWF 인도네시아 오픈",DummyOffer,,"20260718",TOAST,,,PPV 등,180
C2600L9,"26년 5월_B tv+ 비플리_UI 541 이상_1차(~5/17)_3(1770)",DummyOffer,,"20260522",TOAST,,,PPV 등,209
C2600JA,<오시리스> 할인쿠폰 프로모션,A1SA1020261000120652,"[오시리스 런칭] 영화 3,300원 할인","20260516",TOAST,"20260421","20260531",PPV 등,2
C2600SC,<금발이 되고 싶어> 할인쿠폰 프로모션,A1SA1020261000121360,"[금발이 되고 싶어 런칭] 영화 5,500원 할인","20260629",TOAST,"20260622","20260731",PPV 등,25
C2600TO,<마이클> 할인쿠폰 프로모션,A1SA1020261000121261,"[마이클 런칭] 영화 3,300원 할인","20260713",TOAST,"20260616","20260815",PPV 등,7
C2600SH,<납치 48시간> 할인쿠폰 프로모션,A1SA1020261000121265,"[납치 48시간 런칭] 영화 3,300원 할인","20260701",TOAST,"20260616","20260831",PPV 등,16
C2600JE,<캣 앤 독> 할인쿠폰 프로모션,A1SA1020261000120747,"[캣 앤 독 런칭] 영화 5,500원 할인","20260516",TOAST,"20260428","20260531",PPV 등,7
C2600PJ,"2606_플레이보이 디맨드_첫달무료_리마인드_1차",,,"20260715",TOAST,,,PPV 등,1
C2600RH,"26년 6월_B tv+ 주말 야식비 지원_UI 541 이상_4",DummyOffer,,"20260718",TOAST,,,PPV 등,21
C2600IP,"CJ ENM 월정액 3개월 5,500원_5월 1차",DummyOffer,,"20260515",TOAST,,,PPV 등,10
C2600N3,[주기성/쿠폰] <살목지&K-공포상영회> 할인쿠폰 프로모션,A1PR1020261000120873,[K-공포 상영회] 영화 50% 할인,"20260704",TOAST,"20260520","20260609",PPV 등,1
C2600QL,"2606_플레이보이 디맨드_첫달무료_리마인드_2차",,,"20260626",TOAST,,,PPV 등,3
C2600IY,"JTBC 월정액 6개월 약정 3,300원_5월 1차",DummyOffer,,"20260730",TOAST,,,PPV 등,1
C2600T9,"26년 6월 B tv+ 할인 연장 캠페인_8월할인 7,700원",A1CP1020261000121368,"[가입 유지 선물] B tv+ 월 7,700원 이용 혜택 6개월 자동 연장_6월","20260718",TOAST,"20260625","20260731",PPV 등,1
C2600QL,"2606_플레이보이 디맨드_첫달무료_리마인드_2차",,,"20260622",TOAST,,,PPV 등,3
C2600T8,<살목지(2차)> 할인쿠폰 프로모션,A1SA1020261000121161,"[살목지 런칭] 영화 4,444원 할인",,TOAST,"20260605","20260731",PPV 등,0
C2600RW,"2606_비너스 디맨드_첫달무료_개편전",,,"20260729",TOAST,,,PPV 등,2
C2600M8,<짱구> 할인쿠폰 프로모션,A1SA1020261000120863,"[짱구 런칭] 영화 5,500원 할인","20260711",TOAST,"20260518","20260630",PPV 등,1
C2600N7,"2605_SPOTV B캐시 이벤트_토팝 추가",,,"20260530",TOAST,,,PPV 등,1
C2600OX,"26년 6월_B tv+ 국내여행_(6/4~7)_89",DummyOffer,,,TOAST,,,PPV 등,0
C2600QU,"6월 성인 1+1 프로모션 (6/11~6/20)_수정",A1SA1020261000121168,"[1+1이벤트] 3,300원 할인 쿠폰","20260706",TOAST,"20260609","20260731",PPV 등,1
C2600UW,"26년 7월_B tv+ KBS 이승철 콘서트_UI 541 이상_2",DummyOffer,,"20260709",TOAST,,,PPV 등,582436
C2600OU,"2606_SPOTV_BWF 인도네시아 오픈",DummyOffer,,"20260604",TOAST,,,PPV 등,20442
C2600RX,"2606_비너스 디맨드_첫달무료_개편후",,,"20260630",TOAST,,,PPV 등,438
C2600L8,"26년 5월_B tv+ 비플리_UI 541 이상_1차(~5/17)_2(1770)",DummyOffer,,"20260521",TOAST,,,PPV 등,2354
C2600UQ,"2607_비플/캐치온 왕사남 해지취소",,,"20260709",TOAST,,,PPV 등,266
C2600M8,<짱구> 할인쿠폰 프로모션,A1SA1020261000120863,"[짱구 런칭] 영화 5,500원 할인","20260524",TOAST,"20260518","20260630",PPV 등,767
C2600OW,"26년 6월_B tv+ 국내여행_(6/4~7)_4567",DummyOffer,,"20260617",TOAST,,,PPV 등,168
C2600OU,"2606_SPOTV_BWF 인도네시아 오픈",DummyOffer,,"20260627",TOAST,,,PPV 등,440
C2600XE,"26년 7월_B tv+ 7월 4주차 복날 타임딜_UI 541 이상_2_F",DummyOffer,,"20260729",TOAST,,,PPV 등,2775
C2600QU,"6월 성인 1+1 프로모션 (6/11~6/20)_수정",A1SA1020261000121168,"[1+1이벤트] 3,300원 할인 쿠폰","20260618",TOAST,"20260609","20260731",PPV 등,307
C2600RX,"2606_비너스 디맨드_첫달무료_개편후",,,"20260726",TOAST,,,PPV 등,24
C2600RC,"<왕과 사는 남자> 타겟 프로모션_2,000원_0617",A1SA1020261000121266,"[즉시 할인] 왕과 사는 남자 2,200원 할인쿠폰","20260720",TOAST,"20260616","20260731",PPV 등,51
C2600SH,<납치 48시간> 할인쿠폰 프로모션,A1SA1020261000121265,"[납치 48시간 런칭] 영화 3,300원 할인","20260629",TOAST,"20260616","20260831",PPV 등,35
C2600T1,"26년 6월_B tv+ KBO 올스타전_UI 541 이상_3",DummyOffer,,"20260715",TOAST,,,PPV 등,12
C2600UN,"26년 7월_B tv+ KBS 이승철 콘서트_UI 541 이상_1",DummyOffer,,"20260730",TOAST,,,PPV 등,36
C2600R8,"26년 6월_B tv+ 주말 야식비 지원_UI 541 이상_1",DummyOffer,,"20260717",TOAST,,,PPV 등,47
C2600KI,"JTBC 월정액 6개월 약정 3,300원_5월 3차",A1CP1020261000120658,"[온가족특가] JTBC 6개월 약정 기간 내내 월 3,300원","20260526",TOAST,"20260421","20260531",PM30000269,53
C2600KI,"JTBC 월정액 6개월 약정 3,300원_5월 3차",A1CP1020261000120658,"[온가족특가] JTBC 6개월 약정 기간 내내 월 3,300원","20260613",TOAST,"20260421","20260531",PM30000269,4
C2600L7,"26년 5월_B tv+ 비플리_UI 541 이상_1차(~5/17)_1(1770)",DummyOffer,,"20260527",TOAST,,,PPV 등,6
C2600SJ,[주기성]프라다입고문워크 신작혜택파티 프로모션,A1PR1020261000121272,[신작혜택파티] 영화 30% 할인(악마는프라다2 외 대상작),"20260721",TOAST,"20260618","20260706",PPV 등,1
C2600WG,<디스클로저 데이> 할인쿠폰 프로모션,A1SA1020261000121558,"[디스클로저 데이 런칭] 영화 3,300원 할인","20260730",TOAST,"20260713","20260831",PPV 등,7
C2600RW,"2606_비너스 디맨드_첫달무료_개편전",,,"20260712",TOAST,,,PPV 등,1
C2600OW,"26년 6월_B tv+ 국내여행_(6/4~7)_4567",DummyOffer,,"20260630",TOAST,,,PPV 등,1
C2600S3,"6월 성인 1+1 프로모션 (6/21~6/30)",A1SA1020261000121170,"[1+1 앵콜 이벤트] 3,300원 할인 쿠폰","20260720",TOAST,"20260609","20260731",PPV 등,2
C2600JZ,"JTBC 월정액 6개월 약정 3,300원_5월 2차",DummyOffer,,"20260723",TOAST,,,PPV 등,1
C2600OM,"26년 6월_B tv+ 국내여행_(6/3)_0123",DummyOffer,,"20260702",TOAST,,,PPV 등,1
C2600OM,"26년 6월_B tv+ 국내여행_(6/3)_0123",DummyOffer,,"20260704",TOAST,,,PPV 등,1
C2600OP,"26년 6월_B tv+ 국내여행_(6/4~7)_0123",DummyOffer,,"20260609",TOAST,,,PPV 등,2713
C2600O0,"26년 6월_B tv+ 짝수달 유료전환 테스트_UI 552 이상",DummyOffer,,"20260702",TOAST,,,PPV 등,5268
C2600T0,"26년 6월_B tv+ KBO 올스타전_UI 541 이상_2",DummyOffer,,"20260703",TOAST,,,PPV 등,11267
C2600QL,"2606_플레이보이 디맨드_첫달무료_리마인드_2차",,,"20260613",TOAST,,,PPV 등,36379
C2600X8,"26년 7월_B tv+ 7월 4주차 복날 타임딜_UI 541 이상_3_F",DummyOffer,,"20260727",TOAST,,,PPV 등,6960
C2600RA,SPOTV 6월 첫달무료_1차_0617 토스트팝업,,,"20260720",TOAST,,,PPV 등,88
C2600R4,<피어스> 할인쿠폰 프로모션,A1SA1020261000121258,"[피어스 런칭] 영화 5,500원 할인","20260618",TOAST,"20260615","20260731",PPV 등,6
C2600RA,SPOTV 6월 첫달무료_1차_0617 토스트팝업,,,"20260714",TOAST,,,PPV 등,103
C2600T0,"26년 6월_B tv+ KBO 올스타전_UI 541 이상_2",DummyOffer,,"20260715",TOAST,,,PPV 등,20
C2600TM,<신의 악단> 할인쿠폰 프로모션,A1SA1020261000121384,"[신의 악단 런칭] 영화 3,300원 할인","20260714",TOAST,"20260630","20260731",PPV 등,77
C2600IP,"CJ ENM 월정액 3개월 5,500원_5월 1차",DummyOffer,,"20260528",TOAST,,,PPV 등,105
C2600LE,"CJ ENM 월정액 3개월 5,500원_5월 3차",A1CP1020261000120659,"[온가족특가] CJ ENM 월정액 3개월 내내 5,500원","20260629",TOAST,"20260422","20260531",PM30000154,1
C2600UN,"26년 7월_B tv+ KBS 이승철 콘서트_UI 541 이상_1",DummyOffer,,"20260719",TOAST,,,PPV 등,22
C2600NC,"26년 5월 B tv+ 할인 연장 캠페인_1주년 4,400원",A1CP1020261000120955,"[가입 유지 선물] B tv+ 월 4,400원 혜택 6개월 자동 연장_5월","20260531",TOAST,"20260526","20260731",PM30000107,4
C2600OM,"26년 6월_B tv+ 국내여행_(6/3)_0123",DummyOffer,,"20260613",TOAST,,,PPV 등,2
C2600L8,"26년 5월_B tv+ 비플리_UI 541 이상_1차(~5/17)_2(1770)",DummyOffer,,"20260609",TOAST,,,PPV 등,1
C2600TH,<살목지> 할인쿠폰 프로모션,A1SA1020261000121380,"[살목지 런칭] 영화 3,300원 할인","20260703",TOAST,"20260629","20260731",PPV 등,10
C2600KE,무비혜택도미도 쿠폰 사용 안내,,,"20260531",TOAST,,,PPV 등,19
C2600NC,"26년 5월 B tv+ 할인 연장 캠페인_1주년 4,400원",A1CP1020261000120955,"[가입 유지 선물] B tv+ 월 4,400원 혜택 6개월 자동 연장_5월","20260603",TOAST,"20260526","20260731",PM30000107,2
C2600P0,<쉘터> 타겟 프로모션_30%_0604,A1SA1020261000120953,[즉시 할인] 쉘터 30% 할인쿠폰,"20260708",TOAST,"20260526","20260630",PPV 등,24
C2600JE,<캣 앤 독> 할인쿠폰 프로모션,A1SA1020261000120747,"[캣 앤 독 런칭] 영화 5,500원 할인","20260518",TOAST,"20260428","20260531",PPV 등,8
C2600JZ,"JTBC 월정액 6개월 약정 3,300원_5월 2차",DummyOffer,,"20260625",TOAST,,,PPV 등,10
C2600TO,<마이클> 할인쿠폰 프로모션,A1SA1020261000121261,"[마이클 런칭] 영화 3,300원 할인",,TOAST,"20260616","20260815",PPV 등,0
C2600KA,"26년 5월_B tv+ 비플리_UI 540 이하(1969)_토팝 멀티스탭",DummyOffer,,"20260515",TOAST,,,PPV 등,2
C2600ON,"26년 6월_B tv+ 국내여행_(6/3)_4567",DummyOffer,,"20260618",TOAST,,,PPV 등,1
C2600IP,"CJ ENM 월정액 3개월 5,500원_5월 1차",DummyOffer,,"20260716",TOAST,,,PPV 등,1
C2600KE,무비혜택도미도 쿠폰 사용 안내,,,"20260726",TOAST,,,PPV 등,1
C2600T6,"26년 6월 B tv+ 할인 연장 캠페인_광복절 5,500원",A1CP1020261000121367,"[가입 유지 선물] B tv+ 월 5,500원 이용 혜택 6개월 자동 연장_6월",,TOAST,"20260625","20260731",PPV 등,0
C2600OP,"26년 6월_B tv+ 국내여행_(6/4~7)_0123",DummyOffer,,"20260710",TOAST,,,PPV 등,2
C2600T0,"26년 6월_B tv+ KBO 올스타전_UI 541 이상_2",DummyOffer,,,TOAST,,,PPV 등,0
C2600N1,"26년 5월_B tv+ 당첨자_UI 541 이상_3(1770)",DummyOffer,,"20260623",TOAST,,,PPV 등,1
C2600TK,<메가 샤크 어택> 할인쿠폰 프로모션,A1SA1020261000121369,"[메가 샤크 어택 런칭] 영화 5,500원 할인",,TOAST,"20260626","20260731",PPV 등,0
C2600M8,<짱구> 할인쿠폰 프로모션,A1SA1020261000120863,"[짱구 런칭] 영화 5,500원 할인","20260626",TOAST,"20260518","20260630",PPV 등,1
C2600NG,SPOTV 6월 첫달무료_1차_0613 토팝,,,"20260630",TOAST,,,PPV 등,2
C2600T1,"26년 6월_B tv+ KBO 올스타전_UI 541 이상_3",DummyOffer,,"20260630",TOAST,,,PPV 등,563082
C2600T4,"26년 6월_B tv+ KBO 올스타전_UI 541 이상_4",DummyOffer,,"20260626",TOAST,,,PPV 등,43642
C2600OU,"2606_SPOTV_BWF 인도네시아 오픈",DummyOffer,,"20260613",TOAST,,,PPV 등,1142
C2600T4,"26년 6월_B tv+ KBO 올스타전_UI 541 이상_4",DummyOffer,,"20260707",TOAST,,,PPV 등,1195
C2600O0,"26년 6월_B tv+ 짝수달 유료전환 테스트_UI 552 이상",DummyOffer,,"20260627",TOAST,,,PPV 등,8618
C2600O0,"26년 6월_B tv+ 짝수달 유료전환 테스트_UI 552 이상",DummyOffer,,"20260710",TOAST,,,PPV 등,2648
C2600OW,"26년 6월_B tv+ 국내여행_(6/4~7)_4567",DummyOffer,,"20260606",TOAST,,,PPV 등,11164
C2600RA,SPOTV 6월 첫달무료_1차_0617 토스트팝업,,,"20260702",TOAST,,,PPV 등,261
C2600OP,"26년 6월_B tv+ 국내여행_(6/4~7)_0123",DummyOffer,,"20260614",TOAST,,,PPV 등,229
C2600LE,"CJ ENM 월정액 3개월 5,500원_5월 3차",A1CP1020261000120659,"[온가족특가] CJ ENM 월정액 3개월 내내 5,500원","20260524",TOAST,"20260422","20260531",PM30000154,174
C2600TM,<신의 악단> 할인쿠폰 프로모션,A1SA1020261000121384,"[신의 악단 런칭] 영화 3,300원 할인","20260705",TOAST,"20260630","20260731",PPV 등,294
C2600R8,"26년 6월_B tv+ 주말 야식비 지원_UI 541 이상_1",DummyOffer,,"20260718",TOAST,,,PPV 등,42
C2600KK,"CJ ENM 월정액 3개월 5,500원_5월 2차",A1CP1020261000120659,"[온가족특가] CJ ENM 월정액 3개월 내내 5,500원","20260528",TOAST,"20260422","20260531",PM30000154,20
C2600TJ,<데드 오브 윈터> 할인쿠폰 프로모션,A1SA1020261000121361,"[데드 오브 윈터 런칭] 영화 3,300원 할인","20260709",TOAST,"20260622","20260731",PPV 등,23
C2600Q5,<스위트 홈: 진격의 거인> 할인쿠폰 프로모션,A1SA1020261000121160,"[스위트 홈: 진격의 거인 런칭] 영화 3,300원 할인","20260624",TOAST,"20260605","20260731",PPV 등,14
C2600M2,"26년 5월_B tv+ 당첨자_UI 541 이상_1(1770)",DummyOffer,,"20260606",TOAST,,,PPV 등,26
C2600NG,SPOTV 6월 첫달무료_1차_0613 토팝,,,"20260701",TOAST,,,PPV 등,1
C2600S3,"6월 성인 1+1 프로모션 (6/21~6/30)",A1SA1020261000121170,"[1+1 앵콜 이벤트] 3,300원 할인 쿠폰","20260712",TOAST,"20260609","20260731",PPV 등,3
C2600PV,"26년 6월_B tv+ 파격할인_UI 541 이하_5",DummyOffer,,"20260618",TOAST,,,PPV 등,1
C2600KA,"26년 5월_B tv+ 비플리_UI 540 이하(1969)_토팝 멀티스탭",DummyOffer,,"20260603",TOAST,,,PPV 등,6
C2600TH,<살목지> 할인쿠폰 프로모션,A1SA1020261000121380,"[살목지 런칭] 영화 3,300원 할인","20260724",TOAST,"20260629","20260731",PPV 등,1
C2600KI,"JTBC 월정액 6개월 약정 3,300원_5월 3차",A1CP1020261000120658,"[온가족특가] JTBC 6개월 약정 기간 내내 월 3,300원","20260614",TOAST,"20260421","20260531",PM30000269,2
C2600IP,"CJ ENM 월정액 3개월 5,500원_5월 1차",DummyOffer,,"20260504",TOAST,,,PPV 등,118980
C2600IY,"JTBC 월정액 6개월 약정 3,300원_5월 1차",DummyOffer,,"20260509",TOAST,,,PPV 등,79334
C2600O0,"26년 6월_B tv+ 짝수달 유료전환 테스트_UI 552 이상",DummyOffer,,"20260621",TOAST,,,PPV 등,141714
C2600SU,"26년 6월_B tv+ KBO 올스타전_UI 541 이상_1",DummyOffer,,"20260701",TOAST,,,PPV 등,92330
C2600RG,"26년 6월_B tv+ 주말 야식비 지원_UI 541 이상_3",DummyOffer,,"20260620",TOAST,,,PPV 등,200589
C2600M8,<짱구> 할인쿠폰 프로모션,A1SA1020261000120863,"[짱구 런칭] 영화 5,500원 할인","20260530",TOAST,"20260518","20260630",PPV 등,359
C2600TJ,<데드 오브 윈터> 할인쿠폰 프로모션,A1SA1020261000121361,"[데드 오브 윈터 런칭] 영화 3,300원 할인","20260705",TOAST,"20260622","20260731",PPV 등,46
C2600P0,<쉘터> 타겟 프로모션_30%_0604,A1SA1020261000120953,[즉시 할인] 쉘터 30% 할인쿠폰,"20260617",TOAST,"20260526","20260630",PPV 등,442
C2600QL,"2606_플레이보이 디맨드_첫달무료_리마인드_2차",,,"20260617",TOAST,,,PPV 등,708
C2600OW,"26년 6월_B tv+ 국내여행_(6/4~7)_4567",DummyOffer,,"20260614",TOAST,,,PPV 등,460
C2600PR,"26년 6월_B tv+ 파격할인_UI 541 이상_1",DummyOffer,,"20260612",TOAST,,,PPV 등,161
C2600KK,"CJ ENM 월정액 3개월 5,500원_5월 2차",A1CP1020261000120659,"[온가족특가] CJ ENM 월정액 3개월 내내 5,500원","20260517",TOAST,"20260422","20260531",PM30000154,137
C2600JZ,"JTBC 월정액 6개월 약정 3,300원_5월 2차",DummyOffer,,"20260604",TOAST,,,PPV 등,218
C2600Q5,<스위트 홈: 진격의 거인> 할인쿠폰 프로모션,A1SA1020261000121160,"[스위트 홈: 진격의 거인 런칭] 영화 3,300원 할인","20260614",TOAST,"20260605","20260731",PPV 등,69
C2600RC,"<왕과 사는 남자> 타겟 프로모션_2,000원_0617",A1SA1020261000121266,"[즉시 할인] 왕과 사는 남자 2,200원 할인쿠폰","20260703",TOAST,"20260616","20260731",PPV 등,170
C2600LE,"CJ ENM 월정액 3개월 5,500원_5월 3차",A1CP1020261000120659,"[온가족특가] CJ ENM 월정액 3개월 내내 5,500원","20260713",TOAST,"20260422","20260531",PM30000154,1
C2600TK,<메가 샤크 어택> 할인쿠폰 프로모션,A1SA1020261000121369,"[메가 샤크 어택 런칭] 영화 5,500원 할인","20260713",TOAST,"20260626","20260731",PPV 등,42
C2600PV,"26년 6월_B tv+ 파격할인_UI 541 이하_5",DummyOffer,,"20260614",TOAST,,,PPV 등,10
C2600M2,"26년 5월_B tv+ 당첨자_UI 541 이상_1(1770)",DummyOffer,,"20260625",TOAST,,,PPV 등,1
C2600L8,"26년 5월_B tv+ 비플리_UI 541 이상_1차(~5/17)_2(1770)",DummyOffer,,"20260619",TOAST,,,PPV 등,2
C2600XG,"26년 7월 B tv+ 할인 연장 캠페인_6개월/9개월 할인재연",A1CP1020261000121664,"[가입 유지 선물] B tv+ 월 5,500원 이용 혜택 6개월 자동 연장_7월",,TOAST,"20260721","20260831",PPV 등,0
C2600PT,"26년 6월_B tv+ 파격할인_UI 541 이상_3",DummyOffer,,"20260623",TOAST,,,PPV 등,1
C2600KI,"JTBC 월정액 6개월 약정 3,300원_5월 3차",A1CP1020261000120658,"[온가족특가] JTBC 6개월 약정 기간 내내 월 3,300원","20260716",TOAST,"20260421","20260531",PM30000269,1
C2600L7,"26년 5월_B tv+ 비플리_UI 541 이상_1차(~5/17)_1(1770)",DummyOffer,,"20260524",TOAST,,,PPV 등,5
C2600OW,"26년 6월_B tv+ 국내여행_(6/4~7)_4567",DummyOffer,,"20260627",TOAST,,,PPV 등,1
C2600N0,"26년 5월_B tv+ 당첨자_UI 541 이상_2(1770)",DummyOffer,,"20260620",TOAST,,,PPV 등,1
C2600OM,"26년 6월_B tv+ 국내여행_(6/3)_0123",DummyOffer,,"20260615",TOAST,,,PPV 등,2
C2600N3,[주기성/쿠폰] <살목지&K-공포상영회> 할인쿠폰 프로모션,A1PR1020261000120873,[K-공포 상영회] 영화 50% 할인,"20260623",TOAST,"20260520","20260609",PPV 등,1
C2600PJ,"2606_플레이보이 디맨드_첫달무료_리마인드_1차",,,"20260731",TOAST,,,PPV 등,1
C2600PU,"26년 6월_B tv+ 파격할인_UI 541 이상_4",DummyOffer,,"20260625",TOAST,,,PPV 등,1
C2600LE,"CJ ENM 월정액 3개월 5,500원_5월 3차",A1CP1020261000120659,"[온가족특가] CJ ENM 월정액 3개월 내내 5,500원","20260514",TOAST,"20260422","20260531",PM30000154,260796
C2600P0,<쉘터> 타겟 프로모션_30%_0604,A1SA1020261000120953,[즉시 할인] 쉘터 30% 할인쿠폰,"20260608",TOAST,"20260526","20260630",PPV 등,7506
C2600P0,<쉘터> 타겟 프로모션_30%_0604,A1SA1020261000120953,[즉시 할인] 쉘터 30% 할인쿠폰,"20260613",TOAST,"20260526","20260630",PPV 등,1537
C2600RA,SPOTV 6월 첫달무료_1차_0617 토스트팝업,,,"20260710",TOAST,,,PPV 등,164
C2600JZ,"JTBC 월정액 6개월 약정 3,300원_5월 2차",DummyOffer,,"20260519",TOAST,,,PPV 등,143
C2600RA,SPOTV 6월 첫달무료_1차_0617 토스트팝업,,,"20260723",TOAST,,,PPV 등,38
C2600TN,"7월 성인 1+1 프로모션_모바일 (7/1~7/10)",A1SA1020261000121371,"[1+1이벤트] 3,300원 할인 쿠폰 (모바일)","20260710",TOAST,"20260626","20260731",PPV 등,39
C2600W7,"7월 성인 1+1 이열치열 프로모션 (7/21~/20)",A1SA1020261000121561,"[1+1 이열치열 이벤트] 3,300원 할인 쿠폰","20260728",TOAST,"20260716","20260831",PPV 등,174
C2600NO,<푸틴: 절대 권력의 최후> 할인쿠폰 프로모션,A1SA1020261000120952,"[푸틴: 절대 권력의 최후 런칭] 영화 3,300원 할인","20260606",TOAST,"20260526","20260630",PPV 등,30
C2600IP,"CJ ENM 월정액 3개월 5,500원_5월 1차",DummyOffer,,"20260615",TOAST,,,PPV 등,2
C2600UQ,"2607_비플/캐치온 왕사남 해지취소",,,"20260710",TOAST,,,PPV 등,53
C2600KA,"26년 5월_B tv+ 비플리_UI 540 이하(1969)_토팝 멀티스탭",DummyOffer,,"20260519",TOAST,,,PPV 등,13
C2600IY,"JTBC 월정액 6개월 약정 3,300원_5월 1차",DummyOffer,,"20260608",TOAST,,,PPV 등,31
C2600R4,<피어스> 할인쿠폰 프로모션,A1SA1020261000121258,"[피어스 런칭] 영화 5,500원 할인",,TOAST,"20260615","20260731",PPV 등,0
C2600W3,비캐시 유효기간 임박고객 콘텐츠 구매 알림,,,"20260718",TOAST,,,PPV 등,27
C2600WB,"2607_비플/캐치온 왕사남 해지취소_3주차_토팝",,,"20260729",TOAST,,,PPV 등,3
C2600JZ,"JTBC 월정액 6개월 약정 3,300원_5월 2차",A1CP1020261000120658,"[온가족특가] JTBC 6개월 약정 기간 내내 월 3,300원","20260514",TOAST,"20260421","20260531",PM30000269,2
C2600M2,"26년 5월_B tv+ 당첨자_UI 541 이상_1(1770)",DummyOffer,,"20260725",TOAST,,,PPV 등,3
C2600ON,"26년 6월_B tv+ 국내여행_(6/3)_4567",DummyOffer,,"20260615",TOAST,,,PPV 등,3
C2600T9,"26년 6월 B tv+ 할인 연장 캠페인_8월할인 7,700원",A1CP1020261000121368,"[가입 유지 선물] B tv+ 월 7,700원 이용 혜택 6개월 자동 연장_6월","20260710",TOAST,"20260625","20260731",PPV 등,1
C2600RG,"26년 6월_B tv+ 주말 야식비 지원_UI 541 이상_3",DummyOffer,,"20260729",TOAST,,,PPV 등,1
C2600IY,"JTBC 월정액 6개월 약정 3,300원_5월 1차",DummyOffer,,,TOAST,,,PPV 등,0
C2600RC,"<왕과 사는 남자> 타겟 프로모션_2,000원_0617",A1SA1020261000121266,"[즉시 할인] 왕과 사는 남자 2,200원 할인쿠폰","20260618",TOAST,"20260616","20260731",PPV 등,74925
C2600L7,"26년 5월_B tv+ 비플리_UI 541 이상_1차(~5/17)_1(1770)",DummyOffer,,"20260521",TOAST,,,PPV 등,2691
C2600RC,"<왕과 사는 남자> 타겟 프로모션_2,000원_0617",A1SA1020261000121266,"[즉시 할인] 왕과 사는 남자 2,200원 할인쿠폰","20260624",TOAST,"20260616","20260731",PPV 등,406
C2600XG,"26년 7월 B tv+ 할인 연장 캠페인_6개월/9개월 할인재연",A1CP1020261000121664,"[가입 유지 선물] B tv+ 월 5,500원 이용 혜택 6개월 자동 연장_7월","20260725",TOAST,"20260721","20260831",PPV 등,299
C2600T6,"26년 6월 B tv+ 할인 연장 캠페인_광복절 5,500원",A1CP1020261000121367,"[가입 유지 선물] B tv+ 월 5,500원 이용 혜택 6개월 자동 연장_6월","20260628",TOAST,"20260625","20260731",PPV 등,504
C2600KI,"JTBC 월정액 6개월 약정 3,300원_5월 3차",A1CP1020261000120658,"[온가족특가] JTBC 6개월 약정 기간 내내 월 3,300원","20260628",TOAST,"20260421","20260531",PM30000269,2
C2600OJ,"2606_플레이보이 디맨드_첫달무료",,,"20260610",TOAST,,,PPV 등,1
C2600JZ,"JTBC 월정액 6개월 약정 3,300원_5월 2차",DummyOffer,,"20260717",TOAST,,,PPV 등,2
C2600RG,"26년 6월_B tv+ 주말 야식비 지원_UI 541 이상_3",DummyOffer,,"20260713",TOAST,,,PPV 등,10
C2600NN,<코드 네임: 알라룸> 할인쿠폰 프로모션,A1SA1020261000120951,"[코드 네임: 알라룸 런칭] 영화 5,500원 할인","20260609",TOAST,"20260526","20260630",PPV 등,19
C2600MB,<힌드의 목소리> 할인쿠폰 프로모션,A1SA1020261000120864,"[힌드의 목소리 런칭] 영화 5,500원 할인","20260524",TOAST,"20260519","20260630",PPV 등,3
C2600QS,"6월 성인 1+1 프로모션_모바일_추가 (6/12~6/14 구매자)",A1SA1020261000121169,"[1+1이벤트] 3,300원 할인 쿠폰 (모바일)","20260616",TOAST,"20260609","20260731",PPV 등,8
C2600UN,"26년 7월_B tv+ KBS 이승철 콘서트_UI 541 이상_1",DummyOffer,,"20260728",TOAST,,,PPV 등,9
C2600PJ,"2606_플레이보이 디맨드_첫달무료_리마인드_1차",,,"20260726",TOAST,,,PPV 등,1
C2600KO,<폭탄> 할인쿠폰 프로모션,A1SA1020261000120751,"[폭탄 런칭] 영화 5,500원 할인","20260521",TOAST,"20260430","20260531",PPV 등,3
C2600KK,"CJ ENM 월정액 3개월 5,500원_5월 2차",A1CP1020261000120659,"[온가족특가] CJ ENM 월정액 3개월 내내 5,500원","20260705",TOAST,"20260422","20260531",PM30000154,1
C2600T0,"26년 6월_B tv+ KBO 올스타전_UI 541 이상_2",DummyOffer,,"20260725",TOAST,,,PPV 등,6
C2600QY,수요1+1무비쿠폰(6월 쿠폰발급),A1PR1020261000121167,[금토일무비쿠폰] 20% 할인(5천원 이상 사용),,TOAST,"20260609","20261231",PPV 등,0
C2600JZ,"JTBC 월정액 6개월 약정 3,300원_5월 2차",DummyOffer,,"20260707",TOAST,,,PPV 등,1
C2600L8,"26년 5월_B tv+ 비플리_UI 541 이상_1차(~5/17)_2(1770)",DummyOffer,,"20260624",TOAST,,,PPV 등,1
C2600OX,"26년 6월_B tv+ 국내여행_(6/4~7)_89",DummyOffer,,"20260609",TOAST,,,PPV 등,1386
C2600M2,"26년 5월_B tv+ 당첨자_UI 541 이상_1(1770)",DummyOffer,,"20260525",TOAST,,,PPV 등,11835
C2600R8,"26년 6월_B tv+ 주말 야식비 지원_UI 541 이상_1",DummyOffer,,"20260624",TOAST,,,PPV 등,5154
C2600KI,"JTBC 월정액 6개월 약정 3,300원_5월 3차",A1CP1020261000120658,"[온가족특가] JTBC 6개월 약정 기간 내내 월 3,300원","20260509",TOAST,"20260421","20260531",PM30000269,2720
C2600N3,[주기성/쿠폰] <살목지&K-공포상영회> 할인쿠폰 프로모션,A1PR1020261000120873,[K-공포 상영회] 영화 50% 할인,"20260603",TOAST,"20260520","20260609",PPV 등,866
C2600O0,"26년 6월_B tv+ 짝수달 유료전환 테스트_UI 552 이상",DummyOffer,,"20260720",TOAST,,,PPV 등,867
C2600KA,"26년 5월_B tv+ 비플리_UI 540 이하(1969)_토팝 멀티스탭",DummyOffer,,"20260509",TOAST,,,PPV 등,325
C2600IY,"JTBC 월정액 6개월 약정 3,300원_5월 1차",DummyOffer,,"20260513",TOAST,,,PPV 등,1445
C2600S3,"6월 성인 1+1 프로모션 (6/21~6/30)",A1SA1020261000121170,"[1+1 앵콜 이벤트] 3,300원 할인 쿠폰","20260624",TOAST,"20260609","20260731",PPV 등,656
C2600SJ,[주기성]프라다입고문워크 신작혜택파티 프로모션,A1PR1020261000121272,[신작혜택파티] 영화 30% 할인(악마는프라다2 외 대상작),"20260706",TOAST,"20260618","20260706",PPV 등,1173
C2600RG,"26년 6월_B tv+ 주말 야식비 지원_UI 541 이상_3",DummyOffer,,"20260626",TOAST,,,PPV 등,48
C2600N0,"26년 5월_B tv+ 당첨자_UI 541 이상_2(1770)",DummyOffer,,"20260622",TOAST,,,PPV 등,2
C2600RC,"<왕과 사는 남자> 타겟 프로모션_2,000원_0617",A1SA1020261000121266,"[즉시 할인] 왕과 사는 남자 2,200원 할인쿠폰","20260708",TOAST,"20260616","20260731",PPV 등,61
C2600RX,"2606_비너스 디맨드_첫달무료_개편후",,,"20260705",TOAST,,,PPV 등,242
C2600KE,무비혜택도미도 쿠폰 사용 안내,,,"20260603",TOAST,,,PPV 등,6
C2600RF,"26년 6월_B tv+ 주말 야식비 지원_UI 541 이상_2",DummyOffer,,"20260729",TOAST,,,PPV 등,27
C2600RC,"<왕과 사는 남자> 타겟 프로모션_2,000원_0617",A1SA1020261000121266,"[즉시 할인] 왕과 사는 남자 2,200원 할인쿠폰","20260731",TOAST,"20260616","20260731",PPV 등,31
C2600R6,<슈퍼 마리오 갤럭시> 할인쿠폰 프로모션,A1SA1020261000120961,"[슈퍼마리오 갤럭시 런칭] 영화 3,300원 할인","20260625",TOAST,"20260529","20260623",PPV 등,65
C2600JZ,"JTBC 월정액 6개월 약정 3,300원_5월 2차",DummyOffer,,"20260703",TOAST,,,PPV 등,5
C2600IY,"JTBC 월정액 6개월 약정 3,300원_5월 1차",DummyOffer,,"20260613",TOAST,,,PPV 등,18
C2600Q5,<스위트 홈: 진격의 거인> 할인쿠폰 프로모션,A1SA1020261000121160,"[스위트 홈: 진격의 거인 런칭] 영화 3,300원 할인","20260619",TOAST,"20260605","20260731",PPV 등,16
C2600JZ,"JTBC 월정액 6개월 약정 3,300원_5월 2차",A1CP1020261000120658,"[온가족특가] JTBC 6개월 약정 기간 내내 월 3,300원","20260723",TOAST,"20260421","20260531",PM30000269,1
C2600JZ,"JTBC 월정액 6개월 약정 3,300원_5월 2차",DummyOffer,,"20260701",TOAST,,,PPV 등,3
C2600M2,"26년 5월_B tv+ 당첨자_UI 541 이상_1(1770)",DummyOffer,,"20260708",TOAST,,,PPV 등,2
C2600T6,"26년 6월 B tv+ 할인 연장 캠페인_광복절 5,500원",A1CP1020261000121367,"[가입 유지 선물] B tv+ 월 5,500원 이용 혜택 6개월 자동 연장_6월","20260709",TOAST,"20260625","20260731",PPV 등,1
C2600SC,<금발이 되고 싶어> 할인쿠폰 프로모션,A1SA1020261000121360,"[금발이 되고 싶어 런칭] 영화 5,500원 할인","20260628",TOAST,"20260622","20260731",PPV 등,21
C2600N0,"26년 5월_B tv+ 당첨자_UI 541 이상_2(1770)",DummyOffer,,"20260630",TOAST,,,PPV 등,2
C2600O7,"2606_캐치온 해지방어_B tv+ Cross-sell",,,"20260606",TOAST,,,PPV 등,5
C2600WI,<뮌터 & 칸딘스키 - 사랑의 초상> 할인쿠폰 프로모션,A1SA1020261000121560,"[뮌터 & 칸딘스키 - 사랑의 초상 런칭] 영화 5,500원 할인","20260731",TOAST,"20260716","20260831",PPV 등,1
C2600L8,"26년 5월_B tv+ 비플리_UI 541 이상_1차(~5/17)_2(1770)",DummyOffer,,"20260528",TOAST,,,PPV 등,3
C2600MB,<힌드의 목소리> 할인쿠폰 프로모션,A1SA1020261000120864,"[힌드의 목소리 런칭] 영화 5,500원 할인","20260525",TOAST,"20260519","20260630",PPV 등,4
C2600T6,"26년 6월 B tv+ 할인 연장 캠페인_광복절 5,500원",A1CP1020261000121367,"[가입 유지 선물] B tv+ 월 5,500원 이용 혜택 6개월 자동 연장_6월","20260727",TOAST,"20260625","20260731",PPV 등,1
C2600P0,<쉘터> 타겟 프로모션_30%_0604,A1SA1020261000120953,[즉시 할인] 쉘터 30% 할인쿠폰,,TOAST,"20260526","20260630",PPV 등,0
C2600T9,"26년 6월 B tv+ 할인 연장 캠페인_8월할인 7,700원",A1CP1020261000121368,"[가입 유지 선물] B tv+ 월 7,700원 이용 혜택 6개월 자동 연장_6월","20260706",TOAST,"20260625","20260731",PPV 등,2
C2600KI,"JTBC 월정액 6개월 약정 3,300원_5월 3차",A1CP1020261000120658,"[온가족특가] JTBC 6개월 약정 기간 내내 월 3,300원","20260723",TOAST,"20260421","20260531",PM30000269,1
C2600N1,"26년 5월_B tv+ 당첨자_UI 541 이상_3(1770)",DummyOffer,,"20260714",TOAST,,,PPV 등,1
C2600PV,"26년 6월_B tv+ 파격할인_UI 541 이하_5",DummyOffer,,,TOAST,,,PPV 등,0
C2600OO,"26년 6월_B tv+ 국내여행_(6/3)_89",DummyOffer,,"20260604",TOAST,,,PPV 등,17877
C2600L8,"26년 5월_B tv+ 비플리_UI 541 이상_1차(~5/17)_2(1770)",DummyOffer,,"20260520",TOAST,,,PPV 등,3143
C2600IY,"JTBC 월정액 6개월 약정 3,300원_5월 1차",DummyOffer,,"20260526",TOAST,,,PPV 등,2130
C2600RA,SPOTV 6월 첫달무료_1차_0617 토스트팝업,,,"20260707",TOAST,,,PPV 등,154
C2600RA,SPOTV 6월 첫달무료_1차_0617 토스트팝업,,,"20260706",TOAST,,,PPV 등,225
C2600RF,"26년 6월_B tv+ 주말 야식비 지원_UI 541 이상_2",DummyOffer,,"20260626",TOAST,,,PPV 등,701
C2600IY,"JTBC 월정액 6개월 약정 3,300원_5월 1차",DummyOffer,,"20260531",TOAST,,,PPV 등,475
C2600IY,"JTBC 월정액 6개월 약정 3,300원_5월 1차",DummyOffer,,"20260602",TOAST,,,PPV 등,288
C2600T7,<노멀> 할인쿠폰 프로모션,A1SA1020261000121162,"[노멀 런칭] 영화 3,300원 할인","20260703",TOAST,"20260605","20260731",PPV 등,104
C2600RF,"26년 6월_B tv+ 주말 야식비 지원_UI 541 이상_2",DummyOffer,,"20260708",TOAST,,,PPV 등,143
C2600IP,"CJ ENM 월정액 3개월 5,500원_5월 1차",DummyOffer,,"20260606",TOAST,,,PPV 등,31
C2600XG,"26년 7월 B tv+ 할인 연장 캠페인_6개월/9개월 할인재연",A1CP1020261000121664,"[가입 유지 선물] B tv+ 월 5,500원 이용 혜택 6개월 자동 연장_7월","20260731",TOAST,"20260721","20260831",PPV 등,6
C2600R5,<내 이름은> 할인쿠폰 프로모션,A1SA1020261000121159,"[내 이름은 런칭] 영화 5,500원 할인","20260626",TOAST,"20260605","20260731",PPV 등,4
C2600NO,<푸틴: 절대 권력의 최후> 할인쿠폰 프로모션,A1SA1020261000120952,"[푸틴: 절대 권력의 최후 런칭] 영화 3,300원 할인","20260616",TOAST,"20260526","20260630",PPV 등,5
C2600VG,"2607_비플/캐치온 왕사남 해지취소_2주차_토팝",,,"20260718",TOAST,,,PPV 등,39
C2600QL,"2606_플레이보이 디맨드_첫달무료_리마인드_2차",,,"20260728",TOAST,,,PPV 등,1
C2600O7,"2606_캐치온 해지방어_B tv+ Cross-sell",,,"20260616",TOAST,,,PPV 등,7
C2600O7,"2606_캐치온 해지방어_B tv+ Cross-sell",,,"20260629",TOAST,,,PPV 등,7
C2600OJ,"2606_플레이보이 디맨드_첫달무료",,,"20260627",TOAST,,,PPV 등,1
C2600KI,"JTBC 월정액 6개월 약정 3,300원_5월 3차",A1CP1020261000120658,"[온가족특가] JTBC 6개월 약정 기간 내내 월 3,300원","20260727",TOAST,"20260421","20260531",PM30000269,1
C2600N2,"26년 5월_B tv+ 당첨자_UI 541 이상_4(1770)",DummyOffer,,"20260710",TOAST,,,PPV 등,1
C2600NH,<리 크로닌의 미이라> 할인쿠폰 프로모션,A1SA1020261000120855,"[리 크로닌의 미이라] 영화 3,300원 할인","20260608",TOAST,"20260507","20260630",PPV 등,1
C2600S6,토이스토리 소장용 패키지 프로모션_수정,A1SA1020261000121259,"[토이 스토리 패키지 구매] 영화 5,500원 할인","20260711",TOAST,"20260615","20260731",PPV 등,5
C2600L7,"26년 5월_B tv+ 비플리_UI 541 이상_1차(~5/17)_1(1770)",DummyOffer,,"20260620",TOAST,,,PPV 등,1
C2600OW,"26년 6월_B tv+ 국내여행_(6/4~7)_4567",DummyOffer,,"20260709",TOAST,,,PPV 등,1
C2600M2,"26년 5월_B tv+ 당첨자_UI 541 이상_1(1770)",DummyOffer,,"20260731",TOAST,,,PPV 등,1
C2600RW,"2606_비너스 디맨드_첫달무료_개편전",,,"20260714",TOAST,,,PPV 등,1
C2600IP,"CJ ENM 월정액 3개월 5,500원_5월 1차",DummyOffer,,"20260505",TOAST,,,PPV 등,88059
C2600T0,"26년 6월_B tv+ KBO 올스타전_UI 541 이상_2",DummyOffer,,"20260704",TOAST,,,PPV 등,363480
C2600O0,"26년 6월_B tv+ 짝수달 유료전환 테스트_UI 552 이상",DummyOffer,,"20260616",TOAST,,,PPV 등,12732
C2600OX,"26년 6월_B tv+ 국내여행_(6/4~7)_89",DummyOffer,,"20260614",TOAST,,,PPV 등,242
C2600JA,<오시리스> 할인쿠폰 프로모션,A1SA1020261000120652,"[오시리스 런칭] 영화 3,300원 할인","20260502",TOAST,"20260421","20260531",PPV 등,53
C2600W2,"26년 7월_B tv+ KBS 이승철 콘서트_타임딜_UI 541 이상_3",DummyOffer,,"20260724",TOAST,,,PPV 등,1583
C2600O0,"26년 6월_B tv+ 짝수달 유료전환 테스트_UI 552 이상",DummyOffer,,"20260715",TOAST,,,PPV 등,1098
C2600RH,"26년 6월_B tv+ 주말 야식비 지원_UI 541 이상_4",DummyOffer,,"20260627",TOAST,,,PPV 등,237
C2600R6,<슈퍼 마리오 갤럭시> 할인쿠폰 프로모션,A1SA1020261000120961,"[슈퍼마리오 갤럭시 런칭] 영화 3,300원 할인","20260624",TOAST,"20260529","20260623",PPV 등,512
C2600KI,"JTBC 월정액 6개월 약정 3,300원_5월 3차",A1CP1020261000120658,"[온가족특가] JTBC 6개월 약정 기간 내내 월 3,300원","20260523",TOAST,"20260421","20260531",PM30000269,122
C2600T0,"26년 6월_B tv+ KBO 올스타전_UI 541 이상_2",DummyOffer,,"20260710",TOAST,,,PPV 등,27
C2600NA,"26년 5월 B tv+ 할인 연장 캠페인_1주년 5,500원",A1CP1020261000120954,"[가입 유지 선물] B tv+ 월 5,500원 혜택 6개월 자동 연장_5월","20260528",TOAST,"20260526","20260731",PM30000107,192
C2600QU,"6월 성인 1+1 프로모션 (6/11~6/20)_수정",A1SA1020261000121168,"[1+1이벤트] 3,300원 할인 쿠폰","20260621",TOAST,"20260609","20260731",PPV 등,352
C2600NP,<모탈 컴뱃2> 할인쿠폰 프로모션,A1SA1020261000120959,"[모탈컴뱃2 런칭] 영화 5,500원 할인","20260614",TOAST,"20260528","20260615",PPV 등,40
C2600KI,"JTBC 월정액 6개월 약정 3,300원_5월 3차",A1CP1020261000120658,"[온가족특가] JTBC 6개월 약정 기간 내내 월 3,300원","20260713",TOAST,"20260421","20260531",PM30000269,1
C2600N2,"26년 5월_B tv+ 당첨자_UI 541 이상_4(1770)",DummyOffer,,"20260604",TOAST,,,PPV 등,29
C2600LA,"26년 5월_B tv+ 비플리_UI 541 이상_1차(~5/17)_4(1770)",DummyOffer,,"20260623",TOAST,,,PPV 등,1
C2600LA,"26년 5월_B tv+ 비플리_UI 541 이상_1차(~5/17)_4(1770)",DummyOffer,,"20260610",TOAST,,,PPV 등,3
C2600NG,SPOTV 6월 첫달무료_1차_0613 토팝,,,"20260628",TOAST,,,PPV 등,5
C2600ON,"26년 6월_B tv+ 국내여행_(6/3)_4567",DummyOffer,,"20260624",TOAST,,,PPV 등,2
C2600Q3,"6월 성인 1+1 프로모션 (6/11~6/20)",A1SA1020261000121168,"[1+1이벤트] 3,300원 할인 쿠폰","20260614",TOAST,"20260609","20260731",PPV 등,2
C2600LE,"CJ ENM 월정액 3개월 5,500원_5월 3차",A1CP1020261000120659,"[온가족특가] CJ ENM 월정액 3개월 내내 5,500원","20260617",TOAST,"20260422","20260531",PM30000154,1
C2600KI,"JTBC 월정액 6개월 약정 3,300원_5월 3차",A1CP1020261000120658,"[온가족특가] JTBC 6개월 약정 기간 내내 월 3,300원","20260618",TOAST,"20260421","20260531",PM30000269,2
C2600M2,"26년 5월_B tv+ 당첨자_UI 541 이상_1(1770)",DummyOffer,,"20260706",TOAST,,,PPV 등,1
C2600L9,"26년 5월_B tv+ 비플리_UI 541 이상_1차(~5/17)_3(1770)",DummyOffer,,"20260531",TOAST,,,PPV 등,1
C2600RF,"26년 6월_B tv+ 주말 야식비 지원_UI 541 이상_2",DummyOffer,,"20260625",TOAST,,,PPV 등,5320
C2600N3,[주기성/쿠폰] <살목지&K-공포상영회> 할인쿠폰 프로모션,A1PR1020261000120873,[K-공포 상영회] 영화 50% 할인,"20260602",TOAST,"20260520","20260609",PPV 등,1260
C2600N3,[주기성/쿠폰] <살목지&K-공포상영회> 할인쿠폰 프로모션,A1PR1020261000120873,[K-공포 상영회] 영화 50% 할인,"20260608",TOAST,"20260520","20260609",PPV 등,1079
C2600KD,[주기성/쿠폰] <프로젝트헤일메리&인생SF전> 할인쿠폰 프로모션,A1PR1020261000120752,[프로젝트헤일메리] 인생SF영화 추가 30% 할인,"20260522",TOAST,"20260430","20260524",PPV 등,36
C2600UX,"26년 7월_B tv+ KBS 이승철 콘서트_UI 541 이상_3",DummyOffer,,"20260717",TOAST,,,PPV 등,2646
C2600Q5,<스위트 홈: 진격의 거인> 할인쿠폰 프로모션,A1SA1020261000121160,"[스위트 홈: 진격의 거인 런칭] 영화 3,300원 할인","20260618",TOAST,"20260605","20260731",PPV 등,30
C2600WF,<군체[예약구매]> 할인쿠폰 프로모션,A1SA1020261000121562,"[군체 예약] 영화 4,400원 할인","20260721",TOAST,"20260716","20260831",PPV 등,96
C2600WB,"2607_비플/캐치온 왕사남 해지취소_3주차_토팝",,,"20260723",TOAST,,,PPV 등,171
C2600R8,"26년 6월_B tv+ 주말 야식비 지원_UI 541 이상_1",DummyOffer,,"20260723",TOAST,,,PPV 등,24
C2600NN,<코드 네임: 알라룸> 할인쿠폰 프로모션,A1SA1020261000120951,"[코드 네임: 알라룸 런칭] 영화 5,500원 할인","20260610",TOAST,"20260526","20260630",PPV 등,27
C2600OU,"2606_SPOTV_BWF 인도네시아 오픈",DummyOffer,,"20260728",TOAST,,,PPV 등,52
C2600UW,"26년 7월_B tv+ KBS 이승철 콘서트_UI 541 이상_2",DummyOffer,,"20260727",TOAST,,,PPV 등,6
C2600IP,"CJ ENM 월정액 3개월 5,500원_5월 1차",DummyOffer,,"20260626",TOAST,,,PPV 등,2
C2600S6,토이스토리 소장용 패키지 프로모션_수정,A1SA1020261000121259,"[토이 스토리 패키지 구매] 영화 5,500원 할인","20260710",TOAST,"20260615","20260731",PPV 등,2
C2600M2,"26년 5월_B tv+ 당첨자_UI 541 이상_1(1770)",DummyOffer,,"20260701",TOAST,,,PPV 등,1
C2600N0,"26년 5월_B tv+ 당첨자_UI 541 이상_2(1770)",DummyOffer,,"20260709",TOAST,,,PPV 등,1
C2600KA,"26년 5월_B tv+ 비플리_UI 540 이하(1969)_토팝 멀티스탭",DummyOffer,,"20260605",TOAST,,,PPV 등,1
C2600LE,"CJ ENM 월정액 3개월 5,500원_5월 3차",A1CP1020261000120659,"[온가족특가] CJ ENM 월정액 3개월 내내 5,500원","20260722",TOAST,"20260422","20260531",PM30000154,1
C2600JZ,"JTBC 월정액 6개월 약정 3,300원_5월 2차",A1CP1020261000120658,"[온가족특가] JTBC 6개월 약정 기간 내내 월 3,300원","20260610",TOAST,"20260421","20260531",PM30000269,1
C2600PJ,"2606_플레이보이 디맨드_첫달무료_리마인드_1차",,,"20260725",TOAST,,,PPV 등,1
C2600XD,"26년 7월_B tv+ 7월 4주차 복날 타임딜_UI 541 이상_1_F",DummyOffer,,"20260724",TOAST,,,PPV 등,226753
C2600T1,"26년 6월_B tv+ KBO 올스타전_UI 541 이상_3",DummyOffer,,"20260705",TOAST,,,PPV 등,90761
C2600N0,"26년 5월_B tv+ 당첨자_UI 541 이상_2(1770)",DummyOffer,,"20260529",TOAST,,,PPV 등,2357
C2600KD,[주기성/쿠폰] <프로젝트헤일메리&인생SF전> 할인쿠폰 프로모션,A1PR1020261000120752,[프로젝트헤일메리] 인생SF영화 추가 30% 할인,"20260516",TOAST,"20260430","20260524",PPV 등,361
C2600N1,"26년 5월_B tv+ 당첨자_UI 541 이상_3(1770)",DummyOffer,,"20260603",TOAST,,,PPV 등,244
C2600W7,"7월 성인 1+1 이열치열 프로모션 (7/21~/20)",A1SA1020261000121561,"[1+1 이열치열 이벤트] 3,300원 할인 쿠폰","20260722",TOAST,"20260716","20260831",PPV 등,110
C2600P0,<쉘터> 타겟 프로모션_30%_0604,A1SA1020261000120953,[즉시 할인] 쉘터 30% 할인쿠폰,"20260629",TOAST,"20260526","20260630",PPV 등,34
C2600PS,"26년 6월_B tv+ 파격할인_UI 541 이상_2",DummyOffer,,"20260710",TOAST,,,PPV 등,1
C2600KI,"JTBC 월정액 6개월 약정 3,300원_5월 3차",A1CP1020261000120658,"[온가족특가] JTBC 6개월 약정 기간 내내 월 3,300원","20260711",TOAST,"20260421","20260531",PM30000269,3
C2600KI,"JTBC 월정액 6개월 약정 3,300원_5월 3차",A1CP1020261000120658,"[온가족특가] JTBC 6개월 약정 기간 내내 월 3,300원","20260522",TOAST,"20260421","20260531",PM30000269,92
C2600NG,SPOTV 6월 첫달무료_1차_0613 토팝,,,"20260620",TOAST,,,PPV 등,13
C2600KA,"26년 5월_B tv+ 비플리_UI 540 이하(1969)_토팝 멀티스탭",DummyOffer,,"20260522",TOAST,,,PPV 등,5
C2600RW,"2606_비너스 디맨드_첫달무료_개편전",,,"20260629",TOAST,,,PPV 등,5
C2600PU,"26년 6월_B tv+ 파격할인_UI 541 이상_4",DummyOffer,,"20260629",TOAST,,,PPV 등,1
C2600QV,"6월 성인 1+1 프로모션_모바일 (6/11~6/20)_수정",A1SA1020261000121169,"[1+1이벤트] 3,300원 할인 쿠폰 (모바일)","20260620",TOAST,"20260609","20260731",PPV 등,14
C2600RH,"26년 6월_B tv+ 주말 야식비 지원_UI 541 이상_4",DummyOffer,,"20260731",TOAST,,,PPV 등,4
C2600N0,"26년 5월_B tv+ 당첨자_UI 541 이상_2(1770)",DummyOffer,,"20260701",TOAST,,,PPV 등,2
C2600S6,토이스토리 소장용 패키지 프로모션_수정,A1SA1020261000121259,"[토이 스토리 패키지 구매] 영화 5,500원 할인","20260709",TOAST,"20260615","20260731",PPV 등,2
C2600IP,"CJ ENM 월정액 3개월 5,500원_5월 1차",DummyOffer,,"20260613",TOAST,,,PPV 등,3
C2600R5,<내 이름은> 할인쿠폰 프로모션,A1SA1020261000121159,"[내 이름은 런칭] 영화 5,500원 할인","20260628",TOAST,"20260605","20260731",PPV 등,1
C2600WF,<군체[예약구매]> 할인쿠폰 프로모션,A1SA1020261000121562,"[군체 예약] 영화 4,400원 할인","20260726",TOAST,"20260716","20260831",PPV 등,1
C2600T4,"26년 6월_B tv+ KBO 올스타전_UI 541 이상_4",DummyOffer,,,TOAST,,,PPV 등,0
C2600OP,"26년 6월_B tv+ 국내여행_(6/4~7)_0123",DummyOffer,,"20260703",TOAST,,,PPV 등,1
C2600N0,"26년 5월_B tv+ 당첨자_UI 541 이상_2(1770)",DummyOffer,,"20260524",TOAST,,,PPV 등,62878
C2600O0,"26년 6월_B tv+ 짝수달 유료전환 테스트_UI 552 이상",DummyOffer,,"20260622",TOAST,,,PPV 등,42030
C2600IP,"CJ ENM 월정액 3개월 5,500원_5월 1차",DummyOffer,,"20260506",TOAST,,,PPV 등,8660
C2600T0,"26년 6월_B tv+ KBO 올스타전_UI 541 이상_2",DummyOffer,,"20260626",TOAST,,,PPV 등,110352
C2600PS,"26년 6월_B tv+ 파격할인_UI 541 이상_2",DummyOffer,,"20260613",TOAST,,,PPV 등,98642
C2600RW,"2606_비너스 디맨드_첫달무료_개편전",,,"20260623",TOAST,,,PPV 등,2028
C2600O0,"26년 6월_B tv+ 짝수달 유료전환 테스트_UI 552 이상",DummyOffer,,"20260703",TOAST,,,PPV 등,6387
C2600JE,<캣 앤 독> 할인쿠폰 프로모션,A1SA1020261000120747,"[캣 앤 독 런칭] 영화 5,500원 할인","20260506",TOAST,"20260428","20260531",PPV 등,24
C2600IY,"JTBC 월정액 6개월 약정 3,300원_5월 1차",A1CP1020261000120658,"[온가족특가] JTBC 6개월 약정 기간 내내 월 3,300원","20260505",TOAST,"20260421","20260531",PM30000269,766
C2600X8,"26년 7월_B tv+ 7월 4주차 복날 타임딜_UI 541 이상_3_F",DummyOffer,,"20260728",TOAST,,,PPV 등,2760
C2600RF,"26년 6월_B tv+ 주말 야식비 지원_UI 541 이상_2",DummyOffer,,"20260718",TOAST,,,PPV 등,103
C2600Q5,<스위트 홈: 진격의 거인> 할인쿠폰 프로모션,A1SA1020261000121160,"[스위트 홈: 진격의 거인 런칭] 영화 3,300원 할인","20260612",TOAST,"20260605","20260731",PPV 등,29
C2600KE,무비혜택도미도 쿠폰 사용 안내,,,"20260512",TOAST,,,PPV 등,193
C2600Q5,<스위트 홈: 진격의 거인> 할인쿠폰 프로모션,A1SA1020261000121160,"[스위트 홈: 진격의 거인 런칭] 영화 3,300원 할인","20260622",TOAST,"20260605","20260731",PPV 등,26
C2600VM,<헬파이어: 시수의 길> 할인쿠폰 프로모션,A1SA1020261000121461,"[헬파이어: 시수의 길 런칭] 영화 5,500원 할인","20260727",TOAST,"20260708","20260831",PPV 등,8
C2600W1,"26년 7월_B tv+ KBS 이승철 콘서트_타임딜_UI 541 이상_2",DummyOffer,,"20260727",TOAST,,,PPV 등,26
C2600UN,"26년 7월_B tv+ KBS 이승철 콘서트_UI 541 이상_1",DummyOffer,,"20260721",TOAST,,,PPV 등,11
C2600M2,"26년 5월_B tv+ 당첨자_UI 541 이상_1(1770)",DummyOffer,,"20260629",TOAST,,,PPV 등,1
C2600O7,"2606_캐치온 해지방어_B tv+ Cross-sell",,,"20260628",TOAST,,,PPV 등,6
C2600LA,"26년 5월_B tv+ 비플리_UI 541 이상_1차(~5/17)_4(1770)",DummyOffer,,"20260531",TOAST,,,PPV 등,2
C2600OM,"26년 6월_B tv+ 국내여행_(6/3)_0123",DummyOffer,,"20260616",TOAST,,,PPV 등,2
C2600IY,"JTBC 월정액 6개월 약정 3,300원_5월 1차",DummyOffer,,"20260722",TOAST,,,PPV 등,4
C2600Q3,"6월 성인 1+1 프로모션 (6/11~6/20)",A1SA1020261000121168,"[1+1이벤트] 3,300원 할인 쿠폰","20260615",TOAST,"20260609","20260731",PPV 등,1
C2600PS,"26년 6월_B tv+ 파격할인_UI 541 이상_2",DummyOffer,,"20260726",TOAST,,,PPV 등,1
C2600UU,"7월 성인 1+1 앵콜 프로모션_모바일 (7/11~7/20)",A1SA1020261000121458,"[1+1 앵콜 이벤트] 3,300원 할인 쿠폰","20260726",TOAST,"20260708","20260831",PPV 등,3
C2600KI,"JTBC 월정액 6개월 약정 3,300원_5월 3차",A1CP1020261000120658,"[온가족특가] JTBC 6개월 약정 기간 내내 월 3,300원","20260720",TOAST,"20260421","20260531",PM30000269,1
C2600TO,<마이클> 할인쿠폰 프로모션,A1SA1020261000121261,"[마이클 런칭] 영화 3,300원 할인","20260726",TOAST,"20260616","20260815",PPV 등,1
C2600L7,"26년 5월_B tv+ 비플리_UI 541 이상_1차(~5/17)_1(1770)",DummyOffer,,"20260519",TOAST,,,PPV 등,5996
C2600N3,[주기성/쿠폰] <살목지&K-공포상영회> 할인쿠폰 프로모션,A1PR1020261000120873,[K-공포 상영회] 영화 50% 할인,"20260601",TOAST,"20260520","20260609",PPV 등,3042
C2600XD,"26년 7월_B tv+ 7월 4주차 복날 타임딜_UI 541 이상_1_F",DummyOffer,,"20260729",TOAST,,,PPV 등,1953
C2600KI,"JTBC 월정액 6개월 약정 3,300원_5월 3차",A1CP1020261000120658,"[온가족특가] JTBC 6개월 약정 기간 내내 월 3,300원","20260512",TOAST,"20260421","20260531",PM30000269,479
C2600OW,"26년 6월_B tv+ 국내여행_(6/4~7)_4567",DummyOffer,,"20260613",TOAST,,,PPV 등,515
C2600N1,"26년 5월_B tv+ 당첨자_UI 541 이상_3(1770)",DummyOffer,,"20260601",TOAST,,,PPV 등,426
C2600TM,<신의 악단> 할인쿠폰 프로모션,A1SA1020261000121384,"[신의 악단 런칭] 영화 3,300원 할인","20260708",TOAST,"20260630","20260731",PPV 등,131
C2600RC,"<왕과 사는 남자> 타겟 프로모션_2,000원_0617",A1SA1020261000121266,"[즉시 할인] 왕과 사는 남자 2,200원 할인쿠폰","20260701",TOAST,"20260616","20260731",PPV 등,184
C2600TN,"7월 성인 1+1 프로모션_모바일 (7/1~7/10)",A1SA1020261000121371,"[1+1이벤트] 3,300원 할인 쿠폰 (모바일)","20260709",TOAST,"20260626","20260731",PPV 등,43
C2600T4,"26년 6월_B tv+ KBO 올스타전_UI 541 이상_4",DummyOffer,,"20260712",TOAST,,,PPV 등,3
C2600M2,"26년 5월_B tv+ 당첨자_UI 541 이상_1(1770)",DummyOffer,,"20260613",TOAST,,,PPV 등,13
C2600VN,<엘리베이션> 할인쿠폰 프로모션,A1SA1020261000121463,"[엘리베이션 런칭] 영화 3,300원 할인","20260727",TOAST,"20260708","20260831",PPV 등,102
C2600R5,<내 이름은> 할인쿠폰 프로모션,A1SA1020261000121159,"[내 이름은 런칭] 영화 5,500원 할인","20260624",TOAST,"20260605","20260731",PPV 등,61
C2600RG,"26년 6월_B tv+ 주말 야식비 지원_UI 541 이상_3",DummyOffer,,"20260716",TOAST,,,PPV 등,8
C2600R8,"26년 6월_B tv+ 주말 야식비 지원_UI 541 이상_1",DummyOffer,,"20260731",TOAST,,,PPV 등,17
C2600SC,<금발이 되고 싶어> 할인쿠폰 프로모션,A1SA1020261000121360,"[금발이 되고 싶어 런칭] 영화 5,500원 할인","20260704",TOAST,"20260622","20260731",PPV 등,11
C2600N0,"26년 5월_B tv+ 당첨자_UI 541 이상_2(1770)",DummyOffer,,"20260606",TOAST,,,PPV 등,39
C2600QL,"2606_플레이보이 디맨드_첫달무료_리마인드_2차",,,"20260704",TOAST,,,PPV 등,2
C2600PU,"26년 6월_B tv+ 파격할인_UI 541 이상_4",DummyOffer,,"20260628",TOAST,,,PPV 등,2
C2600UX,"26년 7월_B tv+ KBS 이승철 콘서트_UI 541 이상_3",DummyOffer,,"20260720",TOAST,,,PPV 등,12
C2600LA,"26년 5월_B tv+ 비플리_UI 541 이상_1차(~5/17)_4(1770)",DummyOffer,,"20260609",TOAST,,,PPV 등,2
C2600JA,<오시리스> 할인쿠폰 프로모션,A1SA1020261000120652,"[오시리스 런칭] 영화 3,300원 할인","20260522",TOAST,"20260421","20260531",PPV 등,1
C2600PS,"26년 6월_B tv+ 파격할인_UI 541 이상_2",DummyOffer,,"20260620",TOAST,,,PPV 등,3
C2600PU,"26년 6월_B tv+ 파격할인_UI 541 이상_4",DummyOffer,,"20260619",TOAST,,,PPV 등,2
C2600SU,"26년 6월_B tv+ KBO 올스타전_UI 541 이상_1",DummyOffer,,"20260704",TOAST,,,PPV 등,332830
C2600O0,"26년 6월_B tv+ 짝수달 유료전환 테스트_UI 552 이상",DummyOffer,,"20260612",TOAST,,,PPV 등,12706
C2600KI,"JTBC 월정액 6개월 약정 3,300원_5월 3차",A1CP1020261000120658,"[온가족특가] JTBC 6개월 약정 기간 내내 월 3,300원","20260516",TOAST,"20260421","20260531",PM30000269,455
C2600T1,"26년 6월_B tv+ KBO 올스타전_UI 541 이상_3",DummyOffer,,"20260627",TOAST,,,PPV 등,9253
C2600RF,"26년 6월_B tv+ 주말 야식비 지원_UI 541 이상_2",DummyOffer,,"20260702",TOAST,,,PPV 등,281
C2600R8,"26년 6월_B tv+ 주말 야식비 지원_UI 541 이상_1",DummyOffer,,"20260720",TOAST,,,PPV 등,29
C2600RX,"2606_비너스 디맨드_첫달무료_개편후",,,"20260713",TOAST,,,PPV 등,63
C2600O0,"26년 6월_B tv+ 짝수달 유료전환 테스트_UI 552 이상",DummyOffer,,"20260731",TOAST,,,PPV 등,309
C2600KA,"26년 5월_B tv+ 비플리_UI 540 이하(1969)_토팝 멀티스탭",DummyOffer,,"20260516",TOAST,,,PPV 등,687
C2600KD,[주기성/쿠폰] <프로젝트헤일메리&인생SF전> 할인쿠폰 프로모션,A1PR1020261000120752,[프로젝트헤일메리] 인생SF영화 추가 30% 할인,"20260517",TOAST,"20260430","20260524",PPV 등,541
C2600KE,무비혜택도미도 쿠폰 사용 안내,,,"20260510",TOAST,,,PPV 등,372
C2600RC,"<왕과 사는 남자> 타겟 프로모션_2,000원_0617",A1SA1020261000121266,"[즉시 할인] 왕과 사는 남자 2,200원 할인쿠폰","20260726",TOAST,"20260616","20260731",PPV 등,44
C2600JZ,"JTBC 월정액 6개월 약정 3,300원_5월 2차",DummyOffer,,"20260619",TOAST,,,PPV 등,24
C2600S3,"6월 성인 1+1 프로모션 (6/21~6/30)",A1SA1020261000121170,"[1+1 앵콜 이벤트] 3,300원 할인 쿠폰","20260625",TOAST,"20260609","20260731",PPV 등,371
C2600UW,"26년 7월_B tv+ KBS 이승철 콘서트_UI 541 이상_2",DummyOffer,,"20260731",TOAST,,,PPV 등,10
C2600NI,<시에라 마드레: 카르텔 전쟁> 할인쿠폰 프로모션,A1SA1020261000120862,"[시에라 마드레: 카르텔 전쟁 런칭] 영화 5,500원 할인","20260610",TOAST,"20260518","20260630",PPV 등,15
C2600LW,수요1+1무비쿠폰(5월 쿠폰발급),A1PR1020261000120851,[연휴무비쿠폰] 20% 할인(5천원 이상 사용),"20260530",TOAST,"20260408","20260525",PPV 등,2
C2600UV,모아나 소장용 패키지 프로모션 (7/10),A1SA1020261000121465,"[모아나 패키지 구매] 영화 5,500원 할인","20260716",TOAST,"20260708","20260831",PPV 등,21
C2600K8,<몽타주: 6일간의 추격> 타겟 프로모션_40%_0430,A1SA1020261000120748,[즉시 할인] 몽타주: 6일간의 추격 40% 할인쿠폰,"20260714",TOAST,"20260403","20260430",PPV 등,1
C2600OW,"26년 6월_B tv+ 국내여행_(6/4~7)_4567",DummyOffer,,"20260620",TOAST,,,PPV 등,2
C2600JZ,"JTBC 월정액 6개월 약정 3,300원_5월 2차",A1CP1020261000120658,"[온가족특가] JTBC 6개월 약정 기간 내내 월 3,300원","20260513",TOAST,"20260421","20260531",PM30000269,1
C2600T4,"26년 6월_B tv+ KBO 올스타전_UI 541 이상_4",DummyOffer,,"20260711",TOAST,,,PPV 등,5
C2600KI,"JTBC 월정액 6개월 약정 3,300원_5월 3차",A1CP1020261000120658,"[온가족특가] JTBC 6개월 약정 기간 내내 월 3,300원","20260620",TOAST,"20260421","20260531",PM30000269,3
C2600L7,"26년 5월_B tv+ 비플리_UI 541 이상_1차(~5/17)_1(1770)",DummyOffer,,"20260627",TOAST,,,PPV 등,1
C2600P0,<쉘터> 타겟 프로모션_30%_0604,A1SA1020261000120953,[즉시 할인] 쉘터 30% 할인쿠폰,"20260606",TOAST,"20260526","20260630",PPV 등,42881
C2600KD,[주기성/쿠폰] <프로젝트헤일메리&인생SF전> 할인쿠폰 프로모션,A1PR1020261000120752,[프로젝트헤일메리] 인생SF영화 추가 30% 할인,"20260519",TOAST,"20260430","20260524",PPV 등,215
C2600T4,"26년 6월_B tv+ KBO 올스타전_UI 541 이상_4",DummyOffer,,"20260627",TOAST,,,PPV 등,5050
C2600S3,"6월 성인 1+1 프로모션 (6/21~6/30)",A1SA1020261000121170,"[1+1 앵콜 이벤트] 3,300원 할인 쿠폰","20260701",TOAST,"20260609","20260731",PPV 등,303
C2600QY,수요1+1무비쿠폰(6월 쿠폰발급),A1PR1020261000121167,[금토일무비쿠폰] 20% 할인(5천원 이상 사용),"20260618",TOAST,"20260609","20261231",PPV 등,272
C2600IP,"CJ ENM 월정액 3개월 5,500원_5월 1차",DummyOffer,,"20260603",TOAST,,,PPV 등,93
C2600IY,"JTBC 월정액 6개월 약정 3,300원_5월 1차",DummyOffer,,"20260618",TOAST,,,PPV 등,12
C2600KE,무비혜택도미도 쿠폰 사용 안내,,,"20260518",TOAST,,,PPV 등,40
C2600IP,"CJ ENM 월정액 3개월 5,500원_5월 1차",DummyOffer,,"20260608",TOAST,,,PPV 등,10
C2600KD,[주기성/쿠폰] <프로젝트헤일메리&인생SF전> 할인쿠폰 프로모션,A1PR1020261000120752,[프로젝트헤일메리] 인생SF영화 추가 30% 할인,"20260527",TOAST,"20260430","20260524",PPV 등,2
C2600T0,"26년 6월_B tv+ KBO 올스타전_UI 541 이상_2",DummyOffer,,"20260720",TOAST,,,PPV 등,10
C2600SH,<납치 48시간> 할인쿠폰 프로모션,A1SA1020261000121265,"[납치 48시간 런칭] 영화 3,300원 할인","20260713",TOAST,"20260616","20260831",PPV 등,1
C2600OX,"26년 6월_B tv+ 국내여행_(6/4~7)_89",DummyOffer,,"20260628",TOAST,,,PPV 등,2
C2600M8,<짱구> 할인쿠폰 프로모션,A1SA1020261000120863,"[짱구 런칭] 영화 5,500원 할인","20260620",TOAST,"20260518","20260630",PPV 등,1
C2600NN,<코드 네임: 알라룸> 할인쿠폰 프로모션,A1SA1020261000120951,"[코드 네임: 알라룸 런칭] 영화 5,500원 할인","20260617",TOAST,"20260526","20260630",PPV 등,2
C2600R5,<내 이름은> 할인쿠폰 프로모션,A1SA1020261000121159,"[내 이름은 런칭] 영화 5,500원 할인","20260702",TOAST,"20260605","20260731",PPV 등,1
C2600N1,"26년 5월_B tv+ 당첨자_UI 541 이상_3(1770)",DummyOffer,,"20260707",TOAST,,,PPV 등,1
C2600M2,"26년 5월_B tv+ 당첨자_UI 541 이상_1(1770)",DummyOffer,,"20260617",TOAST,,,PPV 등,1
C2600W1,"26년 7월_B tv+ KBS 이승철 콘서트_타임딜_UI 541 이상_2",DummyOffer,,"20260718",TOAST,,,PPV 등,601517
C2600N0,"26년 5월_B tv+ 당첨자_UI 541 이상_2(1770)",DummyOffer,,"20260526",TOAST,,,PPV 등,12261
C2600SU,"26년 6월_B tv+ KBO 올스타전_UI 541 이상_1",DummyOffer,,"20260708",TOAST,,,PPV 등,4691
C2600SJ,[주기성]프라다입고문워크 신작혜택파티 프로모션,A1PR1020261000121272,[신작혜택파티] 영화 30% 할인(악마는프라다2 외 대상작),"20260630",TOAST,"20260618","20260706",PPV 등,653
C2600IY,"JTBC 월정액 6개월 약정 3,300원_5월 1차",DummyOffer,,"20260530",TOAST,,,PPV 등,528
C2600NP,<모탈 컴뱃2> 할인쿠폰 프로모션,A1SA1020261000120959,"[모탈컴뱃2 런칭] 영화 5,500원 할인","20260606",TOAST,"20260528","20260615",PPV 등,56
C2600XG,"26년 7월 B tv+ 할인 연장 캠페인_6개월/9개월 할인재연",A1CP1020261000121664,"[가입 유지 선물] B tv+ 월 5,500원 이용 혜택 6개월 자동 연장_7월","20260727",TOAST,"20260721","20260831",PPV 등,27
C2600KK,"CJ ENM 월정액 3개월 5,500원_5월 2차",A1CP1020261000120659,"[온가족특가] CJ ENM 월정액 3개월 내내 5,500원","20260612",TOAST,"20260422","20260531",PM30000154,8
C2600L7,"26년 5월_B tv+ 비플리_UI 541 이상_1차(~5/17)_1(1770)",DummyOffer,,"20260618",TOAST,,,PPV 등,1
C2600KK,"CJ ENM 월정액 3개월 5,500원_5월 2차",A1CP1020261000120659,"[온가족특가] CJ ENM 월정액 3개월 내내 5,500원","20260607",TOAST,"20260422","20260531",PM30000154,4
C2600SU,"26년 6월_B tv+ KBO 올스타전_UI 541 이상_1",DummyOffer,,"20260730",TOAST,,,PPV 등,9
C2600T4,"26년 6월_B tv+ KBO 올스타전_UI 541 이상_4",DummyOffer,,"20260717",TOAST,,,PPV 등,3
C2600JE,<캣 앤 독> 할인쿠폰 프로모션,A1SA1020261000120747,"[캣 앤 독 런칭] 영화 5,500원 할인","20260509",TOAST,"20260428","20260531",PPV 등,5
C2600M2,"26년 5월_B tv+ 당첨자_UI 541 이상_1(1770)",DummyOffer,,"20260715",TOAST,,,PPV 등,4
C2600IY,"JTBC 월정액 6개월 약정 3,300원_5월 1차",DummyOffer,,"20260720",TOAST,,,PPV 등,2
C2600JZ,"JTBC 월정액 6개월 약정 3,300원_5월 2차",DummyOffer,,"20260724",TOAST,,,PPV 등,2
C2600IP,"CJ ENM 월정액 3개월 5,500원_5월 1차",DummyOffer,,"20260619",TOAST,,,PPV 등,4
C2600M2,"26년 5월_B tv+ 당첨자_UI 541 이상_1(1770)",DummyOffer,,"20260618",TOAST,,,PPV 등,2
C2600T8,<살목지(2차)> 할인쿠폰 프로모션,A1SA1020261000121161,"[살목지 런칭] 영화 4,444원 할인","20260707",TOAST,"20260605","20260731",PPV 등,1
C2600L8,"26년 5월_B tv+ 비플리_UI 541 이상_1차(~5/17)_2(1770)",DummyOffer,,"20260530",TOAST,,,PPV 등,2
C2600T0,"26년 6월_B tv+ KBO 올스타전_UI 541 이상_2",DummyOffer,,"20260709",TOAST,,,PPV 등,1830
C2600RH,"26년 6월_B tv+ 주말 야식비 지원_UI 541 이상_4",DummyOffer,,"20260622",TOAST,,,PPV 등,11085
C2600N0,"26년 5월_B tv+ 당첨자_UI 541 이상_2(1770)",DummyOffer,,"20260530",TOAST,,,PPV 등,2325
C2600KD,[주기성/쿠폰] <프로젝트헤일메리&인생SF전> 할인쿠폰 프로모션,A1PR1020261000120752,[프로젝트헤일메리] 인생SF영화 추가 30% 할인,"20260511",TOAST,"20260430","20260524",PPV 등,1294
C2600OW,"26년 6월_B tv+ 국내여행_(6/4~7)_4567",DummyOffer,,"20260618",TOAST,,,PPV 등,62
C2600K8,<몽타주: 6일간의 추격> 타겟 프로모션_40%_0430,A1SA1020261000120748,[즉시 할인] 몽타주: 6일간의 추격 40% 할인쿠폰,"20260522",TOAST,"20260403","20260430",PPV 등,159
C2600NL,<쉘터> 할인쿠폰 프로모션,A1SA1020261000120861,"[쉘터 런칭] 영화 3,300원 할인","20260605",TOAST,"20260518","20260630",PPV 등,131
C2600T7,<노멀> 할인쿠폰 프로모션,A1SA1020261000121162,"[노멀 런칭] 영화 3,300원 할인","20260702",TOAST,"20260605","20260731",PPV 등,283
C2600RA,SPOTV 6월 첫달무료_1차_0617 토스트팝업,,,"20260630",TOAST,,,PPV 등,305
C2600X8,"26년 7월_B tv+ 7월 4주차 복날 타임딜_UI 541 이상_3_F",DummyOffer,,"20260730",TOAST,,,PPV 등,259
C2600TM,<신의 악단> 할인쿠폰 프로모션,A1SA1020261000121384,"[신의 악단 런칭] 영화 3,300원 할인","20260713",TOAST,"20260630","20260731",PPV 등,123
C2600UV,모아나 소장용 패키지 프로모션 (7/10),A1SA1020261000121465,"[모아나 패키지 구매] 영화 5,500원 할인","20260712",TOAST,"20260708","20260831",PPV 등,70
C2600KA,"26년 5월_B tv+ 비플리_UI 540 이하(1969)_토팝 멀티스탭",DummyOffer,,"20260510",TOAST,,,PPV 등,56
C2600KI,"JTBC 월정액 6개월 약정 3,300원_5월 3차",A1CP1020261000120658,"[온가족특가] JTBC 6개월 약정 기간 내내 월 3,300원","20260715",TOAST,"20260421","20260531",PM30000269,1
C2600RW,"2606_비너스 디맨드_첫달무료_개편전",,,"20260627",TOAST,,,PPV 등,10
C2600KK,"CJ ENM 월정액 3개월 5,500원_5월 2차",A1CP1020261000120659,"[온가족특가] CJ ENM 월정액 3개월 내내 5,500원","20260611",TOAST,"20260422","20260531",PM30000154,2
C2600N3,[주기성/쿠폰] <살목지&K-공포상영회> 할인쿠폰 프로모션,A1PR1020261000120873,[K-공포 상영회] 영화 50% 할인,"20260615",TOAST,"20260520","20260609",PPV 등,10
C2600OJ,"2606_플레이보이 디맨드_첫달무료",,,"20260614",TOAST,,,PPV 등,2
C2600SJ,[주기성]프라다입고문워크 신작혜택파티 프로모션,A1PR1020261000121272,[신작혜택파티] 영화 30% 할인(악마는프라다2 외 대상작),"20260726",TOAST,"20260618","20260706",PPV 등,1
C2600L7,"26년 5월_B tv+ 비플리_UI 541 이상_1차(~5/17)_1(1770)",DummyOffer,,"20260525",TOAST,,,PPV 등,1
C2600KI,"JTBC 월정액 6개월 약정 3,300원_5월 3차",A1CP1020261000120658,"[온가족특가] JTBC 6개월 약정 기간 내내 월 3,300원","20260626",TOAST,"20260421","20260531",PM30000269,1
C2600O0,"26년 6월_B tv+ 짝수달 유료전환 테스트_UI 552 이상",DummyOffer,,"20260611",TOAST,,,PPV 등,9609
C2600RH,"26년 6월_B tv+ 주말 야식비 지원_UI 541 이상_4",DummyOffer,,"20260621",TOAST,,,PPV 등,94968
C2600PU,"26년 6월_B tv+ 파격할인_UI 541 이상_4",DummyOffer,,"20260614",TOAST,,,PPV 등,3765
C2600RC,"<왕과 사는 남자> 타겟 프로모션_2,000원_0617",A1SA1020261000121266,"[즉시 할인] 왕과 사는 남자 2,200원 할인쿠폰","20260705",TOAST,"20260616","20260731",PPV 등,186
C2600RF,"26년 6월_B tv+ 주말 야식비 지원_UI 541 이상_2",DummyOffer,,"20260707",TOAST,,,PPV 등,186
C2600OU,"2606_SPOTV_BWF 인도네시아 오픈",DummyOffer,,"20260619",TOAST,,,PPV 등,630
C2600TK,<메가 샤크 어택> 할인쿠폰 프로모션,A1SA1020261000121369,"[메가 샤크 어택 런칭] 영화 5,500원 할인","20260710",TOAST,"20260626","20260731",PPV 등,29
C2600N3,[주기성/쿠폰] <살목지&K-공포상영회> 할인쿠폰 프로모션,A1PR1020261000120873,[K-공포 상영회] 영화 50% 할인,"20260612",TOAST,"20260520","20260609",PPV 등,70
C2600WF,<군체[예약구매]> 할인쿠폰 프로모션,A1SA1020261000121562,"[군체 예약] 영화 4,400원 할인","20260723",TOAST,"20260716","20260831",PPV 등,144
C2600T1,"26년 6월_B tv+ KBO 올스타전_UI 541 이상_3",DummyOffer,,"20260711",TOAST,,,PPV 등,12
C2600UX,"26년 7월_B tv+ KBS 이승철 콘서트_UI 541 이상_3",DummyOffer,,"20260722",TOAST,,,PPV 등,13
C2600IP,"CJ ENM 월정액 3개월 5,500원_5월 1차",DummyOffer,,"20260628",TOAST,,,PPV 등,3
C2600QL,"2606_플레이보이 디맨드_첫달무료_리마인드_2차",,,"20260624",TOAST,,,PPV 등,7
C2600JZ,"JTBC 월정액 6개월 약정 3,300원_5월 2차",DummyOffer,,"20260608",TOAST,,,PPV 등,33
C2600N0,"26년 5월_B tv+ 당첨자_UI 541 이상_2(1770)",DummyOffer,,"20260618",TOAST,,,PPV 등,3
C2600RA,SPOTV 6월 첫달무료_1차_0617 토스트팝업,,,"20260726",TOAST,,,PPV 등,58
C2600PJ,"2606_플레이보이 디맨드_첫달무료_리마인드_1차",,,"20260617",TOAST,,,PPV 등,6
C2600PJ,"2606_플레이보이 디맨드_첫달무료_리마인드_1차",,,"20260613",TOAST,,,PPV 등,15
C2600KA,"26년 5월_B tv+ 비플리_UI 540 이하(1969)_토팝 멀티스탭",DummyOffer,,"20260518",TOAST,,,PPV 등,18
C2600IY,"JTBC 월정액 6개월 약정 3,300원_5월 1차",DummyOffer,,"20260726",TOAST,,,PPV 등,1
C2600LG,<스피드> 할인쿠폰 프로모션,A1SA1020261000120858,"[스피드 런칭] 영화 5,500원 할인",,TOAST,"20260512","20260531",PPV 등,0
C2600KE,무비혜택도미도 쿠폰 사용 안내,,,"20260604",TOAST,,,PPV 등,6
C2600UP,<서퍼> 할인쿠폰 프로모션,A1SA1020261000121460,"[서퍼 런칭] 영화 3,300원 할인","20260723",TOAST,"20260708","20260831",PPV 등,2
C2600NG,SPOTV 6월 첫달무료_1차_0613 토팝,,,"20260706",TOAST,,,PPV 등,2
C2600KK,"CJ ENM 월정액 3개월 5,500원_5월 2차",A1CP1020261000120659,"[온가족특가] CJ ENM 월정액 3개월 내내 5,500원","20260719",TOAST,"20260422","20260531",PM30000154,2
C2600T4,"26년 6월_B tv+ KBO 올스타전_UI 541 이상_4",DummyOffer,,"20260722",TOAST,,,PPV 등,3
C2600TM,<신의 악단> 할인쿠폰 프로모션,A1SA1020261000121384,"[신의 악단 런칭] 영화 3,300원 할인","20260726",TOAST,"20260630","20260731",PPV 등,1
C2600PU,"26년 6월_B tv+ 파격할인_UI 541 이상_4",DummyOffer,,,TOAST,,,PPV 등,0
C2600UW,"26년 7월_B tv+ KBS 이승철 콘서트_UI 541 이상_2",DummyOffer,,"20260712",TOAST,,,PPV 등,658560
C2600UW,"26년 7월_B tv+ KBS 이승철 콘서트_UI 541 이상_2",DummyOffer,,"20260711",TOAST,,,PPV 등,27826
C2600IY,"JTBC 월정액 6개월 약정 3,300원_5월 1차",A1CP1020261000120658,"[온가족특가] JTBC 6개월 약정 기간 내내 월 3,300원","20260502",TOAST,"20260421","20260531",PM30000269,4113
C2600OU,"2606_SPOTV_BWF 인도네시아 오픈",DummyOffer,,"20260701",TOAST,,,PPV 등,220
C2600N0,"26년 5월_B tv+ 당첨자_UI 541 이상_2(1770)",DummyOffer,,"20260605",TOAST,,,PPV 등,110
C2600O0,"26년 6월_B tv+ 짝수달 유료전환 테스트_UI 552 이상",DummyOffer,,"20260729",TOAST,,,PPV 등,327
C2600Q3,"6월 성인 1+1 프로모션 (6/11~6/20)",A1SA1020261000121168,"[1+1이벤트] 3,300원 할인 쿠폰","20260612",TOAST,"20260609","20260731",PPV 등,198
C2600P0,<쉘터> 타겟 프로모션_30%_0604,A1SA1020261000120953,[즉시 할인] 쉘터 30% 할인쿠폰,"20260626",TOAST,"20260526","20260630",PPV 등,69
C2600OW,"26년 6월_B tv+ 국내여행_(6/4~7)_4567",DummyOffer,,"20260626",TOAST,,,PPV 등,1
C2600NI,<시에라 마드레: 카르텔 전쟁> 할인쿠폰 프로모션,A1SA1020261000120862,"[시에라 마드레: 카르텔 전쟁 런칭] 영화 5,500원 할인","20260606",TOAST,"20260518","20260630",PPV 등,23
C2600RX,"2606_비너스 디맨드_첫달무료_개편후",,,"20260721",TOAST,,,PPV 등,18
C2600W1,"26년 7월_B tv+ KBS 이승철 콘서트_타임딜_UI 541 이상_2",DummyOffer,,,TOAST,,,PPV 등,0
C2600ON,"26년 6월_B tv+ 국내여행_(6/3)_4567",DummyOffer,,"20260625",TOAST,,,PPV 등,2
C2600KK,"CJ ENM 월정액 3개월 5,500원_5월 2차",A1CP1020261000120659,"[온가족특가] CJ ENM 월정액 3개월 내내 5,500원","20260601",TOAST,"20260422","20260531",PM30000154,12
C2600IY,"JTBC 월정액 6개월 약정 3,300원_5월 1차",DummyOffer,,"20260626",TOAST,,,PPV 등,3
C2600SH,<납치 48시간> 할인쿠폰 프로모션,A1SA1020261000121265,"[납치 48시간 런칭] 영화 3,300원 할인","20260630",TOAST,"20260616","20260831",PPV 등,16
C2600T6,"26년 6월 B tv+ 할인 연장 캠페인_광복절 5,500원",A1CP1020261000121367,"[가입 유지 선물] B tv+ 월 5,500원 이용 혜택 6개월 자동 연장_6월","20260703",TOAST,"20260625","20260731",PPV 등,2
C2600QL,"2606_플레이보이 디맨드_첫달무료_리마인드_2차",,,"20260714",TOAST,,,PPV 등,1
C2600R8,"26년 6월_B tv+ 주말 야식비 지원_UI 541 이상_1",DummyOffer,,"20260724",TOAST,,,PPV 등,15
C2600RG,"26년 6월_B tv+ 주말 야식비 지원_UI 541 이상_3",DummyOffer,,"20260720",TOAST,,,PPV 등,5
C2600O7,"2606_캐치온 해지방어_B tv+ Cross-sell",,,"20260615",TOAST,,,PPV 등,5
C2600N1,"26년 5월_B tv+ 당첨자_UI 541 이상_3(1770)",DummyOffer,,"20260719",TOAST,,,PPV 등,2
C2600LA,"26년 5월_B tv+ 비플리_UI 541 이상_1차(~5/17)_4(1770)",DummyOffer,,"20260604",TOAST,,,PPV 등,3
C2600O7,"2606_캐치온 해지방어_B tv+ Cross-sell",,,"20260603",TOAST,,,PPV 등,8
C2600KA,"26년 5월_B tv+ 비플리_UI 540 이하(1969)_토팝 멀티스탭",DummyOffer,,"20260527",TOAST,,,PPV 등,8
C2600N1,"26년 5월_B tv+ 당첨자_UI 541 이상_3(1770)",DummyOffer,,"20260607",TOAST,,,PPV 등,6
C2600PV,"26년 6월_B tv+ 파격할인_UI 541 이하_5",DummyOffer,,"20260625",TOAST,,,PPV 등,1
C2600L9,"26년 5월_B tv+ 비플리_UI 541 이상_1차(~5/17)_3(1770)",DummyOffer,,"20260526",TOAST,,,PPV 등,2
C2600RG,"26년 6월_B tv+ 주말 야식비 지원_UI 541 이상_3",DummyOffer,,"20260709",TOAST,,,PPV 등,9
C2600T9,"26년 6월 B tv+ 할인 연장 캠페인_8월할인 7,700원",A1CP1020261000121368,"[가입 유지 선물] B tv+ 월 7,700원 이용 혜택 6개월 자동 연장_6월","20260724",TOAST,"20260625","20260731",PPV 등,1
C2600L7,"26년 5월_B tv+ 비플리_UI 541 이상_1차(~5/17)_1(1770)",DummyOffer,,"20260604",TOAST,,,PPV 등,1
C2600N2,"26년 5월_B tv+ 당첨자_UI 541 이상_4(1770)",DummyOffer,,"20260621",TOAST,,,PPV 등,1
C2600R4,<피어스> 할인쿠폰 프로모션,A1SA1020261000121258,"[피어스 런칭] 영화 5,500원 할인","20260627",TOAST,"20260615","20260731",PPV 등,1
C2600LW,수요1+1무비쿠폰(5월 쿠폰발급),A1PR1020261000120851,[연휴무비쿠폰] 20% 할인(5천원 이상 사용),"20260525",TOAST,"20260408","20260525",PPV 등,1
C2600T4,"26년 6월_B tv+ KBO 올스타전_UI 541 이상_4",DummyOffer,,"20260731",TOAST,,,PPV 등,1
C2600IY,"JTBC 월정액 6개월 약정 3,300원_5월 1차",A1CP1020261000120658,"[온가족특가] JTBC 6개월 약정 기간 내내 월 3,300원","20260501",TOAST,"20260421","20260531",PM30000269,94147
C2600RF,"26년 6월_B tv+ 주말 야식비 지원_UI 541 이상_2",DummyOffer,,"20260618",TOAST,,,PPV 등,304795
C2600S3,"6월 성인 1+1 프로모션 (6/21~6/30)",A1SA1020261000121170,"[1+1 앵콜 이벤트] 3,300원 할인 쿠폰","20260623",TOAST,"20260609","20260731",PPV 등,510
C2600RX,"2606_비너스 디맨드_첫달무료_개편후",,,"20260714",TOAST,,,PPV 등,42
C2600RA,SPOTV 6월 첫달무료_1차_0617 토스트팝업,,,"20260709",TOAST,,,PPV 등,133
C2600RC,"<왕과 사는 남자> 타겟 프로모션_2,000원_0617",A1SA1020261000121266,"[즉시 할인] 왕과 사는 남자 2,200원 할인쿠폰","20260711",TOAST,"20260616","20260731",PPV 등,137
C2600SH,<납치 48시간> 할인쿠폰 프로모션,A1SA1020261000121265,"[납치 48시간 런칭] 영화 3,300원 할인","20260702",TOAST,"20260616","20260831",PPV 등,14
C2600KE,무비혜택도미도 쿠폰 사용 안내,,,"20260521",TOAST,,,PPV 등,35
C2600TN,"7월 성인 1+1 프로모션_모바일 (7/1~7/10)",A1SA1020261000121371,"[1+1이벤트] 3,300원 할인 쿠폰 (모바일)","20260707",TOAST,"20260626","20260731",PPV 등,59
C2600KK,"CJ ENM 월정액 3개월 5,500원_5월 2차",A1CP1020261000120659,"[온가족특가] CJ ENM 월정액 3개월 내내 5,500원","20260515",TOAST,"20260422","20260531",PM30000154,80
C2600OX,"26년 6월_B tv+ 국내여행_(6/4~7)_89",DummyOffer,,"20260706",TOAST,,,PPV 등,1
C2600W2,"26년 7월_B tv+ KBS 이승철 콘서트_타임딜_UI 541 이상_3",DummyOffer,,"20260730",TOAST,,,PPV 등,33
C2600TK,<메가 샤크 어택> 할인쿠폰 프로모션,A1SA1020261000121369,"[메가 샤크 어택 런칭] 영화 5,500원 할인","20260706",TOAST,"20260626","20260731",PPV 등,79
C2600OU,"2606_SPOTV_BWF 인도네시아 오픈",DummyOffer,,"20260729",TOAST,,,PPV 등,74
C2600PU,"26년 6월_B tv+ 파격할인_UI 541 이상_4",DummyOffer,,"20260707",TOAST,,,PPV 등,2
C2600TO,<마이클> 할인쿠폰 프로모션,A1SA1020261000121261,"[마이클 런칭] 영화 3,300원 할인","20260712",TOAST,"20260616","20260815",PPV 등,12
C2600RW,"2606_비너스 디맨드_첫달무료_개편전",,,"20260704",TOAST,,,PPV 등,3
C2600P0,<쉘터> 타겟 프로모션_30%_0604,A1SA1020261000120953,[즉시 할인] 쉘터 30% 할인쿠폰,"20260716",TOAST,"20260526","20260630",PPV 등,24
C2600TM,<신의 악단> 할인쿠폰 프로모션,A1SA1020261000121384,"[신의 악단 런칭] 영화 3,300원 할인","20260718",TOAST,"20260630","20260731",PPV 등,3
C2600RG,"26년 6월_B tv+ 주말 야식비 지원_UI 541 이상_3",DummyOffer,,"20260724",TOAST,,,PPV 등,4
C2600KA,"26년 5월_B tv+ 비플리_UI 540 이하(1969)_토팝 멀티스탭",DummyOffer,,"20260514",TOAST,,,PPV 등,2
C2600PJ,"2606_플레이보이 디맨드_첫달무료_리마인드_1차",,,"20260703",TOAST,,,PPV 등,2
C2600WI,<뮌터 & 칸딘스키 - 사랑의 초상> 할인쿠폰 프로모션,A1SA1020261000121560,"[뮌터 & 칸딘스키 - 사랑의 초상 런칭] 영화 5,500원 할인","20260729",TOAST,"20260716","20260831",PPV 등,2
C2600PJ,"2606_플레이보이 디맨드_첫달무료_리마인드_1차",,,"20260701",TOAST,,,PPV 등,1
C2600IP,"CJ ENM 월정액 3개월 5,500원_5월 1차",DummyOffer,,"20260730",TOAST,,,PPV 등,1
C2600P0,<쉘터> 타겟 프로모션_30%_0604,A1SA1020261000120953,[즉시 할인] 쉘터 30% 할인쿠폰,"20260605",TOAST,"20260526","20260630",PPV 등,261731
C2600PU,"26년 6월_B tv+ 파격할인_UI 541 이상_4",DummyOffer,,"20260615",TOAST,,,PPV 등,3023
C2600OJ,"2606_플레이보이 디맨드_첫달무료",,,"20260531",TOAST,,,PPV 등,65582
C2600VH,"26년 7월_B tv+ KBS 이승철 콘서트_타임딜_UI 541 이상_1",DummyOffer,,"20260722",TOAST,,,PPV 등,94541
C2600IP,"CJ ENM 월정액 3개월 5,500원_5월 1차",DummyOffer,,"20260519",TOAST,,,PPV 등,4312
C2600XE,"26년 7월_B tv+ 7월 4주차 복날 타임딜_UI 541 이상_2_F",DummyOffer,,"20260731",TOAST,,,PPV 등,1721
C2600KK,"CJ ENM 월정액 3개월 5,500원_5월 2차",A1CP1020261000120659,"[온가족특가] CJ ENM 월정액 3개월 내내 5,500원","20260523",TOAST,"20260422","20260531",PM30000154,90
C2600OU,"2606_SPOTV_BWF 인도네시아 오픈",DummyOffer,,"20260716",TOAST,,,PPV 등,123
C2600KI,"JTBC 월정액 6개월 약정 3,300원_5월 3차",A1CP1020261000120658,"[온가족특가] JTBC 6개월 약정 기간 내내 월 3,300원","20260527",TOAST,"20260421","20260531",PM30000269,36
C2600NO,<푸틴: 절대 권력의 최후> 할인쿠폰 프로모션,A1SA1020261000120952,"[푸틴: 절대 권력의 최후 런칭] 영화 3,300원 할인","20260605",TOAST,"20260526","20260630",PPV 등,16
C2600S4,"6월 성인 1+1 프로모션_모바일 (6/21~6/30)",A1SA1020261000121171,"[1+1 앵콜 이벤트] 3,300원 할인 쿠폰 (모바일)","20260624",TOAST,"20260609","20260731",PPV 등,53
C2600VN,<엘리베이션> 할인쿠폰 프로모션,A1SA1020261000121463,"[엘리베이션 런칭] 영화 3,300원 할인","20260724",TOAST,"20260708","20260831",PPV 등,30
C2600TO,<마이클> 할인쿠폰 프로모션,A1SA1020261000121261,"[마이클 런칭] 영화 3,300원 할인","20260709",TOAST,"20260616","20260815",PPV 등,201
C2600T1,"26년 6월_B tv+ KBO 올스타전_UI 541 이상_3",DummyOffer,,"20260721",TOAST,,,PPV 등,10
C2600W2,"26년 7월_B tv+ KBS 이승철 콘서트_타임딜_UI 541 이상_3",DummyOffer,,"20260725",TOAST,,,PPV 등,14
C2600RG,"26년 6월_B tv+ 주말 야식비 지원_UI 541 이상_3",DummyOffer,,"20260629",TOAST,,,PPV 등,24
C2600RX,"2606_비너스 디맨드_첫달무료_개편후",,,"20260722",TOAST,,,PPV 등,13
C2600KI,"JTBC 월정액 6개월 약정 3,300원_5월 3차",A1CP1020261000120658,"[온가족특가] JTBC 6개월 약정 기간 내내 월 3,300원","20260606",TOAST,"20260421","20260531",PM30000269,13
C2600RW,"2606_비너스 디맨드_첫달무료_개편전",,,"20260628",TOAST,,,PPV 등,10
C2600OU,"2606_SPOTV_BWF 인도네시아 오픈",DummyOffer,,,TOAST,,,PPV 등,0
C2600UU,"7월 성인 1+1 앵콜 프로모션_모바일 (7/11~7/20)",A1SA1020261000121458,"[1+1 앵콜 이벤트] 3,300원 할인 쿠폰","20260725",TOAST,"20260708","20260831",PPV 등,5
C2600T6,"26년 6월 B tv+ 할인 연장 캠페인_광복절 5,500원",A1CP1020261000121367,"[가입 유지 선물] B tv+ 월 5,500원 이용 혜택 6개월 자동 연장_6월","20260712",TOAST,"20260625","20260731",PPV 등,4
C2600SH,<납치 48시간> 할인쿠폰 프로모션,A1SA1020261000121265,"[납치 48시간 런칭] 영화 3,300원 할인","20260710",TOAST,"20260616","20260831",PPV 등,3
C2600UP,<서퍼> 할인쿠폰 프로모션,A1SA1020261000121460,"[서퍼 런칭] 영화 3,300원 할인","20260724",TOAST,"20260708","20260831",PPV 등,2
C2600JB,<극장의 시간들> 할인쿠폰 프로모션,A1SA1020261000120746,"[극장의 시간들 런칭] 영화 5,500원 할인","20260514",TOAST,"20260428","20260531",PPV 등,2
C2600KO,<폭탄> 할인쿠폰 프로모션,A1SA1020261000120751,"[폭탄 런칭] 영화 5,500원 할인","20260520",TOAST,"20260430","20260531",PPV 등,3
C2600IY,"JTBC 월정액 6개월 약정 3,300원_5월 1차",DummyOffer,,"20260717",TOAST,,,PPV 등,1
C2600VM,<헬파이어: 시수의 길> 할인쿠폰 프로모션,A1SA1020261000121461,"[헬파이어: 시수의 길 런칭] 영화 5,500원 할인","20260728",TOAST,"20260708","20260831",PPV 등,3
C2600Q3,"6월 성인 1+1 프로모션 (6/11~6/20)",A1SA1020261000121168,"[1+1이벤트] 3,300원 할인 쿠폰","20260714",TOAST,"20260609","20260731",PPV 등,1
C2600IP,"CJ ENM 월정액 3개월 5,500원_5월 1차",DummyOffer,,"20260517",TOAST,,,PPV 등,97155
C2600SJ,[주기성]프라다입고문워크 신작혜택파티 프로모션,A1PR1020261000121272,[신작혜택파티] 영화 30% 할인(악마는프라다2 외 대상작),"20260704",TOAST,"20260618","20260706",PPV 등,736
C2600SU,"26년 6월_B tv+ KBO 올스타전_UI 541 이상_1",DummyOffer,,"20260629",TOAST,,,PPV 등,5686
C2600JZ,"JTBC 월정액 6개월 약정 3,300원_5월 2차",DummyOffer,,"20260531",TOAST,,,PPV 등,507
C2600TM,<신의 악단> 할인쿠폰 프로모션,A1SA1020261000121384,"[신의 악단 런칭] 영화 3,300원 할인","20260706",TOAST,"20260630","20260731",PPV 등,260
C2600O0,"26년 6월_B tv+ 짝수달 유료전환 테스트_UI 552 이상",DummyOffer,,"20260723",TOAST,,,PPV 등,443
C2600RH,"26년 6월_B tv+ 주말 야식비 지원_UI 541 이상_4",DummyOffer,,"20260714",TOAST,,,PPV 등,21
C2600UN,"26년 7월_B tv+ KBS 이승철 콘서트_UI 541 이상_1",DummyOffer,,"20260726",TOAST,,,PPV 등,13
C2600NN,<코드 네임: 알라룸> 할인쿠폰 프로모션,A1SA1020261000120951,"[코드 네임: 알라룸 런칭] 영화 5,500원 할인","20260613",TOAST,"20260526","20260630",PPV 등,8
C2600T8,<살목지(2차)> 할인쿠폰 프로모션,A1SA1020261000121161,"[살목지 런칭] 영화 4,444원 할인","20260704",TOAST,"20260605","20260731",PPV 등,8
C2600R4,<피어스> 할인쿠폰 프로모션,A1SA1020261000121258,"[피어스 런칭] 영화 5,500원 할인","20260619",TOAST,"20260615","20260731",PPV 등,1
C2600WH,<군체> 할인쿠폰 프로모션,A1SA1020261000121563,[군체 런칭] 영화 20% 할인,"20260731",TOAST,"20260716","20260831",PPV 등,69
C2600NO,<푸틴: 절대 권력의 최후> 할인쿠폰 프로모션,A1SA1020261000120952,"[푸틴: 절대 권력의 최후 런칭] 영화 3,300원 할인","20260617",TOAST,"20260526","20260630",PPV 등,5
C2600T9,"26년 6월 B tv+ 할인 연장 캠페인_8월할인 7,700원",A1CP1020261000121368,"[가입 유지 선물] B tv+ 월 7,700원 이용 혜택 6개월 자동 연장_6월","20260705",TOAST,"20260625","20260731",PPV 등,4
C2600UQ,"2607_비플/캐치온 왕사남 해지취소",,,"20260712",TOAST,,,PPV 등,29
C2600Q5,<스위트 홈: 진격의 거인> 할인쿠폰 프로모션,A1SA1020261000121160,"[스위트 홈: 진격의 거인 런칭] 영화 3,300원 할인",,TOAST,"20260605","20260731",PPV 등,0
C2600TO,<마이클> 할인쿠폰 프로모션,A1SA1020261000121261,"[마이클 런칭] 영화 3,300원 할인","20260717",TOAST,"20260616","20260815",PPV 등,1
C2600WF,<군체[예약구매]> 할인쿠폰 프로모션,A1SA1020261000121562,"[군체 예약] 영화 4,400원 할인","20260727",TOAST,"20260716","20260831",PPV 등,2
C2600ON,"26년 6월_B tv+ 국내여행_(6/3)_4567",DummyOffer,,"20260608",TOAST,,,PPV 등,7
C2600KK,"CJ ENM 월정액 3개월 5,500원_5월 2차",A1CP1020261000120659,"[온가족특가] CJ ENM 월정액 3개월 내내 5,500원","20260623",TOAST,"20260422","20260531",PM30000154,1
C2600OP,"26년 6월_B tv+ 국내여행_(6/4~7)_0123",DummyOffer,,"20260727",TOAST,,,PPV 등,1
C2600OM,"26년 6월_B tv+ 국내여행_(6/3)_0123",DummyOffer,,"20260714",TOAST,,,PPV 등,1
C2600SJ,[주기성]프라다입고문워크 신작혜택파티 프로모션,A1PR1020261000121272,[신작혜택파티] 영화 30% 할인(악마는프라다2 외 대상작),"20260716",TOAST,"20260618","20260706",PPV 등,6
C2600KE,무비혜택도미도 쿠폰 사용 안내,,,"20260703",TOAST,,,PPV 등,1
C2600JE,<캣 앤 독> 할인쿠폰 프로모션,A1SA1020261000120747,"[캣 앤 독 런칭] 영화 5,500원 할인","20260508",TOAST,"20260428","20260531",PPV 등,4
C2600OO,"26년 6월_B tv+ 국내여행_(6/3)_89",DummyOffer,,"20260614",TOAST,,,PPV 등,1
C2600Q3,"6월 성인 1+1 프로모션 (6/11~6/20)",A1SA1020261000121168,"[1+1이벤트] 3,300원 할인 쿠폰","20260620",TOAST,"20260609","20260731",PPV 등,1
C2600OW,"26년 6월_B tv+ 국내여행_(6/4~7)_4567",DummyOffer,,"20260705",TOAST,,,PPV 등,1
C2600RW,"2606_비너스 디맨드_첫달무료_개편전",,,"20260711",TOAST,,,PPV 등,1
C2600T1,"26년 6월_B tv+ KBO 올스타전_UI 541 이상_3",DummyOffer,,"20260702",TOAST,,,PPV 등,10514
C2600VH,"26년 7월_B tv+ KBS 이승철 콘서트_타임딜_UI 541 이상_1",DummyOffer,,"20260720",TOAST,,,PPV 등,9303
C2600T0,"26년 6월_B tv+ KBO 올스타전_UI 541 이상_2",DummyOffer,,"20260627",TOAST,,,PPV 등,21816
C2600NI,<시에라 마드레: 카르텔 전쟁> 할인쿠폰 프로모션,A1SA1020261000120862,"[시에라 마드레: 카르텔 전쟁 런칭] 영화 5,500원 할인","20260531",TOAST,"20260518","20260630",PPV 등,41
C2600OU,"2606_SPOTV_BWF 인도네시아 오픈",DummyOffer,,"20260618",TOAST,,,PPV 등,528
C2600QL,"2606_플레이보이 디맨드_첫달무료_리마인드_2차",,,"20260616",TOAST,,,PPV 등,1052
C2600TL,"7월 성인 1+1 프로모션 (7/1~7/10)",A1SA1020261000121370,"[1+1이벤트] 3,300원 할인 쿠폰","20260705",TOAST,"20260626","20260731",PPV 등,491
C2600O0,"26년 6월_B tv+ 짝수달 유료전환 테스트_UI 552 이상",DummyOffer,,"20260724",TOAST,,,PPV 등,480
C2600RG,"26년 6월_B tv+ 주말 야식비 지원_UI 541 이상_3",DummyOffer,,"20260624",TOAST,,,PPV 등,290
C2600OX,"26년 6월_B tv+ 국내여행_(6/4~7)_89",DummyOffer,,"20260615",TOAST,,,PPV 등,187
C2600WB,"2607_비플/캐치온 왕사남 해지취소_3주차_토팝",,,"20260725",TOAST,,,PPV 등,28
C2600RA,SPOTV 6월 첫달무료_1차_0617 토스트팝업,,,"20260628",TOAST,,,PPV 등,380
C2600OP,"26년 6월_B tv+ 국내여행_(6/4~7)_0123",DummyOffer,,"20260616",TOAST,,,PPV 등,122
C2600RH,"26년 6월_B tv+ 주말 야식비 지원_UI 541 이상_4",DummyOffer,,"20260628",TOAST,,,PPV 등,163
C2600KI,"JTBC 월정액 6개월 약정 3,300원_5월 3차",A1CP1020261000120658,"[온가족특가] JTBC 6개월 약정 기간 내내 월 3,300원","20260519",TOAST,"20260421","20260531",PM30000269,100
C2600OU,"2606_SPOTV_BWF 인도네시아 오픈",DummyOffer,,"20260713",TOAST,,,PPV 등,137
C2600S3,"6월 성인 1+1 프로모션 (6/21~6/30)",A1SA1020261000121170,"[1+1 앵콜 이벤트] 3,300원 할인 쿠폰","20260627",TOAST,"20260609","20260731",PPV 등,357
C2600P0,<쉘터> 타겟 프로모션_30%_0604,A1SA1020261000120953,[즉시 할인] 쉘터 30% 할인쿠폰,"20260705",TOAST,"20260526","20260630",PPV 등,69
C2600JB,<극장의 시간들> 할인쿠폰 프로모션,A1SA1020261000120746,"[극장의 시간들 런칭] 영화 5,500원 할인","20260505",TOAST,"20260428","20260531",PPV 등,3
C2600SU,"26년 6월_B tv+ KBO 올스타전_UI 541 이상_1",DummyOffer,,"20260731",TOAST,,,PPV 등,1
C2600TK,<메가 샤크 어택> 할인쿠폰 프로모션,A1SA1020261000121369,"[메가 샤크 어택 런칭] 영화 5,500원 할인","20260717",TOAST,"20260626","20260731",PPV 등,5
C2600UX,"26년 7월_B tv+ KBS 이승철 콘서트_UI 541 이상_3",DummyOffer,,"20260731",TOAST,,,PPV 등,4
C2600L7,"26년 5월_B tv+ 비플리_UI 541 이상_1차(~5/17)_1(1770)",DummyOffer,,"20260606",TOAST,,,PPV 등,2
C2600SJ,[주기성]프라다입고문워크 신작혜택파티 프로모션,A1PR1020261000121272,[신작혜택파티] 영화 30% 할인(악마는프라다2 외 대상작),"20260715",TOAST,"20260618","20260706",PPV 등,3
C2600SC,<금발이 되고 싶어> 할인쿠폰 프로모션,A1SA1020261000121360,"[금발이 되고 싶어 런칭] 영화 5,500원 할인","20260706",TOAST,"20260622","20260731",PPV 등,2
C2600RG,"26년 6월_B tv+ 주말 야식비 지원_UI 541 이상_3",DummyOffer,,"20260708",TOAST,,,PPV 등,10
C2600L7,"26년 5월_B tv+ 비플리_UI 541 이상_1차(~5/17)_1(1770)",DummyOffer,,"20260702",TOAST,,,PPV 등,1
C2600T6,"26년 6월 B tv+ 할인 연장 캠페인_광복절 5,500원",A1CP1020261000121367,"[가입 유지 선물] B tv+ 월 5,500원 이용 혜택 6개월 자동 연장_6월","20260717",TOAST,"20260625","20260731",PPV 등,1
C2600NG,SPOTV 6월 첫달무료_1차_0613 토팝,,,"20260626",TOAST,,,PPV 등,1
C2600JZ,"JTBC 월정액 6개월 약정 3,300원_5월 2차",A1CP1020261000120658,"[온가족특가] JTBC 6개월 약정 기간 내내 월 3,300원","20260504",TOAST,"20260421","20260531",PM30000269,12102
C2600L7,"26년 5월_B tv+ 비플리_UI 541 이상_1차(~5/17)_1(1770)",DummyOffer,,"20260516",TOAST,,,PPV 등,314185
C2600RF,"26년 6월_B tv+ 주말 야식비 지원_UI 541 이상_2",DummyOffer,,"20260619",TOAST,,,PPV 등,60391
C2600T1,"26년 6월_B tv+ KBO 올스타전_UI 541 이상_3",DummyOffer,,"20260626",TOAST,,,PPV 등,126038
C2600RC,"<왕과 사는 남자> 타겟 프로모션_2,000원_0617",A1SA1020261000121266,"[즉시 할인] 왕과 사는 남자 2,200원 할인쿠폰","20260621",TOAST,"20260616","20260731",PPV 등,1163
C2600JZ,"JTBC 월정액 6개월 약정 3,300원_5월 2차",DummyOffer,,"20260511",TOAST,,,PPV 등,4361
C2600JZ,"JTBC 월정액 6개월 약정 3,300원_5월 2차",A1CP1020261000120658,"[온가족특가] JTBC 6개월 약정 기간 내내 월 3,300원","20260506",TOAST,"20260421","20260531",PM30000269,1872
C2600NO,<푸틴: 절대 권력의 최후> 할인쿠폰 프로모션,A1SA1020261000120952,"[푸틴: 절대 권력의 최후 런칭] 영화 3,300원 할인","20260608",TOAST,"20260526","20260630",PPV 등,34
C2600VN,<엘리베이션> 할인쿠폰 프로모션,A1SA1020261000121463,"[엘리베이션 런칭] 영화 3,300원 할인","20260726",TOAST,"20260708","20260831",PPV 등,74
C2600SU,"26년 6월_B tv+ KBO 올스타전_UI 541 이상_1",DummyOffer,,"20260715",TOAST,,,PPV 등,18
C2600WG,<디스클로저 데이> 할인쿠폰 프로모션,A1SA1020261000121558,"[디스클로저 데이 런칭] 영화 3,300원 할인","20260724",TOAST,"20260713","20260831",PPV 등,90
C2600JZ,"JTBC 월정액 6개월 약정 3,300원_5월 2차",DummyOffer,,"20260610",TOAST,,,PPV 등,19
C2600NG,SPOTV 6월 첫달무료_1차_0613 토팝,,,"20260621",TOAST,,,PPV 등,7
C2600PS,"26년 6월_B tv+ 파격할인_UI 541 이상_2",DummyOffer,,"20260628",TOAST,,,PPV 등,4
C2600UN,"26년 7월_B tv+ KBS 이승철 콘서트_UI 541 이상_1",DummyOffer,,"20260720",TOAST,,,PPV 등,13
C2600MB,<힌드의 목소리> 할인쿠폰 프로모션,A1SA1020261000120864,"[힌드의 목소리 런칭] 영화 5,500원 할인","20260521",TOAST,"20260519","20260630",PPV 등,4
C2600NO,<푸틴: 절대 권력의 최후> 할인쿠폰 프로모션,A1SA1020261000120952,"[푸틴: 절대 권력의 최후 런칭] 영화 3,300원 할인","20260613",TOAST,"20260526","20260630",PPV 등,2
C2600JA,<오시리스> 할인쿠폰 프로모션,A1SA1020261000120652,"[오시리스 런칭] 영화 3,300원 할인","20260510",TOAST,"20260421","20260531",PPV 등,20
C2600L7,"26년 5월_B tv+ 비플리_UI 541 이상_1차(~5/17)_1(1770)",DummyOffer,,"20260705",TOAST,,,PPV 등,2
C2600ON,"26년 6월_B tv+ 국내여행_(6/3)_4567",DummyOffer,,"20260617",TOAST,,,PPV 등,1
C2600LG,<스피드> 할인쿠폰 프로모션,A1SA1020261000120858,"[스피드 런칭] 영화 5,500원 할인","20260520",TOAST,"20260512","20260531",PPV 등,3
C2600R6,<슈퍼 마리오 갤럭시> 할인쿠폰 프로모션,A1SA1020261000120961,"[슈퍼마리오 갤럭시 런칭] 영화 3,300원 할인","20260626",TOAST,"20260529","20260623",PPV 등,4
C2600PU,"26년 6월_B tv+ 파격할인_UI 541 이상_4",DummyOffer,,"20260622",TOAST,,,PPV 등,2
C2600PR,"26년 6월_B tv+ 파격할인_UI 541 이상_1",DummyOffer,,"20260614",TOAST,,,PPV 등,1
C2600RX,"2606_비너스 디맨드_첫달무료_개편후",,,"20260730",TOAST,,,PPV 등,7
C2600QR,"6월 성인 1+1 프로모션_추가 (6/12~14 구매자)",A1SA1020261000121168,"[1+1이벤트] 3,300원 할인 쿠폰",,TOAST,"20260609","20260731",PPV 등,0
C2600ON,"26년 6월_B tv+ 국내여행_(6/3)_4567",DummyOffer,,"20260713",TOAST,,,PPV 등,2
C2600S3,"6월 성인 1+1 프로모션 (6/21~6/30)",A1SA1020261000121170,"[1+1 앵콜 이벤트] 3,300원 할인 쿠폰","20260710",TOAST,"20260609","20260731",PPV 등,2
C2600L9,"26년 5월_B tv+ 비플리_UI 541 이상_1차(~5/17)_3(1770)",DummyOffer,,"20260530",TOAST,,,PPV 등,1
C2600O7,"2606_캐치온 해지방어_B tv+ Cross-sell",,,"20260608",TOAST,,,PPV 등,3
C2600TM,<신의 악단> 할인쿠폰 프로모션,A1SA1020261000121384,"[신의 악단 런칭] 영화 3,300원 할인",,TOAST,"20260630","20260731",PPV 등,0
C2600KK,"CJ ENM 월정액 3개월 5,500원_5월 2차",A1CP1020261000120659,"[온가족특가] CJ ENM 월정액 3개월 내내 5,500원","20260507",TOAST,"20260422","20260531",PM30000154,177797
C2600M2,"26년 5월_B tv+ 당첨자_UI 541 이상_1(1770)",DummyOffer,,"20260523",TOAST,,,PPV 등,195348
C2600JZ,"JTBC 월정액 6개월 약정 3,300원_5월 2차",DummyOffer,,"20260509",TOAST,,,PPV 등,78283
C2600LA,"26년 5월_B tv+ 비플리_UI 541 이상_1차(~5/17)_4(1770)",DummyOffer,,"20260518",TOAST,,,PPV 등,10987
C2600O0,"26년 6월_B tv+ 짝수달 유료전환 테스트_UI 552 이상",DummyOffer,,"20260716",TOAST,,,PPV 등,1092
C2600RF,"26년 6월_B tv+ 주말 야식비 지원_UI 541 이상_2",DummyOffer,,"20260722",TOAST,,,PPV 등,60
C2600UV,모아나 소장용 패키지 프로모션 (7/10),A1SA1020261000121465,"[모아나 패키지 구매] 영화 5,500원 할인","20260717",TOAST,"20260708","20260831",PPV 등,22
C2600M8,<짱구> 할인쿠폰 프로모션,A1SA1020261000120863,"[짱구 런칭] 영화 5,500원 할인","20260601",TOAST,"20260518","20260630",PPV 등,525
C2600R8,"26년 6월_B tv+ 주말 야식비 지원_UI 541 이상_1",DummyOffer,,"20260711",TOAST,,,PPV 등,111
C2600K8,<몽타주: 6일간의 추격> 타겟 프로모션_40%_0430,A1SA1020261000120748,[즉시 할인] 몽타주: 6일간의 추격 40% 할인쿠폰,"20260518",TOAST,"20260403","20260430",PPV 등,156
C2600VN,<엘리베이션> 할인쿠폰 프로모션,A1SA1020261000121463,"[엘리베이션 런칭] 영화 3,300원 할인","20260725",TOAST,"20260708","20260831",PPV 등,33
C2600RH,"26년 6월_B tv+ 주말 야식비 지원_UI 541 이상_4",DummyOffer,,"20260707",TOAST,,,PPV 등,44
C2600OU,"2606_SPOTV_BWF 인도네시아 오픈",DummyOffer,,"20260724",TOAST,,,PPV 등,91
C2600M2,"26년 5월_B tv+ 당첨자_UI 541 이상_1(1770)",DummyOffer,,"20260605",TOAST,,,PPV 등,74
C2600RA,SPOTV 6월 첫달무료_1차_0617 토스트팝업,,,"20260727",TOAST,,,PPV 등,30
C2600PJ,"2606_플레이보이 디맨드_첫달무료_리마인드_1차",,,"20260710",TOAST,,,PPV 등,4
C2600UP,<서퍼> 할인쿠폰 프로모션,A1SA1020261000121460,"[서퍼 런칭] 영화 3,300원 할인",,TOAST,"20260708","20260831",PPV 등,0
C2600L7,"26년 5월_B tv+ 비플리_UI 541 이상_1차(~5/17)_1(1770)",DummyOffer,,"20260615",TOAST,,,PPV 등,1
C2600S6,토이스토리 소장용 패키지 프로모션_수정,A1SA1020261000121259,"[토이 스토리 패키지 구매] 영화 5,500원 할인","20260627",TOAST,"20260615","20260731",PPV 등,9
C2600RX,"2606_비너스 디맨드_첫달무료_개편후",,,,TOAST,,,PPV 등,0
C2600R4,<피어스> 할인쿠폰 프로모션,A1SA1020261000121258,"[피어스 런칭] 영화 5,500원 할인","20260701",TOAST,"20260615","20260731",PPV 등,1
C2600L8,"26년 5월_B tv+ 비플리_UI 541 이상_1차(~5/17)_2(1770)",DummyOffer,,"20260611",TOAST,,,PPV 등,1
C2600KE,무비혜택도미도 쿠폰 사용 안내,,,"20260620",TOAST,,,PPV 등,1
C2600VH,"26년 7월_B tv+ KBS 이승철 콘서트_타임딜_UI 541 이상_1",DummyOffer,,,TOAST,,,PPV 등,0
C2600PU,"26년 6월_B tv+ 파격할인_UI 541 이상_4",DummyOffer,,"20260710",TOAST,,,PPV 등,1
C2600OM,"26년 6월_B tv+ 국내여행_(6/3)_0123",DummyOffer,,"20260622",TOAST,,,PPV 등,1
C2600O0,"26년 6월_B tv+ 짝수달 유료전환 테스트_UI 552 이상",DummyOffer,,"20260606",TOAST,,,PPV 등,469795
C2600KA,"26년 5월_B tv+ 비플리_UI 540 이하(1969)_토팝 멀티스탭",DummyOffer,,"20260523",TOAST,,,PPV 등,1136
C2600QU,"6월 성인 1+1 프로모션 (6/11~6/20)_수정",A1SA1020261000121168,"[1+1이벤트] 3,300원 할인 쿠폰","20260619",TOAST,"20260609","20260731",PPV 등,316
C2600JZ,"JTBC 월정액 6개월 약정 3,300원_5월 2차",DummyOffer,,"20260517",TOAST,,,PPV 등,244
C2600KE,무비혜택도미도 쿠폰 사용 안내,,,"20260515",TOAST,,,PPV 등,110
C2600LA,"26년 5월_B tv+ 비플리_UI 541 이상_1차(~5/17)_4(1770)",DummyOffer,,"20260520",TOAST,,,PPV 등,1580
C2600TM,<신의 악단> 할인쿠폰 프로모션,A1SA1020261000121384,"[신의 악단 런칭] 영화 3,300원 할인","20260704",TOAST,"20260630","20260731",PPV 등,217
C2600P0,<쉘터> 타겟 프로모션_30%_0604,A1SA1020261000120953,[즉시 할인] 쉘터 30% 할인쿠폰,"20260702",TOAST,"20260526","20260630",PPV 등,41
C2600LE,"CJ ENM 월정액 3개월 5,500원_5월 3차",A1CP1020261000120659,"[온가족특가] CJ ENM 월정액 3개월 내내 5,500원","20260611",TOAST,"20260422","20260531",PM30000154,6
C2600W7,"7월 성인 1+1 이열치열 프로모션 (7/21~/20)",A1SA1020261000121561,"[1+1 이열치열 이벤트] 3,300원 할인 쿠폰","20260724",TOAST,"20260716","20260831",PPV 등,166
C2600JA,<오시리스> 할인쿠폰 프로모션,A1SA1020261000120652,"[오시리스 런칭] 영화 3,300원 할인","20260501",TOAST,"20260421","20260531",PPV 등,3
C2600VM,<헬파이어: 시수의 길> 할인쿠폰 프로모션,A1SA1020261000121461,"[헬파이어: 시수의 길 런칭] 영화 5,500원 할인","20260726",TOAST,"20260708","20260831",PPV 등,4
C2600SU,"26년 6월_B tv+ KBO 올스타전_UI 541 이상_1",DummyOffer,,"20260727",TOAST,,,PPV 등,7
C2600O7,"2606_캐치온 해지방어_B tv+ Cross-sell",,,"20260602",TOAST,,,PPV 등,7
C2600UN,"26년 7월_B tv+ KBS 이승철 콘서트_UI 541 이상_1",DummyOffer,,"20260724",TOAST,,,PPV 등,8
C2600SJ,[주기성]프라다입고문워크 신작혜택파티 프로모션,A1PR1020261000121272,[신작혜택파티] 영화 30% 할인(악마는프라다2 외 대상작),"20260713",TOAST,"20260618","20260706",PPV 등,7
C2600JZ,"JTBC 월정액 6개월 약정 3,300원_5월 2차",DummyOffer,,"20260627",TOAST,,,PPV 등,6
C2600JZ,"JTBC 월정액 6개월 약정 3,300원_5월 2차",DummyOffer,,"20260622",TOAST,,,PPV 등,4
C2600RW,"2606_비너스 디맨드_첫달무료_개편전",,,"20260702",TOAST,,,PPV 등,1
C2600LE,"CJ ENM 월정액 3개월 5,500원_5월 3차",A1CP1020261000120659,"[온가족특가] CJ ENM 월정액 3개월 내내 5,500원","20260623",TOAST,"20260422","20260531",PM30000154,2
C2600TO,<마이클> 할인쿠폰 프로모션,A1SA1020261000121261,"[마이클 런칭] 영화 3,300원 할인","20260714",TOAST,"20260616","20260815",PPV 등,2
C2600PU,"26년 6월_B tv+ 파격할인_UI 541 이상_4",DummyOffer,,"20260627",TOAST,,,PPV 등,1
C2600QL,"2606_플레이보이 디맨드_첫달무료_리마인드_2차",,,"20260705",TOAST,,,PPV 등,1
C2600OJ,"2606_플레이보이 디맨드_첫달무료",,,"20260710",TOAST,,,PPV 등,1
C2600OO,"26년 6월_B tv+ 국내여행_(6/3)_89",DummyOffer,,"20260603",TOAST,,,PPV 등,256799
C2600K8,<몽타주: 6일간의 추격> 타겟 프로모션_40%_0430,A1SA1020261000120748,[즉시 할인] 몽타주: 6일간의 추격 40% 할인쿠폰,"20260501",TOAST,"20260403","20260430",PPV 등,37330
C2600R8,"26년 6월_B tv+ 주말 야식비 지원_UI 541 이상_1",DummyOffer,,"20260618",TOAST,,,PPV 등,293490
C2600RH,"26년 6월_B tv+ 주말 야식비 지원_UI 541 이상_4",DummyOffer,,"20260619",TOAST,,,PPV 등,93433
C2600T1,"26년 6월_B tv+ KBO 올스타전_UI 541 이상_3",DummyOffer,,"20260706",TOAST,,,PPV 등,12219
C2600OP,"26년 6월_B tv+ 국내여행_(6/4~7)_0123",DummyOffer,,"20260610",TOAST,,,PPV 등,1868
C2600KK,"CJ ENM 월정액 3개월 5,500원_5월 2차",A1CP1020261000120659,"[온가족특가] CJ ENM 월정액 3개월 내내 5,500원","20260518",TOAST,"20260422","20260531",PM30000154,69
C2600JA,<오시리스> 할인쿠폰 프로모션,A1SA1020261000120652,"[오시리스 런칭] 영화 3,300원 할인","20260504",TOAST,"20260421","20260531",PPV 등,33
C2600IY,"JTBC 월정액 6개월 약정 3,300원_5월 1차",DummyOffer,,"20260703",TOAST,,,PPV 등,10
C2600Q5,<스위트 홈: 진격의 거인> 할인쿠폰 프로모션,A1SA1020261000121160,"[스위트 홈: 진격의 거인 런칭] 영화 3,300원 할인","20260625",TOAST,"20260605","20260731",PPV 등,11
C2600N2,"26년 5월_B tv+ 당첨자_UI 541 이상_4(1770)",DummyOffer,,"20260602",TOAST,,,PPV 등,56
C2600OW,"26년 6월_B tv+ 국내여행_(6/4~7)_4567",DummyOffer,,"20260628",TOAST,,,PPV 등,1
C2600W7,"7월 성인 1+1 이열치열 프로모션 (7/21~/20)",A1SA1020261000121561,"[1+1 이열치열 이벤트] 3,300원 할인 쿠폰","20260730",TOAST,"20260716","20260831",PPV 등,39
C2600K8,<몽타주: 6일간의 추격> 타겟 프로모션_40%_0430,A1SA1020261000120748,[즉시 할인] 몽타주: 6일간의 추격 40% 할인쿠폰,"20260602",TOAST,"20260403","20260430",PPV 등,48
C2600W2,"26년 7월_B tv+ KBS 이승철 콘서트_타임딜_UI 541 이상_3",DummyOffer,,"20260727",TOAST,,,PPV 등,11
C2600LE,"CJ ENM 월정액 3개월 5,500원_5월 3차",A1CP1020261000120659,"[온가족특가] CJ ENM 월정액 3개월 내내 5,500원",,TOAST,"20260422","20260531",PM30000154,0
C2600SJ,[주기성]프라다입고문워크 신작혜택파티 프로모션,A1PR1020261000121272,[신작혜택파티] 영화 30% 할인(악마는프라다2 외 대상작),"20260710",TOAST,"20260618","20260706",PPV 등,16
C2600PU,"26년 6월_B tv+ 파격할인_UI 541 이상_4",DummyOffer,,"20260716",TOAST,,,PPV 등,1
C2600PS,"26년 6월_B tv+ 파격할인_UI 541 이상_2",DummyOffer,,"20260705",TOAST,,,PPV 등,1
C2600NO,<푸틴: 절대 권력의 최후> 할인쿠폰 프로모션,A1SA1020261000120952,"[푸틴: 절대 권력의 최후 런칭] 영화 3,300원 할인","20260610",TOAST,"20260526","20260630",PPV 등,14
C2600UQ,"2607_비플/캐치온 왕사남 해지취소",,,"20260726",TOAST,,,PPV 등,4
C2600NC,"26년 5월 B tv+ 할인 연장 캠페인_1주년 4,400원",A1CP1020261000120955,"[가입 유지 선물] B tv+ 월 4,400원 혜택 6개월 자동 연장_5월",,TOAST,"20260526","20260731",PM30000107,0
C2600OP,"26년 6월_B tv+ 국내여행_(6/4~7)_0123",DummyOffer,,"20260625",TOAST,,,PPV 등,2
C2600OJ,"2606_플레이보이 디맨드_첫달무료",,,"20260729",TOAST,,,PPV 등,1
C2600UW,"26년 7월_B tv+ KBS 이승철 콘서트_UI 541 이상_2",DummyOffer,,,TOAST,,,PPV 등,0
C2600IP,"CJ ENM 월정액 3개월 5,500원_5월 1차",DummyOffer,,"20260727",TOAST,,,PPV 등,1
C2600S3,"6월 성인 1+1 프로모션 (6/21~6/30)",A1SA1020261000121170,"[1+1 앵콜 이벤트] 3,300원 할인 쿠폰","20260724",TOAST,"20260609","20260731",PPV 등,1
C2600IP,"CJ ENM 월정액 3개월 5,500원_5월 1차",A1CP1020261000120659,"[온가족특가] CJ ENM 월정액 3개월 내내 5,500원","20260502",TOAST,"20260422","20260531",PM30000154,9059
C2600O0,"26년 6월_B tv+ 짝수달 유료전환 테스트_UI 552 이상",DummyOffer,,"20260704",TOAST,,,PPV 등,8991
C2600JZ,"JTBC 월정액 6개월 약정 3,300원_5월 2차",DummyOffer,,"20260527",TOAST,,,PPV 등,1248
C2600VH,"26년 7월_B tv+ KBS 이승철 콘서트_타임딜_UI 541 이상_1",DummyOffer,,"20260724",TOAST,,,PPV 등,2762
C2600S3,"6월 성인 1+1 프로모션 (6/21~6/30)",A1SA1020261000121170,"[1+1 앵콜 이벤트] 3,300원 할인 쿠폰","20260630",TOAST,"20260609","20260731",PPV 등,327
C2600N2,"26년 5월_B tv+ 당첨자_UI 541 이상_4(1770)",DummyOffer,,"20260527",TOAST,,,PPV 등,864
C2600N0,"26년 5월_B tv+ 당첨자_UI 541 이상_2(1770)",DummyOffer,,"20260604",TOAST,,,PPV 등,161
C2600RA,SPOTV 6월 첫달무료_1차_0617 토스트팝업,,,"20260715",TOAST,,,PPV 등,103
C2600T6,"26년 6월 B tv+ 할인 연장 캠페인_광복절 5,500원",A1CP1020261000121367,"[가입 유지 선물] B tv+ 월 5,500원 이용 혜택 6개월 자동 연장_6월","20260707",TOAST,"20260625","20260731",PPV 등,3
C2600NA,"26년 5월 B tv+ 할인 연장 캠페인_1주년 5,500원",A1CP1020261000120954,"[가입 유지 선물] B tv+ 월 5,500원 혜택 6개월 자동 연장_5월","20260529",TOAST,"20260526","20260731",PM30000107,34
C2600RH,"26년 6월_B tv+ 주말 야식비 지원_UI 541 이상_4",DummyOffer,,"20260726",TOAST,,,PPV 등,15
C2600RH,"26년 6월_B tv+ 주말 야식비 지원_UI 541 이상_4",DummyOffer,,"20260721",TOAST,,,PPV 등,13
C2600T0,"26년 6월_B tv+ KBO 올스타전_UI 541 이상_2",DummyOffer,,"20260718",TOAST,,,PPV 등,12
C2600LE,"CJ ENM 월정액 3개월 5,500원_5월 3차",A1CP1020261000120659,"[온가족특가] CJ ENM 월정액 3개월 내내 5,500원","20260609",TOAST,"20260422","20260531",PM30000154,8
C2600KA,"26년 5월_B tv+ 비플리_UI 540 이하(1969)_토팝 멀티스탭",DummyOffer,,,TOAST,,,PPV 등,0
C2600RW,"2606_비너스 디맨드_첫달무료_개편전",,,"20260721",TOAST,,,PPV 등,2
C2600L8,"26년 5월_B tv+ 비플리_UI 541 이상_1차(~5/17)_2(1770)",DummyOffer,,"20260604",TOAST,,,PPV 등,1
C2600PJ,"2606_플레이보이 디맨드_첫달무료_리마인드_1차",,,,TOAST,,,PPV 등,0
C2600N0,"26년 5월_B tv+ 당첨자_UI 541 이상_2(1770)",DummyOffer,,"20260523",TOAST,,,PPV 등,221217
C2600RF,"26년 6월_B tv+ 주말 야식비 지원_UI 541 이상_2",DummyOffer,,"20260624",TOAST,,,PPV 등,5508
C2600XD,"26년 7월_B tv+ 7월 4주차 복날 타임딜_UI 541 이상_1_F",DummyOffer,,"20260728",TOAST,,,PPV 등,7158
C2600RG,"26년 6월_B tv+ 주말 야식비 지원_UI 541 이상_3",DummyOffer,,"20260623",TOAST,,,PPV 등,606
C2600PS,"26년 6월_B tv+ 파격할인_UI 541 이상_2",DummyOffer,,"20260617",TOAST,,,PPV 등,1403
C2600RC,"<왕과 사는 남자> 타겟 프로모션_2,000원_0617",A1SA1020261000121266,"[즉시 할인] 왕과 사는 남자 2,200원 할인쿠폰","20260729",TOAST,"20260616","20260731",PPV 등,25
C2600R5,<내 이름은> 할인쿠폰 프로모션,A1SA1020261000121159,"[내 이름은 런칭] 영화 5,500원 할인","20260623",TOAST,"20260605","20260731",PPV 등,479
C2600KK,"CJ ENM 월정액 3개월 5,500원_5월 2차",A1CP1020261000120659,"[온가족특가] CJ ENM 월정액 3개월 내내 5,500원","20260510",TOAST,"20260422","20260531",PM30000154,363
C2600IY,"JTBC 월정액 6개월 약정 3,300원_5월 1차",DummyOffer,,"20260529",TOAST,,,PPV 등,535
C2600KK,"CJ ENM 월정액 3개월 5,500원_5월 2차",A1CP1020261000120659,"[온가족특가] CJ ENM 월정액 3개월 내내 5,500원","20260513",TOAST,"20260422","20260531",PM30000154,119
C2600UV,모아나 소장용 패키지 프로모션 (7/10),A1SA1020261000121465,"[모아나 패키지 구매] 영화 5,500원 할인","20260719",TOAST,"20260708","20260831",PPV 등,46
C2600KK,"CJ ENM 월정액 3개월 5,500원_5월 2차",A1CP1020261000120659,"[온가족특가] CJ ENM 월정액 3개월 내내 5,500원","20260530",TOAST,"20260422","20260531",PM30000154,25
C2600RH,"26년 6월_B tv+ 주말 야식비 지원_UI 541 이상_4",DummyOffer,,"20260717",TOAST,,,PPV 등,19
C2600N1,"26년 5월_B tv+ 당첨자_UI 541 이상_3(1770)",DummyOffer,,"20260608",TOAST,,,PPV 등,4
C2600OM,"26년 6월_B tv+ 국내여행_(6/3)_0123",DummyOffer,,"20260612",TOAST,,,PPV 등,2
C2600JZ,"JTBC 월정액 6개월 약정 3,300원_5월 2차",DummyOffer,,"20260719",TOAST,,,PPV 등,3
C2600PS,"26년 6월_B tv+ 파격할인_UI 541 이상_2",DummyOffer,,"20260627",TOAST,,,PPV 등,2
C2600RW,"2606_비너스 디맨드_첫달무료_개편전",,,"20260701",TOAST,,,PPV 등,6
C2600UX,"26년 7월_B tv+ KBS 이승철 콘서트_UI 541 이상_3",DummyOffer,,"20260729",TOAST,,,PPV 등,3
C2600T7,<노멀> 할인쿠폰 프로모션,A1SA1020261000121162,"[노멀 런칭] 영화 3,300원 할인","20260714",TOAST,"20260605","20260731",PPV 등,1
C2600JA,<오시리스> 할인쿠폰 프로모션,A1SA1020261000120652,"[오시리스 런칭] 영화 3,300원 할인","20260520",TOAST,"20260421","20260531",PPV 등,1
C2600M2,"26년 5월_B tv+ 당첨자_UI 541 이상_1(1770)",DummyOffer,,"20260622",TOAST,,,PPV 등,1
C2600IP,"CJ ENM 월정액 3개월 5,500원_5월 1차",A1CP1020261000120659,"[온가족특가] CJ ENM 월정액 3개월 내내 5,500원","20260703",TOAST,"20260422","20260531",PM30000154,1
C2600OP,"26년 6월_B tv+ 국내여행_(6/4~7)_0123",DummyOffer,,"20260620",TOAST,,,PPV 등,3
C2600L7,"26년 5월_B tv+ 비플리_UI 541 이상_1차(~5/17)_1(1770)",DummyOffer,,"20260625",TOAST,,,PPV 등,2
C2600M2,"26년 5월_B tv+ 당첨자_UI 541 이상_1(1770)",DummyOffer,,"20260711",TOAST,,,PPV 등,1
C2600N1,"26년 5월_B tv+ 당첨자_UI 541 이상_3(1770)",DummyOffer,,"20260524",TOAST,,,PPV 등,75367
C2600K8,<몽타주: 6일간의 추격> 타겟 프로모션_40%_0430,A1SA1020261000120748,[즉시 할인] 몽타주: 6일간의 추격 40% 할인쿠폰,"20260502",TOAST,"20260403","20260430",PPV 등,200771
C2600O0,"26년 6월_B tv+ 짝수달 유료전환 테스트_UI 552 이상",DummyOffer,,"20260614",TOAST,,,PPV 등,78223
C2600IY,"JTBC 월정액 6개월 약정 3,300원_5월 1차",DummyOffer,,"20260524",TOAST,,,PPV 등,6910
C2600PS,"26년 6월_B tv+ 파격할인_UI 541 이상_2",DummyOffer,,"20260614",TOAST,,,PPV 등,6520
C2600N1,"26년 5월_B tv+ 당첨자_UI 541 이상_3(1770)",DummyOffer,,"20260527",TOAST,,,PPV 등,2535
C2600M8,<짱구> 할인쿠폰 프로모션,A1SA1020261000120863,"[짱구 런칭] 영화 5,500원 할인","20260526",TOAST,"20260518","20260630",PPV 등,682
C2600UU,"7월 성인 1+1 앵콜 프로모션_모바일 (7/11~7/20)",A1SA1020261000121458,"[1+1 앵콜 이벤트] 3,300원 할인 쿠폰","20260718",TOAST,"20260708","20260831",PPV 등,279
C2600OP,"26년 6월_B tv+ 국내여행_(6/4~7)_0123",DummyOffer,,"20260612",TOAST,,,PPV 등,1168
C2600XG,"26년 7월 B tv+ 할인 연장 캠페인_6개월/9개월 할인재연",A1CP1020261000121664,"[가입 유지 선물] B tv+ 월 5,500원 이용 혜택 6개월 자동 연장_7월","20260724",TOAST,"20260721","20260831",PPV 등,1387
C2600T4,"26년 6월_B tv+ KBO 올스타전_UI 541 이상_4",DummyOffer,,"20260629",TOAST,,,PPV 등,501
C2600NI,<시에라 마드레: 카르텔 전쟁> 할인쿠폰 프로모션,A1SA1020261000120862,"[시에라 마드레: 카르텔 전쟁 런칭] 영화 5,500원 할인","20260530",TOAST,"20260518","20260630",PPV 등,45
C2600KK,"CJ ENM 월정액 3개월 5,500원_5월 2차",A1CP1020261000120659,"[온가족특가] CJ ENM 월정액 3개월 내내 5,500원","20260602",TOAST,"20260422","20260531",PM30000154,12
C2600VN,<엘리베이션> 할인쿠폰 프로모션,A1SA1020261000121463,"[엘리베이션 런칭] 영화 3,300원 할인","20260722",TOAST,"20260708","20260831",PPV 등,62
C2600S6,토이스토리 소장용 패키지 프로모션_수정,A1SA1020261000121259,"[토이 스토리 패키지 구매] 영화 5,500원 할인","20260623",TOAST,"20260615","20260731",PPV 등,129
C2600US,<잠금: 셧다운> 할인쿠폰 프로모션,A1SA1020261000121462,"[잠금: 셧다운 런칭] 영화 5,500원 할인","20260717",TOAST,"20260708","20260831",PPV 등,15
C2600O7,"2606_캐치온 해지방어_B tv+ Cross-sell",,,"20260625",TOAST,,,PPV 등,4
C2600NO,<푸틴: 절대 권력의 최후> 할인쿠폰 프로모션,A1SA1020261000120952,"[푸틴: 절대 권력의 최후 런칭] 영화 3,300원 할인","20260612",TOAST,"20260526","20260630",PPV 등,4
C2600M2,"26년 5월_B tv+ 당첨자_UI 541 이상_1(1770)",DummyOffer,,"20260610",TOAST,,,PPV 등,4
C2600T9,"26년 6월 B tv+ 할인 연장 캠페인_8월할인 7,700원",A1CP1020261000121368,"[가입 유지 선물] B tv+ 월 7,700원 이용 혜택 6개월 자동 연장_6월","20260701",TOAST,"20260625","20260731",PPV 등,17
C2600QR,"6월 성인 1+1 프로모션_추가 (6/12~14 구매자)",A1SA1020261000121168,"[1+1이벤트] 3,300원 할인 쿠폰","20260620",TOAST,"20260609","20260731",PPV 등,6
C2600T0,"26년 6월_B tv+ KBO 올스타전_UI 541 이상_2",DummyOffer,,"20260712",TOAST,,,PPV 등,15
C2600T1,"26년 6월_B tv+ KBO 올스타전_UI 541 이상_3",DummyOffer,,"20260718",TOAST,,,PPV 등,6
C2600LA,"26년 5월_B tv+ 비플리_UI 541 이상_1차(~5/17)_4(1770)",DummyOffer,,"20260529",TOAST,,,PPV 등,4
C2600NI,<시에라 마드레: 카르텔 전쟁> 할인쿠폰 프로모션,A1SA1020261000120862,"[시에라 마드레: 카르텔 전쟁 런칭] 영화 5,500원 할인","20260605",TOAST,"20260518","20260630",PPV 등,16
C2600KI,"JTBC 월정액 6개월 약정 3,300원_5월 3차",A1CP1020261000120658,"[온가족특가] JTBC 6개월 약정 기간 내내 월 3,300원","20260701",TOAST,"20260421","20260531",PM30000269,3
C2600N0,"26년 5월_B tv+ 당첨자_UI 541 이상_2(1770)",DummyOffer,,"20260611",TOAST,,,PPV 등,2
C2600TH,<살목지> 할인쿠폰 프로모션,A1SA1020261000121380,"[살목지 런칭] 영화 3,300원 할인","20260712",TOAST,"20260629","20260731",PPV 등,2
C2600OW,"26년 6월_B tv+ 국내여행_(6/4~7)_4567",DummyOffer,,"20260619",TOAST,,,PPV 등,4
C2600T6,"26년 6월 B tv+ 할인 연장 캠페인_광복절 5,500원",A1CP1020261000121367,"[가입 유지 선물] B tv+ 월 5,500원 이용 혜택 6개월 자동 연장_6월","20260710",TOAST,"20260625","20260731",PPV 등,1
C2600NG,SPOTV 6월 첫달무료_1차_0613 토팝,,,"20260714",TOAST,,,PPV 등,3
C2600IY,"JTBC 월정액 6개월 약정 3,300원_5월 1차",DummyOffer,,"20260714",TOAST,,,PPV 등,2
C2600RW,"2606_비너스 디맨드_첫달무료_개편전",,,"20260703",TOAST,,,PPV 등,2
C2600PJ,"2606_플레이보이 디맨드_첫달무료_리마인드_1차",,,"20260714",TOAST,,,PPV 등,3
C2600XH,"26년 7월 B tv+ 50% 할인 연장 캠페인_25년9월할인",A1CP1020261000121665,[가입 유지 선물] B tv+ 50% 할인 혜택 6개월 자동 연장_7월,"20260730",TOAST,"20260721","20260831",PPV 등,1
C2600T8,<살목지(2차)> 할인쿠폰 프로모션,A1SA1020261000121161,"[살목지 런칭] 영화 4,444원 할인","20260710",TOAST,"20260605","20260731",PPV 등,1
C2600JZ,"JTBC 월정액 6개월 약정 3,300원_5월 2차",A1CP1020261000120658,"[온가족특가] JTBC 6개월 약정 기간 내내 월 3,300원","20260703",TOAST,"20260421","20260531",PM30000269,1
C2600MB,<힌드의 목소리> 할인쿠폰 프로모션,A1SA1020261000120864,"[힌드의 목소리 런칭] 영화 5,500원 할인","20260530",TOAST,"20260519","20260630",PPV 등,1
C2600KE,무비혜택도미도 쿠폰 사용 안내,,,"20260606",TOAST,,,PPV 등,1
C2600KK,"CJ ENM 월정액 3개월 5,500원_5월 2차",A1CP1020261000120659,"[온가족특가] CJ ENM 월정액 3개월 내내 5,500원","20260720",TOAST,"20260422","20260531",PM30000154,1
C2600O0,"26년 6월_B tv+ 짝수달 유료전환 테스트_UI 552 이상",DummyOffer,,"20260608",TOAST,,,PPV 등,47225
C2600PU,"26년 6월_B tv+ 파격할인_UI 541 이상_4",DummyOffer,,"20260613",TOAST,,,PPV 등,62801
C2600OU,"2606_SPOTV_BWF 인도네시아 오픈",DummyOffer,,"20260605",TOAST,,,PPV 등,8172
C2600PJ,"2606_플레이보이 디맨드_첫달무료_리마인드_1차",,,"20260608",TOAST,,,PPV 등,5902
C2600W7,"7월 성인 1+1 이열치열 프로모션 (7/21~/20)",A1SA1020261000121561,"[1+1 이열치열 이벤트] 3,300원 할인 쿠폰","20260723",TOAST,"20260716","20260831",PPV 등,174
C2600N1,"26년 5월_B tv+ 당첨자_UI 541 이상_3(1770)",DummyOffer,,"20260529",TOAST,,,PPV 등,1067
C2600RA,SPOTV 6월 첫달무료_1차_0617 토스트팝업,,,"20260717",TOAST,,,PPV 등,115
C2600RC,"<왕과 사는 남자> 타겟 프로모션_2,000원_0617",A1SA1020261000121266,"[즉시 할인] 왕과 사는 남자 2,200원 할인쿠폰","20260626",TOAST,"20260616","20260731",PPV 등,296
C2600IY,"JTBC 월정액 6개월 약정 3,300원_5월 1차",DummyOffer,,"20260518",TOAST,,,PPV 등,168
C2600KK,"CJ ENM 월정액 3개월 5,500원_5월 2차",A1CP1020261000120659,"[온가족특가] CJ ENM 월정액 3개월 내내 5,500원","20260524",TOAST,"20260422","20260531",PM30000154,84
C2600KD,[주기성/쿠폰] <프로젝트헤일메리&인생SF전> 할인쿠폰 프로모션,A1PR1020261000120752,[프로젝트헤일메리] 인생SF영화 추가 30% 할인,"20260509",TOAST,"20260430","20260524",PPV 등,256
C2600S6,토이스토리 소장용 패키지 프로모션_수정,A1SA1020261000121259,"[토이 스토리 패키지 구매] 영화 5,500원 할인","20260622",TOAST,"20260615","20260731",PPV 등,139
C2600S6,토이스토리 소장용 패키지 프로모션_수정,A1SA1020261000121259,"[토이 스토리 패키지 구매] 영화 5,500원 할인","20260708",TOAST,"20260615","20260731",PPV 등,9
C2600NP,<모탈 컴뱃2> 할인쿠폰 프로모션,A1SA1020261000120959,"[모탈컴뱃2 런칭] 영화 5,500원 할인","20260625",TOAST,"20260528","20260615",PPV 등,1
C2600KK,"CJ ENM 월정액 3개월 5,500원_5월 2차",A1CP1020261000120659,"[온가족특가] CJ ENM 월정액 3개월 내내 5,500원","20260614",TOAST,"20260422","20260531",PM30000154,2
C2600IY,"JTBC 월정액 6개월 약정 3,300원_5월 1차",DummyOffer,,"20260705",TOAST,,,PPV 등,6
C2600N3,[주기성/쿠폰] <살목지&K-공포상영회> 할인쿠폰 프로모션,A1PR1020261000120873,[K-공포 상영회] 영화 50% 할인,"20260616",TOAST,"20260520","20260609",PPV 등,8
C2600S6,토이스토리 소장용 패키지 프로모션_수정,A1SA1020261000121259,"[토이 스토리 패키지 구매] 영화 5,500원 할인","20260630",TOAST,"20260615","20260731",PPV 등,8
C2600IP,"CJ ENM 월정액 3개월 5,500원_5월 1차",A1CP1020261000120659,"[온가족특가] CJ ENM 월정액 3개월 내내 5,500원",,TOAST,"20260422","20260531",PM30000154,0
C2600PJ,"2606_플레이보이 디맨드_첫달무료_리마인드_1차",,,"20260723",TOAST,,,PPV 등,1
C2600OM,"26년 6월_B tv+ 국내여행_(6/3)_0123",DummyOffer,,"20260610",TOAST,,,PPV 등,3
C2600M2,"26년 5월_B tv+ 당첨자_UI 541 이상_1(1770)",DummyOffer,,"20260713",TOAST,,,PPV 등,1
C2600M8,<짱구> 할인쿠폰 프로모션,A1SA1020261000120863,"[짱구 런칭] 영화 5,500원 할인","20260613",TOAST,"20260518","20260630",PPV 등,1
C2600OO,"26년 6월_B tv+ 국내여행_(6/3)_89",DummyOffer,,"20260606",TOAST,,,PPV 등,5
C2600UQ,"2607_비플/캐치온 왕사남 해지취소",,,"20260717",TOAST,,,PPV 등,3
C2600SU,"26년 6월_B tv+ KBO 올스타전_UI 541 이상_1",DummyOffer,,"20260729",TOAST,,,PPV 등,2
C2600TL,"7월 성인 1+1 프로모션 (7/1~7/10)",A1SA1020261000121370,"[1+1이벤트] 3,300원 할인 쿠폰","20260714",TOAST,"20260626","20260731",PPV 등,2
C2600KK,"CJ ENM 월정액 3개월 5,500원_5월 2차",A1CP1020261000120659,"[온가족특가] CJ ENM 월정액 3개월 내내 5,500원",,TOAST,"20260422","20260531",PM30000154,0
C2600TM,<신의 악단> 할인쿠폰 프로모션,A1SA1020261000121384,"[신의 악단 런칭] 영화 3,300원 할인","20260730",TOAST,"20260630","20260731",PPV 등,1
C2600N0,"26년 5월_B tv+ 당첨자_UI 541 이상_2(1770)",DummyOffer,,"20260623",TOAST,,,PPV 등,1
C2600SU,"26년 6월_B tv+ KBO 올스타전_UI 541 이상_1",DummyOffer,,"20260626",TOAST,,,PPV 등,120146
C2600RA,SPOTV 6월 첫달무료_1차_0617 토스트팝업,,,"20260619",TOAST,,,PPV 등,17645
C2600N1,"26년 5월_B tv+ 당첨자_UI 541 이상_3(1770)",DummyOffer,,"20260602",TOAST,,,PPV 등,392
C2600OU,"2606_SPOTV_BWF 인도네시아 오픈",DummyOffer,,"20260711",TOAST,,,PPV 등,218
C2600LA,"26년 5월_B tv+ 비플리_UI 541 이상_1차(~5/17)_4(1770)",DummyOffer,,"20260519",TOAST,,,PPV 등,3134
C2600K8,<몽타주: 6일간의 추격> 타겟 프로모션_40%_0430,A1SA1020261000120748,[즉시 할인] 몽타주: 6일간의 추격 40% 할인쿠폰,"20260519",TOAST,"20260403","20260430",PPV 등,150
C2600UT,"7월 성인 1+1 앵콜 프로모션_모바일 (7/11~7/20)",A1SA1020261000121459,"[1+1 앵콜 이벤트] 3,300원 할인 쿠폰 (모바일)","20260721",TOAST,"20260708","20260831",PPV 등,10
C2600LA,"26년 5월_B tv+ 비플리_UI 541 이상_1차(~5/17)_4(1770)",DummyOffer,,"20260527",TOAST,,,PPV 등,6
C2600OP,"26년 6월_B tv+ 국내여행_(6/4~7)_0123",DummyOffer,,"20260627",TOAST,,,PPV 등,3
C2600LE,"CJ ENM 월정액 3개월 5,500원_5월 3차",A1CP1020261000120659,"[온가족특가] CJ ENM 월정액 3개월 내내 5,500원","20260704",TOAST,"20260422","20260531",PM30000154,4
C2600N0,"26년 5월_B tv+ 당첨자_UI 541 이상_2(1770)",DummyOffer,,"20260629",TOAST,,,PPV 등,4
C2600QU,"6월 성인 1+1 프로모션 (6/11~6/20)_수정",A1SA1020261000121168,"[1+1이벤트] 3,300원 할인 쿠폰","20260624",TOAST,"20260609","20260731",PPV 등,14
C2600NC,"26년 5월 B tv+ 할인 연장 캠페인_1주년 4,400원",A1CP1020261000120955,"[가입 유지 선물] B tv+ 월 4,400원 혜택 6개월 자동 연장_5월","20260607",TOAST,"20260526","20260731",PM30000107,1
C2600N3,[주기성/쿠폰] <살목지&K-공포상영회> 할인쿠폰 프로모션,A1PR1020261000120873,[K-공포 상영회] 영화 50% 할인,"20260619",TOAST,"20260520","20260609",PPV 등,3
C2600RG,"26년 6월_B tv+ 주말 야식비 지원_UI 541 이상_3",DummyOffer,,"20260722",TOAST,,,PPV 등,3
C2600LE,"CJ ENM 월정액 3개월 5,500원_5월 3차",A1CP1020261000120659,"[온가족특가] CJ ENM 월정액 3개월 내내 5,500원","20260710",TOAST,"20260422","20260531",PM30000154,1
C2600L8,"26년 5월_B tv+ 비플리_UI 541 이상_1차(~5/17)_2(1770)",DummyOffer,,"20260523",TOAST,,,PPV 등,4
C2600OW,"26년 6월_B tv+ 국내여행_(6/4~7)_4567",DummyOffer,,"20260706",TOAST,,,PPV 등,2
C2600IP,"CJ ENM 월정액 3개월 5,500원_5월 1차",A1CP1020261000120659,"[온가족특가] CJ ENM 월정액 3개월 내내 5,500원","20260531",TOAST,"20260422","20260531",PM30000154,2
C2600KE,무비혜택도미도 쿠폰 사용 안내,,,"20260619",TOAST,,,PPV 등,1
C2600X8,"26년 7월_B tv+ 7월 4주차 복날 타임딜_UI 541 이상_3_F",DummyOffer,,,TOAST,,,PPV 등,0
C2600OP,"26년 6월_B tv+ 국내여행_(6/4~7)_0123",DummyOffer,,"20260622",TOAST,,,PPV 등,1
C2600JB,<극장의 시간들> 할인쿠폰 프로모션,A1SA1020261000120746,"[극장의 시간들 런칭] 영화 5,500원 할인",,TOAST,"20260428","20260531",PPV 등,0
C2600RH,"26년 6월_B tv+ 주말 야식비 지원_UI 541 이상_4",DummyOffer,,"20260620",TOAST,,,PPV 등,390003
C2600VH,"26년 7월_B tv+ KBS 이승철 콘서트_타임딜_UI 541 이상_1",DummyOffer,,"20260721",TOAST,,,PPV 등,550953
C2600XE,"26년 7월_B tv+ 7월 4주차 복날 타임딜_UI 541 이상_2_F",DummyOffer,,"20260725",TOAST,,,PPV 등,78774
C2600NP,<모탈 컴뱃2> 할인쿠폰 프로모션,A1SA1020261000120959,"[모탈컴뱃2 런칭] 영화 5,500원 할인","20260604",TOAST,"20260528","20260615",PPV 등,169
C2600RX,"2606_비너스 디맨드_첫달무료_개편후",,,"20260709",TOAST,,,PPV 등,83
C2600P0,<쉘터> 타겟 프로모션_30%_0604,A1SA1020261000120953,[즉시 할인] 쉘터 30% 할인쿠폰,"20260711",TOAST,"20260526","20260630",PPV 등,50
C2600S3,"6월 성인 1+1 프로모션 (6/21~6/30)",A1SA1020261000121170,"[1+1 앵콜 이벤트] 3,300원 할인 쿠폰","20260716",TOAST,"20260609","20260731",PPV 등,2
C2600RA,SPOTV 6월 첫달무료_1차_0617 토스트팝업,,,"20260716",TOAST,,,PPV 등,90
C2600NN,<코드 네임: 알라룸> 할인쿠폰 프로모션,A1SA1020261000120951,"[코드 네임: 알라룸 런칭] 영화 5,500원 할인","20260606",TOAST,"20260526","20260630",PPV 등,29
C2600IY,"JTBC 월정액 6개월 약정 3,300원_5월 1차",DummyOffer,,"20260617",TOAST,,,PPV 등,6
C2600IY,"JTBC 월정액 6개월 약정 3,300원_5월 1차",DummyOffer,,"20260614",TOAST,,,PPV 등,17
C2600IY,"JTBC 월정액 6개월 약정 3,300원_5월 1차",DummyOffer,,"20260627",TOAST,,,PPV 등,7
C2600JE,<캣 앤 독> 할인쿠폰 프로모션,A1SA1020261000120747,"[캣 앤 독 런칭] 영화 5,500원 할인","20260510",TOAST,"20260428","20260531",PPV 등,5
C2600O7,"2606_캐치온 해지방어_B tv+ Cross-sell",,,"20260619",TOAST,,,PPV 등,6
C2600IP,"CJ ENM 월정액 3개월 5,500원_5월 1차",DummyOffer,,"20260717",TOAST,,,PPV 등,2
C2600TK,<메가 샤크 어택> 할인쿠폰 프로모션,A1SA1020261000121369,"[메가 샤크 어택 런칭] 영화 5,500원 할인","20260718",TOAST,"20260626","20260731",PPV 등,3
C2600OJ,"2606_플레이보이 디맨드_첫달무료",,,"20260712",TOAST,,,PPV 등,1
C2600IY,"JTBC 월정액 6개월 약정 3,300원_5월 1차",DummyOffer,,"20260711",TOAST,,,PPV 등,4
C2600IP,"CJ ENM 월정액 3개월 5,500원_5월 1차",DummyOffer,,"20260701",TOAST,,,PPV 등,5
C2600IP,"CJ ENM 월정액 3개월 5,500원_5월 1차",DummyOffer,,"20260611",TOAST,,,PPV 등,6
C2600L8,"26년 5월_B tv+ 비플리_UI 541 이상_1차(~5/17)_2(1770)",DummyOffer,,"20260524",TOAST,,,PPV 등,1
C2600SH,<납치 48시간> 할인쿠폰 프로모션,A1SA1020261000121265,"[납치 48시간 런칭] 영화 3,300원 할인","20260725",TOAST,"20260616","20260831",PPV 등,1
C2600ON,"26년 6월_B tv+ 국내여행_(6/3)_4567",DummyOffer,,"20260701",TOAST,,,PPV 등,1
C2600IP,"CJ ENM 월정액 3개월 5,500원_5월 1차",A1CP1020261000120659,"[온가족특가] CJ ENM 월정액 3개월 내내 5,500원","20260501",TOAST,"20260422","20260531",PM30000154,62415
C2600SJ,[주기성]프라다입고문워크 신작혜택파티 프로모션,A1PR1020261000121272,[신작혜택파티] 영화 30% 할인(악마는프라다2 외 대상작),"20260701",TOAST,"20260618","20260706",PPV 등,890
C2600IP,"CJ ENM 월정액 3개월 5,500원_5월 1차",DummyOffer,,"20260521",TOAST,,,PPV 등,1946
C2600T1,"26년 6월_B tv+ KBO 올스타전_UI 541 이상_3",DummyOffer,,"20260629",TOAST,,,PPV 등,1413
C2600NA,"26년 5월 B tv+ 할인 연장 캠페인_1주년 5,500원",A1CP1020261000120954,"[가입 유지 선물] B tv+ 월 5,500원 혜택 6개월 자동 연장_5월","20260527",TOAST,"20260526","20260731",PM30000107,1138
C2600OU,"2606_SPOTV_BWF 인도네시아 오픈",DummyOffer,,"20260626",TOAST,,,PPV 등,313
C2600O0,"26년 6월_B tv+ 짝수달 유료전환 테스트_UI 552 이상",DummyOffer,,"20260722",TOAST,,,PPV 등,488
C2600OU,"2606_SPOTV_BWF 인도네시아 오픈",DummyOffer,,"20260623",TOAST,,,PPV 등,371
C2600RA,SPOTV 6월 첫달무료_1차_0617 토스트팝업,,,"20260728",TOAST,,,PPV 등,21
C2600O0,"26년 6월_B tv+ 짝수달 유료전환 테스트_UI 552 이상",DummyOffer,,"20260714",TOAST,,,PPV 등,1254
C2600SU,"26년 6월_B tv+ KBO 올스타전_UI 541 이상_1",DummyOffer,,"20260711",TOAST,,,PPV 등,25
C2600UU,"7월 성인 1+1 앵콜 프로모션_모바일 (7/11~7/20)",A1SA1020261000121458,"[1+1 앵콜 이벤트] 3,300원 할인 쿠폰","20260715",TOAST,"20260708","20260831",PPV 등,391
C2600M8,<짱구> 할인쿠폰 프로모션,A1SA1020261000120863,"[짱구 런칭] 영화 5,500원 할인","20260527",TOAST,"20260518","20260630",PPV 등,415
C2600S4,"6월 성인 1+1 프로모션_모바일 (6/21~6/30)",A1SA1020261000121171,"[1+1 앵콜 이벤트] 3,300원 할인 쿠폰 (모바일)","20260701",TOAST,"20260609","20260731",PPV 등,42
C2600RH,"26년 6월_B tv+ 주말 야식비 지원_UI 541 이상_4",DummyOffer,,"20260703",TOAST,,,PPV 등,122
C2600N2,"26년 5월_B tv+ 당첨자_UI 541 이상_4(1770)",DummyOffer,,"20260601",TOAST,,,PPV 등,93
C2600SC,<금발이 되고 싶어> 할인쿠폰 프로모션,A1SA1020261000121360,"[금발이 되고 싶어 런칭] 영화 5,500원 할인","20260707",TOAST,"20260622","20260731",PPV 등,8
C2600TN,"7월 성인 1+1 프로모션_모바일 (7/1~7/10)",A1SA1020261000121371,"[1+1이벤트] 3,300원 할인 쿠폰 (모바일)",,TOAST,"20260626","20260731",PPV 등,0
C2600UT,"7월 성인 1+1 앵콜 프로모션_모바일 (7/11~7/20)",A1SA1020261000121459,"[1+1 앵콜 이벤트] 3,300원 할인 쿠폰 (모바일)","20260717",TOAST,"20260708","20260831",PPV 등,13
C2600UV,모아나 소장용 패키지 프로모션 (7/10),A1SA1020261000121465,"[모아나 패키지 구매] 영화 5,500원 할인","20260721",TOAST,"20260708","20260831",PPV 등,14
C2600VH,"26년 7월_B tv+ KBS 이승철 콘서트_타임딜_UI 541 이상_1",DummyOffer,,"20260731",TOAST,,,PPV 등,19
C2600LG,<스피드> 할인쿠폰 프로모션,A1SA1020261000120858,"[스피드 런칭] 영화 5,500원 할인","20260519",TOAST,"20260512","20260531",PPV 등,11
C2600VN,<엘리베이션> 할인쿠폰 프로모션,A1SA1020261000121463,"[엘리베이션 런칭] 영화 3,300원 할인","20260730",TOAST,"20260708","20260831",PPV 등,10
C2600K8,<몽타주: 6일간의 추격> 타겟 프로모션_40%_0430,A1SA1020261000120748,[즉시 할인] 몽타주: 6일간의 추격 40% 할인쿠폰,"20260613",TOAST,"20260403","20260430",PPV 등,1
C2600JZ,"JTBC 월정액 6개월 약정 3,300원_5월 2차",DummyOffer,,"20260709",TOAST,,,PPV 등,5
C2600UU,"7월 성인 1+1 앵콜 프로모션_모바일 (7/11~7/20)",A1SA1020261000121458,"[1+1 앵콜 이벤트] 3,300원 할인 쿠폰","20260728",TOAST,"20260708","20260831",PPV 등,3
C2600KK,"CJ ENM 월정액 3개월 5,500원_5월 2차",A1CP1020261000120659,"[온가족특가] CJ ENM 월정액 3개월 내내 5,500원","20260624",TOAST,"20260422","20260531",PM30000154,1
C2600SJ,[주기성]프라다입고문워크 신작혜택파티 프로모션,A1PR1020261000121272,[신작혜택파티] 영화 30% 할인(악마는프라다2 외 대상작),"20260728",TOAST,"20260618","20260706",PPV 등,2
C2600OW,"26년 6월_B tv+ 국내여행_(6/4~7)_4567",DummyOffer,,"20260704",TOAST,,,PPV 등,1
C2600OJ,"2606_플레이보이 디맨드_첫달무료",,,"20260708",TOAST,,,PPV 등,1
C2600NG,SPOTV 6월 첫달무료_1차_0613 토팝,,,"20260725",TOAST,,,PPV 등,2
C2600PS,"26년 6월_B tv+ 파격할인_UI 541 이상_2",DummyOffer,,"20260716",TOAST,,,PPV 등,1
C2600QL,"2606_플레이보이 디맨드_첫달무료_리마인드_2차",,,"20260718",TOAST,,,PPV 등,1
C2600KI,"JTBC 월정액 6개월 약정 3,300원_5월 3차",A1CP1020261000120658,"[온가족특가] JTBC 6개월 약정 기간 내내 월 3,300원","20260625",TOAST,"20260421","20260531",PM30000269,1
C2600NG,SPOTV 6월 첫달무료_1차_0613 토팝,,,"20260722",TOAST,,,PPV 등,1
C2600QU,"6월 성인 1+1 프로모션 (6/11~6/20)_수정",A1SA1020261000121168,"[1+1이벤트] 3,300원 할인 쿠폰",,TOAST,"20260609","20260731",PPV 등,0
C2600PS,"26년 6월_B tv+ 파격할인_UI 541 이상_2",DummyOffer,,"20260612",TOAST,,,PPV 등,111022
C2600T4,"26년 6월_B tv+ KBO 올스타전_UI 541 이상_4",DummyOffer,,"20260630",TOAST,,,PPV 등,180821
C2600XB,"26년 7월_B tv+ 7월 4주차 복날 타임딜_UI 541 이상_4_F",DummyOffer,,"20260724",TOAST,,,PPV 등,81253
C2600T1,"26년 6월_B tv+ KBO 올스타전_UI 541 이상_3",DummyOffer,,"20260628",TOAST,,,PPV 등,3316
C2600T0,"26년 6월_B tv+ KBO 올스타전_UI 541 이상_2",DummyOffer,,"20260629",TOAST,,,PPV 등,6347
C2600XE,"26년 7월_B tv+ 7월 4주차 복날 타임딜_UI 541 이상_2_F",DummyOffer,,"20260730",TOAST,,,PPV 등,1832
C2600PT,"26년 6월_B tv+ 파격할인_UI 541 이상_3",DummyOffer,,"20260614",TOAST,,,PPV 등,1469
C2600OW,"26년 6월_B tv+ 국내여행_(6/4~7)_4567",DummyOffer,,"20260609",TOAST,,,PPV 등,2671
C2600M2,"26년 5월_B tv+ 당첨자_UI 541 이상_1(1770)",DummyOffer,,"20260614",TOAST,,,PPV 등,5
C2600K8,<몽타주: 6일간의 추격> 타겟 프로모션_40%_0430,A1SA1020261000120748,[즉시 할인] 몽타주: 6일간의 추격 40% 할인쿠폰,"20260521",TOAST,"20260403","20260430",PPV 등,128
C2600JZ,"JTBC 월정액 6개월 약정 3,300원_5월 2차",DummyOffer,,"20260705",TOAST,,,PPV 등,7
C2600T1,"26년 6월_B tv+ KBO 올스타전_UI 541 이상_3",DummyOffer,,"20260730",TOAST,,,PPV 등,21
C2600PV,"26년 6월_B tv+ 파격할인_UI 541 이하_5",DummyOffer,,"20260613",TOAST,,,PPV 등,146
C2600KE,무비혜택도미도 쿠폰 사용 안내,,,"20260514",TOAST,,,PPV 등,95
C2600OW,"26년 6월_B tv+ 국내여행_(6/4~7)_4567",DummyOffer,,"20260625",TOAST,,,PPV 등,2
C2600RC,"<왕과 사는 남자> 타겟 프로모션_2,000원_0617",A1SA1020261000121266,"[즉시 할인] 왕과 사는 남자 2,200원 할인쿠폰","20260713",TOAST,"20260616","20260731",PPV 등,64
C2600ON,"26년 6월_B tv+ 국내여행_(6/3)_4567",DummyOffer,,"20260606",TOAST,,,PPV 등,17
C2600KA,"26년 5월_B tv+ 비플리_UI 540 이하(1969)_토팝 멀티스탭",DummyOffer,,"20260502",TOAST,,,PPV 등,7
C2600JZ,"JTBC 월정액 6개월 약정 3,300원_5월 2차",DummyOffer,,"20260621",TOAST,,,PPV 등,6
C2600RH,"26년 6월_B tv+ 주말 야식비 지원_UI 541 이상_4",DummyOffer,,,TOAST,,,PPV 등,0
C2600RW,"2606_비너스 디맨드_첫달무료_개편전",,,"20260719",TOAST,,,PPV 등,1
C2600M2,"26년 5월_B tv+ 당첨자_UI 541 이상_1(1770)",DummyOffer,,"20260712",TOAST,,,PPV 등,3
C2600LA,"26년 5월_B tv+ 비플리_UI 541 이상_1차(~5/17)_4(1770)",DummyOffer,,"20260601",TOAST,,,PPV 등,2
C2600T9,"26년 6월 B tv+ 할인 연장 캠페인_8월할인 7,700원",A1CP1020261000121368,"[가입 유지 선물] B tv+ 월 7,700원 이용 혜택 6개월 자동 연장_6월","20260707",TOAST,"20260625","20260731",PPV 등,2
C2600W3,비캐시 유효기간 임박고객 콘텐츠 구매 알림,,,"20260723",TOAST,,,PPV 등,1
C2600L8,"26년 5월_B tv+ 비플리_UI 541 이상_1차(~5/17)_2(1770)",DummyOffer,,"20260517",TOAST,,,PPV 등,49805
C2600N0,"26년 5월_B tv+ 당첨자_UI 541 이상_2(1770)",DummyOffer,,"20260522",TOAST,,,PPV 등,347014
C2600PJ,"2606_플레이보이 디맨드_첫달무료_리마인드_1차",,,"20260609",TOAST,,,PPV 등,2286
C2600S3,"6월 성인 1+1 프로모션 (6/21~6/30)",A1SA1020261000121170,"[1+1 앵콜 이벤트] 3,300원 할인 쿠폰","20260629",TOAST,"20260609","20260731",PPV 등,550
C2600L8,"26년 5월_B tv+ 비플리_UI 541 이상_1차(~5/17)_2(1770)",DummyOffer,,"20260522",TOAST,,,PPV 등,431
C2600JZ,"JTBC 월정액 6개월 약정 3,300원_5월 2차",DummyOffer,,"20260529",TOAST,,,PPV 등,531
C2600RC,"<왕과 사는 남자> 타겟 프로모션_2,000원_0617",A1SA1020261000121266,"[즉시 할인] 왕과 사는 남자 2,200원 할인쿠폰","20260623",TOAST,"20260616","20260731",PPV 등,314
C2600IY,"JTBC 월정액 6개월 약정 3,300원_5월 1차",A1CP1020261000120658,"[온가족특가] JTBC 6개월 약정 기간 내내 월 3,300원","20260507",TOAST,"20260421","20260531",PM30000269,163
C2600PS,"26년 6월_B tv+ 파격할인_UI 541 이상_2",DummyOffer,,"20260618",TOAST,,,PPV 등,446
C2600SU,"26년 6월_B tv+ KBO 올스타전_UI 541 이상_1",DummyOffer,,"20260714",TOAST,,,PPV 등,15
C2600RH,"26년 6월_B tv+ 주말 야식비 지원_UI 541 이상_4",DummyOffer,,"20260706",TOAST,,,PPV 등,72
C2600W1,"26년 7월_B tv+ KBS 이승철 콘서트_타임딜_UI 541 이상_2",DummyOffer,,"20260728",TOAST,,,PPV 등,26
C2600P0,<쉘터> 타겟 프로모션_30%_0604,A1SA1020261000120953,[즉시 할인] 쉘터 30% 할인쿠폰,"20260717",TOAST,"20260526","20260630",PPV 등,37
C2600RF,"26년 6월_B tv+ 주말 야식비 지원_UI 541 이상_2",DummyOffer,,"20260731",TOAST,,,PPV 등,26
C2600RC,"<왕과 사는 남자> 타겟 프로모션_2,000원_0617",A1SA1020261000121266,"[즉시 할인] 왕과 사는 남자 2,200원 할인쿠폰","20260724",TOAST,"20260616","20260731",PPV 등,45
C2600NA,"26년 5월 B tv+ 할인 연장 캠페인_1주년 5,500원",A1CP1020261000120954,"[가입 유지 선물] B tv+ 월 5,500원 혜택 6개월 자동 연장_5월","20260602",TOAST,"20260526","20260731",PM30000107,4
C2600UV,모아나 소장용 패키지 프로모션 (7/10),A1SA1020261000121465,"[모아나 패키지 구매] 영화 5,500원 할인","20260723",TOAST,"20260708","20260831",PPV 등,2
C2600KA,"26년 5월_B tv+ 비플리_UI 540 이하(1969)_토팝 멀티스탭",DummyOffer,,"20260526",TOAST,,,PPV 등,33
C2600O7,"2606_캐치온 해지방어_B tv+ Cross-sell",,,"20260604",TOAST,,,PPV 등,3
C2600VN,<엘리베이션> 할인쿠폰 프로모션,A1SA1020261000121463,"[엘리베이션 런칭] 영화 3,300원 할인","20260731",TOAST,"20260708","20260831",PPV 등,6
C2600JZ,"JTBC 월정액 6개월 약정 3,300원_5월 2차",DummyOffer,,"20260714",TOAST,,,PPV 등,5
C2600R5,<내 이름은> 할인쿠폰 프로모션,A1SA1020261000121159,"[내 이름은 런칭] 영화 5,500원 할인","20260630",TOAST,"20260605","20260731",PPV 등,1
C2600KI,"JTBC 월정액 6개월 약정 3,300원_5월 3차",A1CP1020261000120658,"[온가족특가] JTBC 6개월 약정 기간 내내 월 3,300원","20260704",TOAST,"20260421","20260531",PM30000269,1
C2600PT,"26년 6월_B tv+ 파격할인_UI 541 이상_3",DummyOffer,,"20260710",TOAST,,,PPV 등,1
C2600M2,"26년 5월_B tv+ 당첨자_UI 541 이상_1(1770)",DummyOffer,,"20260627",TOAST,,,PPV 등,2
C2600JZ,"JTBC 월정액 6개월 약정 3,300원_5월 2차",DummyOffer,,"20260710",TOAST,,,PPV 등,1
C2600KI,"JTBC 월정액 6개월 약정 3,300원_5월 3차",A1CP1020261000120658,"[온가족특가] JTBC 6개월 약정 기간 내내 월 3,300원","20260508",TOAST,"20260421","20260531",PM30000269,13955
C2600RX,"2606_비너스 디맨드_첫달무료_개편후",,,"20260628",TOAST,,,PPV 등,908
C2600OU,"2606_SPOTV_BWF 인도네시아 오픈",DummyOffer,,"20260612",TOAST,,,PPV 등,1113
C2600JZ,"JTBC 월정액 6개월 약정 3,300원_5월 2차",DummyOffer,,"20260524",TOAST,,,PPV 등,6786
C2600T4,"26년 6월_B tv+ KBO 올스타전_UI 541 이상_4",DummyOffer,,"20260706",TOAST,,,PPV 등,6851
C2600IY,"JTBC 월정액 6개월 약정 3,300원_5월 1차",DummyOffer,,"20260528",TOAST,,,PPV 등,833
C2600NI,<시에라 마드레: 카르텔 전쟁> 할인쿠폰 프로모션,A1SA1020261000120862,"[시에라 마드레: 카르텔 전쟁 런칭] 영화 5,500원 할인","20260602",TOAST,"20260518","20260630",PPV 등,72
C2600N2,"26년 5월_B tv+ 당첨자_UI 541 이상_4(1770)",DummyOffer,,"20260530",TOAST,,,PPV 등,199
C2600LE,"CJ ENM 월정액 3개월 5,500원_5월 3차",A1CP1020261000120659,"[온가족특가] CJ ENM 월정액 3개월 내내 5,500원","20260521",TOAST,"20260422","20260531",PM30000154,287
C2600OU,"2606_SPOTV_BWF 인도네시아 오픈",DummyOffer,,"20260629",TOAST,,,PPV 등,257
C2600TJ,<데드 오브 윈터> 할인쿠폰 프로모션,A1SA1020261000121361,"[데드 오브 윈터 런칭] 영화 3,300원 할인","20260715",TOAST,"20260622","20260731",PPV 등,20
C2600OM,"26년 6월_B tv+ 국내여행_(6/3)_0123",DummyOffer,,"20260608",TOAST,,,PPV 등,3
C2600RF,"26년 6월_B tv+ 주말 야식비 지원_UI 541 이상_2",DummyOffer,,"20260712",TOAST,,,PPV 등,202
C2600RC,"<왕과 사는 남자> 타겟 프로모션_2,000원_0617",A1SA1020261000121266,"[즉시 할인] 왕과 사는 남자 2,200원 할인쿠폰","20260718",TOAST,"20260616","20260731",PPV 등,91
C2600US,<잠금: 셧다운> 할인쿠폰 프로모션,A1SA1020261000121462,"[잠금: 셧다운 런칭] 영화 5,500원 할인","20260716",TOAST,"20260708","20260831",PPV 등,12
C2600T0,"26년 6월_B tv+ KBO 올스타전_UI 541 이상_2",DummyOffer,,"20260730",TOAST,,,PPV 등,36
C2600P0,<쉘터> 타겟 프로모션_30%_0604,A1SA1020261000120953,[즉시 할인] 쉘터 30% 할인쿠폰,"20260723",TOAST,"20260526","20260630",PPV 등,13
C2600KE,무비혜택도미도 쿠폰 사용 안내,,,"20260520",TOAST,,,PPV 등,38
C2600SJ,[주기성]프라다입고문워크 신작혜택파티 프로모션,A1PR1020261000121272,[신작혜택파티] 영화 30% 할인(악마는프라다2 외 대상작),"20260712",TOAST,"20260618","20260706",PPV 등,22
C2600RG,"26년 6월_B tv+ 주말 야식비 지원_UI 541 이상_3",DummyOffer,,"20260702",TOAST,,,PPV 등,31
C2600IY,"JTBC 월정액 6개월 약정 3,300원_5월 1차",DummyOffer,,"20260710",TOAST,,,PPV 등,4
C2600TO,<마이클> 할인쿠폰 프로모션,A1SA1020261000121261,"[마이클 런칭] 영화 3,300원 할인","20260725",TOAST,"20260616","20260815",PPV 등,1
C2600IY,"JTBC 월정액 6개월 약정 3,300원_5월 1차",DummyOffer,,"20260725",TOAST,,,PPV 등,1
C2600L9,"26년 5월_B tv+ 비플리_UI 541 이상_1차(~5/17)_3(1770)",DummyOffer,,"20260528",TOAST,,,PPV 등,3
C2600KO,<폭탄> 할인쿠폰 프로모션,A1SA1020261000120751,"[폭탄 런칭] 영화 5,500원 할인","20260512",TOAST,"20260430","20260531",PPV 등,10
C2600LE,"CJ ENM 월정액 3개월 5,500원_5월 3차",A1CP1020261000120659,"[온가족특가] CJ ENM 월정액 3개월 내내 5,500원","20260619",TOAST,"20260422","20260531",PM30000154,5
C2600L9,"26년 5월_B tv+ 비플리_UI 541 이상_1차(~5/17)_3(1770)",DummyOffer,,"20260523",TOAST,,,PPV 등,1
C2600IP,"CJ ENM 월정액 3개월 5,500원_5월 1차",DummyOffer,,"20260617",TOAST,,,PPV 등,4
C2600OW,"26년 6월_B tv+ 국내여행_(6/4~7)_4567",DummyOffer,,,TOAST,,,PPV 등,0
C2600W3,비캐시 유효기간 임박고객 콘텐츠 구매 알림,,,"20260719",TOAST,,,PPV 등,3
C2600T1,"26년 6월_B tv+ KBO 올스타전_UI 541 이상_3",DummyOffer,,"20260723",TOAST,,,PPV 등,5
C2600NN,<코드 네임: 알라룸> 할인쿠폰 프로모션,A1SA1020261000120951,"[코드 네임: 알라룸 런칭] 영화 5,500원 할인","20260612",TOAST,"20260526","20260630",PPV 등,10
C2600VG,"2607_비플/캐치온 왕사남 해지취소_2주차_토팝",,,"20260723",TOAST,,,PPV 등,2
C2600OJ,"2606_플레이보이 디맨드_첫달무료",,,"20260615",TOAST,,,PPV 등,1
C2600JZ,"JTBC 월정액 6개월 약정 3,300원_5월 2차",DummyOffer,,"20260720",TOAST,,,PPV 등,1
C2600N0,"26년 5월_B tv+ 당첨자_UI 541 이상_2(1770)",DummyOffer,,"20260718",TOAST,,,PPV 등,1
C2600XB,"26년 7월_B tv+ 7월 4주차 복날 타임딜_UI 541 이상_4_F",DummyOffer,,"20260725",TOAST,,,PPV 등,25009
C2600NC,"26년 5월 B tv+ 할인 연장 캠페인_1주년 4,400원",A1CP1020261000120955,"[가입 유지 선물] B tv+ 월 4,400원 혜택 6개월 자동 연장_5월","20260527",TOAST,"20260526","20260731",PM30000107,314
C2600SH,<납치 48시간> 할인쿠폰 프로모션,A1SA1020261000121265,"[납치 48시간 런칭] 영화 3,300원 할인","20260628",TOAST,"20260616","20260831",PPV 등,30
C2600JZ,"JTBC 월정액 6개월 약정 3,300원_5월 2차",DummyOffer,,"20260530",TOAST,,,PPV 등,549
C2600RF,"26년 6월_B tv+ 주말 야식비 지원_UI 541 이상_2",DummyOffer,,"20260630",TOAST,,,PPV 등,359
C2600RA,SPOTV 6월 첫달무료_1차_0617 토스트팝업,,,"20260625",TOAST,,,PPV 등,511
C2600VN,<엘리베이션> 할인쿠폰 프로모션,A1SA1020261000121463,"[엘리베이션 런칭] 영화 3,300원 할인","20260720",TOAST,"20260708","20260831",PPV 등,165
C2600TN,"7월 성인 1+1 프로모션_모바일 (7/1~7/10)",A1SA1020261000121371,"[1+1이벤트] 3,300원 할인 쿠폰 (모바일)","20260702",TOAST,"20260626","20260731",PPV 등,47
C2600RC,"<왕과 사는 남자> 타겟 프로모션_2,000원_0617",A1SA1020261000121266,"[즉시 할인] 왕과 사는 남자 2,200원 할인쿠폰","20260719",TOAST,"20260616","20260731",PPV 등,75
C2600S6,토이스토리 소장용 패키지 프로모션_수정,A1SA1020261000121259,"[토이 스토리 패키지 구매] 영화 5,500원 할인","20260705",TOAST,"20260615","20260731",PPV 등,72
C2600R5,<내 이름은> 할인쿠폰 프로모션,A1SA1020261000121159,"[내 이름은 런칭] 영화 5,500원 할인",,TOAST,"20260605","20260731",PPV 등,0
C2600KO,<폭탄> 할인쿠폰 프로모션,A1SA1020261000120751,"[폭탄 런칭] 영화 5,500원 할인","20260510",TOAST,"20260430","20260531",PPV 등,19
C2600SC,<금발이 되고 싶어> 할인쿠폰 프로모션,A1SA1020261000121360,"[금발이 되고 싶어 런칭] 영화 5,500원 할인","20260701",TOAST,"20260622","20260731",PPV 등,12
C2600O7,"2606_캐치온 해지방어_B tv+ Cross-sell",,,"20260626",TOAST,,,PPV 등,2
C2600TJ,<데드 오브 윈터> 할인쿠폰 프로모션,A1SA1020261000121361,"[데드 오브 윈터 런칭] 영화 3,300원 할인","20260702",TOAST,"20260622","20260731",PPV 등,25
C2600RG,"26년 6월_B tv+ 주말 야식비 지원_UI 541 이상_3",DummyOffer,,"20260714",TOAST,,,PPV 등,5
C2600PJ,"2606_플레이보이 디맨드_첫달무료_리마인드_1차",,,"20260621",TOAST,,,PPV 등,2
C2600T0,"26년 6월_B tv+ KBO 올스타전_UI 541 이상_2",DummyOffer,,"20260729",TOAST,,,PPV 등,6
C2600PJ,"2606_플레이보이 디맨드_첫달무료_리마인드_1차",,,"20260724",TOAST,,,PPV 등,1
C2600M2,"26년 5월_B tv+ 당첨자_UI 541 이상_1(1770)",DummyOffer,,,TOAST,,,PPV 등,0
C2600PU,"26년 6월_B tv+ 파격할인_UI 541 이상_4",DummyOffer,,"20260621",TOAST,,,PPV 등,2
C2600SJ,[주기성]프라다입고문워크 신작혜택파티 프로모션,A1PR1020261000121272,[신작혜택파티] 영화 30% 할인(악마는프라다2 외 대상작),"20260718",TOAST,"20260618","20260706",PPV 등,6
C2600L8,"26년 5월_B tv+ 비플리_UI 541 이상_1차(~5/17)_2(1770)",DummyOffer,,"20260608",TOAST,,,PPV 등,1
C2600O0,"26년 6월_B tv+ 짝수달 유료전환 테스트_UI 552 이상",DummyOffer,,"20260701",TOAST,,,PPV 등,5942
C2600WH,<군체> 할인쿠폰 프로모션,A1SA1020261000121563,[군체 런칭] 영화 20% 할인,"20260727",TOAST,"20260716","20260831",PPV 등,1919
C2600R8,"26년 6월_B tv+ 주말 야식비 지원_UI 541 이상_1",DummyOffer,,"20260702",TOAST,,,PPV 등,169
C2600OU,"2606_SPOTV_BWF 인도네시아 오픈",DummyOffer,,"20260620",TOAST,,,PPV 등,620
C2600UU,"7월 성인 1+1 앵콜 프로모션_모바일 (7/11~7/20)",A1SA1020261000121458,"[1+1 앵콜 이벤트] 3,300원 할인 쿠폰","20260717",TOAST,"20260708","20260831",PPV 등,294
C2600RF,"26년 6월_B tv+ 주말 야식비 지원_UI 541 이상_2",DummyOffer,,"20260726",TOAST,,,PPV 등,68
C2600RC,"<왕과 사는 남자> 타겟 프로모션_2,000원_0617",A1SA1020261000121266,"[즉시 할인] 왕과 사는 남자 2,200원 할인쿠폰","20260702",TOAST,"20260616","20260731",PPV 등,124
C2600N2,"26년 5월_B tv+ 당첨자_UI 541 이상_4(1770)",DummyOffer,,"20260603",TOAST,,,PPV 등,60
C2600KI,"JTBC 월정액 6개월 약정 3,300원_5월 3차",A1CP1020261000120658,"[온가족특가] JTBC 6개월 약정 기간 내내 월 3,300원","20260531",TOAST,"20260421","20260531",PM30000269,36
C2600L8,"26년 5월_B tv+ 비플리_UI 541 이상_1차(~5/17)_2(1770)",DummyOffer,,"20260702",TOAST,,,PPV 등,1
C2600T7,<노멀> 할인쿠폰 프로모션,A1SA1020261000121162,"[노멀 런칭] 영화 3,300원 할인","20260705",TOAST,"20260605","20260731",PPV 등,2
C2600UU,"7월 성인 1+1 앵콜 프로모션_모바일 (7/11~7/20)",A1SA1020261000121458,"[1+1 앵콜 이벤트] 3,300원 할인 쿠폰","20260722",TOAST,"20260708","20260831",PPV 등,60
C2600TO,<마이클> 할인쿠폰 프로모션,A1SA1020261000121261,"[마이클 런칭] 영화 3,300원 할인","20260710",TOAST,"20260616","20260815",PPV 등,39
C2600P0,<쉘터> 타겟 프로모션_30%_0604,A1SA1020261000120953,[즉시 할인] 쉘터 30% 할인쿠폰,"20260725",TOAST,"20260526","20260630",PPV 등,13
C2600T1,"26년 6월_B tv+ KBO 올스타전_UI 541 이상_3",DummyOffer,,"20260710",TOAST,,,PPV 등,15
C2600KI,"JTBC 월정액 6개월 약정 3,300원_5월 3차",A1CP1020261000120658,"[온가족특가] JTBC 6개월 약정 기간 내내 월 3,300원","20260602",TOAST,"20260421","20260531",PM30000269,19
C2600O7,"2606_캐치온 해지방어_B tv+ Cross-sell",,,"20260618",TOAST,,,PPV 등,6
C2600N1,"26년 5월_B tv+ 당첨자_UI 541 이상_3(1770)",DummyOffer,,"20260706",TOAST,,,PPV 등,3
C2600T0,"26년 6월_B tv+ KBO 올스타전_UI 541 이상_2",DummyOffer,,"20260727",TOAST,,,PPV 등,3
C2600L8,"26년 5월_B tv+ 비플리_UI 541 이상_1차(~5/17)_2(1770)",DummyOffer,,"20260603",TOAST,,,PPV 등,1
C2600VG,"2607_비플/캐치온 왕사남 해지취소_2주차_토팝",,,"20260728",TOAST,,,PPV 등,3
C2600JZ,"JTBC 월정액 6개월 약정 3,300원_5월 2차",A1CP1020261000120658,"[온가족특가] JTBC 6개월 약정 기간 내내 월 3,300원",,TOAST,"20260421","20260531",PM30000269,0
C2600LG,<스피드> 할인쿠폰 프로모션,A1SA1020261000120858,"[스피드 런칭] 영화 5,500원 할인","20260524",TOAST,"20260512","20260531",PPV 등,4
C2600TJ,<데드 오브 윈터> 할인쿠폰 프로모션,A1SA1020261000121361,"[데드 오브 윈터 런칭] 영화 3,300원 할인","20260716",TOAST,"20260622","20260731",PPV 등,4
C2600NI,<시에라 마드레: 카르텔 전쟁> 할인쿠폰 프로모션,A1SA1020261000120862,"[시에라 마드레: 카르텔 전쟁 런칭] 영화 5,500원 할인","20260611",TOAST,"20260518","20260630",PPV 등,4
C2600T8,<살목지(2차)> 할인쿠폰 프로모션,A1SA1020261000121161,"[살목지 런칭] 영화 4,444원 할인","20260705",TOAST,"20260605","20260731",PPV 등,3
C2600N0,"26년 5월_B tv+ 당첨자_UI 541 이상_2(1770)",DummyOffer,,"20260714",TOAST,,,PPV 등,1
C2600NI,<시에라 마드레: 카르텔 전쟁> 할인쿠폰 프로모션,A1SA1020261000120862,"[시에라 마드레: 카르텔 전쟁 런칭] 영화 5,500원 할인","20260612",TOAST,"20260518","20260630",PPV 등,1
C2600S6,토이스토리 소장용 패키지 프로모션_수정,A1SA1020261000121259,"[토이 스토리 패키지 구매] 영화 5,500원 할인",,TOAST,"20260615","20260731",PPV 등,0
C2600N2,"26년 5월_B tv+ 당첨자_UI 541 이상_4(1770)",DummyOffer,,"20260526",TOAST,,,PPV 등,4060
C2600KI,"JTBC 월정액 6개월 약정 3,300원_5월 3차",A1CP1020261000120658,"[온가족특가] JTBC 6개월 약정 기간 내내 월 3,300원","20260510",TOAST,"20260421","20260531",PM30000269,1362
C2600JZ,"JTBC 월정액 6개월 약정 3,300원_5월 2차",DummyOffer,,"20260513",TOAST,,,PPV 등,1427
C2600TJ,<데드 오브 윈터> 할인쿠폰 프로모션,A1SA1020261000121361,"[데드 오브 윈터 런칭] 영화 3,300원 할인","20260711",TOAST,"20260622","20260731",PPV 등,21
C2600S4,"6월 성인 1+1 프로모션_모바일 (6/21~6/30)",A1SA1020261000121171,"[1+1 앵콜 이벤트] 3,300원 할인 쿠폰 (모바일)","20260704",TOAST,"20260609","20260731",PPV 등,2
C2600S6,토이스토리 소장용 패키지 프로모션_수정,A1SA1020261000121259,"[토이 스토리 패키지 구매] 영화 5,500원 할인","20260626",TOAST,"20260615","20260731",PPV 등,8
C2600QR,"6월 성인 1+1 프로모션_추가 (6/12~14 구매자)",A1SA1020261000121168,"[1+1이벤트] 3,300원 할인 쿠폰","20260627",TOAST,"20260609","20260731",PPV 등,2
C2600T0,"26년 6월_B tv+ KBO 올스타전_UI 541 이상_2",DummyOffer,,"20260731",TOAST,,,PPV 등,9
C2600IP,"CJ ENM 월정액 3개월 5,500원_5월 1차",DummyOffer,,"20260616",TOAST,,,PPV 등,4
C2600RW,"2606_비너스 디맨드_첫달무료_개편전",,,"20260626",TOAST,,,PPV 등,4
C2600SU,"26년 6월_B tv+ KBO 올스타전_UI 541 이상_1",DummyOffer,,"20260722",TOAST,,,PPV 등,9
C2600O7,"2606_캐치온 해지방어_B tv+ Cross-sell",,,"20260622",TOAST,,,PPV 등,3
C2600L7,"26년 5월_B tv+ 비플리_UI 541 이상_1차(~5/17)_1(1770)",DummyOffer,,"20260628",TOAST,,,PPV 등,1
C2600JE,<캣 앤 독> 할인쿠폰 프로모션,A1SA1020261000120747,"[캣 앤 독 런칭] 영화 5,500원 할인","20260519",TOAST,"20260428","20260531",PPV 등,3
C2600JZ,"JTBC 월정액 6개월 약정 3,300원_5월 2차",DummyOffer,,"20260704",TOAST,,,PPV 등,7
C2600KO,<폭탄> 할인쿠폰 프로모션,A1SA1020261000120751,"[폭탄 런칭] 영화 5,500원 할인","20260509",TOAST,"20260430","20260531",PPV 등,9
C2600NG,SPOTV 6월 첫달무료_1차_0613 토팝,,,"20260614",TOAST,,,PPV 등,91633
C2600JZ,"JTBC 월정액 6개월 약정 3,300원_5월 2차",DummyOffer,,"20260510",TOAST,,,PPV 등,10824
C2600T4,"26년 6월_B tv+ KBO 올스타전_UI 541 이상_4",DummyOffer,,"20260708",TOAST,,,PPV 등,436
C2600KD,[주기성/쿠폰] <프로젝트헤일메리&인생SF전> 할인쿠폰 프로모션,A1PR1020261000120752,[프로젝트헤일메리] 인생SF영화 추가 30% 할인,"20260514",TOAST,"20260430","20260524",PPV 등,220
C2600O7,"2606_캐치온 해지방어_B tv+ Cross-sell",,,"20260627",TOAST,,,PPV 등,11
C2600R8,"26년 6월_B tv+ 주말 야식비 지원_UI 541 이상_1",DummyOffer,,"20260630",TOAST,,,PPV 등,210
C2600JZ,"JTBC 월정액 6개월 약정 3,300원_5월 2차",DummyOffer,,"20260609",TOAST,,,PPV 등,21
C2600KK,"CJ ENM 월정액 3개월 5,500원_5월 2차",A1CP1020261000120659,"[온가족특가] CJ ENM 월정액 3개월 내내 5,500원","20260522",TOAST,"20260422","20260531",PM30000154,58
C2600KP,<왕과 사는 남자> 할인쿠폰 프로모션,A1SA1020261000120651,"[왕과 사는 남자 런칭] 영화 4,400원 할인","20260523",TOAST,"20260421","20260531",PPV 등,1
C2600KI,"JTBC 월정액 6개월 약정 3,300원_5월 3차",A1CP1020261000120658,"[온가족특가] JTBC 6개월 약정 기간 내내 월 3,300원","20260609",TOAST,"20260421","20260531",PM30000269,1
C2600NO,<푸틴: 절대 권력의 최후> 할인쿠폰 프로모션,A1SA1020261000120952,"[푸틴: 절대 권력의 최후 런칭] 영화 3,300원 할인","20260622",TOAST,"20260526","20260630",PPV 등,1
C2600SU,"26년 6월_B tv+ KBO 올스타전_UI 541 이상_1",DummyOffer,,"20260716",TOAST,,,PPV 등,2
C2600TH,<살목지> 할인쿠폰 프로모션,A1SA1020261000121380,"[살목지 런칭] 영화 3,300원 할인","20260708",TOAST,"20260629","20260731",PPV 등,1
C2600TL,"7월 성인 1+1 프로모션 (7/1~7/10)",A1SA1020261000121370,"[1+1이벤트] 3,300원 할인 쿠폰","20260724",TOAST,"20260626","20260731",PPV 등,1
C2600LE,"CJ ENM 월정액 3개월 5,500원_5월 3차",A1CP1020261000120659,"[온가족특가] CJ ENM 월정액 3개월 내내 5,500원","20260607",TOAST,"20260422","20260531",PM30000154,8
C2600UU,"7월 성인 1+1 앵콜 프로모션_모바일 (7/11~7/20)",A1SA1020261000121458,"[1+1 앵콜 이벤트] 3,300원 할인 쿠폰","20260727",TOAST,"20260708","20260831",PPV 등,3
C2600OM,"26년 6월_B tv+ 국내여행_(6/3)_0123",DummyOffer,,"20260611",TOAST,,,PPV 등,3
C2600T4,"26년 6월_B tv+ KBO 올스타전_UI 541 이상_4",DummyOffer,,"20260729",TOAST,,,PPV 등,1
C2600UQ,"2607_비플/캐치온 왕사남 해지취소",,,,TOAST,,,PPV 등,0
C2600WG,<디스클로저 데이> 할인쿠폰 프로모션,A1SA1020261000121558,"[디스클로저 데이 런칭] 영화 3,300원 할인","20260727",TOAST,"20260713","20260831",PPV 등,175
C2600RA,SPOTV 6월 첫달무료_1차_0617 토스트팝업,,,"20260701",TOAST,,,PPV 등,245
C2600M8,<짱구> 할인쿠폰 프로모션,A1SA1020261000120863,"[짱구 런칭] 영화 5,500원 할인","20260602",TOAST,"20260518","20260630",PPV 등,433
C2600QL,"2606_플레이보이 디맨드_첫달무료_리마인드_2차",,,"20260615",TOAST,,,PPV 등,2007
C2600Q5,<스위트 홈: 진격의 거인> 할인쿠폰 프로모션,A1SA1020261000121160,"[스위트 홈: 진격의 거인 런칭] 영화 3,300원 할인","20260621",TOAST,"20260605","20260731",PPV 등,35
C2600RF,"26년 6월_B tv+ 주말 야식비 지원_UI 541 이상_2",DummyOffer,,"20260629",TOAST,,,PPV 등,318
C2600P0,<쉘터> 타겟 프로모션_30%_0604,A1SA1020261000120953,[즉시 할인] 쉘터 30% 할인쿠폰,"20260731",TOAST,"20260526","20260630",PPV 등,11
C2600UW,"26년 7월_B tv+ KBS 이승철 콘서트_UI 541 이상_2",DummyOffer,,"20260721",TOAST,,,PPV 등,14
C2600IP,"CJ ENM 월정액 3개월 5,500원_5월 1차",DummyOffer,,"20260622",TOAST,,,PPV 등,1
C2600M2,"26년 5월_B tv+ 당첨자_UI 541 이상_1(1770)",DummyOffer,,"20260718",TOAST,,,PPV 등,2
C2600KI,"JTBC 월정액 6개월 약정 3,300원_5월 3차",A1CP1020261000120658,"[온가족특가] JTBC 6개월 약정 기간 내내 월 3,300원","20260621",TOAST,"20260421","20260531",PM30000269,5
C2600IP,"CJ ENM 월정액 3개월 5,500원_5월 1차",DummyOffer,,"20260514",TOAST,,,PPV 등,19
C2600VM,<헬파이어: 시수의 길> 할인쿠폰 프로모션,A1SA1020261000121461,"[헬파이어: 시수의 길 런칭] 영화 5,500원 할인","20260724",TOAST,"20260708","20260831",PPV 등,6
C2600N1,"26년 5월_B tv+ 당첨자_UI 541 이상_3(1770)",DummyOffer,,"20260704",TOAST,,,PPV 등,1
C2600PS,"26년 6월_B tv+ 파격할인_UI 541 이상_2",DummyOffer,,"20260622",TOAST,,,PPV 등,2
C2600SH,<납치 48시간> 할인쿠폰 프로모션,A1SA1020261000121265,"[납치 48시간 런칭] 영화 3,300원 할인","20260722",TOAST,"20260616","20260831",PPV 등,1
C2600NN,<코드 네임: 알라룸> 할인쿠폰 프로모션,A1SA1020261000120951,"[코드 네임: 알라룸 런칭] 영화 5,500원 할인","20260621",TOAST,"20260526","20260630",PPV 등,1
C2600N3,[주기성/쿠폰] <살목지&K-공포상영회> 할인쿠폰 프로모션,A1PR1020261000120873,[K-공포 상영회] 영화 50% 할인,"20260717",TOAST,"20260520","20260609",PPV 등,1
C2600RW,"2606_비너스 디맨드_첫달무료_개편전",,,"20260707",TOAST,,,PPV 등,2
C2600LG,<스피드> 할인쿠폰 프로모션,A1SA1020261000120858,"[스피드 런칭] 영화 5,500원 할인","20260529",TOAST,"20260512","20260531",PPV 등,1
C2600UQ,"2607_비플/캐치온 왕사남 해지취소",,,"20260718",TOAST,,,PPV 등,1
C2600N2,"26년 5월_B tv+ 당첨자_UI 541 이상_4(1770)",DummyOffer,,"20260625",TOAST,,,PPV 등,1
C2600KI,"JTBC 월정액 6개월 약정 3,300원_5월 3차",A1CP1020261000120658,"[온가족특가] JTBC 6개월 약정 기간 내내 월 3,300원","20260507",TOAST,"20260421","20260531",PM30000269,255470
C2600RW,"2606_비너스 디맨드_첫달무료_개편전",,,"20260621",TOAST,,,PPV 등,35971
C2600VH,"26년 7월_B tv+ KBS 이승철 콘서트_타임딜_UI 541 이상_1",DummyOffer,,"20260723",TOAST,,,PPV 등,17782
C2600KI,"JTBC 월정액 6개월 약정 3,300원_5월 3차",A1CP1020261000120658,"[온가족특가] JTBC 6개월 약정 기간 내내 월 3,300원","20260513",TOAST,"20260421","20260531",PM30000269,377
C2600T1,"26년 6월_B tv+ KBO 올스타전_UI 541 이상_3",DummyOffer,,"20260703",TOAST,,,PPV 등,3686
C2600OX,"26년 6월_B tv+ 국내여행_(6/4~7)_89",DummyOffer,,"20260613",TOAST,,,PPV 등,279
C2600UT,"7월 성인 1+1 앵콜 프로모션_모바일 (7/11~7/20)",A1SA1020261000121459,"[1+1 앵콜 이벤트] 3,300원 할인 쿠폰 (모바일)","20260713",TOAST,"20260708","20260831",PPV 등,86
C2600TL,"7월 성인 1+1 프로모션 (7/1~7/10)",A1SA1020261000121370,"[1+1이벤트] 3,300원 할인 쿠폰","20260706",TOAST,"20260626","20260731",PPV 등,587
C2600NO,<푸틴: 절대 권력의 최후> 할인쿠폰 프로모션,A1SA1020261000120952,"[푸틴: 절대 권력의 최후 런칭] 영화 3,300원 할인","20260609",TOAST,"20260526","20260630",PPV 등,4
C2600RC,"<왕과 사는 남자> 타겟 프로모션_2,000원_0617",A1SA1020261000121266,"[즉시 할인] 왕과 사는 남자 2,200원 할인쿠폰","20260629",TOAST,"20260616","20260731",PPV 등,207
C2600KE,무비혜택도미도 쿠폰 사용 안내,,,"20260528",TOAST,,,PPV 등,18
C2600PV,"26년 6월_B tv+ 파격할인_UI 541 이하_5",DummyOffer,,"20260621",TOAST,,,PPV 등,2
C2600VH,"26년 7월_B tv+ KBS 이승철 콘서트_타임딜_UI 541 이상_1",DummyOffer,,"20260725",TOAST,,,PPV 등,32
C2600NP,<모탈 컴뱃2> 할인쿠폰 프로모션,A1SA1020261000120959,"[모탈컴뱃2 런칭] 영화 5,500원 할인","20260611",TOAST,"20260528","20260615",PPV 등,22
C2600TM,<신의 악단> 할인쿠폰 프로모션,A1SA1020261000121384,"[신의 악단 런칭] 영화 3,300원 할인","20260717",TOAST,"20260630","20260731",PPV 등,24
C2600NI,<시에라 마드레: 카르텔 전쟁> 할인쿠폰 프로모션,A1SA1020261000120862,"[시에라 마드레: 카르텔 전쟁 런칭] 영화 5,500원 할인","20260529",TOAST,"20260518","20260630",PPV 등,34
C2600RX,"2606_비너스 디맨드_첫달무료_개편후",,,"20260723",TOAST,,,PPV 등,18
C2600OM,"26년 6월_B tv+ 국내여행_(6/3)_0123",DummyOffer,,"20260606",TOAST,,,PPV 등,4
C2600NG,SPOTV 6월 첫달무료_1차_0613 토팝,,,"20260627",TOAST,,,PPV 등,7
C2600L7,"26년 5월_B tv+ 비플리_UI 541 이상_1차(~5/17)_1(1770)",DummyOffer,,"20260523",TOAST,,,PPV 등,4
C2600NG,SPOTV 6월 첫달무료_1차_0613 토팝,,,"20260703",TOAST,,,PPV 등,4
C2600O7,"2606_캐치온 해지방어_B tv+ Cross-sell",,,"20260624",TOAST,,,PPV 등,6
C2600T6,"26년 6월 B tv+ 할인 연장 캠페인_광복절 5,500원",A1CP1020261000121367,"[가입 유지 선물] B tv+ 월 5,500원 이용 혜택 6개월 자동 연장_6월","20260714",TOAST,"20260625","20260731",PPV 등,1
C2600NA,"26년 5월 B tv+ 할인 연장 캠페인_1주년 5,500원",A1CP1020261000120954,"[가입 유지 선물] B tv+ 월 5,500원 혜택 6개월 자동 연장_5월","20260603",TOAST,"20260526","20260731",PM30000107,4
C2600KP,<왕과 사는 남자> 할인쿠폰 프로모션,A1SA1020261000120651,"[왕과 사는 남자 런칭] 영화 4,400원 할인","20260522",TOAST,"20260421","20260531",PPV 등,1
C2600MB,<힌드의 목소리> 할인쿠폰 프로모션,A1SA1020261000120864,"[힌드의 목소리 런칭] 영화 5,500원 할인",,TOAST,"20260519","20260630",PPV 등,0
C2600IP,"CJ ENM 월정액 3개월 5,500원_5월 1차",A1CP1020261000120659,"[온가족특가] CJ ENM 월정액 3개월 내내 5,500원","20260525",TOAST,"20260422","20260531",PM30000154,1
C2600K8,<몽타주: 6일간의 추격> 타겟 프로모션_40%_0430,A1SA1020261000120748,[즉시 할인] 몽타주: 6일간의 추격 40% 할인쿠폰,"20260718",TOAST,"20260403","20260430",PPV 등,1
C2600PR,"26년 6월_B tv+ 파격할인_UI 541 이상_1",DummyOffer,,,TOAST,,,PPV 등,0
C2600UX,"26년 7월_B tv+ KBS 이승철 콘서트_UI 541 이상_3",DummyOffer,,"20260713",TOAST,,,PPV 등,97154
C2600O0,"26년 6월_B tv+ 짝수달 유료전환 테스트_UI 552 이상",DummyOffer,,"20260624",TOAST,,,PPV 등,10367
C2600OU,"2606_SPOTV_BWF 인도네시아 오픈",DummyOffer,,"20260617",TOAST,,,PPV 등,579
C2600SJ,[주기성]프라다입고문워크 신작혜택파티 프로모션,A1PR1020261000121272,[신작혜택파티] 영화 30% 할인(악마는프라다2 외 대상작),"20260709",TOAST,"20260618","20260706",PPV 등,33
C2600UP,<서퍼> 할인쿠폰 프로모션,A1SA1020261000121460,"[서퍼 런칭] 영화 3,300원 할인","20260715",TOAST,"20260708","20260831",PPV 등,26
C2600RA,SPOTV 6월 첫달무료_1차_0617 토스트팝업,,,"20260718",TOAST,,,PPV 등,115
C2600OJ,"2606_플레이보이 디맨드_첫달무료",,,"20260611",TOAST,,,PPV 등,3
C2600UP,<서퍼> 할인쿠폰 프로모션,A1SA1020261000121460,"[서퍼 런칭] 영화 3,300원 할인","20260717",TOAST,"20260708","20260831",PPV 등,11
C2600OW,"26년 6월_B tv+ 국내여행_(6/4~7)_4567",DummyOffer,,"20260621",TOAST,,,PPV 등,1
C2600RW,"2606_비너스 디맨드_첫달무료_개편전",,,"20260706",TOAST,,,PPV 등,5
C2600R6,<슈퍼 마리오 갤럭시> 할인쿠폰 프로모션,A1SA1020261000120961,"[슈퍼마리오 갤럭시 런칭] 영화 3,300원 할인","20260719",TOAST,"20260529","20260623",PPV 등,1
C2600PS,"26년 6월_B tv+ 파격할인_UI 541 이상_2",DummyOffer,,,TOAST,,,PPV 등,0
C2600UX,"26년 7월_B tv+ KBS 이승철 콘서트_UI 541 이상_3",DummyOffer,,,TOAST,,,PPV 등,0
C2600KK,"CJ ENM 월정액 3개월 5,500원_5월 2차",A1CP1020261000120659,"[온가족특가] CJ ENM 월정액 3개월 내내 5,500원","20260704",TOAST,"20260422","20260531",PM30000154,2
C2600LA,"26년 5월_B tv+ 비플리_UI 541 이상_1차(~5/17)_4(1770)",DummyOffer,,"20260524",TOAST,,,PPV 등,2
C2600PJ,"2606_플레이보이 디맨드_첫달무료_리마인드_1차",,,"20260628",TOAST,,,PPV 등,1
C2600OM,"26년 6월_B tv+ 국내여행_(6/3)_0123",DummyOffer,,"20260603",TOAST,,,PPV 등,528995
C2600K8,<몽타주: 6일간의 추격> 타겟 프로모션_40%_0430,A1SA1020261000120748,[즉시 할인] 몽타주: 6일간의 추격 40% 할인쿠폰,"20260503",TOAST,"20260403","20260430",PPV 등,22865
C2600P0,<쉘터> 타겟 프로모션_30%_0604,A1SA1020261000120953,[즉시 할인] 쉘터 30% 할인쿠폰,"20260607",TOAST,"20260526","20260630",PPV 등,12151
C2600N2,"26년 5월_B tv+ 당첨자_UI 541 이상_4(1770)",DummyOffer,,"20260531",TOAST,,,PPV 등,144
C2600KA,"26년 5월_B tv+ 비플리_UI 540 이하(1969)_토팝 멀티스탭",DummyOffer,,"20260524",TOAST,,,PPV 등,159
C2600RH,"26년 6월_B tv+ 주말 야식비 지원_UI 541 이상_4",DummyOffer,,"20260712",TOAST,,,PPV 등,50
C2600Q3,"6월 성인 1+1 프로모션 (6/11~6/20)",A1SA1020261000121168,"[1+1이벤트] 3,300원 할인 쿠폰","20260613",TOAST,"20260609","20260731",PPV 등,18
C2600P0,<쉘터> 타겟 프로모션_30%_0604,A1SA1020261000120953,[즉시 할인] 쉘터 30% 할인쿠폰,"20260623",TOAST,"20260526","20260630",PPV 등,67
C2600OM,"26년 6월_B tv+ 국내여행_(6/3)_0123",DummyOffer,,,TOAST,,,PPV 등,0
C2600R6,<슈퍼 마리오 갤럭시> 할인쿠폰 프로모션,A1SA1020261000120961,"[슈퍼마리오 갤럭시 런칭] 영화 3,300원 할인","20260630",TOAST,"20260529","20260623",PPV 등,2
C2600LG,<스피드> 할인쿠폰 프로모션,A1SA1020261000120858,"[스피드 런칭] 영화 5,500원 할인","20260516",TOAST,"20260512","20260531",PPV 등,7
C2600PT,"26년 6월_B tv+ 파격할인_UI 541 이상_3",DummyOffer,,"20260618",TOAST,,,PPV 등,81
C2600WI,<뮌터 & 칸딘스키 - 사랑의 초상> 할인쿠폰 프로모션,A1SA1020261000121560,"[뮌터 & 칸딘스키 - 사랑의 초상 런칭] 영화 5,500원 할인","20260726",TOAST,"20260716","20260831",PPV 등,5
C2600SC,<금발이 되고 싶어> 할인쿠폰 프로모션,A1SA1020261000121360,"[금발이 되고 싶어 런칭] 영화 5,500원 할인","20260703",TOAST,"20260622","20260731",PPV 등,5
C2600RX,"2606_비너스 디맨드_첫달무료_개편후",,,"20260728",TOAST,,,PPV 등,9
C2600JZ,"JTBC 월정액 6개월 약정 3,300원_5월 2차",DummyOffer,,"20260715",TOAST,,,PPV 등,2
C2600LE,"CJ ENM 월정액 3개월 5,500원_5월 3차",A1CP1020261000120659,"[온가족특가] CJ ENM 월정액 3개월 내내 5,500원","20260614",TOAST,"20260422","20260531",PM30000154,2
C2600PS,"26년 6월_B tv+ 파격할인_UI 541 이상_2",DummyOffer,,"20260712",TOAST,,,PPV 등,1
C2600VG,"2607_비플/캐치온 왕사남 해지취소_2주차_토팝",,,"20260725",TOAST,,,PPV 등,1
C2600KK,"CJ ENM 월정액 3개월 5,500원_5월 2차",A1CP1020261000120659,"[온가족특가] CJ ENM 월정액 3개월 내내 5,500원","20260711",TOAST,"20260422","20260531",PM30000154,1
C2600L8,"26년 5월_B tv+ 비플리_UI 541 이상_1차(~5/17)_2(1770)",DummyOffer,,,TOAST,,,PPV 등,0
C2600KI,"JTBC 월정액 6개월 약정 3,300원_5월 3차",A1CP1020261000120658,"[온가족특가] JTBC 6개월 약정 기간 내내 월 3,300원","20260608",TOAST,"20260421","20260531",PM30000269,4
C2600NI,<시에라 마드레: 카르텔 전쟁> 할인쿠폰 프로모션,A1SA1020261000120862,"[시에라 마드레: 카르텔 전쟁 런칭] 영화 5,500원 할인",,TOAST,"20260518","20260630",PPV 등,0
C2600S3,"6월 성인 1+1 프로모션 (6/21~6/30)",A1SA1020261000121170,"[1+1 앵콜 이벤트] 3,300원 할인 쿠폰","20260702",TOAST,"20260609","20260731",PPV 등,82
C2600N0,"26년 5월_B tv+ 당첨자_UI 541 이상_2(1770)",DummyOffer,,"20260603",TOAST,,,PPV 등,604
C2600N3,[주기성/쿠폰] <살목지&K-공포상영회> 할인쿠폰 프로모션,A1PR1020261000120873,[K-공포 상영회] 영화 50% 할인,"20260609",TOAST,"20260520","20260609",PPV 등,492
C2600TL,"7월 성인 1+1 프로모션 (7/1~7/10)",A1SA1020261000121370,"[1+1이벤트] 3,300원 할인 쿠폰","20260709",TOAST,"20260626","20260731",PPV 등,251
C2600RG,"26년 6월_B tv+ 주말 야식비 지원_UI 541 이상_3",DummyOffer,,"20260704",TOAST,,,PPV 등,26
C2600S7,토이스토리 소장용 패키지 프로모션 (6/18~6/21 발급),A1SA1020261000121259,"[토이 스토리 패키지 구매] 영화 5,500원 할인","20260701",TOAST,"20260615","20260731",PPV 등,1
C2600P0,<쉘터> 타겟 프로모션_30%_0604,A1SA1020261000120953,[즉시 할인] 쉘터 30% 할인쿠폰,"20260624",TOAST,"20260526","20260630",PPV 등,54
C2600K8,<몽타주: 6일간의 추격> 타겟 프로모션_40%_0430,A1SA1020261000120748,[즉시 할인] 몽타주: 6일간의 추격 40% 할인쿠폰,"20260601",TOAST,"20260403","20260430",PPV 등,76
C2600IP,"CJ ENM 월정액 3개월 5,500원_5월 1차",DummyOffer,,"20260612",TOAST,,,PPV 등,8
C2600UX,"26년 7월_B tv+ KBS 이승철 콘서트_UI 541 이상_3",DummyOffer,,"20260724",TOAST,,,PPV 등,8
C2600R8,"26년 6월_B tv+ 주말 야식비 지원_UI 541 이상_1",DummyOffer,,"20260714",TOAST,,,PPV 등,33
C2600R8,"26년 6월_B tv+ 주말 야식비 지원_UI 541 이상_1",DummyOffer,,"20260729",TOAST,,,PPV 등,10
C2600KO,<폭탄> 할인쿠폰 프로모션,A1SA1020261000120751,"[폭탄 런칭] 영화 5,500원 할인","20260517",TOAST,"20260430","20260531",PPV 등,6
C2600UN,"26년 7월_B tv+ KBS 이승철 콘서트_UI 541 이상_1",DummyOffer,,"20260727",TOAST,,,PPV 등,5
C2600T0,"26년 6월_B tv+ KBO 올스타전_UI 541 이상_2",DummyOffer,,"20260713",TOAST,,,PPV 등,16
C2600T0,"26년 6월_B tv+ KBO 올스타전_UI 541 이상_2",DummyOffer,,"20260724",TOAST,,,PPV 등,5
C2600MB,<힌드의 목소리> 할인쿠폰 프로모션,A1SA1020261000120864,"[힌드의 목소리 런칭] 영화 5,500원 할인","20260601",TOAST,"20260519","20260630",PPV 등,2
C2600LE,"CJ ENM 월정액 3개월 5,500원_5월 3차",A1CP1020261000120659,"[온가족특가] CJ ENM 월정액 3개월 내내 5,500원","20260608",TOAST,"20260422","20260531",PM30000154,3
C2600O7,"2606_캐치온 해지방어_B tv+ Cross-sell",,,"20260605",TOAST,,,PPV 등,4
C2600XB,"26년 7월_B tv+ 7월 4주차 복날 타임딜_UI 541 이상_4_F",DummyOffer,,,TOAST,,,PPV 등,0
C2600RC,"<왕과 사는 남자> 타겟 프로모션_2,000원_0617",A1SA1020261000121266,"[즉시 할인] 왕과 사는 남자 2,200원 할인쿠폰",,TOAST,"20260616","20260731",PPV 등,0
C2600WH,<군체> 할인쿠폰 프로모션,A1SA1020261000121563,[군체 런칭] 영화 20% 할인,,TOAST,"20260716","20260831",PPV 등,0
C2600KK,"CJ ENM 월정액 3개월 5,500원_5월 2차",A1CP1020261000120659,"[온가족특가] CJ ENM 월정액 3개월 내내 5,500원","20260627",TOAST,"20260422","20260531",PM30000154,2
C2600UN,"26년 7월_B tv+ KBS 이승철 콘서트_UI 541 이상_1",DummyOffer,,"20260712",TOAST,,,PPV 등,690276
C2600R8,"26년 6월_B tv+ 주말 야식비 지원_UI 541 이상_1",DummyOffer,,"20260621",TOAST,,,PPV 등,41229
C2600JZ,"JTBC 월정액 6개월 약정 3,300원_5월 2차",DummyOffer,,"20260512",TOAST,,,PPV 등,2022
C2600T4,"26년 6월_B tv+ KBO 올스타전_UI 541 이상_4",DummyOffer,,"20260702",TOAST,,,PPV 등,5741
C2600JZ,"JTBC 월정액 6개월 약정 3,300원_5월 2차",DummyOffer,,"20260526",TOAST,,,PPV 등,2127
C2600RF,"26년 6월_B tv+ 주말 야식비 지원_UI 541 이상_2",DummyOffer,,"20260709",TOAST,,,PPV 등,127
C2600OU,"2606_SPOTV_BWF 인도네시아 오픈",DummyOffer,,"20260730",TOAST,,,PPV 등,54
C2600M2,"26년 5월_B tv+ 당첨자_UI 541 이상_1(1770)",DummyOffer,,"20260612",TOAST,,,PPV 등,16
C2600R8,"26년 6월_B tv+ 주말 야식비 지원_UI 541 이상_1",DummyOffer,,"20260629",TOAST,,,PPV 등,184
C2600RC,"<왕과 사는 남자> 타겟 프로모션_2,000원_0617",A1SA1020261000121266,"[즉시 할인] 왕과 사는 남자 2,200원 할인쿠폰","20260622",TOAST,"20260616","20260731",PPV 등,458
C2600JZ,"JTBC 월정액 6개월 약정 3,300원_5월 2차",DummyOffer,,"20260713",TOAST,,,PPV 등,6
C2600LE,"CJ ENM 월정액 3개월 5,500원_5월 3차",A1CP1020261000120659,"[온가족특가] CJ ENM 월정액 3개월 내내 5,500원","20260527",TOAST,"20260422","20260531",PM30000154,74
C2600TK,<메가 샤크 어택> 할인쿠폰 프로모션,A1SA1020261000121369,"[메가 샤크 어택 런칭] 영화 5,500원 할인","20260705",TOAST,"20260626","20260731",PPV 등,57
C2600T9,"26년 6월 B tv+ 할인 연장 캠페인_8월할인 7,700원",A1CP1020261000121368,"[가입 유지 선물] B tv+ 월 7,700원 이용 혜택 6개월 자동 연장_6월","20260629",TOAST,"20260625","20260731",PPV 등,34
C2600JA,<오시리스> 할인쿠폰 프로모션,A1SA1020261000120652,"[오시리스 런칭] 영화 3,300원 할인","20260511",TOAST,"20260421","20260531",PPV 등,49
C2600KE,무비혜택도미도 쿠폰 사용 안내,,,"20260602",TOAST,,,PPV 등,9
C2600IY,"JTBC 월정액 6개월 약정 3,300원_5월 1차",DummyOffer,,"20260622",TOAST,,,PPV 등,5
C2600NC,"26년 5월 B tv+ 할인 연장 캠페인_1주년 4,400원",A1CP1020261000120955,"[가입 유지 선물] B tv+ 월 4,400원 혜택 6개월 자동 연장_5월","20260530",TOAST,"20260526","20260731",PM30000107,7
C2600QV,"6월 성인 1+1 프로모션_모바일 (6/11~6/20)_수정",A1SA1020261000121169,"[1+1이벤트] 3,300원 할인 쿠폰 (모바일)",,TOAST,"20260609","20260731",PPV 등,0
C2600T9,"26년 6월 B tv+ 할인 연장 캠페인_8월할인 7,700원",A1CP1020261000121368,"[가입 유지 선물] B tv+ 월 7,700원 이용 혜택 6개월 자동 연장_6월","20260713",TOAST,"20260625","20260731",PPV 등,1
C2600KA,"26년 5월_B tv+ 비플리_UI 540 이하(1969)_토팝 멀티스탭",DummyOffer,,"20260529",TOAST,,,PPV 등,5
C2600IY,"JTBC 월정액 6개월 약정 3,300원_5월 1차",DummyOffer,,"20260728",TOAST,,,PPV 등,1
C2600T1,"26년 6월_B tv+ KBO 올스타전_UI 541 이상_3",DummyOffer,,"20260729",TOAST,,,PPV 등,3
C2600OW,"26년 6월_B tv+ 국내여행_(6/4~7)_4567",DummyOffer,,"20260719",TOAST,,,PPV 등,1
C2600KK,"CJ ENM 월정액 3개월 5,500원_5월 2차",A1CP1020261000120659,"[온가족특가] CJ ENM 월정액 3개월 내내 5,500원","20260708",TOAST,"20260422","20260531",PM30000154,1
C2600N2,"26년 5월_B tv+ 당첨자_UI 541 이상_4(1770)",DummyOffer,,,TOAST,,,PPV 등,0
C2600IP,"CJ ENM 월정액 3개월 5,500원_5월 1차",DummyOffer,,"20260522",TOAST,,,PPV 등,1014
C2600P0,<쉘터> 타겟 프로모션_30%_0604,A1SA1020261000120953,[즉시 할인] 쉘터 30% 할인쿠폰,"20260615",TOAST,"20260526","20260630",PPV 등,604
C2600QU,"6월 성인 1+1 프로모션 (6/11~6/20)_수정",A1SA1020261000121168,"[1+1이벤트] 3,300원 할인 쿠폰","20260616",TOAST,"20260609","20260731",PPV 등,403
C2600SJ,[주기성]프라다입고문워크 신작혜택파티 프로모션,A1PR1020261000121272,[신작혜택파티] 영화 30% 할인(악마는프라다2 외 대상작),"20260707",TOAST,"20260618","20260706",PPV 등,184
C2600S6,토이스토리 소장용 패키지 프로모션_수정,A1SA1020261000121259,"[토이 스토리 패키지 구매] 영화 5,500원 할인","20260625",TOAST,"20260615","20260731",PPV 등,63
C2600UX,"26년 7월_B tv+ KBS 이승철 콘서트_UI 541 이상_3",DummyOffer,,"20260725",TOAST,,,PPV 등,7
C2600S4,"6월 성인 1+1 프로모션_모바일 (6/21~6/30)",A1SA1020261000121171,"[1+1 앵콜 이벤트] 3,300원 할인 쿠폰 (모바일)","20260703",TOAST,"20260609","20260731",PPV 등,3
C2600PV,"26년 6월_B tv+ 파격할인_UI 541 이하_5",DummyOffer,,"20260616",TOAST,,,PPV 등,1
C2600VH,"26년 7월_B tv+ KBS 이승철 콘서트_타임딜_UI 541 이상_1",DummyOffer,,"20260727",TOAST,,,PPV 등,30
C2600VN,<엘리베이션> 할인쿠폰 프로모션,A1SA1020261000121463,"[엘리베이션 런칭] 영화 3,300원 할인","20260716",TOAST,"20260708","20260831",PPV 등,65
C2600OM,"26년 6월_B tv+ 국내여행_(6/3)_0123",DummyOffer,,"20260609",TOAST,,,PPV 등,7
C2600N1,"26년 5월_B tv+ 당첨자_UI 541 이상_3(1770)",DummyOffer,,"20260618",TOAST,,,PPV 등,3
C2600NO,<푸틴: 절대 권력의 최후> 할인쿠폰 프로모션,A1SA1020261000120952,"[푸틴: 절대 권력의 최후 런칭] 영화 3,300원 할인","20260615",TOAST,"20260526","20260630",PPV 등,3
C2600S6,토이스토리 소장용 패키지 프로모션_수정,A1SA1020261000121259,"[토이 스토리 패키지 구매] 영화 5,500원 할인","20260703",TOAST,"20260615","20260731",PPV 등,13
C2600P0,<쉘터> 타겟 프로모션_30%_0604,A1SA1020261000120953,[즉시 할인] 쉘터 30% 할인쿠폰,"20260728",TOAST,"20260526","20260630",PPV 등,9
C2600QY,수요1+1무비쿠폰(6월 쿠폰발급),A1PR1020261000121167,[금토일무비쿠폰] 20% 할인(5천원 이상 사용),"20260622",TOAST,"20260609","20261231",PPV 등,1
C2600NP,<모탈 컴뱃2> 할인쿠폰 프로모션,A1SA1020261000120959,"[모탈컴뱃2 런칭] 영화 5,500원 할인","20260616",TOAST,"20260528","20260615",PPV 등,20
C2600T4,"26년 6월_B tv+ KBO 올스타전_UI 541 이상_4",DummyOffer,,"20260730",TOAST,,,PPV 등,5
C2600SU,"26년 6월_B tv+ KBO 올스타전_UI 541 이상_1",DummyOffer,,"20260718",TOAST,,,PPV 등,8
C2600IP,"CJ ENM 월정액 3개월 5,500원_5월 1차",A1CP1020261000120659,"[온가족특가] CJ ENM 월정액 3개월 내내 5,500원","20260603",TOAST,"20260422","20260531",PM30000154,1
C2600NL,<쉘터> 할인쿠폰 프로모션,A1SA1020261000120861,"[쉘터 런칭] 영화 3,300원 할인","20260607",TOAST,"20260518","20260630",PPV 등,2
C2600T0,"26년 6월_B tv+ KBO 올스타전_UI 541 이상_2",DummyOffer,,"20260714",TOAST,,,PPV 등,20
C2600OO,"26년 6월_B tv+ 국내여행_(6/3)_89",DummyOffer,,"20260624",TOAST,,,PPV 등,1
C2600L8,"26년 5월_B tv+ 비플리_UI 541 이상_1차(~5/17)_2(1770)",DummyOffer,,"20260615",TOAST,,,PPV 등,2
C2600JZ,"JTBC 월정액 6개월 약정 3,300원_5월 2차",DummyOffer,,"20260706",TOAST,,,PPV 등,4
C2600PU,"26년 6월_B tv+ 파격할인_UI 541 이상_4",DummyOffer,,"20260704",TOAST,,,PPV 등,1
C2600UU,"7월 성인 1+1 앵콜 프로모션_모바일 (7/11~7/20)",A1SA1020261000121458,"[1+1 앵콜 이벤트] 3,300원 할인 쿠폰",,TOAST,"20260708","20260831",PPV 등,0
C2600K8,<몽타주: 6일간의 추격> 타겟 프로모션_40%_0430,A1SA1020261000120748,[즉시 할인] 몽타주: 6일간의 추격 40% 할인쿠폰,"20260608",TOAST,"20260403","20260430",PPV 등,1
C2600PS,"26년 6월_B tv+ 파격할인_UI 541 이상_2",DummyOffer,,"20260723",TOAST,,,PPV 등,1
C2600PJ,"2606_플레이보이 디맨드_첫달무료_리마인드_1차",,,"20260718",TOAST,,,PPV 등,1
C2600XH,"26년 7월 B tv+ 50% 할인 연장 캠페인_25년9월할인",A1CP1020261000121665,[가입 유지 선물] B tv+ 50% 할인 혜택 6개월 자동 연장_7월,"20260728",TOAST,"20260721","20260831",PPV 등,3
C2600T7,<노멀> 할인쿠폰 프로모션,A1SA1020261000121162,"[노멀 런칭] 영화 3,300원 할인",,TOAST,"20260605","20260731",PPV 등,0
C2600IY,"JTBC 월정액 6개월 약정 3,300원_5월 1차",DummyOffer,,"20260522",TOAST,,,PPV 등,156003
C2600X8,"26년 7월_B tv+ 7월 4주차 복날 타임딜_UI 541 이상_3_F",DummyOffer,,"20260726",TOAST,,,PPV 등,7140
C2600O0,"26년 6월_B tv+ 짝수달 유료전환 테스트_UI 552 이상",DummyOffer,,"20260610",TOAST,,,PPV 등,13040
C2600N0,"26년 5월_B tv+ 당첨자_UI 541 이상_2(1770)",DummyOffer,,"20260531",TOAST,,,PPV 등,1818
C2600K8,<몽타주: 6일간의 추격> 타겟 프로모션_40%_0430,A1SA1020261000120748,[즉시 할인] 몽타주: 6일간의 추격 40% 할인쿠폰,"20260603",TOAST,"20260403","20260430",PPV 등,114
C2600K8,<몽타주: 6일간의 추격> 타겟 프로모션_40%_0430,A1SA1020261000120748,[즉시 할인] 몽타주: 6일간의 추격 40% 할인쿠폰,"20260516",TOAST,"20260403","20260430",PPV 등,408
C2600TK,<메가 샤크 어택> 할인쿠폰 프로모션,A1SA1020261000121369,"[메가 샤크 어택 런칭] 영화 5,500원 할인","20260703",TOAST,"20260626","20260731",PPV 등,35
C2600KK,"CJ ENM 월정액 3개월 5,500원_5월 2차",A1CP1020261000120659,"[온가족특가] CJ ENM 월정액 3개월 내내 5,500원","20260519",TOAST,"20260422","20260531",PM30000154,60
C2600RA,SPOTV 6월 첫달무료_1차_0617 토스트팝업,,,"20260712",TOAST,,,PPV 등,279
C2600K8,<몽타주: 6일간의 추격> 타겟 프로모션_40%_0430,A1SA1020261000120748,[즉시 할인] 몽타주: 6일간의 추격 40% 할인쿠폰,"20260515",TOAST,"20260403","20260430",PPV 등,264
C2600OU,"2606_SPOTV_BWF 인도네시아 오픈",DummyOffer,,"20260630",TOAST,,,PPV 등,261
C2600RX,"2606_비너스 디맨드_첫달무료_개편후",,,"20260710",TOAST,,,PPV 등,95
C2600RC,"<왕과 사는 남자> 타겟 프로모션_2,000원_0617",A1SA1020261000121266,"[즉시 할인] 왕과 사는 남자 2,200원 할인쿠폰","20260704",TOAST,"20260616","20260731",PPV 등,243
C2600K8,<몽타주: 6일간의 추격> 타겟 프로모션_40%_0430,A1SA1020261000120748,[즉시 할인] 몽타주: 6일간의 추격 40% 할인쿠폰,"20260531",TOAST,"20260403","20260430",PPV 등,131
C2600S4,"6월 성인 1+1 프로모션_모바일 (6/21~6/30)",A1SA1020261000121171,"[1+1 앵콜 이벤트] 3,300원 할인 쿠폰 (모바일)","20260623",TOAST,"20260609","20260731",PPV 등,105
C2600S3,"6월 성인 1+1 프로모션 (6/21~6/30)",A1SA1020261000121170,"[1+1 앵콜 이벤트] 3,300원 할인 쿠폰","20260718",TOAST,"20260609","20260731",PPV 등,2
C2600OO,"26년 6월_B tv+ 국내여행_(6/3)_89",DummyOffer,,"20260713",TOAST,,,PPV 등,1
C2600QV,"6월 성인 1+1 프로모션_모바일 (6/11~6/20)_수정",A1SA1020261000121169,"[1+1이벤트] 3,300원 할인 쿠폰 (모바일)","20260622",TOAST,"20260609","20260731",PPV 등,2
C2600NG,SPOTV 6월 첫달무료_1차_0613 토팝,,,"20260622",TOAST,,,PPV 등,5
C2600OJ,"2606_플레이보이 디맨드_첫달무료",,,"20260623",TOAST,,,PPV 등,2
C2600NH,<리 크로닌의 미이라> 할인쿠폰 프로모션,A1SA1020261000120855,"[리 크로닌의 미이라] 영화 3,300원 할인","20260605",TOAST,"20260507","20260630",PPV 등,6
C2600PJ,"2606_플레이보이 디맨드_첫달무료_리마인드_1차",,,"20260619",TOAST,,,PPV 등,1
C2600N3,[주기성/쿠폰] <살목지&K-공포상영회> 할인쿠폰 프로모션,A1PR1020261000120873,[K-공포 상영회] 영화 50% 할인,"20260606",TOAST,"20260520","20260609",PPV 등,608
C2600M2,"26년 5월_B tv+ 당첨자_UI 541 이상_1(1770)",DummyOffer,,"20260601",TOAST,,,PPV 등,1019
C2600OU,"2606_SPOTV_BWF 인도네시아 오픈",DummyOffer,,"20260710",TOAST,,,PPV 등,164
C2600RX,"2606_비너스 디맨드_첫달무료_개편후",,,"20260707",TOAST,,,PPV 등,105
C2600OU,"2606_SPOTV_BWF 인도네시아 오픈",DummyOffer,,"20260704",TOAST,,,PPV 등,276
C2600RH,"26년 6월_B tv+ 주말 야식비 지원_UI 541 이상_4",DummyOffer,,"20260701",TOAST,,,PPV 등,126
C2600RG,"26년 6월_B tv+ 주말 야식비 지원_UI 541 이상_3",DummyOffer,,"20260719",TOAST,,,PPV 등,5
C2600RH,"26년 6월_B tv+ 주말 야식비 지원_UI 541 이상_4",DummyOffer,,"20260711",TOAST,,,PPV 등,56
C2600UV,모아나 소장용 패키지 프로모션 (7/10),A1SA1020261000121465,"[모아나 패키지 구매] 영화 5,500원 할인","20260714",TOAST,"20260708","20260831",PPV 등,27
C2600LE,"CJ ENM 월정액 3개월 5,500원_5월 3차",A1CP1020261000120659,"[온가족특가] CJ ENM 월정액 3개월 내내 5,500원","20260610",TOAST,"20260422","20260531",PM30000154,6
C2600XH,"26년 7월 B tv+ 50% 할인 연장 캠페인_25년9월할인",A1CP1020261000121665,[가입 유지 선물] B tv+ 50% 할인 혜택 6개월 자동 연장_7월,"20260725",TOAST,"20260721","20260831",PPV 등,55
C2600L8,"26년 5월_B tv+ 비플리_UI 541 이상_1차(~5/17)_2(1770)",DummyOffer,,"20260601",TOAST,,,PPV 등,1
C2600UW,"26년 7월_B tv+ KBS 이승철 콘서트_UI 541 이상_2",DummyOffer,,"20260725",TOAST,,,PPV 등,9
C2600NP,<모탈 컴뱃2> 할인쿠폰 프로모션,A1SA1020261000120959,"[모탈컴뱃2 런칭] 영화 5,500원 할인","20260612",TOAST,"20260528","20260615",PPV 등,13
C2600OO,"26년 6월_B tv+ 국내여행_(6/3)_89",DummyOffer,,"20260616",TOAST,,,PPV 등,2
C2600JZ,"JTBC 월정액 6개월 약정 3,300원_5월 2차",A1CP1020261000120658,"[온가족특가] JTBC 6개월 약정 기간 내내 월 3,300원","20260517",TOAST,"20260421","20260531",PM30000269,3
C2600P0,<쉘터> 타겟 프로모션_30%_0604,A1SA1020261000120953,[즉시 할인] 쉘터 30% 할인쿠폰,"20260729",TOAST,"20260526","20260630",PPV 등,14
C2600WB,"2607_비플/캐치온 왕사남 해지취소_3주차_토팝",,,"20260731",TOAST,,,PPV 등,4
C2600UV,모아나 소장용 패키지 프로모션 (7/10),A1SA1020261000121465,"[모아나 패키지 구매] 영화 5,500원 할인","20260725",TOAST,"20260708","20260831",PPV 등,1
C2600TL,"7월 성인 1+1 프로모션 (7/1~7/10)",A1SA1020261000121370,"[1+1이벤트] 3,300원 할인 쿠폰","20260715",TOAST,"20260626","20260731",PPV 등,3
C2600N1,"26년 5월_B tv+ 당첨자_UI 541 이상_3(1770)",DummyOffer,,"20260613",TOAST,,,PPV 등,2
C2600JZ,"JTBC 월정액 6개월 약정 3,300원_5월 2차",DummyOffer,,"20260708",TOAST,,,PPV 등,3
C2600KK,"CJ ENM 월정액 3개월 5,500원_5월 2차",A1CP1020261000120659,"[온가족특가] CJ ENM 월정액 3개월 내내 5,500원","20260613",TOAST,"20260422","20260531",PM30000154,4
C2600SH,<납치 48시간> 할인쿠폰 프로모션,A1SA1020261000121265,"[납치 48시간 런칭] 영화 3,300원 할인",,TOAST,"20260616","20260831",PPV 등,0
C2600OX,"26년 6월_B tv+ 국내여행_(6/4~7)_89",DummyOffer,,"20260620",TOAST,,,PPV 등,1
C2600IP,"CJ ENM 월정액 3개월 5,500원_5월 1차",DummyOffer,,"20260620",TOAST,,,PPV 등,3
C2600OW,"26년 6월_B tv+ 국내여행_(6/4~7)_4567",DummyOffer,,"20260707",TOAST,,,PPV 등,1
C2600OX,"26년 6월_B tv+ 국내여행_(6/4~7)_89",DummyOffer,,"20260606",TOAST,,,PPV 등,5830
C2600KK,"CJ ENM 월정액 3개월 5,500원_5월 2차",A1CP1020261000120659,"[온가족특가] CJ ENM 월정액 3개월 내내 5,500원","20260514",TOAST,"20260422","20260531",PM30000154,107
C2600TM,<신의 악단> 할인쿠폰 프로모션,A1SA1020261000121384,"[신의 악단 런칭] 영화 3,300원 할인","20260707",TOAST,"20260630","20260731",PPV 등,211
C2600N3,[주기성/쿠폰] <살목지&K-공포상영회> 할인쿠폰 프로모션,A1PR1020261000120873,[K-공포 상영회] 영화 50% 할인,"20260605",TOAST,"20260520","20260609",PPV 등,280
C2600JZ,"JTBC 월정액 6개월 약정 3,300원_5월 2차",DummyOffer,,"20260606",TOAST,,,PPV 등,65
C2600RF,"26년 6월_B tv+ 주말 야식비 지원_UI 541 이상_2",DummyOffer,,"20260701",TOAST,,,PPV 등,285
C2600X8,"26년 7월_B tv+ 7월 4주차 복날 타임딜_UI 541 이상_3_F",DummyOffer,,"20260731",TOAST,,,PPV 등,194
C2600JB,<극장의 시간들> 할인쿠폰 프로모션,A1SA1020261000120746,"[극장의 시간들 런칭] 영화 5,500원 할인","20260502",TOAST,"20260428","20260531",PPV 등,6
C2600P0,<쉘터> 타겟 프로모션_30%_0604,A1SA1020261000120953,[즉시 할인] 쉘터 30% 할인쿠폰,"20260710",TOAST,"20260526","20260630",PPV 등,27
C2600UX,"26년 7월_B tv+ KBS 이승철 콘서트_UI 541 이상_3",DummyOffer,,"20260719",TOAST,,,PPV 등,10
C2600SH,<납치 48시간> 할인쿠폰 프로모션,A1SA1020261000121265,"[납치 48시간 런칭] 영화 3,300원 할인","20260627",TOAST,"20260616","20260831",PPV 등,30
C2600S3,"6월 성인 1+1 프로모션 (6/21~6/30)",A1SA1020261000121170,"[1+1 앵콜 이벤트] 3,300원 할인 쿠폰","20260704",TOAST,"20260609","20260731",PPV 등,9
C2600RH,"26년 6월_B tv+ 주말 야식비 지원_UI 541 이상_4",DummyOffer,,"20260716",TOAST,,,PPV 등,25
C2600KK,"CJ ENM 월정액 3개월 5,500원_5월 2차",A1CP1020261000120659,"[온가족특가] CJ ENM 월정액 3개월 내내 5,500원","20260722",TOAST,"20260422","20260531",PM30000154,1
C2600RX,"2606_비너스 디맨드_첫달무료_개편후",,,"20260727",TOAST,,,PPV 등,8
C2600JZ,"JTBC 월정액 6개월 약정 3,300원_5월 2차",DummyOffer,,"20260626",TOAST,,,PPV 등,4
C2600JE,<캣 앤 독> 할인쿠폰 프로모션,A1SA1020261000120747,"[캣 앤 독 런칭] 영화 5,500원 할인","20260514",TOAST,"20260428","20260531",PPV 등,7
C2600M8,<짱구> 할인쿠폰 프로모션,A1SA1020261000120863,"[짱구 런칭] 영화 5,500원 할인","20260607",TOAST,"20260518","20260630",PPV 등,2
C2600R4,<피어스> 할인쿠폰 프로모션,A1SA1020261000121258,"[피어스 런칭] 영화 5,500원 할인","20260624",TOAST,"20260615","20260731",PPV 등,2
C2600RG,"26년 6월_B tv+ 주말 야식비 지원_UI 541 이상_3",DummyOffer,,"20260718",TOAST,,,PPV 등,2
C2600LG,<스피드> 할인쿠폰 프로모션,A1SA1020261000120858,"[스피드 런칭] 영화 5,500원 할인","20260530",TOAST,"20260512","20260531",PPV 등,2
C2600XH,"26년 7월 B tv+ 50% 할인 연장 캠페인_25년9월할인",A1CP1020261000121665,[가입 유지 선물] B tv+ 50% 할인 혜택 6개월 자동 연장_7월,"20260727",TOAST,"20260721","20260831",PPV 등,5
C2600R6,<슈퍼 마리오 갤럭시> 할인쿠폰 프로모션,A1SA1020261000120961,"[슈퍼마리오 갤럭시 런칭] 영화 3,300원 할인","20260704",TOAST,"20260529","20260623",PPV 등,1
C2600T4,"26년 6월_B tv+ KBO 올스타전_UI 541 이상_4",DummyOffer,,"20260727",TOAST,,,PPV 등,1
C2600UQ,"2607_비플/캐치온 왕사남 해지취소",,,"20260730",TOAST,,,PPV 등,1
C2600ON,"26년 6월_B tv+ 국내여행_(6/3)_4567",DummyOffer,,"20260702",TOAST,,,PPV 등,1
C2600ON,"26년 6월_B tv+ 국내여행_(6/3)_4567",DummyOffer,,"20260616",TOAST,,,PPV 등,2
C2600JZ,"JTBC 월정액 6개월 약정 3,300원_5월 2차",A1CP1020261000120658,"[온가족특가] JTBC 6개월 약정 기간 내내 월 3,300원","20260516",TOAST,"20260421","20260531",PM30000269,1
C2600LE,"CJ ENM 월정액 3개월 5,500원_5월 3차",A1CP1020261000120659,"[온가족특가] CJ ENM 월정액 3개월 내내 5,500원","20260515",TOAST,"20260422","20260531",PM30000154,18092
C2600O0,"26년 6월_B tv+ 짝수달 유료전환 테스트_UI 552 이상",DummyOffer,,"20260613",TOAST,,,PPV 등,290758
C2600M2,"26년 5월_B tv+ 당첨자_UI 541 이상_1(1770)",DummyOffer,,"20260528",TOAST,,,PPV 등,3520
C2600Q5,<스위트 홈: 진격의 거인> 할인쿠폰 프로모션,A1SA1020261000121160,"[스위트 홈: 진격의 거인 런칭] 영화 3,300원 할인","20260617",TOAST,"20260605","20260731",PPV 등,28
C2600N0,"26년 5월_B tv+ 당첨자_UI 541 이상_2(1770)",DummyOffer,,"20260601",TOAST,,,PPV 등,1104
C2600K8,<몽타주: 6일간의 추격> 타겟 프로모션_40%_0430,A1SA1020261000120748,[즉시 할인] 몽타주: 6일간의 추격 40% 할인쿠폰,"20260508",TOAST,"20260403","20260430",PPV 등,1078
C2600IP,"CJ ENM 월정액 3개월 5,500원_5월 1차",DummyOffer,,"20260524",TOAST,,,PPV 등,337
C2600WH,<군체> 할인쿠폰 프로모션,A1SA1020261000121563,[군체 런칭] 영화 20% 할인,"20260728",TOAST,"20260716","20260831",PPV 등,812
C2600S6,토이스토리 소장용 패키지 프로모션_수정,A1SA1020261000121259,"[토이 스토리 패키지 구매] 영화 5,500원 할인","20260628",TOAST,"20260615","20260731",PPV 등,34
C2600RX,"2606_비너스 디맨드_첫달무료_개편후",,,"20260718",TOAST,,,PPV 등,41
C2600N2,"26년 5월_B tv+ 당첨자_UI 541 이상_4(1770)",DummyOffer,,"20260609",TOAST,,,PPV 등,1
C2600T1,"26년 6월_B tv+ KBO 올스타전_UI 541 이상_3",DummyOffer,,"20260719",TOAST,,,PPV 등,5
C2600RC,"<왕과 사는 남자> 타겟 프로모션_2,000원_0617",A1SA1020261000121266,"[즉시 할인] 왕과 사는 남자 2,200원 할인쿠폰","20260728",TOAST,"20260616","20260731",PPV 등,32
C2600KK,"CJ ENM 월정액 3개월 5,500원_5월 2차",A1CP1020261000120659,"[온가족특가] CJ ENM 월정액 3개월 내내 5,500원","20260526",TOAST,"20260422","20260531",PM30000154,41
C2600T6,"26년 6월 B tv+ 할인 연장 캠페인_광복절 5,500원",A1CP1020261000121367,"[가입 유지 선물] B tv+ 월 5,500원 이용 혜택 6개월 자동 연장_6월","20260629",TOAST,"20260625","20260731",PPV 등,29
C2600KK,"CJ ENM 월정액 3개월 5,500원_5월 2차",A1CP1020261000120659,"[온가족특가] CJ ENM 월정액 3개월 내내 5,500원","20260606",TOAST,"20260422","20260531",PM30000154,6
C2600UX,"26년 7월_B tv+ KBS 이승철 콘서트_UI 541 이상_3",DummyOffer,,"20260728",TOAST,,,PPV 등,4
C2600NA,"26년 5월 B tv+ 할인 연장 캠페인_1주년 5,500원",A1CP1020261000120954,"[가입 유지 선물] B tv+ 월 5,500원 혜택 6개월 자동 연장_5월","20260531",TOAST,"20260526","20260731",PM30000107,6
C2600JB,<극장의 시간들> 할인쿠폰 프로모션,A1SA1020261000120746,"[극장의 시간들 런칭] 영화 5,500원 할인","20260508",TOAST,"20260428","20260531",PPV 등,1
C2600MB,<힌드의 목소리> 할인쿠폰 프로모션,A1SA1020261000120864,"[힌드의 목소리 런칭] 영화 5,500원 할인","20260520",TOAST,"20260519","20260630",PPV 등,3
C2600SJ,[주기성]프라다입고문워크 신작혜택파티 프로모션,A1PR1020261000121272,[신작혜택파티] 영화 30% 할인(악마는프라다2 외 대상작),"20260723",TOAST,"20260618","20260706",PPV 등,2
C2600QL,"2606_플레이보이 디맨드_첫달무료_리마인드_2차",,,"20260712",TOAST,,,PPV 등,2
C2600N3,[주기성/쿠폰] <살목지&K-공포상영회> 할인쿠폰 프로모션,A1PR1020261000120873,[K-공포 상영회] 영화 50% 할인,"20260617",TOAST,"20260520","20260609",PPV 등,6
C2600QL,"2606_플레이보이 디맨드_첫달무료_리마인드_2차",,,"20260625",TOAST,,,PPV 등,2
C2600OM,"26년 6월_B tv+ 국내여행_(6/3)_0123",DummyOffer,,"20260614",TOAST,,,PPV 등,2
C2600M2,"26년 5월_B tv+ 당첨자_UI 541 이상_1(1770)",DummyOffer,,"20260615",TOAST,,,PPV 등,4
C2600IP,"CJ ENM 월정액 3개월 5,500원_5월 1차",A1CP1020261000120659,"[온가족특가] CJ ENM 월정액 3개월 내내 5,500원","20260509",TOAST,"20260422","20260531",PM30000154,2
C2600PT,"26년 6월_B tv+ 파격할인_UI 541 이상_3",DummyOffer,,"20260630",TOAST,,,PPV 등,1
C2600OM,"26년 6월_B tv+ 국내여행_(6/3)_0123",DummyOffer,,"20260627",TOAST,,,PPV 등,2
C2600S7,토이스토리 소장용 패키지 프로모션 (6/18~6/21 발급),A1SA1020261000121259,"[토이 스토리 패키지 구매] 영화 5,500원 할인",,TOAST,"20260615","20260731",PPV 등,0
C2600O0,"26년 6월_B tv+ 짝수달 유료전환 테스트_UI 552 이상",DummyOffer,,"20260630",TOAST,,,PPV 등,7074
C2600OU,"2606_SPOTV_BWF 인도네시아 오픈",DummyOffer,,"20260702",TOAST,,,PPV 등,204
C2600QU,"6월 성인 1+1 프로모션 (6/11~6/20)_수정",A1SA1020261000121168,"[1+1이벤트] 3,300원 할인 쿠폰","20260622",TOAST,"20260609","20260731",PPV 등,113
C2600OU,"2606_SPOTV_BWF 인도네시아 오픈",DummyOffer,,"20260624",TOAST,,,PPV 등,366
C2600W7,"7월 성인 1+1 이열치열 프로모션 (7/21~/20)",A1SA1020261000121561,"[1+1 이열치열 이벤트] 3,300원 할인 쿠폰","20260727",TOAST,"20260716","20260831",PPV 등,289
C2600KI,"JTBC 월정액 6개월 약정 3,300원_5월 3차",A1CP1020261000120658,"[온가족특가] JTBC 6개월 약정 기간 내내 월 3,300원","20260520",TOAST,"20260421","20260531",PM30000269,95
C2600Q5,<스위트 홈: 진격의 거인> 할인쿠폰 프로모션,A1SA1020261000121160,"[스위트 홈: 진격의 거인 런칭] 영화 3,300원 할인","20260613",TOAST,"20260605","20260731",PPV 등,48
C2600SC,<금발이 되고 싶어> 할인쿠폰 프로모션,A1SA1020261000121360,"[금발이 되고 싶어 런칭] 영화 5,500원 할인","20260627",TOAST,"20260622","20260731",PPV 등,27
C2600SH,<납치 48시간> 할인쿠폰 프로모션,A1SA1020261000121265,"[납치 48시간 런칭] 영화 3,300원 할인","20260703",TOAST,"20260616","20260831",PPV 등,6
C2600NN,<코드 네임: 알라룸> 할인쿠폰 프로모션,A1SA1020261000120951,"[코드 네임: 알라룸 런칭] 영화 5,500원 할인","20260615",TOAST,"20260526","20260630",PPV 등,10
C2600QL,"2606_플레이보이 디맨드_첫달무료_리마인드_2차",,,"20260627",TOAST,,,PPV 등,3
C2600KE,무비혜택도미도 쿠폰 사용 안내,,,"20260529",TOAST,,,PPV 등,15
C2600R8,"26년 6월_B tv+ 주말 야식비 지원_UI 541 이상_1",DummyOffer,,"20260730",TOAST,,,PPV 등,17
C2600UV,모아나 소장용 패키지 프로모션 (7/10),A1SA1020261000121465,"[모아나 패키지 구매] 영화 5,500원 할인","20260710",TOAST,"20260708","20260831",PPV 등,19
C2600JZ,"JTBC 월정액 6개월 약정 3,300원_5월 2차",DummyOffer,,"20260721",TOAST,,,PPV 등,4
C2600WG,<디스클로저 데이> 할인쿠폰 프로모션,A1SA1020261000121558,"[디스클로저 데이 런칭] 영화 3,300원 할인","20260731",TOAST,"20260713","20260831",PPV 등,5
C2600M8,<짱구> 할인쿠폰 프로모션,A1SA1020261000120863,"[짱구 런칭] 영화 5,500원 할인","20260608",TOAST,"20260518","20260630",PPV 등,2
C2600SU,"26년 6월_B tv+ KBO 올스타전_UI 541 이상_1",DummyOffer,,,TOAST,,,PPV 등,0
C2600KE,무비혜택도미도 쿠폰 사용 안내,,,"20260616",TOAST,,,PPV 등,1
C2600JB,<극장의 시간들> 할인쿠폰 프로모션,A1SA1020261000120746,"[극장의 시간들 런칭] 영화 5,500원 할인","20260509",TOAST,"20260428","20260531",PPV 등,1
C2600T4,"26년 6월_B tv+ KBO 올스타전_UI 541 이상_4",DummyOffer,,"20260704",TOAST,,,PPV 등,171893
C2600PT,"26년 6월_B tv+ 파격할인_UI 541 이상_3",DummyOffer,,"20260613",TOAST,,,PPV 등,40329
C2600UW,"26년 7월_B tv+ KBS 이승철 콘서트_UI 541 이상_2",DummyOffer,,"20260714",TOAST,,,PPV 등,23376
C2600N1,"26년 5월_B tv+ 당첨자_UI 541 이상_3(1770)",DummyOffer,,"20260526",TOAST,,,PPV 등,8147
C2600S7,토이스토리 소장용 패키지 프로모션 (6/18~6/21 발급),A1SA1020261000121259,"[토이 스토리 패키지 구매] 영화 5,500원 할인","20260623",TOAST,"20260615","20260731",PPV 등,148
C2600O0,"26년 6월_B tv+ 짝수달 유료전환 테스트_UI 552 이상",DummyOffer,,"20260708",TOAST,,,PPV 등,2280
C2600SU,"26년 6월_B tv+ KBO 올스타전_UI 541 이상_1",DummyOffer,,"20260703",TOAST,,,PPV 등,9349
C2600K8,<몽타주: 6일간의 추격> 타겟 프로모션_40%_0430,A1SA1020261000120748,[즉시 할인] 몽타주: 6일간의 추격 40% 할인쿠폰,"20260509",TOAST,"20260403","20260430",PPV 등,883
C2600XB,"26년 7월_B tv+ 7월 4주차 복날 타임딜_UI 541 이상_4_F",DummyOffer,,"20260728",TOAST,,,PPV 등,1368
C2600QL,"2606_플레이보이 디맨드_첫달무료_리마인드_2차",,,"20260614",TOAST,,,PPV 등,3279
C2600OW,"26년 6월_B tv+ 국내여행_(6/4~7)_4567",DummyOffer,,"20260615",TOAST,,,PPV 등,298
C2600IY,"JTBC 월정액 6개월 약정 3,300원_5월 1차",DummyOffer,,"20260612",TOAST,,,PPV 등,48
C2600N3,[주기성/쿠폰] <살목지&K-공포상영회> 할인쿠폰 프로모션,A1PR1020261000120873,[K-공포 상영회] 영화 50% 할인,"20260613",TOAST,"20260520","20260609",PPV 등,33
C2600NO,<푸틴: 절대 권력의 최후> 할인쿠폰 프로모션,A1SA1020261000120952,"[푸틴: 절대 권력의 최후 런칭] 영화 3,300원 할인","20260607",TOAST,"20260526","20260630",PPV 등,50
C2600UN,"26년 7월_B tv+ KBS 이승철 콘서트_UI 541 이상_1",DummyOffer,,"20260731",TOAST,,,PPV 등,3
C2600LE,"CJ ENM 월정액 3개월 5,500원_5월 3차",A1CP1020261000120659,"[온가족특가] CJ ENM 월정액 3개월 내내 5,500원","20260530",TOAST,"20260422","20260531",PM30000154,57
C2600M8,<짱구> 할인쿠폰 프로모션,A1SA1020261000120863,"[짱구 런칭] 영화 5,500원 할인","20260603",TOAST,"20260518","20260630",PPV 등,281
C2600IP,"CJ ENM 월정액 3개월 5,500원_5월 1차",DummyOffer,,"20260629",TOAST,,,PPV 등,1
C2600VH,"26년 7월_B tv+ KBS 이승철 콘서트_타임딜_UI 541 이상_1",DummyOffer,,"20260729",TOAST,,,PPV 등,16
C2600T0,"26년 6월_B tv+ KBO 올스타전_UI 541 이상_2",DummyOffer,,"20260728",TOAST,,,PPV 등,2
C2600VG,"2607_비플/캐치온 왕사남 해지취소_2주차_토팝",,,"20260719",TOAST,,,PPV 등,18
C2600K8,<몽타주: 6일간의 추격> 타겟 프로모션_40%_0430,A1SA1020261000120748,[즉시 할인] 몽타주: 6일간의 추격 40% 할인쿠폰,"20260619",TOAST,"20260403","20260430",PPV 등,1
C2600OM,"26년 6월_B tv+ 국내여행_(6/3)_0123",DummyOffer,,"20260625",TOAST,,,PPV 등,1
C2600JZ,"JTBC 월정액 6개월 약정 3,300원_5월 2차",A1CP1020261000120658,"[온가족특가] JTBC 6개월 약정 기간 내내 월 3,300원","20260511",TOAST,"20260421","20260531",PM30000269,2
C2600PJ,"2606_플레이보이 디맨드_첫달무료_리마인드_1차",,,"20260719",TOAST,,,PPV 등,1
C2600KD,[주기성/쿠폰] <프로젝트헤일메리&인생SF전> 할인쿠폰 프로모션,A1PR1020261000120752,[프로젝트헤일메리] 인생SF영화 추가 30% 할인,"20260529",TOAST,"20260430","20260524",PPV 등,2
C2600N1,"26년 5월_B tv+ 당첨자_UI 541 이상_3(1770)",DummyOffer,,"20260617",TOAST,,,PPV 등,2
C2600L7,"26년 5월_B tv+ 비플리_UI 541 이상_1차(~5/17)_1(1770)",DummyOffer,,"20260602",TOAST,,,PPV 등,2
C2600K8,<몽타주: 6일간의 추격> 타겟 프로모션_40%_0430,A1SA1020261000120748,[즉시 할인] 몽타주: 6일간의 추격 40% 할인쿠폰,"20260717",TOAST,"20260403","20260430",PPV 등,1
C2600IP,"CJ ENM 월정액 3개월 5,500원_5월 1차",A1CP1020261000120659,"[온가족특가] CJ ENM 월정액 3개월 내내 5,500원","20260508",TOAST,"20260422","20260531",PM30000154,1
C2600UX,"26년 7월_B tv+ KBS 이승철 콘서트_UI 541 이상_3",DummyOffer,,"20260710",TOAST,,,PPV 등,92813
C2600OP,"26년 6월_B tv+ 국내여행_(6/4~7)_0123",DummyOffer,,"20260605",TOAST,,,PPV 등,38077
C2600UN,"26년 7월_B tv+ KBS 이승철 콘서트_UI 541 이상_1",DummyOffer,,"20260717",TOAST,,,PPV 등,4262
C2600OW,"26년 6월_B tv+ 국내여행_(6/4~7)_4567",DummyOffer,,"20260611",TOAST,,,PPV 등,1228
C2600O0,"26년 6월_B tv+ 짝수달 유료전환 테스트_UI 552 이상",DummyOffer,,"20260629",TOAST,,,PPV 등,3926
C2600N1,"26년 5월_B tv+ 당첨자_UI 541 이상_3(1770)",DummyOffer,,"20260530",TOAST,,,PPV 등,873
C2600RX,"2606_비너스 디맨드_첫달무료_개편후",,,"20260703",TOAST,,,PPV 등,231
C2600KK,"CJ ENM 월정액 3개월 5,500원_5월 2차",A1CP1020261000120659,"[온가족특가] CJ ENM 월정액 3개월 내내 5,500원","20260512",TOAST,"20260422","20260531",PM30000154,145
C2600TL,"7월 성인 1+1 프로모션 (7/1~7/10)",A1SA1020261000121370,"[1+1이벤트] 3,300원 할인 쿠폰","20260708",TOAST,"20260626","20260731",PPV 등,325
C2600T6,"26년 6월 B tv+ 할인 연장 캠페인_광복절 5,500원",A1CP1020261000121367,"[가입 유지 선물] B tv+ 월 5,500원 이용 혜택 6개월 자동 연장_6월","20260630",TOAST,"20260625","20260731",PPV 등,10
C2600IY,"JTBC 월정액 6개월 약정 3,300원_5월 1차",DummyOffer,,"20260607",TOAST,,,PPV 등,50
C2600UN,"26년 7월_B tv+ KBS 이승철 콘서트_UI 541 이상_1",DummyOffer,,"20260723",TOAST,,,PPV 등,15
C2600WB,"2607_비플/캐치온 왕사남 해지취소_3주차_토팝",,,"20260724",TOAST,,,PPV 등,46
C2600W2,"26년 7월_B tv+ KBS 이승철 콘서트_타임딜_UI 541 이상_3",DummyOffer,,"20260731",TOAST,,,PPV 등,16
C2600SC,<금발이 되고 싶어> 할인쿠폰 프로모션,A1SA1020261000121360,"[금발이 되고 싶어 런칭] 영화 5,500원 할인","20260709",TOAST,"20260622","20260731",PPV 등,11
C2600IP,"CJ ENM 월정액 3개월 5,500원_5월 1차",DummyOffer,,"20260704",TOAST,,,PPV 등,4
C2600NA,"26년 5월 B tv+ 할인 연장 캠페인_1주년 5,500원",A1CP1020261000120954,"[가입 유지 선물] B tv+ 월 5,500원 혜택 6개월 자동 연장_5월","20260619",TOAST,"20260526","20260731",PM30000107,1
C2600N0,"26년 5월_B tv+ 당첨자_UI 541 이상_2(1770)",DummyOffer,,"20260612",TOAST,,,PPV 등,7
C2600TN,"7월 성인 1+1 프로모션_모바일 (7/1~7/10)",A1SA1020261000121371,"[1+1이벤트] 3,300원 할인 쿠폰 (모바일)","20260728",TOAST,"20260626","20260731",PPV 등,2
C2600LE,"CJ ENM 월정액 3개월 5,500원_5월 3차",A1CP1020261000120659,"[온가족특가] CJ ENM 월정액 3개월 내내 5,500원","20260613",TOAST,"20260422","20260531",PM30000154,5
C2600TL,"7월 성인 1+1 프로모션 (7/1~7/10)",A1SA1020261000121370,"[1+1이벤트] 3,300원 할인 쿠폰","20260721",TOAST,"20260626","20260731",PPV 등,2
C2600NG,SPOTV 6월 첫달무료_1차_0613 토팝,,,"20260731",TOAST,,,PPV 등,1
C2600PS,"26년 6월_B tv+ 파격할인_UI 541 이상_2",DummyOffer,,"20260625",TOAST,,,PPV 등,1
C2600NA,"26년 5월 B tv+ 할인 연장 캠페인_1주년 5,500원",A1CP1020261000120954,"[가입 유지 선물] B tv+ 월 5,500원 혜택 6개월 자동 연장_5월","20260611",TOAST,"20260526","20260731",PM30000107,1
C2600S7,토이스토리 소장용 패키지 프로모션 (6/18~6/21 발급),A1SA1020261000121259,"[토이 스토리 패키지 구매] 영화 5,500원 할인","20260707",TOAST,"20260615","20260731",PPV 등,1
C2600PJ,"2606_플레이보이 디맨드_첫달무료_리마인드_1차",,,"20260616",TOAST,,,PPV 등,1
C2600QR,"6월 성인 1+1 프로모션_추가 (6/12~14 구매자)",A1SA1020261000121168,"[1+1이벤트] 3,300원 할인 쿠폰","20260615",TOAST,"20260609","20260731",PPV 등,1420
C2600JA,<오시리스> 할인쿠폰 프로모션,A1SA1020261000120652,"[오시리스 런칭] 영화 3,300원 할인","20260506",TOAST,"20260421","20260531",PPV 등,13
C2600M2,"26년 5월_B tv+ 당첨자_UI 541 이상_1(1770)",DummyOffer,,"20260602",TOAST,,,PPV 등,996
C2600N0,"26년 5월_B tv+ 당첨자_UI 541 이상_2(1770)",DummyOffer,,"20260602",TOAST,,,PPV 등,963
C2600TM,<신의 악단> 할인쿠폰 프로모션,A1SA1020261000121384,"[신의 악단 런칭] 영화 3,300원 할인","20260703",TOAST,"20260630","20260731",PPV 등,167
C2600RA,SPOTV 6월 첫달무료_1차_0617 토스트팝업,,,"20260724",TOAST,,,PPV 등,50
C2600JA,<오시리스> 할인쿠폰 프로모션,A1SA1020261000120652,"[오시리스 런칭] 영화 3,300원 할인","20260505",TOAST,"20260421","20260531",PPV 등,10
C2600KK,"CJ ENM 월정액 3개월 5,500원_5월 2차",A1CP1020261000120659,"[온가족특가] CJ ENM 월정액 3개월 내내 5,500원","20260605",TOAST,"20260422","20260531",PM30000154,11
C2600VH,"26년 7월_B tv+ KBS 이승철 콘서트_타임딜_UI 541 이상_1",DummyOffer,,"20260728",TOAST,,,PPV 등,20
C2600TJ,<데드 오브 윈터> 할인쿠폰 프로모션,A1SA1020261000121361,"[데드 오브 윈터 런칭] 영화 3,300원 할인","20260713",TOAST,"20260622","20260731",PPV 등,18
C2600KO,<폭탄> 할인쿠폰 프로모션,A1SA1020261000120751,"[폭탄 런칭] 영화 5,500원 할인","20260511",TOAST,"20260430","20260531",PPV 등,15
C2600IY,"JTBC 월정액 6개월 약정 3,300원_5월 1차",DummyOffer,,"20260623",TOAST,,,PPV 등,5
C2600S3,"6월 성인 1+1 프로모션 (6/21~6/30)",A1SA1020261000121170,"[1+1 앵콜 이벤트] 3,300원 할인 쿠폰","20260728",TOAST,"20260609","20260731",PPV 등,1
C2600M2,"26년 5월_B tv+ 당첨자_UI 541 이상_1(1770)",DummyOffer,,"20260611",TOAST,,,PPV 등,3
C2600PT,"26년 6월_B tv+ 파격할인_UI 541 이상_3",DummyOffer,,"20260626",TOAST,,,PPV 등,1
C2600L7,"26년 5월_B tv+ 비플리_UI 541 이상_1차(~5/17)_1(1770)",DummyOffer,,"20260601",TOAST,,,PPV 등,2
C2600OJ,"2606_플레이보이 디맨드_첫달무료",,,"20260704",TOAST,,,PPV 등,2
C2600R4,<피어스> 할인쿠폰 프로모션,A1SA1020261000121258,"[피어스 런칭] 영화 5,500원 할인","20260620",TOAST,"20260615","20260731",PPV 등,2
C2600VH,"26년 7월_B tv+ KBS 이승철 콘서트_타임딜_UI 541 이상_1",DummyOffer,,"20260719",TOAST,,,PPV 등,132585
C2600XD,"26년 7월_B tv+ 7월 4주차 복날 타임딜_UI 541 이상_1_F",DummyOffer,,"20260726",TOAST,,,PPV 등,12978
C2600LE,"CJ ENM 월정액 3개월 5,500원_5월 3차",A1CP1020261000120659,"[온가족특가] CJ ENM 월정액 3개월 내내 5,500원","20260519",TOAST,"20260422","20260531",PM30000154,449
C2600M8,<짱구> 할인쿠폰 프로모션,A1SA1020261000120863,"[짱구 런칭] 영화 5,500원 할인","20260523",TOAST,"20260518","20260630",PPV 등,383
C2600OU,"2606_SPOTV_BWF 인도네시아 오픈",DummyOffer,,"20260621",TOAST,,,PPV 등,564
C2600KK,"CJ ENM 월정액 3개월 5,500원_5월 2차",A1CP1020261000120659,"[온가족특가] CJ ENM 월정액 3개월 내내 5,500원","20260525",TOAST,"20260422","20260531",PM30000154,58
C2600T1,"26년 6월_B tv+ KBO 올스타전_UI 541 이상_3",DummyOffer,,"20260727",TOAST,,,PPV 등,2
C2600KI,"JTBC 월정액 6개월 약정 3,300원_5월 3차",A1CP1020261000120658,"[온가족특가] JTBC 6개월 약정 기간 내내 월 3,300원","20260601",TOAST,"20260421","20260531",PM30000269,27
C2600RF,"26년 6월_B tv+ 주말 야식비 지원_UI 541 이상_2",DummyOffer,,"20260715",TOAST,,,PPV 등,79
C2600LE,"CJ ENM 월정액 3개월 5,500원_5월 3차",A1CP1020261000120659,"[온가족특가] CJ ENM 월정액 3개월 내내 5,500원","20260525",TOAST,"20260422","20260531",PM30000154,117
C2600RC,"<왕과 사는 남자> 타겟 프로모션_2,000원_0617",A1SA1020261000121266,"[즉시 할인] 왕과 사는 남자 2,200원 할인쿠폰","20260714",TOAST,"20260616","20260731",PPV 등,49
C2600UT,"7월 성인 1+1 앵콜 프로모션_모바일 (7/11~7/20)",A1SA1020261000121459,"[1+1 앵콜 이벤트] 3,300원 할인 쿠폰 (모바일)","20260715",TOAST,"20260708","20260831",PPV 등,26
C2600P0,<쉘터> 타겟 프로모션_30%_0604,A1SA1020261000120953,[즉시 할인] 쉘터 30% 할인쿠폰,"20260707",TOAST,"20260526","20260630",PPV 등,31
C2600TK,<메가 샤크 어택> 할인쿠폰 프로모션,A1SA1020261000121369,"[메가 샤크 어택 런칭] 영화 5,500원 할인","20260709",TOAST,"20260626","20260731",PPV 등,32
C2600PU,"26년 6월_B tv+ 파격할인_UI 541 이상_4",DummyOffer,,"20260620",TOAST,,,PPV 등,5
C2600JA,<오시리스> 할인쿠폰 프로모션,A1SA1020261000120652,"[오시리스 런칭] 영화 3,300원 할인","20260503",TOAST,"20260421","20260531",PPV 등,28
C2600T4,"26년 6월_B tv+ KBO 올스타전_UI 541 이상_4",DummyOffer,,"20260714",TOAST,,,PPV 등,4
C2600M8,<짱구> 할인쿠폰 프로모션,A1SA1020261000120863,"[짱구 런칭] 영화 5,500원 할인",,TOAST,"20260518","20260630",PPV 등,0
C2600OJ,"2606_플레이보이 디맨드_첫달무료",,,"20260624",TOAST,,,PPV 등,1
C2600IP,"CJ ENM 월정액 3개월 5,500원_5월 1차",A1CP1020261000120659,"[온가족특가] CJ ENM 월정액 3개월 내내 5,500원","20260511",TOAST,"20260422","20260531",PM30000154,1
C2600NA,"26년 5월 B tv+ 할인 연장 캠페인_1주년 5,500원",A1CP1020261000120954,"[가입 유지 선물] B tv+ 월 5,500원 혜택 6개월 자동 연장_5월",,TOAST,"20260526","20260731",PM30000107,0
C2600QU,"6월 성인 1+1 프로모션 (6/11~6/20)_수정",A1SA1020261000121168,"[1+1이벤트] 3,300원 할인 쿠폰","20260727",TOAST,"20260609","20260731",PPV 등,1
C2600JA,<오시리스> 할인쿠폰 프로모션,A1SA1020261000120652,"[오시리스 런칭] 영화 3,300원 할인","20260517",TOAST,"20260421","20260531",PPV 등,1
C2600LG,<스피드> 할인쿠폰 프로모션,A1SA1020261000120858,"[스피드 런칭] 영화 5,500원 할인","20260526",TOAST,"20260512","20260531",PPV 등,6
C2600Q5,<스위트 홈: 진격의 거인> 할인쿠폰 프로모션,A1SA1020261000121160,"[스위트 홈: 진격의 거인 런칭] 영화 3,300원 할인","20260626",TOAST,"20260605","20260731",PPV 등,2
C2600RA,SPOTV 6월 첫달무료_1차_0617 토스트팝업,,,,TOAST,,,PPV 등,0
C2600NG,SPOTV 6월 첫달무료_1차_0613 토팝,,,"20260723",TOAST,,,PPV 등,1
C2600WB,"2607_비플/캐치온 왕사남 해지취소_3주차_토팝",,,,TOAST,,,PPV 등,0
C2600T1,"26년 6월_B tv+ KBO 올스타전_UI 541 이상_3",DummyOffer,,"20260728",TOAST,,,PPV 등,1
C2600O0,"26년 6월_B tv+ 짝수달 유료전환 테스트_UI 552 이상",DummyOffer,,"20260617",TOAST,,,PPV 등,8068
C2600LE,"CJ ENM 월정액 3개월 5,500원_5월 3차",A1CP1020261000120659,"[온가족특가] CJ ENM 월정액 3개월 내내 5,500원","20260518",TOAST,"20260422","20260531",PM30000154,723
C2600O0,"26년 6월_B tv+ 짝수달 유료전환 테스트_UI 552 이상",DummyOffer,,"20260721",TOAST,,,PPV 등,523
C2600RG,"26년 6월_B tv+ 주말 야식비 지원_UI 541 이상_3",DummyOffer,,"20260622",TOAST,,,PPV 등,3103
C2600M8,<짱구> 할인쿠폰 프로모션,A1SA1020261000120863,"[짱구 런칭] 영화 5,500원 할인","20260531",TOAST,"20260518","20260630",PPV 등,439
C2600KD,[주기성/쿠폰] <프로젝트헤일메리&인생SF전> 할인쿠폰 프로모션,A1PR1020261000120752,[프로젝트헤일메리] 인생SF영화 추가 30% 할인,"20260513",TOAST,"20260430","20260524",PPV 등,276
C2600PJ,"2606_플레이보이 디맨드_첫달무료_리마인드_1차",,,"20260612",TOAST,,,PPV 등,808
C2600NI,<시에라 마드레: 카르텔 전쟁> 할인쿠폰 프로모션,A1SA1020261000120862,"[시에라 마드레: 카르텔 전쟁 런칭] 영화 5,500원 할인","20260528",TOAST,"20260518","20260630",PPV 등,48
C2600NI,<시에라 마드레: 카르텔 전쟁> 할인쿠폰 프로모션,A1SA1020261000120862,"[시에라 마드레: 카르텔 전쟁 런칭] 영화 5,500원 할인","20260607",TOAST,"20260518","20260630",PPV 등,34
C2600JA,<오시리스> 할인쿠폰 프로모션,A1SA1020261000120652,"[오시리스 런칭] 영화 3,300원 할인","20260509",TOAST,"20260421","20260531",PPV 등,19
C2600N0,"26년 5월_B tv+ 당첨자_UI 541 이상_2(1770)",DummyOffer,,"20260615",TOAST,,,PPV 등,3
C2600OP,"26년 6월_B tv+ 국내여행_(6/4~7)_0123",DummyOffer,,"20260617",TOAST,,,PPV 등,104
C2600PT,"26년 6월_B tv+ 파격할인_UI 541 이상_3",DummyOffer,,"20260617",TOAST,,,PPV 등,81
C2600UW,"26년 7월_B tv+ KBS 이승철 콘서트_UI 541 이상_2",DummyOffer,,"20260728",TOAST,,,PPV 등,11
C2600KI,"JTBC 월정액 6개월 약정 3,300원_5월 3차",A1CP1020261000120658,"[온가족특가] JTBC 6개월 약정 기간 내내 월 3,300원","20260528",TOAST,"20260421","20260531",PM30000269,29
C2600NO,<푸틴: 절대 권력의 최후> 할인쿠폰 프로모션,A1SA1020261000120952,"[푸틴: 절대 권력의 최후 런칭] 영화 3,300원 할인","20260611",TOAST,"20260526","20260630",PPV 등,1
C2600IY,"JTBC 월정액 6개월 약정 3,300원_5월 1차",DummyOffer,,"20260727",TOAST,,,PPV 등,3
C2600UQ,"2607_비플/캐치온 왕사남 해지취소",,,"20260725",TOAST,,,PPV 등,1
C2600KO,<폭탄> 할인쿠폰 프로모션,A1SA1020261000120751,"[폭탄 런칭] 영화 5,500원 할인","20260515",TOAST,"20260430","20260531",PPV 등,3
C2600N7,"2605_SPOTV B캐시 이벤트_토팝 추가",,,"20260531",TOAST,,,PPV 등,3
C2600K8,<몽타주: 6일간의 추격> 타겟 프로모션_40%_0430,A1SA1020261000120748,[즉시 할인] 몽타주: 6일간의 추격 40% 할인쿠폰,"20260712",TOAST,"20260403","20260430",PPV 등,1
C2600KO,<폭탄> 할인쿠폰 프로모션,A1SA1020261000120751,"[폭탄 런칭] 영화 5,500원 할인","20260516",TOAST,"20260430","20260531",PPV 등,4
C2600OO,"26년 6월_B tv+ 국내여행_(6/3)_89",DummyOffer,,"20260714",TOAST,,,PPV 등,1
C2600T7,<노멀> 할인쿠폰 프로모션,A1SA1020261000121162,"[노멀 런칭] 영화 3,300원 할인","20260712",TOAST,"20260605","20260731",PPV 등,1
C2600N1,"26년 5월_B tv+ 당첨자_UI 541 이상_3(1770)",DummyOffer,,"20260630",TOAST,,,PPV 등,1
C2600OO,"26년 6월_B tv+ 국내여행_(6/3)_89",DummyOffer,,"20260702",TOAST,,,PPV 등,1
C2600L9,"26년 5월_B tv+ 비플리_UI 541 이상_1차(~5/17)_3(1770)",DummyOffer,,"20260601",TOAST,,,PPV 등,1
C2600KO,<폭탄> 할인쿠폰 프로모션,A1SA1020261000120751,"[폭탄 런칭] 영화 5,500원 할인","20260519",TOAST,"20260430","20260531",PPV 등,1
C2600T0,"26년 6월_B tv+ KBO 올스타전_UI 541 이상_2",DummyOffer,,"20260705",TOAST,,,PPV 등,75387
C2600LW,수요1+1무비쿠폰(5월 쿠폰발급),A1PR1020261000120851,[연휴무비쿠폰] 20% 할인(5천원 이상 사용),"20260521",TOAST,"20260408","20260525",PPV 등,540
C2600R8,"26년 6월_B tv+ 주말 야식비 지원_UI 541 이상_1",DummyOffer,,"20260625",TOAST,,,PPV 등,5226
C2600IY,"JTBC 월정액 6개월 약정 3,300원_5월 1차",DummyOffer,,"20260512",TOAST,,,PPV 등,2134
C2600KI,"JTBC 월정액 6개월 약정 3,300원_5월 3차",A1CP1020261000120658,"[온가족특가] JTBC 6개월 약정 기간 내내 월 3,300원","20260514",TOAST,"20260421","20260531",PM30000269,263
C2600OP,"26년 6월_B tv+ 국내여행_(6/4~7)_0123",DummyOffer,,"20260611",TOAST,,,PPV 등,1196
C2600TL,"7월 성인 1+1 프로모션 (7/1~7/10)",A1SA1020261000121370,"[1+1이벤트] 3,300원 할인 쿠폰","20260707",TOAST,"20260626","20260731",PPV 등,443
C2600W1,"26년 7월_B tv+ KBS 이승철 콘서트_타임딜_UI 541 이상_2",DummyOffer,,"20260724",TOAST,,,PPV 등,3132
C2600PJ,"2606_플레이보이 디맨드_첫달무료_리마인드_1차",,,"20260610",TOAST,,,PPV 등,1385
C2600W7,"7월 성인 1+1 이열치열 프로모션 (7/21~/20)",A1SA1020261000121561,"[1+1 이열치열 이벤트] 3,300원 할인 쿠폰","20260726",TOAST,"20260716","20260831",PPV 등,314
C2600IY,"JTBC 월정액 6개월 약정 3,300원_5월 1차",DummyOffer,,"20260516",TOAST,,,PPV 등,750
C2600M8,<짱구> 할인쿠폰 프로모션,A1SA1020261000120863,"[짱구 런칭] 영화 5,500원 할인","20260522",TOAST,"20260518","20260630",PPV 등,263
C2600T0,"26년 6월_B tv+ KBO 올스타전_UI 541 이상_2",DummyOffer,,"20260711",TOAST,,,PPV 등,32
C2600P0,<쉘터> 타겟 프로모션_30%_0604,A1SA1020261000120953,[즉시 할인] 쉘터 30% 할인쿠폰,"20260618",TOAST,"20260526","20260630",PPV 등,139
C2600TJ,<데드 오브 윈터> 할인쿠폰 프로모션,A1SA1020261000121361,"[데드 오브 윈터 런칭] 영화 3,300원 할인","20260703",TOAST,"20260622","20260731",PPV 등,34
C2600IP,"CJ ENM 월정액 3개월 5,500원_5월 1차",DummyOffer,,"20260509",TOAST,,,PPV 등,114
C2600UQ,"2607_비플/캐치온 왕사남 해지취소",,,"20260711",TOAST,,,PPV 등,32
C2600JZ,"JTBC 월정액 6개월 약정 3,300원_5월 2차",DummyOffer,,"20260615",TOAST,,,PPV 등,8
C2600S4,"6월 성인 1+1 프로모션_모바일 (6/21~6/30)",A1SA1020261000121171,"[1+1 앵콜 이벤트] 3,300원 할인 쿠폰 (모바일)","20260629",TOAST,"20260609","20260731",PPV 등,43
C2600L7,"26년 5월_B tv+ 비플리_UI 541 이상_1차(~5/17)_1(1770)",DummyOffer,,"20260530",TOAST,,,PPV 등,6
C2600TK,<메가 샤크 어택> 할인쿠폰 프로모션,A1SA1020261000121369,"[메가 샤크 어택 런칭] 영화 5,500원 할인","20260719",TOAST,"20260626","20260731",PPV 등,3
C2600S6,토이스토리 소장용 패키지 프로모션_수정,A1SA1020261000121259,"[토이 스토리 패키지 구매] 영화 5,500원 할인","20260629",TOAST,"20260615","20260731",PPV 등,21
C2600SH,<납치 48시간> 할인쿠폰 프로모션,A1SA1020261000121265,"[납치 48시간 런칭] 영화 3,300원 할인","20260706",TOAST,"20260616","20260831",PPV 등,6
C2600UW,"26년 7월_B tv+ KBS 이승철 콘서트_UI 541 이상_2",DummyOffer,,"20260722",TOAST,,,PPV 등,22
C2600T7,<노멀> 할인쿠폰 프로모션,A1SA1020261000121162,"[노멀 런칭] 영화 3,300원 할인","20260704",TOAST,"20260605","20260731",PPV 등,18
C2600JZ,"JTBC 월정액 6개월 약정 3,300원_5월 2차",DummyOffer,,"20260611",TOAST,,,PPV 등,16
C2600M2,"26년 5월_B tv+ 당첨자_UI 541 이상_1(1770)",DummyOffer,,"20260630",TOAST,,,PPV 등,3
C2600VM,<헬파이어: 시수의 길> 할인쿠폰 프로모션,A1SA1020261000121461,"[헬파이어: 시수의 길 런칭] 영화 5,500원 할인","20260725",TOAST,"20260708","20260831",PPV 등,3
C2600KP,<왕과 사는 남자> 할인쿠폰 프로모션,A1SA1020261000120651,"[왕과 사는 남자 런칭] 영화 4,400원 할인","20260518",TOAST,"20260421","20260531",PPV 등,1
C2600N1,"26년 5월_B tv+ 당첨자_UI 541 이상_3(1770)",DummyOffer,,"20260727",TOAST,,,PPV 등,1
C2600OX,"26년 6월_B tv+ 국내여행_(6/4~7)_89",DummyOffer,,"20260619",TOAST,,,PPV 등,3
C2600TJ,<데드 오브 윈터> 할인쿠폰 프로모션,A1SA1020261000121361,"[데드 오브 윈터 런칭] 영화 3,300원 할인",,TOAST,"20260622","20260731",PPV 등,0
C2600S6,토이스토리 소장용 패키지 프로모션_수정,A1SA1020261000121259,"[토이 스토리 패키지 구매] 영화 5,500원 할인","20260713",TOAST,"20260615","20260731",PPV 등,1
C2600OP,"26년 6월_B tv+ 국내여행_(6/4~7)_0123",DummyOffer,,"20260606",TOAST,,,PPV 등,10187
C2600UX,"26년 7월_B tv+ KBS 이승철 콘서트_UI 541 이상_3",DummyOffer,,"20260714",TOAST,,,PPV 등,12612
C2600P0,<쉘터> 타겟 프로모션_30%_0604,A1SA1020261000120953,[즉시 할인] 쉘터 30% 할인쿠폰,"20260612",TOAST,"20260526","20260630",PPV 등,2520
C2600WH,<군체> 할인쿠폰 프로모션,A1SA1020261000121563,[군체 런칭] 영화 20% 할인,"20260725",TOAST,"20260716","20260831",PPV 등,898
C2600SJ,[주기성]프라다입고문워크 신작혜택파티 프로모션,A1PR1020261000121272,[신작혜택파티] 영화 30% 할인(악마는프라다2 외 대상작),"20260703",TOAST,"20260618","20260706",PPV 등,638
C2600OP,"26년 6월_B tv+ 국내여행_(6/4~7)_0123",DummyOffer,,"20260613",TOAST,,,PPV 등,389
C2600P0,<쉘터> 타겟 프로모션_30%_0604,A1SA1020261000120953,[즉시 할인] 쉘터 30% 할인쿠폰,"20260622",TOAST,"20260526","20260630",PPV 등,84
C2600TJ,<데드 오브 윈터> 할인쿠폰 프로모션,A1SA1020261000121361,"[데드 오브 윈터 런칭] 영화 3,300원 할인","20260706",TOAST,"20260622","20260731",PPV 등,51
C2600RF,"26년 6월_B tv+ 주말 야식비 지원_UI 541 이상_2",DummyOffer,,"20260720",TOAST,,,PPV 등,63
C2600TJ,<데드 오브 윈터> 할인쿠폰 프로모션,A1SA1020261000121361,"[데드 오브 윈터 런칭] 영화 3,300원 할인","20260708",TOAST,"20260622","20260731",PPV 등,15
C2600NI,<시에라 마드레: 카르텔 전쟁> 할인쿠폰 프로모션,A1SA1020261000120862,"[시에라 마드레: 카르텔 전쟁 런칭] 영화 5,500원 할인","20260601",TOAST,"20260518","20260630",PPV 등,68
C2600RH,"26년 6월_B tv+ 주말 야식비 지원_UI 541 이상_4",DummyOffer,,"20260720",TOAST,,,PPV 등,21
C2600KI,"JTBC 월정액 6개월 약정 3,300원_5월 3차",A1CP1020261000120658,"[온가족특가] JTBC 6개월 약정 기간 내내 월 3,300원","20260607",TOAST,"20260421","20260531",PM30000269,9
C2600PJ,"2606_플레이보이 디맨드_첫달무료_리마인드_1차",,,"20260707",TOAST,,,PPV 등,1
C2600SC,<금발이 되고 싶어> 할인쿠폰 프로모션,A1SA1020261000121360,"[금발이 되고 싶어 런칭] 영화 5,500원 할인","20260705",TOAST,"20260622","20260731",PPV 등,9
C2600TK,<메가 샤크 어택> 할인쿠폰 프로모션,A1SA1020261000121369,"[메가 샤크 어택 런칭] 영화 5,500원 할인","20260715",TOAST,"20260626","20260731",PPV 등,18
C2600N2,"26년 5월_B tv+ 당첨자_UI 541 이상_4(1770)",DummyOffer,,"20260608",TOAST,,,PPV 등,1
C2600NN,<코드 네임: 알라룸> 할인쿠폰 프로모션,A1SA1020261000120951,"[코드 네임: 알라룸 런칭] 영화 5,500원 할인","20260611",TOAST,"20260526","20260630",PPV 등,9
C2600R5,<내 이름은> 할인쿠폰 프로모션,A1SA1020261000121159,"[내 이름은 런칭] 영화 5,500원 할인","20260625",TOAST,"20260605","20260731",PPV 등,13
C2600NA,"26년 5월 B tv+ 할인 연장 캠페인_1주년 5,500원",A1CP1020261000120954,"[가입 유지 선물] B tv+ 월 5,500원 혜택 6개월 자동 연장_5월","20260607",TOAST,"20260526","20260731",PM30000107,3
C2600OJ,"2606_플레이보이 디맨드_첫달무료",,,"20260616",TOAST,,,PPV 등,2
C2600KD,[주기성/쿠폰] <프로젝트헤일메리&인생SF전> 할인쿠폰 프로모션,A1PR1020261000120752,[프로젝트헤일메리] 인생SF영화 추가 30% 할인,"20260602",TOAST,"20260430","20260524",PPV 등,1
C2600L7,"26년 5월_B tv+ 비플리_UI 541 이상_1차(~5/17)_1(1770)",DummyOffer,,"20260518",TOAST,,,PPV 등,15281
C2600O0,"26년 6월_B tv+ 짝수달 유료전환 테스트_UI 552 이상",DummyOffer,,"20260615",TOAST,,,PPV 등,26772
C2600SU,"26년 6월_B tv+ KBO 올스타전_UI 541 이상_1",DummyOffer,,"20260706",TOAST,,,PPV 등,20280
C2600T4,"26년 6월_B tv+ KBO 올스타전_UI 541 이상_4",DummyOffer,,"20260705",TOAST,,,PPV 등,63836
C2600IY,"JTBC 월정액 6개월 약정 3,300원_5월 1차",A1CP1020261000120658,"[온가족특가] JTBC 6개월 약정 기간 내내 월 3,300원","20260503",TOAST,"20260421","20260531",PM30000269,2158
C2600UX,"26년 7월_B tv+ KBS 이승철 콘서트_UI 541 이상_3",DummyOffer,,"20260716",TOAST,,,PPV 등,4354
C2600KD,[주기성/쿠폰] <프로젝트헤일메리&인생SF전> 할인쿠폰 프로모션,A1PR1020261000120752,[프로젝트헤일메리] 인생SF영화 추가 30% 할인,"20260515",TOAST,"20260430","20260524",PPV 등,207
C2600ON,"26년 6월_B tv+ 국내여행_(6/3)_4567",DummyOffer,,"20260703",TOAST,,,PPV 등,1
C2600KE,무비혜택도미도 쿠폰 사용 안내,,,"20260519",TOAST,,,PPV 등,39
C2600IY,"JTBC 월정액 6개월 약정 3,300원_5월 1차",DummyOffer,,"20260605",TOAST,,,PPV 등,197
C2600RC,"<왕과 사는 남자> 타겟 프로모션_2,000원_0617",A1SA1020261000121266,"[즉시 할인] 왕과 사는 남자 2,200원 할인쿠폰","20260709",TOAST,"20260616","20260731",PPV 등,82
C2600RC,"<왕과 사는 남자> 타겟 프로모션_2,000원_0617",A1SA1020261000121266,"[즉시 할인] 왕과 사는 남자 2,200원 할인쿠폰","20260722",TOAST,"20260616","20260731",PPV 등,36
C2600UV,모아나 소장용 패키지 프로모션 (7/10),A1SA1020261000121465,"[모아나 패키지 구매] 영화 5,500원 할인","20260722",TOAST,"20260708","20260831",PPV 등,7
C2600Q5,<스위트 홈: 진격의 거인> 할인쿠폰 프로모션,A1SA1020261000121160,"[스위트 홈: 진격의 거인 런칭] 영화 3,300원 할인","20260623",TOAST,"20260605","20260731",PPV 등,26
C2600US,<잠금: 셧다운> 할인쿠폰 프로모션,A1SA1020261000121462,"[잠금: 셧다운 런칭] 영화 5,500원 할인","20260723",TOAST,"20260708","20260831",PPV 등,4
C2600SC,<금발이 되고 싶어> 할인쿠폰 프로모션,A1SA1020261000121360,"[금발이 되고 싶어 런칭] 영화 5,500원 할인","20260702",TOAST,"20260622","20260731",PPV 등,7
C2600JZ,"JTBC 월정액 6개월 약정 3,300원_5월 2차",DummyOffer,,"20260623",TOAST,,,PPV 등,8
C2600L7,"26년 5월_B tv+ 비플리_UI 541 이상_1차(~5/17)_1(1770)",DummyOffer,,"20260701",TOAST,,,PPV 등,2
C2600VH,"26년 7월_B tv+ KBS 이승철 콘서트_타임딜_UI 541 이상_1",DummyOffer,,"20260726",TOAST,,,PPV 등,28
C2600QL,"2606_플레이보이 디맨드_첫달무료_리마인드_2차",,,"20260710",TOAST,,,PPV 등,1
C2600NG,SPOTV 6월 첫달무료_1차_0613 토팝,,,"20260629",TOAST,,,PPV 등,1
C2600US,<잠금: 셧다운> 할인쿠폰 프로모션,A1SA1020261000121462,"[잠금: 셧다운 런칭] 영화 5,500원 할인","20260724",TOAST,"20260708","20260831",PPV 등,2
C2600JZ,"JTBC 월정액 6개월 약정 3,300원_5월 2차",DummyOffer,,"20260718",TOAST,,,PPV 등,1
C2600LG,<스피드> 할인쿠폰 프로모션,A1SA1020261000120858,"[스피드 런칭] 영화 5,500원 할인","20260523",TOAST,"20260512","20260531",PPV 등,3
C2600T6,"26년 6월 B tv+ 할인 연장 캠페인_광복절 5,500원",A1CP1020261000121367,"[가입 유지 선물] B tv+ 월 5,500원 이용 혜택 6개월 자동 연장_6월","20260724",TOAST,"20260625","20260731",PPV 등,1
C2600K8,<몽타주: 6일간의 추격> 타겟 프로모션_40%_0430,A1SA1020261000120748,[즉시 할인] 몽타주: 6일간의 추격 40% 할인쿠폰,"20260624",TOAST,"20260403","20260430",PPV 등,1
C2600TL,"7월 성인 1+1 프로모션 (7/1~7/10)",A1SA1020261000121370,"[1+1이벤트] 3,300원 할인 쿠폰","20260729",TOAST,"20260626","20260731",PPV 등,1
C2600QL,"2606_플레이보이 디맨드_첫달무료_리마인드_2차",,,"20260702",TOAST,,,PPV 등,1
C2600N0,"26년 5월_B tv+ 당첨자_UI 541 이상_2(1770)",DummyOffer,,"20260525",TOAST,,,PPV 등,13795
C2600RF,"26년 6월_B tv+ 주말 야식비 지원_UI 541 이상_2",DummyOffer,,"20260622",TOAST,,,PPV 등,17106
C2600IY,"JTBC 월정액 6개월 약정 3,300원_5월 1차",DummyOffer,,"20260515",TOAST,,,PPV 등,723
C2600R8,"26년 6월_B tv+ 주말 야식비 지원_UI 541 이상_1",DummyOffer,,"20260627",TOAST,,,PPV 등,308
C2600RH,"26년 6월_B tv+ 주말 야식비 지원_UI 541 이상_4",DummyOffer,,"20260725",TOAST,,,PPV 등,13
C2600RF,"26년 6월_B tv+ 주말 야식비 지원_UI 541 이상_2",DummyOffer,,"20260719",TOAST,,,PPV 등,76
C2600T9,"26년 6월 B tv+ 할인 연장 캠페인_8월할인 7,700원",A1CP1020261000121368,"[가입 유지 선물] B tv+ 월 7,700원 이용 혜택 6개월 자동 연장_6월","20260628",TOAST,"20260625","20260731",PPV 등,532
C2600KE,무비혜택도미도 쿠폰 사용 안내,,,"20260530",TOAST,,,PPV 등,21
C2600WB,"2607_비플/캐치온 왕사남 해지취소_3주차_토팝",,,"20260730",TOAST,,,PPV 등,16
C2600R8,"26년 6월_B tv+ 주말 야식비 지원_UI 541 이상_1",DummyOffer,,"20260628",TOAST,,,PPV 등,288
C2600QL,"2606_플레이보이 디맨드_첫달무료_리마인드_2차",,,"20260621",TOAST,,,PPV 등,6
C2600OU,"2606_SPOTV_BWF 인도네시아 오픈",DummyOffer,,"20260705",TOAST,,,PPV 등,258
C2600S4,"6월 성인 1+1 프로모션_모바일 (6/21~6/30)",A1SA1020261000121171,"[1+1 앵콜 이벤트] 3,300원 할인 쿠폰 (모바일)","20260630",TOAST,"20260609","20260731",PPV 등,32
C2600OP,"26년 6월_B tv+ 국내여행_(6/4~7)_0123",DummyOffer,,"20260615",TOAST,,,PPV 등,147
C2600SJ,[주기성]프라다입고문워크 신작혜택파티 프로모션,A1PR1020261000121272,[신작혜택파티] 영화 30% 할인(악마는프라다2 외 대상작),"20260708",TOAST,"20260618","20260706",PPV 등,55
C2600L8,"26년 5월_B tv+ 비플리_UI 541 이상_1차(~5/17)_2(1770)",DummyOffer,,"20260526",TOAST,,,PPV 등,2
C2600UT,"7월 성인 1+1 앵콜 프로모션_모바일 (7/11~7/20)",A1SA1020261000121459,"[1+1 앵콜 이벤트] 3,300원 할인 쿠폰 (모바일)","20260719",TOAST,"20260708","20260831",PPV 등,7
C2600RW,"2606_비너스 디맨드_첫달무료_개편전",,,"20260717",TOAST,,,PPV 등,2
C2600UQ,"2607_비플/캐치온 왕사남 해지취소",,,"20260720",TOAST,,,PPV 등,1
C2600IP,"CJ ENM 월정액 3개월 5,500원_5월 1차",DummyOffer,,"20260703",TOAST,,,PPV 등,1
C2600W1,"26년 7월_B tv+ KBS 이승철 콘서트_타임딜_UI 541 이상_2",DummyOffer,,"20260723",TOAST,,,PPV 등,17671
C2600XE,"26년 7월_B tv+ 7월 4주차 복날 타임딜_UI 541 이상_2_F",DummyOffer,,"20260727",TOAST,,,PPV 등,15008
C2600NP,<모탈 컴뱃2> 할인쿠폰 프로모션,A1SA1020261000120959,"[모탈컴뱃2 런칭] 영화 5,500원 할인","20260610",TOAST,"20260528","20260615",PPV 등,30
C2600KA,"26년 5월_B tv+ 비플리_UI 540 이하(1969)_토팝 멀티스탭",DummyOffer,,"20260517",TOAST,,,PPV 등,88
C2600RA,SPOTV 6월 첫달무료_1차_0617 토스트팝업,,,"20260629",TOAST,,,PPV 등,182
C2600TH,<살목지> 할인쿠폰 프로모션,A1SA1020261000121380,"[살목지 런칭] 영화 3,300원 할인","20260701",TOAST,"20260629","20260731",PPV 등,39
C2600TO,<마이클> 할인쿠폰 프로모션,A1SA1020261000121261,"[마이클 런칭] 영화 3,300원 할인","20260711",TOAST,"20260616","20260815",PPV 등,22
C2600Q5,<스위트 홈: 진격의 거인> 할인쿠폰 프로모션,A1SA1020261000121160,"[스위트 홈: 진격의 거인 런칭] 영화 3,300원 할인","20260615",TOAST,"20260605","20260731",PPV 등,78
C2600OU,"2606_SPOTV_BWF 인도네시아 오픈",DummyOffer,,"20260722",TOAST,,,PPV 등,89
C2600L5,"26년 5월_B tv+ 크런치롤_할인쿠폰",A1PR1020261000120053,[크런치롤] B tv 애니 장르 30% 할인,"20260507",TOAST,"20260225","20260531",PPV 등,21
C2600T0,"26년 6월_B tv+ KBO 올스타전_UI 541 이상_2",DummyOffer,,"20260722",TOAST,,,PPV 등,17
C2600LE,"CJ ENM 월정액 3개월 5,500원_5월 3차",A1CP1020261000120659,"[온가족특가] CJ ENM 월정액 3개월 내내 5,500원","20260529",TOAST,"20260422","20260531",PM30000154,40
C2600N0,"26년 5월_B tv+ 당첨자_UI 541 이상_2(1770)",DummyOffer,,"20260613",TOAST,,,PPV 등,5
C2600UT,"7월 성인 1+1 앵콜 프로모션_모바일 (7/11~7/20)",A1SA1020261000121459,"[1+1 앵콜 이벤트] 3,300원 할인 쿠폰 (모바일)","20260718",TOAST,"20260708","20260831",PPV 등,10
C2600P0,<쉘터> 타겟 프로모션_30%_0604,A1SA1020261000120953,[즉시 할인] 쉘터 30% 할인쿠폰,"20260726",TOAST,"20260526","20260630",PPV 등,22
C2600RG,"26년 6월_B tv+ 주말 야식비 지원_UI 541 이상_3",DummyOffer,,"20260715",TOAST,,,PPV 등,4
C2600VN,<엘리베이션> 할인쿠폰 프로모션,A1SA1020261000121463,"[엘리베이션 런칭] 영화 3,300원 할인","20260729",TOAST,"20260708","20260831",PPV 등,22
C2600LG,<스피드> 할인쿠폰 프로모션,A1SA1020261000120858,"[스피드 런칭] 영화 5,500원 할인","20260528",TOAST,"20260512","20260531",PPV 등,5
C2600LE,"CJ ENM 월정액 3개월 5,500원_5월 3차",A1CP1020261000120659,"[온가족특가] CJ ENM 월정액 3개월 내내 5,500원","20260612",TOAST,"20260422","20260531",PM30000154,8
C2600JE,<캣 앤 독> 할인쿠폰 프로모션,A1SA1020261000120747,"[캣 앤 독 런칭] 영화 5,500원 할인",,TOAST,"20260428","20260531",PPV 등,0
C2600N2,"26년 5월_B tv+ 당첨자_UI 541 이상_4(1770)",DummyOffer,,"20260620",TOAST,,,PPV 등,1
C2600LG,<스피드> 할인쿠폰 프로모션,A1SA1020261000120858,"[스피드 런칭] 영화 5,500원 할인","20260531",TOAST,"20260512","20260531",PPV 등,1
C2600SU,"26년 6월_B tv+ KBO 올스타전_UI 541 이상_1",DummyOffer,,"20260721",TOAST,,,PPV 등,3
C2600O7,"2606_캐치온 해지방어_B tv+ Cross-sell",,,"20260623",TOAST,,,PPV 등,2
C2600R6,<슈퍼 마리오 갤럭시> 할인쿠폰 프로모션,A1SA1020261000120961,"[슈퍼마리오 갤럭시 런칭] 영화 3,300원 할인",,TOAST,"20260529","20260623",PPV 등,0
C2600NG,SPOTV 6월 첫달무료_1차_0613 토팝,,,"20260613",TOAST,,,PPV 등,618710
C2600N2,"26년 5월_B tv+ 당첨자_UI 541 이상_4(1770)",DummyOffer,,"20260522",TOAST,,,PPV 등,84822
C2600OU,"2606_SPOTV_BWF 인도네시아 오픈",DummyOffer,,"20260608",TOAST,,,PPV 등,1613
C2600RC,"<왕과 사는 남자> 타겟 프로모션_2,000원_0617",A1SA1020261000121266,"[즉시 할인] 왕과 사는 남자 2,200원 할인쿠폰","20260625",TOAST,"20260616","20260731",PPV 등,437
C2600TK,<메가 샤크 어택> 할인쿠폰 프로모션,A1SA1020261000121369,"[메가 샤크 어택 런칭] 영화 5,500원 할인","20260704",TOAST,"20260626","20260731",PPV 등,41
C2600P0,<쉘터> 타겟 프로모션_30%_0604,A1SA1020261000120953,[즉시 할인] 쉘터 30% 할인쿠폰,"20260709",TOAST,"20260526","20260630",PPV 등,21
C2600OU,"2606_SPOTV_BWF 인도네시아 오픈",DummyOffer,,"20260625",TOAST,,,PPV 등,348
C2600P0,<쉘터> 타겟 프로모션_30%_0604,A1SA1020261000120953,[즉시 할인] 쉘터 30% 할인쿠폰,"20260720",TOAST,"20260526","20260630",PPV 등,19
C2600RA,SPOTV 6월 첫달무료_1차_0617 토스트팝업,,,"20260721",TOAST,,,PPV 등,46
C2600S4,"6월 성인 1+1 프로모션_모바일 (6/21~6/30)",A1SA1020261000121171,"[1+1 앵콜 이벤트] 3,300원 할인 쿠폰 (모바일)","20260626",TOAST,"20260609","20260731",PPV 등,29
C2600NP,<모탈 컴뱃2> 할인쿠폰 프로모션,A1SA1020261000120959,"[모탈컴뱃2 런칭] 영화 5,500원 할인","20260613",TOAST,"20260528","20260615",PPV 등,12
C2600RG,"26년 6월_B tv+ 주말 야식비 지원_UI 541 이상_3",DummyOffer,,"20260705",TOAST,,,PPV 등,27
C2600TL,"7월 성인 1+1 프로모션 (7/1~7/10)",A1SA1020261000121370,"[1+1이벤트] 3,300원 할인 쿠폰","20260723",TOAST,"20260626","20260731",PPV 등,3
C2600TL,"7월 성인 1+1 프로모션 (7/1~7/10)",A1SA1020261000121370,"[1+1이벤트] 3,300원 할인 쿠폰","20260719",TOAST,"20260626","20260731",PPV 등,5
C2600S3,"6월 성인 1+1 프로모션 (6/21~6/30)",A1SA1020261000121170,"[1+1 앵콜 이벤트] 3,300원 할인 쿠폰","20260715",TOAST,"20260609","20260731",PPV 등,1
C2600OJ,"2606_플레이보이 디맨드_첫달무료",,,"20260609",TOAST,,,PPV 등,5
C2600OW,"26년 6월_B tv+ 국내여행_(6/4~7)_4567",DummyOffer,,"20260713",TOAST,,,PPV 등,1
C2600KP,<왕과 사는 남자> 할인쿠폰 프로모션,A1SA1020261000120651,"[왕과 사는 남자 런칭] 영화 4,400원 할인","20260517",TOAST,"20260421","20260531",PPV 등,1
C2600KO,<폭탄> 할인쿠폰 프로모션,A1SA1020261000120751,"[폭탄 런칭] 영화 5,500원 할인","20260513",TOAST,"20260430","20260531",PPV 등,6
C2600IY,"JTBC 월정액 6개월 약정 3,300원_5월 1차",DummyOffer,,"20260715",TOAST,,,PPV 등,3
C2600JZ,"JTBC 월정액 6개월 약정 3,300원_5월 2차",DummyOffer,,,TOAST,,,PPV 등,0
C2600O0,"26년 6월_B tv+ 짝수달 유료전환 테스트_UI 552 이상",DummyOffer,,,TOAST,,,PPV 등,0
C2600OJ,"2606_플레이보이 디맨드_첫달무료",,,"20260618",TOAST,,,PPV 등,1
C2600IP,"CJ ENM 월정액 3개월 5,500원_5월 1차",DummyOffer,,,TOAST,,,PPV 등,0
C2600W1,"26년 7월_B tv+ KBS 이승철 콘서트_타임딜_UI 541 이상_2",DummyOffer,,"20260722",TOAST,,,PPV 등,113192
C2600OX,"26년 6월_B tv+ 국내여행_(6/4~7)_89",DummyOffer,,"20260610",TOAST,,,PPV 등,912
C2600KK,"CJ ENM 월정액 3개월 5,500원_5월 2차",A1CP1020261000120659,"[온가족특가] CJ ENM 월정액 3개월 내내 5,500원","20260509",TOAST,"20260422","20260531",PM30000154,725
C2600UU,"7월 성인 1+1 앵콜 프로모션_모바일 (7/11~7/20)",A1SA1020261000121458,"[1+1 앵콜 이벤트] 3,300원 할인 쿠폰","20260716",TOAST,"20260708","20260831",PPV 등,228
C2600WB,"2607_비플/캐치온 왕사남 해지취소_3주차_토팝",,,"20260727",TOAST,,,PPV 등,18
C2600M2,"26년 5월_B tv+ 당첨자_UI 541 이상_1(1770)",DummyOffer,,"20260609",TOAST,,,PPV 등,11
C2600RC,"<왕과 사는 남자> 타겟 프로모션_2,000원_0617",A1SA1020261000121266,"[즉시 할인] 왕과 사는 남자 2,200원 할인쿠폰","20260721",TOAST,"20260616","20260731",PPV 등,26
C2600KI,"JTBC 월정액 6개월 약정 3,300원_5월 3차",A1CP1020261000120658,"[온가족특가] JTBC 6개월 약정 기간 내내 월 3,300원","20260705",TOAST,"20260421","20260531",PM30000269,2
C2600IY,"JTBC 월정액 6개월 약정 3,300원_5월 1차",DummyOffer,,"20260619",TOAST,,,PPV 등,31
C2600N0,"26년 5월_B tv+ 당첨자_UI 541 이상_2(1770)",DummyOffer,,"20260619",TOAST,,,PPV 등,8
C2600JZ,"JTBC 월정액 6개월 약정 3,300원_5월 2차",DummyOffer,,"20260702",TOAST,,,PPV 등,3
C2600RG,"26년 6월_B tv+ 주말 야식비 지원_UI 541 이상_3",DummyOffer,,"20260706",TOAST,,,PPV 등,6
C2600L7,"26년 5월_B tv+ 비플리_UI 541 이상_1차(~5/17)_1(1770)",DummyOffer,,"20260608",TOAST,,,PPV 등,2
C2600LA,"26년 5월_B tv+ 비플리_UI 541 이상_1차(~5/17)_4(1770)",DummyOffer,,"20260528",TOAST,,,PPV 등,4
C2600N1,"26년 5월_B tv+ 당첨자_UI 541 이상_3(1770)",DummyOffer,,"20260609",TOAST,,,PPV 등,5
C2600KO,<폭탄> 할인쿠폰 프로모션,A1SA1020261000120751,"[폭탄 런칭] 영화 5,500원 할인",,TOAST,"20260430","20260531",PPV 등,0
C2600O7,"2606_캐치온 해지방어_B tv+ Cross-sell",,,"20260701",TOAST,,,PPV 등,2
C2600K8,<몽타주: 6일간의 추격> 타겟 프로모션_40%_0430,A1SA1020261000120748,[즉시 할인] 몽타주: 6일간의 추격 40% 할인쿠폰,"20260626",TOAST,"20260403","20260430",PPV 등,1
C2600T1,"26년 6월_B tv+ KBO 올스타전_UI 541 이상_3",DummyOffer,,"20260724",TOAST,,,PPV 등,3
C2600OW,"26년 6월_B tv+ 국내여행_(6/4~7)_4567",DummyOffer,,"20260610",TOAST,,,PPV 등,1877
C2600K8,<몽타주: 6일간의 추격> 타겟 프로모션_40%_0430,A1SA1020261000120748,[즉시 할인] 몽타주: 6일간의 추격 40% 할인쿠폰,"20260512",TOAST,"20260403","20260430",PPV 등,298
C2600LE,"CJ ENM 월정액 3개월 5,500원_5월 3차",A1CP1020261000120659,"[온가족특가] CJ ENM 월정액 3개월 내내 5,500원","20260517",TOAST,"20260422","20260531",PM30000154,1543
C2600JZ,"JTBC 월정액 6개월 약정 3,300원_5월 2차",DummyOffer,,"20260605",TOAST,,,PPV 등,164
C2600LE,"CJ ENM 월정액 3개월 5,500원_5월 3차",A1CP1020261000120659,"[온가족특가] CJ ENM 월정액 3개월 내내 5,500원","20260522",TOAST,"20260422","20260531",PM30000154,245
C2600NI,<시에라 마드레: 카르텔 전쟁> 할인쿠폰 프로모션,A1SA1020261000120862,"[시에라 마드레: 카르텔 전쟁 런칭] 영화 5,500원 할인","20260603",TOAST,"20260518","20260630",PPV 등,38
C2600WG,<디스클로저 데이> 할인쿠폰 프로모션,A1SA1020261000121558,"[디스클로저 데이 런칭] 영화 3,300원 할인","20260729",TOAST,"20260713","20260831",PPV 등,62
C2600M2,"26년 5월_B tv+ 당첨자_UI 541 이상_1(1770)",DummyOffer,,"20260619",TOAST,,,PPV 등,10
C2600SU,"26년 6월_B tv+ KBO 올스타전_UI 541 이상_1",DummyOffer,,"20260717",TOAST,,,PPV 등,9
C2600L8,"26년 5월_B tv+ 비플리_UI 541 이상_1차(~5/17)_2(1770)",DummyOffer,,"20260529",TOAST,,,PPV 등,2
C2600JA,<오시리스> 할인쿠폰 프로모션,A1SA1020261000120652,"[오시리스 런칭] 영화 3,300원 할인","20260514",TOAST,"20260421","20260531",PPV 등,21
C2600KA,"26년 5월_B tv+ 비플리_UI 540 이하(1969)_토팝 멀티스탭",DummyOffer,,"20260512",TOAST,,,PPV 등,5
C2600S3,"6월 성인 1+1 프로모션 (6/21~6/30)",A1SA1020261000121170,"[1+1 앵콜 이벤트] 3,300원 할인 쿠폰","20260717",TOAST,"20260609","20260731",PPV 등,5
C2600N1,"26년 5월_B tv+ 당첨자_UI 541 이상_3(1770)",DummyOffer,,"20260616",TOAST,,,PPV 등,1
C2600QL,"2606_플레이보이 디맨드_첫달무료_리마인드_2차",,,"20260711",TOAST,,,PPV 등,2
C2600S7,토이스토리 소장용 패키지 프로모션 (6/18~6/21 발급),A1SA1020261000121259,"[토이 스토리 패키지 구매] 영화 5,500원 할인","20260626",TOAST,"20260615","20260731",PPV 등,5
C2600W2,"26년 7월_B tv+ KBS 이승철 콘서트_타임딜_UI 541 이상_3",DummyOffer,,"20260729",TOAST,,,PPV 등,9
C2600IP,"CJ ENM 월정액 3개월 5,500원_5월 1차",DummyOffer,,"20260614",TOAST,,,PPV 등,5
C2600UT,"7월 성인 1+1 앵콜 프로모션_모바일 (7/11~7/20)",A1SA1020261000121459,"[1+1 앵콜 이벤트] 3,300원 할인 쿠폰 (모바일)","20260725",TOAST,"20260708","20260831",PPV 등,1
C2600L7,"26년 5월_B tv+ 비플리_UI 541 이상_1차(~5/17)_1(1770)",DummyOffer,,"20260613",TOAST,,,PPV 등,1
C2600ON,"26년 6월_B tv+ 국내여행_(6/3)_4567",DummyOffer,,"20260623",TOAST,,,PPV 등,2
C2600OJ,"2606_플레이보이 디맨드_첫달무료",,,"20260628",TOAST,,,PPV 등,1
C2600JZ,"JTBC 월정액 6개월 약정 3,300원_5월 2차",A1CP1020261000120658,"[온가족특가] JTBC 6개월 약정 기간 내내 월 3,300원","20260505",TOAST,"20260421","20260531",PM30000269,4395
C2600RH,"26년 6월_B tv+ 주말 야식비 지원_UI 541 이상_4",DummyOffer,,"20260626",TOAST,,,PPV 등,217
C2600R8,"26년 6월_B tv+ 주말 야식비 지원_UI 541 이상_1",DummyOffer,,"20260701",TOAST,,,PPV 등,198
C2600RH,"26년 6월_B tv+ 주말 야식비 지원_UI 541 이상_4",DummyOffer,,"20260713",TOAST,,,PPV 등,41
C2600KE,무비혜택도미도 쿠폰 사용 안내,,,"20260522",TOAST,,,PPV 등,41
C2600US,<잠금: 셧다운> 할인쿠폰 프로모션,A1SA1020261000121462,"[잠금: 셧다운 런칭] 영화 5,500원 할인","20260720",TOAST,"20260708","20260831",PPV 등,23
C2600S3,"6월 성인 1+1 프로모션 (6/21~6/30)",A1SA1020261000121170,"[1+1 앵콜 이벤트] 3,300원 할인 쿠폰","20260703",TOAST,"20260609","20260731",PPV 등,22
C2600WB,"2607_비플/캐치온 왕사남 해지취소_3주차_토팝",,,"20260728",TOAST,,,PPV 등,14
C2600RC,"<왕과 사는 남자> 타겟 프로모션_2,000원_0617",A1SA1020261000121266,"[즉시 할인] 왕과 사는 남자 2,200원 할인쿠폰","20260723",TOAST,"20260616","20260731",PPV 등,30
C2600RG,"26년 6월_B tv+ 주말 야식비 지원_UI 541 이상_3",DummyOffer,,"20260710",TOAST,,,PPV 등,8
C2600M2,"26년 5월_B tv+ 당첨자_UI 541 이상_1(1770)",DummyOffer,,"20260621",TOAST,,,PPV 등,9
C2600N2,"26년 5월_B tv+ 당첨자_UI 541 이상_4(1770)",DummyOffer,,"20260605",TOAST,,,PPV 등,31
C2600N0,"26년 5월_B tv+ 당첨자_UI 541 이상_2(1770)",DummyOffer,,"20260609",TOAST,,,PPV 등,7
C2600QY,수요1+1무비쿠폰(6월 쿠폰발급),A1PR1020261000121167,[금토일무비쿠폰] 20% 할인(5천원 이상 사용),"20260621",TOAST,"20260609","20261231",PPV 등,1
C2600PJ,"2606_플레이보이 디맨드_첫달무료_리마인드_1차",,,"20260624",TOAST,,,PPV 등,2
C2600OM,"26년 6월_B tv+ 국내여행_(6/3)_0123",DummyOffer,,"20260607",TOAST,,,PPV 등,6
C2600RF,"26년 6월_B tv+ 주말 야식비 지원_UI 541 이상_2",DummyOffer,,"20260730",TOAST,,,PPV 등,36
C2600IP,"CJ ENM 월정액 3개월 5,500원_5월 1차",A1CP1020261000120659,"[온가족특가] CJ ENM 월정액 3개월 내내 5,500원","20260521",TOAST,"20260422","20260531",PM30000154,1
C2600PS,"26년 6월_B tv+ 파격할인_UI 541 이상_2",DummyOffer,,"20260701",TOAST,,,PPV 등,2
C2600TN,"7월 성인 1+1 프로모션_모바일 (7/1~7/10)",A1SA1020261000121371,"[1+1이벤트] 3,300원 할인 쿠폰 (모바일)","20260713",TOAST,"20260626","20260731",PPV 등,1
C2600IP,"CJ ENM 월정액 3개월 5,500원_5월 1차",DummyOffer,,"20260711",TOAST,,,PPV 등,2
C2600R6,<슈퍼 마리오 갤럭시> 할인쿠폰 프로모션,A1SA1020261000120961,"[슈퍼마리오 갤럭시 런칭] 영화 3,300원 할인","20260705",TOAST,"20260529","20260623",PPV 등,1
C2600QL,"2606_플레이보이 디맨드_첫달무료_리마인드_2차",,,,TOAST,,,PPV 등,0
C2600KE,무비혜택도미도 쿠폰 사용 안내,,,,TOAST,,,PPV 등,0
C2600N0,"26년 5월_B tv+ 당첨자_UI 541 이상_2(1770)",DummyOffer,,,TOAST,,,PPV 등,0
C2600T1,"26년 6월_B tv+ KBO 올스타전_UI 541 이상_3",DummyOffer,,"20260731",TOAST,,,PPV 등,2
C2600OX,"26년 6월_B tv+ 국내여행_(6/4~7)_89",DummyOffer,,"20260622",TOAST,,,PPV 등,1
C2600OJ,"2606_플레이보이 디맨드_첫달무료",,,"20260706",TOAST,,,PPV 등,1
C2600SJ,[주기성]프라다입고문워크 신작혜택파티 프로모션,A1PR1020261000121272,[신작혜택파티] 영화 30% 할인(악마는프라다2 외 대상작),"20260720",TOAST,"20260618","20260706",PPV 등,1
C2600NI,<시에라 마드레: 카르텔 전쟁> 할인쿠폰 프로모션,A1SA1020261000120862,"[시에라 마드레: 카르텔 전쟁 런칭] 영화 5,500원 할인","20260616",TOAST,"20260518","20260630",PPV 등,1
C2600L9,"26년 5월_B tv+ 비플리_UI 541 이상_1차(~5/17)_3(1770)",DummyOffer,,,TOAST,,,PPV 등,0
C2600OP,"26년 6월_B tv+ 국내여행_(6/4~7)_0123",DummyOffer,,"20260705",TOAST,,,PPV 등,1
C2600T4,"26년 6월_B tv+ KBO 올스타전_UI 541 이상_4",DummyOffer,,"20260701",TOAST,,,PPV 등,72107
C2600UW,"26년 7월_B tv+ KBS 이승철 콘서트_UI 541 이상_2",DummyOffer,,"20260715",TOAST,,,PPV 등,11812
C2600RC,"<왕과 사는 남자> 타겟 프로모션_2,000원_0617",A1SA1020261000121266,"[즉시 할인] 왕과 사는 남자 2,200원 할인쿠폰","20260619",TOAST,"20260616","20260731",PPV 등,5361
C2600RA,SPOTV 6월 첫달무료_1차_0617 토스트팝업,,,"20260627",TOAST,,,PPV 등,423
C2600O0,"26년 6월_B tv+ 짝수달 유료전환 테스트_UI 552 이상",DummyOffer,,"20260728",TOAST,,,PPV 등,315
C2600QL,"2606_플레이보이 디맨드_첫달무료_리마인드_2차",,,"20260618",TOAST,,,PPV 등,270
C2600M8,<짱구> 할인쿠폰 프로모션,A1SA1020261000120863,"[짱구 런칭] 영화 5,500원 할인","20260604",TOAST,"20260518","20260630",PPV 등,376
C2600S3,"6월 성인 1+1 프로모션 (6/21~6/30)",A1SA1020261000121170,"[1+1 앵콜 이벤트] 3,300원 할인 쿠폰","20260628",TOAST,"20260609","20260731",PPV 등,548
C2600SJ,[주기성]프라다입고문워크 신작혜택파티 프로모션,A1PR1020261000121272,[신작혜택파티] 영화 30% 할인(악마는프라다2 외 대상작),"20260626",TOAST,"20260618","20260706",PPV 등,406
C2600JA,<오시리스> 할인쿠폰 프로모션,A1SA1020261000120652,"[오시리스 런칭] 영화 3,300원 할인","20260507",TOAST,"20260421","20260531",PPV 등,12
C2600KA,"26년 5월_B tv+ 비플리_UI 540 이하(1969)_토팝 멀티스탭",DummyOffer,,"20260525",TOAST,,,PPV 등,54
C2600LE,"CJ ENM 월정액 3개월 5,500원_5월 3차",A1CP1020261000120659,"[온가족특가] CJ ENM 월정액 3개월 내내 5,500원","20260528",TOAST,"20260422","20260531",PM30000154,44
C2600XG,"26년 7월 B tv+ 할인 연장 캠페인_6개월/9개월 할인재연",A1CP1020261000121664,"[가입 유지 선물] B tv+ 월 5,500원 이용 혜택 6개월 자동 연장_7월","20260726",TOAST,"20260721","20260831",PPV 등,87
C2600JE,<캣 앤 독> 할인쿠폰 프로모션,A1SA1020261000120747,"[캣 앤 독 런칭] 영화 5,500원 할인","20260505",TOAST,"20260428","20260531",PPV 등,9
C2600RC,"<왕과 사는 남자> 타겟 프로모션_2,000원_0617",A1SA1020261000121266,"[즉시 할인] 왕과 사는 남자 2,200원 할인쿠폰","20260715",TOAST,"20260616","20260731",PPV 등,54
C2600S4,"6월 성인 1+1 프로모션_모바일 (6/21~6/30)",A1SA1020261000121171,"[1+1 앵콜 이벤트] 3,300원 할인 쿠폰 (모바일)","20260625",TOAST,"20260609","20260731",PPV 등,41
C2600WB,"2607_비플/캐치온 왕사남 해지취소_3주차_토팝",,,"20260726",TOAST,,,PPV 등,14
C2600QV,"6월 성인 1+1 프로모션_모바일 (6/11~6/20)_수정",A1SA1020261000121169,"[1+1이벤트] 3,300원 할인 쿠폰 (모바일)","20260619",TOAST,"20260609","20260731",PPV 등,9
C2600T9,"26년 6월 B tv+ 할인 연장 캠페인_8월할인 7,700원",A1CP1020261000121368,"[가입 유지 선물] B tv+ 월 7,700원 이용 혜택 6개월 자동 연장_6월","20260711",TOAST,"20260625","20260731",PPV 등,3
C2600N0,"26년 5월_B tv+ 당첨자_UI 541 이상_2(1770)",DummyOffer,,"20260703",TOAST,,,PPV 등,1
C2600OX,"26년 6월_B tv+ 국내여행_(6/4~7)_89",DummyOffer,,"20260623",TOAST,,,PPV 등,1
C2600UQ,"2607_비플/캐치온 왕사남 해지취소",,,"20260731",TOAST,,,PPV 등,1
C2600VN,<엘리베이션> 할인쿠폰 프로모션,A1SA1020261000121463,"[엘리베이션 런칭] 영화 3,300원 할인",,TOAST,"20260708","20260831",PPV 등,0
C2600NG,SPOTV 6월 첫달무료_1차_0613 토팝,,,"20260727",TOAST,,,PPV 등,2
C2600N3,[주기성/쿠폰] <살목지&K-공포상영회> 할인쿠폰 프로모션,A1PR1020261000120873,[K-공포 상영회] 영화 50% 할인,,TOAST,"20260520","20260609",PPV 등,0
C2600KE,무비혜택도미도 쿠폰 사용 안내,,,"20260618",TOAST,,,PPV 등,1
C2600IP,"CJ ENM 월정액 3개월 5,500원_5월 1차",DummyOffer,,"20260516",TOAST,,,PPV 등,125157
C2600RH,"26년 6월_B tv+ 주말 야식비 지원_UI 541 이상_4",DummyOffer,,"20260623",TOAST,,,PPV 등,2565
C2600JZ,"JTBC 월정액 6개월 약정 3,300원_5월 2차",DummyOffer,,"20260528",TOAST,,,PPV 등,828
C2600TL,"7월 성인 1+1 프로모션 (7/1~7/10)",A1SA1020261000121370,"[1+1이벤트] 3,300원 할인 쿠폰","20260702",TOAST,"20260626","20260731",PPV 등,391
C2600RA,SPOTV 6월 첫달무료_1차_0617 토스트팝업,,,"20260623",TOAST,,,PPV 등,491
C2600IY,"JTBC 월정액 6개월 약정 3,300원_5월 1차",DummyOffer,,"20260606",TOAST,,,PPV 등,91
C2600RG,"26년 6월_B tv+ 주말 야식비 지원_UI 541 이상_3",DummyOffer,,"20260628",TOAST,,,PPV 등,35
C2600RX,"2606_비너스 디맨드_첫달무료_개편후",,,"20260702",TOAST,,,PPV 등,277
C2600UU,"7월 성인 1+1 앵콜 프로모션_모바일 (7/11~7/20)",A1SA1020261000121458,"[1+1 앵콜 이벤트] 3,300원 할인 쿠폰","20260720",TOAST,"20260708","20260831",PPV 등,221
C2600P0,<쉘터> 타겟 프로모션_30%_0604,A1SA1020261000120953,[즉시 할인] 쉘터 30% 할인쿠폰,"20260616",TOAST,"20260526","20260630",PPV 등,507
C2600S6,토이스토리 소장용 패키지 프로모션_수정,A1SA1020261000121259,"[토이 스토리 패키지 구매] 영화 5,500원 할인","20260706",TOAST,"20260615","20260731",PPV 등,85
C2600RF,"26년 6월_B tv+ 주말 야식비 지원_UI 541 이상_2",DummyOffer,,"20260728",TOAST,,,PPV 등,30
C2600KI,"JTBC 월정액 6개월 약정 3,300원_5월 3차",A1CP1020261000120658,"[온가족특가] JTBC 6개월 약정 기간 내내 월 3,300원","20260525",TOAST,"20260421","20260531",PM30000269,87
C2600K8,<몽타주: 6일간의 추격> 타겟 프로모션_40%_0430,A1SA1020261000120748,[즉시 할인] 몽타주: 6일간의 추격 40% 할인쿠폰,"20260520",TOAST,"20260403","20260430",PPV 등,128
C2600P0,<쉘터> 타겟 프로모션_30%_0604,A1SA1020261000120953,[즉시 할인] 쉘터 30% 할인쿠폰,"20260712",TOAST,"20260526","20260630",PPV 등,38
C2600TJ,<데드 오브 윈터> 할인쿠폰 프로모션,A1SA1020261000121361,"[데드 오브 윈터 런칭] 영화 3,300원 할인","20260707",TOAST,"20260622","20260731",PPV 등,31
C2600SJ,[주기성]프라다입고문워크 신작혜택파티 프로모션,A1PR1020261000121272,[신작혜택파티] 영화 30% 할인(악마는프라다2 외 대상작),"20260711",TOAST,"20260618","20260706",PPV 등,21
C2600IY,"JTBC 월정액 6개월 약정 3,300원_5월 1차",DummyOffer,,"20260718",TOAST,,,PPV 등,2
C2600NC,"26년 5월 B tv+ 할인 연장 캠페인_1주년 4,400원",A1CP1020261000120955,"[가입 유지 선물] B tv+ 월 4,400원 혜택 6개월 자동 연장_5월","20260528",TOAST,"20260526","20260731",PM30000107,55
C2600JZ,"JTBC 월정액 6개월 약정 3,300원_5월 2차",DummyOffer,,"20260630",TOAST,,,PPV 등,3
C2600PJ,"2606_플레이보이 디맨드_첫달무료_리마인드_1차",,,"20260622",TOAST,,,PPV 등,3
C2600T6,"26년 6월 B tv+ 할인 연장 캠페인_광복절 5,500원",A1CP1020261000121367,"[가입 유지 선물] B tv+ 월 5,500원 이용 혜택 6개월 자동 연장_6월","20260711",TOAST,"20260625","20260731",PPV 등,2
C2600RH,"26년 6월_B tv+ 주말 야식비 지원_UI 541 이상_4",DummyOffer,,"20260722",TOAST,,,PPV 등,11
C2600R4,<피어스> 할인쿠폰 프로모션,A1SA1020261000121258,"[피어스 런칭] 영화 5,500원 할인","20260629",TOAST,"20260615","20260731",PPV 등,2
C2600WI,<뮌터 & 칸딘스키 - 사랑의 초상> 할인쿠폰 프로모션,A1SA1020261000121560,"[뮌터 & 칸딘스키 - 사랑의 초상 런칭] 영화 5,500원 할인","20260727",TOAST,"20260716","20260831",PPV 등,4
C2600OP,"26년 6월_B tv+ 국내여행_(6/4~7)_0123",DummyOffer,,,TOAST,,,PPV 등,0
C2600ON,"26년 6월_B tv+ 국내여행_(6/3)_4567",DummyOffer,,"20260614",TOAST,,,PPV 등,1
C2600VG,"2607_비플/캐치온 왕사남 해지취소_2주차_토팝",,,,TOAST,,,PPV 등,0
C2600T8,<살목지(2차)> 할인쿠폰 프로모션,A1SA1020261000121161,"[살목지 런칭] 영화 4,444원 할인","20260729",TOAST,"20260605","20260731",PPV 등,1
C2600M2,"26년 5월_B tv+ 당첨자_UI 541 이상_1(1770)",DummyOffer,,"20260709",TOAST,,,PPV 등,1
C2600O0,"26년 6월_B tv+ 짝수달 유료전환 테스트_UI 552 이상",DummyOffer,,"20260623",TOAST,,,PPV 등,17167
C2600LE,"CJ ENM 월정액 3개월 5,500원_5월 3차",A1CP1020261000120659,"[온가족특가] CJ ENM 월정액 3개월 내내 5,500원","20260531",TOAST,"20260422","20260531",PM30000154,48
C2600OP,"26년 6월_B tv+ 국내여행_(6/4~7)_0123",DummyOffer,,"20260607",TOAST,,,PPV 등,3922
C2600O0,"26년 6월_B tv+ 짝수달 유료전환 테스트_UI 552 이상",DummyOffer,,"20260707",TOAST,,,PPV 등,3004
C2600JZ,"JTBC 월정액 6개월 약정 3,300원_5월 2차",DummyOffer,,"20260603",TOAST,,,PPV 등,441
C2600LA,"26년 5월_B tv+ 비플리_UI 541 이상_1차(~5/17)_4(1770)",DummyOffer,,"20260521",TOAST,,,PPV 등,1154
C2600TN,"7월 성인 1+1 프로모션_모바일 (7/1~7/10)",A1SA1020261000121371,"[1+1이벤트] 3,300원 할인 쿠폰 (모바일)","20260705",TOAST,"20260626","20260731",PPV 등,56
C2600O7,"2606_캐치온 해지방어_B tv+ Cross-sell",,,"20260614",TOAST,,,PPV 등,5
C2600R8,"26년 6월_B tv+ 주말 야식비 지원_UI 541 이상_1",DummyOffer,,"20260712",TOAST,,,PPV 등,129
C2600KE,무비혜택도미도 쿠폰 사용 안내,,,"20260517",TOAST,,,PPV 등,99
C2600UU,"7월 성인 1+1 앵콜 프로모션_모바일 (7/11~7/20)",A1SA1020261000121458,"[1+1 앵콜 이벤트] 3,300원 할인 쿠폰","20260721",TOAST,"20260708","20260831",PPV 등,164
C2600S3,"6월 성인 1+1 프로모션 (6/21~6/30)",A1SA1020261000121170,"[1+1 앵콜 이벤트] 3,300원 할인 쿠폰","20260705",TOAST,"20260609","20260731",PPV 등,8
C2600O7,"2606_캐치온 해지방어_B tv+ Cross-sell",,,"20260609",TOAST,,,PPV 등,7
C2600N3,[주기성/쿠폰] <살목지&K-공포상영회> 할인쿠폰 프로모션,A1PR1020261000120873,[K-공포 상영회] 영화 50% 할인,"20260624",TOAST,"20260520","20260609",PPV 등,2
C2600IY,"JTBC 월정액 6개월 약정 3,300원_5월 1차",DummyOffer,,"20260706",TOAST,,,PPV 등,4
C2600OJ,"2606_플레이보이 디맨드_첫달무료",,,"20260625",TOAST,,,PPV 등,3
C2600PJ,"2606_플레이보이 디맨드_첫달무료_리마인드_1차",,,"20260713",TOAST,,,PPV 등,1
C2600WI,<뮌터 & 칸딘스키 - 사랑의 초상> 할인쿠폰 프로모션,A1SA1020261000121560,"[뮌터 & 칸딘스키 - 사랑의 초상 런칭] 영화 5,500원 할인",,TOAST,"20260716","20260831",PPV 등,0
C2600PS,"26년 6월_B tv+ 파격할인_UI 541 이상_2",DummyOffer,,"20260704",TOAST,,,PPV 등,1
C2600IP,"CJ ENM 월정액 3개월 5,500원_5월 1차",DummyOffer,,"20260627",TOAST,,,PPV 등,3
C2600QL,"2606_플레이보이 디맨드_첫달무료_리마인드_2차",,,"20260630",TOAST,,,PPV 등,2
C2600RC,"<왕과 사는 남자> 타겟 프로모션_2,000원_0617",A1SA1020261000121266,"[즉시 할인] 왕과 사는 남자 2,200원 할인쿠폰","20260617",TOAST,"20260616","20260731",PPV 등,56041
C2600OU,"2606_SPOTV_BWF 인도네시아 오픈",DummyOffer,,"20260610",TOAST,,,PPV 등,1231
C2600WF,<군체[예약구매]> 할인쿠폰 프로모션,A1SA1020261000121562,"[군체 예약] 영화 4,400원 할인","20260725",TOAST,"20260716","20260831",PPV 등,3
C2600UU,"7월 성인 1+1 앵콜 프로모션_모바일 (7/11~7/20)",A1SA1020261000121458,"[1+1 앵콜 이벤트] 3,300원 할인 쿠폰","20260712",TOAST,"20260708","20260831",PPV 등,272
C2600O7,"2606_캐치온 해지방어_B tv+ Cross-sell",,,"20260612",TOAST,,,PPV 등,7
C2600K8,<몽타주: 6일간의 추격> 타겟 프로모션_40%_0430,A1SA1020261000120748,[즉시 할인] 몽타주: 6일간의 추격 40% 할인쿠폰,"20260529",TOAST,"20260403","20260430",PPV 등,76
C2600N2,"26년 5월_B tv+ 당첨자_UI 541 이상_4(1770)",DummyOffer,,"20260529",TOAST,,,PPV 등,289
C2600W2,"26년 7월_B tv+ KBS 이승철 콘서트_타임딜_UI 541 이상_3",DummyOffer,,"20260728",TOAST,,,PPV 등,12
C2600US,<잠금: 셧다운> 할인쿠폰 프로모션,A1SA1020261000121462,"[잠금: 셧다운 런칭] 영화 5,500원 할인","20260727",TOAST,"20260708","20260831",PPV 등,2
C2600KK,"CJ ENM 월정액 3개월 5,500원_5월 2차",A1CP1020261000120659,"[온가족특가] CJ ENM 월정액 3개월 내내 5,500원","20260527",TOAST,"20260422","20260531",PM30000154,37
C2600QV,"6월 성인 1+1 프로모션_모바일 (6/11~6/20)_수정",A1SA1020261000121169,"[1+1이벤트] 3,300원 할인 쿠폰 (모바일)","20260618",TOAST,"20260609","20260731",PPV 등,12
C2600NG,SPOTV 6월 첫달무료_1차_0613 토팝,,,"20260618",TOAST,,,PPV 등,14
C2600NP,<모탈 컴뱃2> 할인쿠폰 프로모션,A1SA1020261000120959,"[모탈컴뱃2 런칭] 영화 5,500원 할인","20260609",TOAST,"20260528","20260615",PPV 등,43
C2600O7,"2606_캐치온 해지방어_B tv+ Cross-sell",,,"20260620",TOAST,,,PPV 등,4
C2600LA,"26년 5월_B tv+ 비플리_UI 541 이상_1차(~5/17)_4(1770)",DummyOffer,,"20260602",TOAST,,,PPV 등,4
C2600IP,"CJ ENM 월정액 3개월 5,500원_5월 1차",DummyOffer,,"20260712",TOAST,,,PPV 등,3
C2600RH,"26년 6월_B tv+ 주말 야식비 지원_UI 541 이상_4",DummyOffer,,"20260727",TOAST,,,PPV 등,6
C2600PT,"26년 6월_B tv+ 파격할인_UI 541 이상_3",DummyOffer,,,TOAST,,,PPV 등,0
C2600N1,"26년 5월_B tv+ 당첨자_UI 541 이상_3(1770)",DummyOffer,,,TOAST,,,PPV 등,0
C2600T6,"26년 6월 B tv+ 할인 연장 캠페인_광복절 5,500원",A1CP1020261000121367,"[가입 유지 선물] B tv+ 월 5,500원 이용 혜택 6개월 자동 연장_6월","20260723",TOAST,"20260625","20260731",PPV 등,1
C2600OP,"26년 6월_B tv+ 국내여행_(6/4~7)_0123",DummyOffer,,"20260604",TOAST,,,PPV 등,660205
C2600W1,"26년 7월_B tv+ KBS 이승철 콘서트_타임딜_UI 541 이상_2",DummyOffer,,"20260721",TOAST,,,PPV 등,533613
C2600R8,"26년 6월_B tv+ 주말 야식비 지원_UI 541 이상_1",DummyOffer,,"20260623",TOAST,,,PPV 등,7792
C2600W1,"26년 7월_B tv+ KBS 이승철 콘서트_타임딜_UI 541 이상_2",DummyOffer,,"20260719",TOAST,,,PPV 등,156550
C2600UN,"26년 7월_B tv+ KBS 이승철 콘서트_UI 541 이상_1",DummyOffer,,"20260715",TOAST,,,PPV 등,10917
C2600K8,<몽타주: 6일간의 추격> 타겟 프로모션_40%_0430,A1SA1020261000120748,[즉시 할인] 몽타주: 6일간의 추격 40% 할인쿠폰,"20260514",TOAST,"20260403","20260430",PPV 등,241
C2600JZ,"JTBC 월정액 6개월 약정 3,300원_5월 2차",DummyOffer,,"20260514",TOAST,,,PPV 등,797
C2600KD,[주기성/쿠폰] <프로젝트헤일메리&인생SF전> 할인쿠폰 프로모션,A1PR1020261000120752,[프로젝트헤일메리] 인생SF영화 추가 30% 할인,"20260521",TOAST,"20260430","20260524",PPV 등,219
C2600OU,"2606_SPOTV_BWF 인도네시아 오픈",DummyOffer,,"20260708",TOAST,,,PPV 등,202
C2600UW,"26년 7월_B tv+ KBS 이승철 콘서트_UI 541 이상_2",DummyOffer,,"20260720",TOAST,,,PPV 등,19
C2600QR,"6월 성인 1+1 프로모션_추가 (6/12~14 구매자)",A1SA1020261000121168,"[1+1이벤트] 3,300원 할인 쿠폰","20260616",TOAST,"20260609","20260731",PPV 등,229
C2600TM,<신의 악단> 할인쿠폰 프로모션,A1SA1020261000121384,"[신의 악단 런칭] 영화 3,300원 할인","20260712",TOAST,"20260630","20260731",PPV 등,112
C2600N0,"26년 5월_B tv+ 당첨자_UI 541 이상_2(1770)",DummyOffer,,"20260627",TOAST,,,PPV 등,4
C2600RF,"26년 6월_B tv+ 주말 야식비 지원_UI 541 이상_2",DummyOffer,,"20260713",TOAST,,,PPV 등,107
C2600RG,"26년 6월_B tv+ 주말 야식비 지원_UI 541 이상_3",DummyOffer,,"20260711",TOAST,,,PPV 등,19
C2600SU,"26년 6월_B tv+ KBO 올스타전_UI 541 이상_1",DummyOffer,,"20260713",TOAST,,,PPV 등,12
C2600RH,"26년 6월_B tv+ 주말 야식비 지원_UI 541 이상_4",DummyOffer,,"20260710",TOAST,,,PPV 등,51
C2600T9,"26년 6월 B tv+ 할인 연장 캠페인_8월할인 7,700원",A1CP1020261000121368,"[가입 유지 선물] B tv+ 월 7,700원 이용 혜택 6개월 자동 연장_6월","20260709",TOAST,"20260625","20260731",PPV 등,1
C2600M2,"26년 5월_B tv+ 당첨자_UI 541 이상_1(1770)",DummyOffer,,"20260623",TOAST,,,PPV 등,2
C2600OM,"26년 6월_B tv+ 국내여행_(6/3)_0123",DummyOffer,,"20260725",TOAST,,,PPV 등,1
C2600SU,"26년 6월_B tv+ KBO 올스타전_UI 541 이상_1",DummyOffer,,"20260724",TOAST,,,PPV 등,2
C2600M2,"26년 5월_B tv+ 당첨자_UI 541 이상_1(1770)",DummyOffer,,"20260624",TOAST,,,PPV 등,2
C2600JA,<오시리스> 할인쿠폰 프로모션,A1SA1020261000120652,"[오시리스 런칭] 영화 3,300원 할인","20260508",TOAST,"20260421","20260531",PPV 등,6
C2600IP,"CJ ENM 월정액 3개월 5,500원_5월 1차",DummyOffer,,"20260625",TOAST,,,PPV 등,2
C2600IY,"JTBC 월정액 6개월 약정 3,300원_5월 1차",DummyOffer,,"20260716",TOAST,,,PPV 등,1
C2600OJ,"2606_플레이보이 디맨드_첫달무료",,,"20260725",TOAST,,,PPV 등,1
C2600WB,"2607_비플/캐치온 왕사남 해지취소_3주차_토팝",,,"20260722",TOAST,,,PPV 등,861
C2600KK,"CJ ENM 월정액 3개월 5,500원_5월 2차",A1CP1020261000120659,"[온가족특가] CJ ENM 월정액 3개월 내내 5,500원","20260516",TOAST,"20260422","20260531",PM30000154,142
C2600NN,<코드 네임: 알라룸> 할인쿠폰 프로모션,A1SA1020261000120951,"[코드 네임: 알라룸 런칭] 영화 5,500원 할인","20260607",TOAST,"20260526","20260630",PPV 등,47
C2600RF,"26년 6월_B tv+ 주말 야식비 지원_UI 541 이상_2",DummyOffer,,"20260724",TOAST,,,PPV 등,51
C2600KK,"CJ ENM 월정액 3개월 5,500원_5월 2차",A1CP1020261000120659,"[온가족특가] CJ ENM 월정액 3개월 내내 5,500원","20260531",TOAST,"20260422","20260531",PM30000154,33
C2600W1,"26년 7월_B tv+ KBS 이승철 콘서트_타임딜_UI 541 이상_2",DummyOffer,,"20260726",TOAST,,,PPV 등,24
C2600RX,"2606_비너스 디맨드_첫달무료_개편후",,,"20260716",TOAST,,,PPV 등,46
C2600UU,"7월 성인 1+1 앵콜 프로모션_모바일 (7/11~7/20)",A1SA1020261000121458,"[1+1 앵콜 이벤트] 3,300원 할인 쿠폰","20260730",TOAST,"20260708","20260831",PPV 등,4
C2600JA,<오시리스> 할인쿠폰 프로모션,A1SA1020261000120652,"[오시리스 런칭] 영화 3,300원 할인","20260512",TOAST,"20260421","20260531",PPV 등,29
C2600ON,"26년 6월_B tv+ 국내여행_(6/3)_4567",DummyOffer,,"20260621",TOAST,,,PPV 등,2
C2600UP,<서퍼> 할인쿠폰 프로모션,A1SA1020261000121460,"[서퍼 런칭] 영화 3,300원 할인","20260719",TOAST,"20260708","20260831",PPV 등,7
C2600TO,<마이클> 할인쿠폰 프로모션,A1SA1020261000121261,"[마이클 런칭] 영화 3,300원 할인","20260718",TOAST,"20260616","20260815",PPV 등,4
C2600LA,"26년 5월_B tv+ 비플리_UI 541 이상_1차(~5/17)_4(1770)",DummyOffer,,"20260703",TOAST,,,PPV 등,1
C2600TL,"7월 성인 1+1 프로모션 (7/1~7/10)",A1SA1020261000121370,"[1+1이벤트] 3,300원 할인 쿠폰","20260716",TOAST,"20260626","20260731",PPV 등,5
C2600T6,"26년 6월 B tv+ 할인 연장 캠페인_광복절 5,500원",A1CP1020261000121367,"[가입 유지 선물] B tv+ 월 5,500원 이용 혜택 6개월 자동 연장_6월","20260706",TOAST,"20260625","20260731",PPV 등,2
C2600LW,수요1+1무비쿠폰(5월 쿠폰발급),A1PR1020261000120851,[연휴무비쿠폰] 20% 할인(5천원 이상 사용),"20260523",TOAST,"20260408","20260525",PPV 등,7
C2600RW,"2606_비너스 디맨드_첫달무료_개편전",,,,TOAST,,,PPV 등,0
C2600JZ,"JTBC 월정액 6개월 약정 3,300원_5월 2차",A1CP1020261000120658,"[온가족특가] JTBC 6개월 약정 기간 내내 월 3,300원","20260509",TOAST,"20260421","20260531",PM30000269,1
C2600NH,<리 크로닌의 미이라> 할인쿠폰 프로모션,A1SA1020261000120855,"[리 크로닌의 미이라] 영화 3,300원 할인",,TOAST,"20260507","20260630",PPV 등,0
C2600Q5,<스위트 홈: 진격의 거인> 할인쿠폰 프로모션,A1SA1020261000121160,"[스위트 홈: 진격의 거인 런칭] 영화 3,300원 할인","20260628",TOAST,"20260605","20260731",PPV 등,1
C2600N0,"26년 5월_B tv+ 당첨자_UI 541 이상_2(1770)",DummyOffer,,"20260610",TOAST,,,PPV 등,2
C2600Q4,"6월 성인 1+1 프로모션_모바일 (6/11~6/20)",A1SA1020261000121169,"[1+1이벤트] 3,300원 할인 쿠폰 (모바일)",,TOAST,"20260609","20260731",PPV 등,0
C2600M2,"26년 5월_B tv+ 당첨자_UI 541 이상_1(1770)",DummyOffer,,"20260722",TOAST,,,PPV 등,1
C2600UT,"7월 성인 1+1 앵콜 프로모션_모바일 (7/11~7/20)",A1SA1020261000121459,"[1+1 앵콜 이벤트] 3,300원 할인 쿠폰 (모바일)",,TOAST,"20260708","20260831",PPV 등,0
C2600OO,"26년 6월_B tv+ 국내여행_(6/3)_89",DummyOffer,,"20260612",TOAST,,,PPV 등,1
C2600OO,"26년 6월_B tv+ 국내여행_(6/3)_89",DummyOffer,,"20260629",TOAST,,,PPV 등,1
C2600IY,"JTBC 월정액 6개월 약정 3,300원_5월 1차",A1CP1020261000120658,"[온가족특가] JTBC 6개월 약정 기간 내내 월 3,300원",,TOAST,"20260421","20260531",PM30000269,0
C2600XE,"26년 7월_B tv+ 7월 4주차 복날 타임딜_UI 541 이상_2_F",DummyOffer,,"20260724",TOAST,,,PPV 등,237688
C2600UN,"26년 7월_B tv+ KBS 이승철 콘서트_UI 541 이상_1",DummyOffer,,"20260714",TOAST,,,PPV 등,20828
C2600M2,"26년 5월_B tv+ 당첨자_UI 541 이상_1(1770)",DummyOffer,,"20260527",TOAST,,,PPV 등,5680
C2600KE,무비혜택도미도 쿠폰 사용 안내,,,"20260509",TOAST,,,PPV 등,1167
C2600N0,"26년 5월_B tv+ 당첨자_UI 541 이상_2(1770)",DummyOffer,,"20260527",TOAST,,,PPV 등,4991
C2600O0,"26년 6월_B tv+ 짝수달 유료전환 테스트_UI 552 이상",DummyOffer,,"20260719",TOAST,,,PPV 등,1147
C2600XE,"26년 7월_B tv+ 7월 4주차 복날 타임딜_UI 541 이상_2_F",DummyOffer,,"20260728",TOAST,,,PPV 등,7352
C2600IY,"JTBC 월정액 6개월 약정 3,300원_5월 1차",DummyOffer,,"20260519",TOAST,,,PPV 등,128
C2600KE,무비혜택도미도 쿠폰 사용 안내,,,"20260511",TOAST,,,PPV 등,298
C2600RC,"<왕과 사는 남자> 타겟 프로모션_2,000원_0617",A1SA1020261000121266,"[즉시 할인] 왕과 사는 남자 2,200원 할인쿠폰","20260712",TOAST,"20260616","20260731",PPV 등,156
C2600KD,[주기성/쿠폰] <프로젝트헤일메리&인생SF전> 할인쿠폰 프로모션,A1PR1020261000120752,[프로젝트헤일메리] 인생SF영화 추가 30% 할인,"20260512",TOAST,"20260430","20260524",PPV 등,449
C2600WG,<디스클로저 데이> 할인쿠폰 프로모션,A1SA1020261000121558,"[디스클로저 데이 런칭] 영화 3,300원 할인","20260725",TOAST,"20260713","20260831",PPV 등,88
C2600K8,<몽타주: 6일간의 추격> 타겟 프로모션_40%_0430,A1SA1020261000120748,[즉시 할인] 몽타주: 6일간의 추격 40% 할인쿠폰,"20260524",TOAST,"20260403","20260430",PPV 등,209
C2600JE,<캣 앤 독> 할인쿠폰 프로모션,A1SA1020261000120747,"[캣 앤 독 런칭] 영화 5,500원 할인","20260511",TOAST,"20260428","20260531",PPV 등,8
C2600R6,<슈퍼 마리오 갤럭시> 할인쿠폰 프로모션,A1SA1020261000120961,"[슈퍼마리오 갤럭시 런칭] 영화 3,300원 할인","20260627",TOAST,"20260529","20260623",PPV 등,5
C2600KP,<왕과 사는 남자> 할인쿠폰 프로모션,A1SA1020261000120651,"[왕과 사는 남자 런칭] 영화 4,400원 할인","20260521",TOAST,"20260421","20260531",PPV 등,1
C2600Q5,<스위트 홈: 진격의 거인> 할인쿠폰 프로모션,A1SA1020261000121160,"[스위트 홈: 진격의 거인 런칭] 영화 3,300원 할인","20260616",TOAST,"20260605","20260731",PPV 등,44
C2600T1,"26년 6월_B tv+ KBO 올스타전_UI 541 이상_3",DummyOffer,,"20260722",TOAST,,,PPV 등,11
C2600LW,수요1+1무비쿠폰(5월 쿠폰발급),A1PR1020261000120851,[연휴무비쿠폰] 20% 할인(5천원 이상 사용),"20260527",TOAST,"20260408","20260525",PPV 등,3
C2600W1,"26년 7월_B tv+ KBS 이승철 콘서트_타임딜_UI 541 이상_2",DummyOffer,,"20260729",TOAST,,,PPV 등,12
C2600MB,<힌드의 목소리> 할인쿠폰 프로모션,A1SA1020261000120864,"[힌드의 목소리 런칭] 영화 5,500원 할인","20260527",TOAST,"20260519","20260630",PPV 등,4
C2600OO,"26년 6월_B tv+ 국내여행_(6/3)_89",DummyOffer,,"20260609",TOAST,,,PPV 등,3
C2600JZ,"JTBC 월정액 6개월 약정 3,300원_5월 2차",A1CP1020261000120658,"[온가족특가] JTBC 6개월 약정 기간 내내 월 3,300원","20260524",TOAST,"20260421","20260531",PM30000269,1
C2600UT,"7월 성인 1+1 앵콜 프로모션_모바일 (7/11~7/20)",A1SA1020261000121459,"[1+1 앵콜 이벤트] 3,300원 할인 쿠폰 (모바일)","20260723",TOAST,"20260708","20260831",PPV 등,1
C2600R8,"26년 6월_B tv+ 주말 야식비 지원_UI 541 이상_1",DummyOffer,,,TOAST,,,PPV 등,0
C2600N1,"26년 5월_B tv+ 당첨자_UI 541 이상_3(1770)",DummyOffer,,"20260523",TOAST,,,PPV 등,373968
C2600OX,"26년 6월_B tv+ 국내여행_(6/4~7)_89",DummyOffer,,"20260604",TOAST,,,PPV 등,328782
C2600UN,"26년 7월_B tv+ KBS 이승철 콘서트_UI 541 이상_1",DummyOffer,,"20260710",TOAST,,,PPV 등,124353
C2600UW,"26년 7월_B tv+ KBS 이승철 콘서트_UI 541 이상_2",DummyOffer,,"20260717",TOAST,,,PPV 등,4623
C2600L9,"26년 5월_B tv+ 비플리_UI 541 이상_1차(~5/17)_3(1770)",DummyOffer,,"20260518",TOAST,,,PPV 등,4833
C2600IP,"CJ ENM 월정액 3개월 5,500원_5월 1차",DummyOffer,,"20260520",TOAST,,,PPV 등,2590
C2600KA,"26년 5월_B tv+ 비플리_UI 540 이하(1969)_토팝 멀티스탭",DummyOffer,,"20260530",TOAST,,,PPV 등,1326
C2600JZ,"JTBC 월정액 6개월 약정 3,300원_5월 2차",A1CP1020261000120658,"[온가족특가] JTBC 6개월 약정 기간 내내 월 3,300원","20260507",TOAST,"20260421","20260531",PM30000269,629
C2600R8,"26년 6월_B tv+ 주말 야식비 지원_UI 541 이상_1",DummyOffer,,"20260705",TOAST,,,PPV 등,201
C2600K8,<몽타주: 6일간의 추격> 타겟 프로모션_40%_0430,A1SA1020261000120748,[즉시 할인] 몽타주: 6일간의 추격 40% 할인쿠폰,"20260513",TOAST,"20260403","20260430",PPV 등,293
C2600T8,<살목지(2차)> 할인쿠폰 프로모션,A1SA1020261000121161,"[살목지 런칭] 영화 4,444원 할인","20260702",TOAST,"20260605","20260731",PPV 등,138
C2600LA,"26년 5월_B tv+ 비플리_UI 541 이상_1차(~5/17)_4(1770)",DummyOffer,,"20260530",TOAST,,,PPV 등,4
C2600RH,"26년 6월_B tv+ 주말 야식비 지원_UI 541 이상_4",DummyOffer,,"20260730",TOAST,,,PPV 등,19
C2600TJ,<데드 오브 윈터> 할인쿠폰 프로모션,A1SA1020261000121361,"[데드 오브 윈터 런칭] 영화 3,300원 할인","20260712",TOAST,"20260622","20260731",PPV 등,12
C2600RF,"26년 6월_B tv+ 주말 야식비 지원_UI 541 이상_2",DummyOffer,,"20260714",TOAST,,,PPV 등,85
C2600P0,<쉘터> 타겟 프로모션_30%_0604,A1SA1020261000120953,[즉시 할인] 쉘터 30% 할인쿠폰,"20260722",TOAST,"20260526","20260630",PPV 등,11
C2600JZ,"JTBC 월정액 6개월 약정 3,300원_5월 2차",DummyOffer,,"20260628",TOAST,,,PPV 등,4
C2600KI,"JTBC 월정액 6개월 약정 3,300원_5월 3차",A1CP1020261000120658,"[온가족특가] JTBC 6개월 약정 기간 내내 월 3,300원","20260730",TOAST,"20260421","20260531",PM30000269,2
C2600RG,"26년 6월_B tv+ 주말 야식비 지원_UI 541 이상_3",DummyOffer,,"20260726",TOAST,,,PPV 등,7
C2600IY,"JTBC 월정액 6개월 약정 3,300원_5월 1차",DummyOffer,,"20260708",TOAST,,,PPV 등,4
C2600SU,"26년 6월_B tv+ KBO 올스타전_UI 541 이상_1",DummyOffer,,"20260726",TOAST,,,PPV 등,3
C2600IY,"JTBC 월정액 6개월 약정 3,300원_5월 1차",DummyOffer,,"20260709",TOAST,,,PPV 등,3
C2600NG,SPOTV 6월 첫달무료_1차_0613 토팝,,,"20260704",TOAST,,,PPV 등,4
C2600S6,토이스토리 소장용 패키지 프로모션_수정,A1SA1020261000121259,"[토이 스토리 패키지 구매] 영화 5,500원 할인","20260702",TOAST,"20260615","20260731",PPV 등,5
C2600PT,"26년 6월_B tv+ 파격할인_UI 541 이상_3",DummyOffer,,"20260628",TOAST,,,PPV 등,1
C2600N1,"26년 5월_B tv+ 당첨자_UI 541 이상_3(1770)",DummyOffer,,"20260622",TOAST,,,PPV 등,3
C2600LA,"26년 5월_B tv+ 비플리_UI 541 이상_1차(~5/17)_4(1770)",DummyOffer,,"20260603",TOAST,,,PPV 등,2
C2600OO,"26년 6월_B tv+ 국내여행_(6/3)_89",DummyOffer,,"20260628",TOAST,,,PPV 등,1
C2600VG,"2607_비플/캐치온 왕사남 해지취소_2주차_토팝",,,"20260722",TOAST,,,PPV 등,1
C2600KI,"JTBC 월정액 6개월 약정 3,300원_5월 3차",A1CP1020261000120658,"[온가족특가] JTBC 6개월 약정 기간 내내 월 3,300원","20260629",TOAST,"20260421","20260531",PM30000269,1
C2600ON,"26년 6월_B tv+ 국내여행_(6/3)_4567",DummyOffer,,"20260705",TOAST,,,PPV 등,1
C2600N1,"26년 5월_B tv+ 당첨자_UI 541 이상_3(1770)",DummyOffer,,"20260703",TOAST,,,PPV 등,1
C2600OP,"26년 6월_B tv+ 국내여행_(6/4~7)_0123",DummyOffer,,"20260724",TOAST,,,PPV 등,1
C2600OJ,"2606_플레이보이 디맨드_첫달무료",,,"20260619",TOAST,,,PPV 등,1
C2600OW,"26년 6월_B tv+ 국내여행_(6/4~7)_4567",DummyOffer,,"20260629",TOAST,,,PPV 등,1
C2600OW,"26년 6월_B tv+ 국내여행_(6/4~7)_4567",DummyOffer,,"20260716",TOAST,,,PPV 등,1
C2600T0,"26년 6월_B tv+ KBO 올스타전_UI 541 이상_2",DummyOffer,,"20260707",TOAST,,,PPV 등,9281
C2600UN,"26년 7월_B tv+ KBS 이승철 콘서트_UI 541 이상_1",DummyOffer,,"20260713",TOAST,,,PPV 등,124436
C2600RG,"26년 6월_B tv+ 주말 야식비 지원_UI 541 이상_3",DummyOffer,,"20260619",TOAST,,,PPV 등,136261
C2600OW,"26년 6월_B tv+ 국내여행_(6/4~7)_4567",DummyOffer,,"20260605",TOAST,,,PPV 등,37783
C2600KE,무비혜택도미도 쿠폰 사용 안내,,,"20260516",TOAST,,,PPV 등,111
C2600OU,"2606_SPOTV_BWF 인도네시아 오픈",DummyOffer,,"20260607",TOAST,,,PPV 등,2633
C2600UX,"26년 7월_B tv+ KBS 이승철 콘서트_UI 541 이상_3",DummyOffer,,"20260715",TOAST,,,PPV 등,6356
C2600PT,"26년 6월_B tv+ 파격할인_UI 541 이상_3",DummyOffer,,"20260616",TOAST,,,PPV 등,209
C2600P0,<쉘터> 타겟 프로모션_30%_0604,A1SA1020261000120953,[즉시 할인] 쉘터 30% 할인쿠폰,"20260718",TOAST,"20260526","20260630",PPV 등,35
C2600RH,"26년 6월_B tv+ 주말 야식비 지원_UI 541 이상_4",DummyOffer,,"20260624",TOAST,,,PPV 등,1458
C2600IY,"JTBC 월정액 6개월 약정 3,300원_5월 1차",DummyOffer,,"20260604",TOAST,,,PPV 등,221
C2600PS,"26년 6월_B tv+ 파격할인_UI 541 이상_2",DummyOffer,,"20260619",TOAST,,,PPV 등,9
C2600RH,"26년 6월_B tv+ 주말 야식비 지원_UI 541 이상_4",DummyOffer,,"20260708",TOAST,,,PPV 등,44
C2600OU,"2606_SPOTV_BWF 인도네시아 오픈",DummyOffer,,"20260717",TOAST,,,PPV 등,140
C2600IP,"CJ ENM 월정액 3개월 5,500원_5월 1차",DummyOffer,,"20260531",TOAST,,,PPV 등,96
C2600O7,"2606_캐치온 해지방어_B tv+ Cross-sell",,,"20260613",TOAST,,,PPV 등,4
C2600SH,<납치 48시간> 할인쿠폰 프로모션,A1SA1020261000121265,"[납치 48시간 런칭] 영화 3,300원 할인","20260705",TOAST,"20260616","20260831",PPV 등,13
C2600TK,<메가 샤크 어택> 할인쿠폰 프로모션,A1SA1020261000121369,"[메가 샤크 어택 런칭] 영화 5,500원 할인","20260708",TOAST,"20260626","20260731",PPV 등,23
C2600NG,SPOTV 6월 첫달무료_1차_0613 토팝,,,"20260625",TOAST,,,PPV 등,9
C2600RA,SPOTV 6월 첫달무료_1차_0617 토스트팝업,,,"20260731",TOAST,,,PPV 등,31
C2600RG,"26년 6월_B tv+ 주말 야식비 지원_UI 541 이상_3",DummyOffer,,"20260728",TOAST,,,PPV 등,1
C2600S4,"6월 성인 1+1 프로모션_모바일 (6/21~6/30)",A1SA1020261000121171,"[1+1 앵콜 이벤트] 3,300원 할인 쿠폰 (모바일)","20260702",TOAST,"20260609","20260731",PPV 등,8
C2600N2,"26년 5월_B tv+ 당첨자_UI 541 이상_4(1770)",DummyOffer,,"20260623",TOAST,,,PPV 등,2
C2600PJ,"2606_플레이보이 디맨드_첫달무료_리마인드_1차",,,"20260627",TOAST,,,PPV 등,4
C2600T4,"26년 6월_B tv+ KBO 올스타전_UI 541 이상_4",DummyOffer,,"20260721",TOAST,,,PPV 등,1
C2600N0,"26년 5월_B tv+ 당첨자_UI 541 이상_2(1770)",DummyOffer,,"20260710",TOAST,,,PPV 등,1
C2600S6,토이스토리 소장용 패키지 프로모션_수정,A1SA1020261000121259,"[토이 스토리 패키지 구매] 영화 5,500원 할인","20260717",TOAST,"20260615","20260731",PPV 등,1
C2600SU,"26년 6월_B tv+ KBO 올스타전_UI 541 이상_1",DummyOffer,,"20260630",TOAST,,,PPV 등,380436
C2600RA,SPOTV 6월 첫달무료_1차_0617 토스트팝업,,,"20260620",TOAST,,,PPV 등,8335
C2600P0,<쉘터> 타겟 프로모션_30%_0604,A1SA1020261000120953,[즉시 할인] 쉘터 30% 할인쿠폰,"20260610",TOAST,"20260526","20260630",PPV 등,2939
C2600RA,SPOTV 6월 첫달무료_1차_0617 토스트팝업,,,"20260704",TOAST,,,PPV 등,483
C2600UV,모아나 소장용 패키지 프로모션 (7/10),A1SA1020261000121465,"[모아나 패키지 구매] 영화 5,500원 할인","20260720",TOAST,"20260708","20260831",PPV 등,34
C2600RA,SPOTV 6월 첫달무료_1차_0617 토스트팝업,,,"20260730",TOAST,,,PPV 등,26
C2600RH,"26년 6월_B tv+ 주말 야식비 지원_UI 541 이상_4",DummyOffer,,"20260702",TOAST,,,PPV 등,101
C2600PR,"26년 6월_B tv+ 파격할인_UI 541 이상_1",DummyOffer,,"20260613",TOAST,,,PPV 등,38
C2600OJ,"2606_플레이보이 디맨드_첫달무료",,,"20260626",TOAST,,,PPV 등,1
C2600KA,"26년 5월_B tv+ 비플리_UI 540 이하(1969)_토팝 멀티스탭",DummyOffer,,"20260531",TOAST,,,PPV 등,131
C2600RG,"26년 6월_B tv+ 주말 야식비 지원_UI 541 이상_3",DummyOffer,,"20260721",TOAST,,,PPV 등,3
C2600TL,"7월 성인 1+1 프로모션 (7/1~7/10)",A1SA1020261000121370,"[1+1이벤트] 3,300원 할인 쿠폰","20260725",TOAST,"20260626","20260731",PPV 등,1
C2600JE,<캣 앤 독> 할인쿠폰 프로모션,A1SA1020261000120747,"[캣 앤 독 런칭] 영화 5,500원 할인","20260517",TOAST,"20260428","20260531",PPV 등,9
C2600T6,"26년 6월 B tv+ 할인 연장 캠페인_광복절 5,500원",A1CP1020261000121367,"[가입 유지 선물] B tv+ 월 5,500원 이용 혜택 6개월 자동 연장_6월","20260705",TOAST,"20260625","20260731",PPV 등,4
C2600TN,"7월 성인 1+1 프로모션_모바일 (7/1~7/10)",A1SA1020261000121371,"[1+1이벤트] 3,300원 할인 쿠폰 (모바일)","20260712",TOAST,"20260626","20260731",PPV 등,14
C2600RG,"26년 6월_B tv+ 주말 야식비 지원_UI 541 이상_3",DummyOffer,,"20260712",TOAST,,,PPV 등,14
C2600OP,"26년 6월_B tv+ 국내여행_(6/4~7)_0123",DummyOffer,,"20260619",TOAST,,,PPV 등,5
C2600K8,<몽타주: 6일간의 추격> 타겟 프로모션_40%_0430,A1SA1020261000120748,[즉시 할인] 몽타주: 6일간의 추격 40% 할인쿠폰,"20260702",TOAST,"20260403","20260430",PPV 등,1
C2600S4,"6월 성인 1+1 프로모션_모바일 (6/21~6/30)",A1SA1020261000121171,"[1+1 앵콜 이벤트] 3,300원 할인 쿠폰 (모바일)","20260706",TOAST,"20260609","20260731",PPV 등,1
C2600PJ,"2606_플레이보이 디맨드_첫달무료_리마인드_1차",,,"20260625",TOAST,,,PPV 등,2
C2600RW,"2606_비너스 디맨드_첫달무료_개편전",,,"20260709",TOAST,,,PPV 등,1
C2600IY,"JTBC 월정액 6개월 약정 3,300원_5월 1차",DummyOffer,,"20260510",TOAST,,,PPV 등,11151
C2600UW,"26년 7월_B tv+ KBS 이승철 콘서트_UI 541 이상_2",DummyOffer,,"20260713",TOAST,,,PPV 등,153928
C2600W2,"26년 7월_B tv+ KBS 이승철 콘서트_타임딜_UI 541 이상_3",DummyOffer,,"20260718",TOAST,,,PPV 등,276203
C2600KI,"JTBC 월정액 6개월 약정 3,300원_5월 3차",A1CP1020261000120658,"[온가족특가] JTBC 6개월 약정 기간 내내 월 3,300원","20260619",TOAST,"20260421","20260531",PM30000269,6
C2600N3,[주기성/쿠폰] <살목지&K-공포상영회> 할인쿠폰 프로모션,A1PR1020261000120873,[K-공포 상영회] 영화 50% 할인,"20260604",TOAST,"20260520","20260609",PPV 등,1532
C2600RX,"2606_비너스 디맨드_첫달무료_개편후",,,"20260704",TOAST,,,PPV 등,328
C2600RC,"<왕과 사는 남자> 타겟 프로모션_2,000원_0617",A1SA1020261000121266,"[즉시 할인] 왕과 사는 남자 2,200원 할인쿠폰","20260630",TOAST,"20260616","20260731",PPV 등,194
C2600TL,"7월 성인 1+1 프로모션 (7/1~7/10)",A1SA1020261000121370,"[1+1이벤트] 3,300원 할인 쿠폰","20260703",TOAST,"20260626","20260731",PPV 등,519
C2600IY,"JTBC 월정액 6개월 약정 3,300원_5월 1차",DummyOffer,,"20260713",TOAST,,,PPV 등,5
C2600P0,<쉘터> 타겟 프로모션_30%_0604,A1SA1020261000120953,[즉시 할인] 쉘터 30% 할인쿠폰,"20260713",TOAST,"20260526","20260630",PPV 등,25
C2600JZ,"JTBC 월정액 6개월 약정 3,300원_5월 2차",DummyOffer,,"20260602",TOAST,,,PPV 등,281
C2600VM,<헬파이어: 시수의 길> 할인쿠폰 프로모션,A1SA1020261000121461,"[헬파이어: 시수의 길 런칭] 영화 5,500원 할인","20260718",TOAST,"20260708","20260831",PPV 등,43
C2600NP,<모탈 컴뱃2> 할인쿠폰 프로모션,A1SA1020261000120959,"[모탈컴뱃2 런칭] 영화 5,500원 할인","20260603",TOAST,"20260528","20260615",PPV 등,44
C2600LW,수요1+1무비쿠폰(5월 쿠폰발급),A1PR1020261000120851,[연휴무비쿠폰] 20% 할인(5천원 이상 사용),"20260522",TOAST,"20260408","20260525",PPV 등,56
C2600WG,<디스클로저 데이> 할인쿠폰 프로모션,A1SA1020261000121558,"[디스클로저 데이 런칭] 영화 3,300원 할인","20260728",TOAST,"20260713","20260831",PPV 등,77
C2600T1,"26년 6월_B tv+ KBO 올스타전_UI 541 이상_3",DummyOffer,,"20260717",TOAST,,,PPV 등,7
C2600QU,"6월 성인 1+1 프로모션 (6/11~6/20)_수정",A1SA1020261000121168,"[1+1이벤트] 3,300원 할인 쿠폰","20260623",TOAST,"20260609","20260731",PPV 등,19
C2600UW,"26년 7월_B tv+ KBS 이승철 콘서트_UI 541 이상_2",DummyOffer,,"20260724",TOAST,,,PPV 등,17
C2600SU,"26년 6월_B tv+ KBO 올스타전_UI 541 이상_1",DummyOffer,,"20260720",TOAST,,,PPV 등,7
C2600O7,"2606_캐치온 해지방어_B tv+ Cross-sell",,,"20260610",TOAST,,,PPV 등,5
C2600Q3,"6월 성인 1+1 프로모션 (6/11~6/20)",A1SA1020261000121168,"[1+1이벤트] 3,300원 할인 쿠폰",,TOAST,"20260609","20260731",PPV 등,0
C2600NG,SPOTV 6월 첫달무료_1차_0613 토팝,,,"20260624",TOAST,,,PPV 등,5
C2600IY,"JTBC 월정액 6개월 약정 3,300원_5월 1차",DummyOffer,,"20260704",TOAST,,,PPV 등,6
C2600N3,[주기성/쿠폰] <살목지&K-공포상영회> 할인쿠폰 프로모션,A1PR1020261000120873,[K-공포 상영회] 영화 50% 할인,"20260625",TOAST,"20260520","20260609",PPV 등,1
C2600L9,"26년 5월_B tv+ 비플리_UI 541 이상_1차(~5/17)_3(1770)",DummyOffer,,"20260609",TOAST,,,PPV 등,1
C2600K8,<몽타주: 6일간의 추격> 타겟 프로모션_40%_0430,A1SA1020261000120748,[즉시 할인] 몽타주: 6일간의 추격 40% 할인쿠폰,"20260716",TOAST,"20260403","20260430",PPV 등,1
C2600SH,<납치 48시간> 할인쿠폰 프로모션,A1SA1020261000121265,"[납치 48시간 런칭] 영화 3,300원 할인","20260727",TOAST,"20260616","20260831",PPV 등,1
C2600LG,<스피드> 할인쿠폰 프로모션,A1SA1020261000120858,"[스피드 런칭] 영화 5,500원 할인","20260518",TOAST,"20260512","20260531",PPV 등,11
C2600WH,<군체> 할인쿠폰 프로모션,A1SA1020261000121563,[군체 런칭] 영화 20% 할인,"20260724",TOAST,"20260716","20260831",PPV 등,711
C2600K8,<몽타주: 6일간의 추격> 타겟 프로모션_40%_0430,A1SA1020261000120748,[즉시 할인] 몽타주: 6일간의 추격 40% 할인쿠폰,"20260526",TOAST,"20260403","20260430",PPV 등,96
C2600JZ,"JTBC 월정액 6개월 약정 3,300원_5월 2차",DummyOffer,,"20260518",TOAST,,,PPV 등,160
C2600P0,<쉘터> 타겟 프로모션_30%_0604,A1SA1020261000120953,[즉시 할인] 쉘터 30% 할인쿠폰,"20260704",TOAST,"20260526","20260630",PPV 등,73
C2600N1,"26년 5월_B tv+ 당첨자_UI 541 이상_3(1770)",DummyOffer,,"20260614",TOAST,,,PPV 등,5
C2600US,<잠금: 셧다운> 할인쿠폰 프로모션,A1SA1020261000121462,"[잠금: 셧다운 런칭] 영화 5,500원 할인","20260728",TOAST,"20260708","20260831",PPV 등,2
C2600L5,"26년 5월_B tv+ 크런치롤_할인쿠폰",A1PR1020261000120053,[크런치롤] B tv 애니 장르 30% 할인,"20260508",TOAST,"20260225","20260531",PPV 등,1
C2600VG,"2607_비플/캐치온 왕사남 해지취소_2주차_토팝",,,"20260730",TOAST,,,PPV 등,1
C2600N1,"26년 5월_B tv+ 당첨자_UI 541 이상_3(1770)",DummyOffer,,"20260624",TOAST,,,PPV 등,1
C2600S3,"6월 성인 1+1 프로모션 (6/21~6/30)",A1SA1020261000121170,"[1+1 앵콜 이벤트] 3,300원 할인 쿠폰","20260713",TOAST,"20260609","20260731",PPV 등,1
C2600N3,[주기성/쿠폰] <살목지&K-공포상영회> 할인쿠폰 프로모션,A1PR1020261000120873,[K-공포 상영회] 영화 50% 할인,"20260628",TOAST,"20260520","20260609",PPV 등,1
C2600O0,"26년 6월_B tv+ 짝수달 유료전환 테스트_UI 552 이상",DummyOffer,,"20260711",TOAST,,,PPV 등,3661
C2600RF,"26년 6월_B tv+ 주말 야식비 지원_UI 541 이상_2",DummyOffer,,"20260623",TOAST,,,PPV 등,7718
C2600WH,<군체> 할인쿠폰 프로모션,A1SA1020261000121563,[군체 런칭] 영화 20% 할인,"20260726",TOAST,"20260716","20260831",PPV 등,1715
C2600R8,"26년 6월_B tv+ 주말 야식비 지원_UI 541 이상_1",DummyOffer,,"20260626",TOAST,,,PPV 등,394
C2600M2,"26년 5월_B tv+ 당첨자_UI 541 이상_1(1770)",DummyOffer,,"20260604",TOAST,,,PPV 등,85
C2600UP,<서퍼> 할인쿠폰 프로모션,A1SA1020261000121460,"[서퍼 런칭] 영화 3,300원 할인","20260710",TOAST,"20260708","20260831",PPV 등,26
C2600RA,SPOTV 6월 첫달무료_1차_0617 토스트팝업,,,"20260719",TOAST,,,PPV 등,83
C2600P0,<쉘터> 타겟 프로모션_30%_0604,A1SA1020261000120953,[즉시 할인] 쉘터 30% 할인쿠폰,"20260703",TOAST,"20260526","20260630",PPV 등,50
C2600PT,"26년 6월_B tv+ 파격할인_UI 541 이상_3",DummyOffer,,"20260701",TOAST,,,PPV 등,1
C2600QR,"6월 성인 1+1 프로모션_추가 (6/12~14 구매자)",A1SA1020261000121168,"[1+1이벤트] 3,300원 할인 쿠폰","20260619",TOAST,"20260609","20260731",PPV 등,10
C2600SU,"26년 6월_B tv+ KBO 올스타전_UI 541 이상_1",DummyOffer,,"20260725",TOAST,,,PPV 등,5
C2600LA,"26년 5월_B tv+ 비플리_UI 541 이상_1차(~5/17)_4(1770)",DummyOffer,,"20260526",TOAST,,,PPV 등,4
C2600KK,"CJ ENM 월정액 3개월 5,500원_5월 2차",A1CP1020261000120659,"[온가족특가] CJ ENM 월정액 3개월 내내 5,500원","20260529",TOAST,"20260422","20260531",PM30000154,25
C2600US,<잠금: 셧다운> 할인쿠폰 프로모션,A1SA1020261000121462,"[잠금: 셧다운 런칭] 영화 5,500원 할인","20260719",TOAST,"20260708","20260831",PPV 등,25
C2600K8,<몽타주: 6일간의 추격> 타겟 프로모션_40%_0430,A1SA1020261000120748,[즉시 할인] 몽타주: 6일간의 추격 40% 할인쿠폰,"20260607",TOAST,"20260403","20260430",PPV 등,1
C2600UW,"26년 7월_B tv+ KBS 이승철 콘서트_UI 541 이상_2",DummyOffer,,"20260729",TOAST,,,PPV 등,1
C2600N1,"26년 5월_B tv+ 당첨자_UI 541 이상_3(1770)",DummyOffer,,"20260522",TOAST,,,PPV 등,453920
C2600M2,"26년 5월_B tv+ 당첨자_UI 541 이상_1(1770)",DummyOffer,,"20260522",TOAST,,,PPV 등,362885
C2600RA,SPOTV 6월 첫달무료_1차_0617 토스트팝업,,,"20260621",TOAST,,,PPV 등,1886
C2600XD,"26년 7월_B tv+ 7월 4주차 복날 타임딜_UI 541 이상_1_F",DummyOffer,,"20260730",TOAST,,,PPV 등,1244
C2600R8,"26년 6월_B tv+ 주말 야식비 지원_UI 541 이상_1",DummyOffer,,"20260622",TOAST,,,PPV 등,16073
C2600OU,"2606_SPOTV_BWF 인도네시아 오픈",DummyOffer,,"20260611",TOAST,,,PPV 등,965
C2600T0,"26년 6월_B tv+ KBO 올스타전_UI 541 이상_2",DummyOffer,,"20260708",TOAST,,,PPV 등,5830
C2600TL,"7월 성인 1+1 프로모션 (7/1~7/10)",A1SA1020261000121370,"[1+1이벤트] 3,300원 할인 쿠폰","20260704",TOAST,"20260626","20260731",PPV 등,503
C2600XB,"26년 7월_B tv+ 7월 4주차 복날 타임딜_UI 541 이상_4_F",DummyOffer,,"20260731",TOAST,,,PPV 등,71
C2600KI,"JTBC 월정액 6개월 약정 3,300원_5월 3차",A1CP1020261000120658,"[온가족특가] JTBC 6개월 약정 기간 내내 월 3,300원","20260518",TOAST,"20260421","20260531",PM30000269,118
C2600TN,"7월 성인 1+1 프로모션_모바일 (7/1~7/10)",A1SA1020261000121371,"[1+1이벤트] 3,300원 할인 쿠폰 (모바일)","20260706",TOAST,"20260626","20260731",PPV 등,92
C2600TL,"7월 성인 1+1 프로모션 (7/1~7/10)",A1SA1020261000121370,"[1+1이벤트] 3,300원 할인 쿠폰","20260713",TOAST,"20260626","20260731",PPV 등,16
C2600KI,"JTBC 월정액 6개월 약정 3,300원_5월 3차",A1CP1020261000120658,"[온가족특가] JTBC 6개월 약정 기간 내내 월 3,300원","20260529",TOAST,"20260421","20260531",PM30000269,35
C2600TN,"7월 성인 1+1 프로모션_모바일 (7/1~7/10)",A1SA1020261000121371,"[1+1이벤트] 3,300원 할인 쿠폰 (모바일)","20260703",TOAST,"20260626","20260731",PPV 등,78
C2600QS,"6월 성인 1+1 프로모션_모바일_추가 (6/12~6/14 구매자)",A1SA1020261000121169,"[1+1이벤트] 3,300원 할인 쿠폰 (모바일)","20260615",TOAST,"20260609","20260731",PPV 등,55
C2600KA,"26년 5월_B tv+ 비플리_UI 540 이하(1969)_토팝 멀티스탭",DummyOffer,,"20260601",TOAST,,,PPV 등,32
C2600T8,<살목지(2차)> 할인쿠폰 프로모션,A1SA1020261000121161,"[살목지 런칭] 영화 4,444원 할인","20260703",TOAST,"20260605","20260731",PPV 등,47
C2600OJ,"2606_플레이보이 디맨드_첫달무료",,,"20260617",TOAST,,,PPV 등,2
C2600NG,SPOTV 6월 첫달무료_1차_0613 토팝,,,"20260705",TOAST,,,PPV 등,3
C2600OJ,"2606_플레이보이 디맨드_첫달무료",,,"20260629",TOAST,,,PPV 등,2
C2600KD,[주기성/쿠폰] <프로젝트헤일메리&인생SF전> 할인쿠폰 프로모션,A1PR1020261000120752,[프로젝트헤일메리] 인생SF영화 추가 30% 할인,"20260603",TOAST,"20260430","20260524",PPV 등,2
C2600Q5,<스위트 홈: 진격의 거인> 할인쿠폰 프로모션,A1SA1020261000121160,"[스위트 홈: 진격의 거인 런칭] 영화 3,300원 할인","20260701",TOAST,"20260605","20260731",PPV 등,1
C2600NN,<코드 네임: 알라룸> 할인쿠폰 프로모션,A1SA1020261000120951,"[코드 네임: 알라룸 런칭] 영화 5,500원 할인","20260619",TOAST,"20260526","20260630",PPV 등,1
C2600N0,"26년 5월_B tv+ 당첨자_UI 541 이상_2(1770)",DummyOffer,,"20260731",TOAST,,,PPV 등,1
C2600UV,모아나 소장용 패키지 프로모션 (7/10),A1SA1020261000121465,"[모아나 패키지 구매] 영화 5,500원 할인",,TOAST,"20260708","20260831",PPV 등,0
C2600N1,"26년 5월_B tv+ 당첨자_UI 541 이상_3(1770)",DummyOffer,,"20260525",TOAST,,,PPV 등,12023
C2600LE,"CJ ENM 월정액 3개월 5,500원_5월 3차",A1CP1020261000120659,"[온가족특가] CJ ENM 월정액 3개월 내내 5,500원","20260516",TOAST,"20260422","20260531",PM30000154,5803
C2600OU,"2606_SPOTV_BWF 인도네시아 오픈",DummyOffer,,"20260616",TOAST,,,PPV 등,629
C2600UU,"7월 성인 1+1 앵콜 프로모션_모바일 (7/11~7/20)",A1SA1020261000121458,"[1+1 앵콜 이벤트] 3,300원 할인 쿠폰","20260723",TOAST,"20260708","20260831",PPV 등,10
C2600OW,"26년 6월_B tv+ 국내여행_(6/4~7)_4567",DummyOffer,,"20260616",TOAST,,,PPV 등,215
C2600RH,"26년 6월_B tv+ 주말 야식비 지원_UI 541 이상_4",DummyOffer,,"20260705",TOAST,,,PPV 등,105
C2600NG,SPOTV 6월 첫달무료_1차_0613 토팝,,,"20260719",TOAST,,,PPV 등,2
C2600OU,"2606_SPOTV_BWF 인도네시아 오픈",DummyOffer,,"20260714",TOAST,,,PPV 등,116
C2600S4,"6월 성인 1+1 프로모션_모바일 (6/21~6/30)",A1SA1020261000121171,"[1+1 앵콜 이벤트] 3,300원 할인 쿠폰 (모바일)","20260627",TOAST,"20260609","20260731",PPV 등,46
C2600PJ,"2606_플레이보이 디맨드_첫달무료_리마인드_1차",,,"20260615",TOAST,,,PPV 등,11
C2600IY,"JTBC 월정액 6개월 약정 3,300원_5월 1차",DummyOffer,,"20260624",TOAST,,,PPV 등,5
C2600TL,"7월 성인 1+1 프로모션 (7/1~7/10)",A1SA1020261000121370,"[1+1이벤트] 3,300원 할인 쿠폰","20260717",TOAST,"20260626","20260731",PPV 등,4
C2600OW,"26년 6월_B tv+ 국내여행_(6/4~7)_4567",DummyOffer,,"20260714",TOAST,,,PPV 등,1
C2600ON,"26년 6월_B tv+ 국내여행_(6/3)_4567",DummyOffer,,"20260629",TOAST,,,PPV 등,2
C2600KI,"JTBC 월정액 6개월 약정 3,300원_5월 3차",A1CP1020261000120658,"[온가족특가] JTBC 6개월 약정 기간 내내 월 3,300원","20260712",TOAST,"20260421","20260531",PM30000269,1
C2600MB,<힌드의 목소리> 할인쿠폰 프로모션,A1SA1020261000120864,"[힌드의 목소리 런칭] 영화 5,500원 할인","20260529",TOAST,"20260519","20260630",PPV 등,1
C2600M2,"26년 5월_B tv+ 당첨자_UI 541 이상_1(1770)",DummyOffer,,"20260702",TOAST,,,PPV 등,1
C2600PV,"26년 6월_B tv+ 파격할인_UI 541 이하_5",DummyOffer,,"20260615",TOAST,,,PPV 등,2
C2600NC,"26년 5월 B tv+ 할인 연장 캠페인_1주년 4,400원",A1CP1020261000120955,"[가입 유지 선물] B tv+ 월 4,400원 혜택 6개월 자동 연장_5월","20260606",TOAST,"20260526","20260731",PM30000107,1
C2600W2,"26년 7월_B tv+ KBS 이승철 콘서트_타임딜_UI 541 이상_3",DummyOffer,,"20260722",TOAST,,,PPV 등,67162
C2600K8,<몽타주: 6일간의 추격> 타겟 프로모션_40%_0430,A1SA1020261000120748,[즉시 할인] 몽타주: 6일간의 추격 40% 할인쿠폰,"20260505",TOAST,"20260403","20260430",PPV 등,5357
C2600W2,"26년 7월_B tv+ KBS 이승철 콘서트_타임딜_UI 541 이상_3",DummyOffer,,"20260723",TOAST,,,PPV 등,8954
C2600RH,"26년 6월_B tv+ 주말 야식비 지원_UI 541 이상_4",DummyOffer,,"20260625",TOAST,,,PPV 등,1144
C2600WH,<군체> 할인쿠폰 프로모션,A1SA1020261000121563,[군체 런칭] 영화 20% 할인,"20260729",TOAST,"20260716","20260831",PPV 등,500
C2600K8,<몽타주: 6일간의 추격> 타겟 프로모션_40%_0430,A1SA1020261000120748,[즉시 할인] 몽타주: 6일간의 추격 40% 할인쿠폰,"20260527",TOAST,"20260403","20260430",PPV 등,92
C2600IY,"JTBC 월정액 6개월 약정 3,300원_5월 1차",DummyOffer,,"20260520",TOAST,,,PPV 등,122
C2600JZ,"JTBC 월정액 6개월 약정 3,300원_5월 2차",DummyOffer,,"20260521",TOAST,,,PPV 등,98
C2600XB,"26년 7월_B tv+ 7월 4주차 복날 타임딜_UI 541 이상_4_F",DummyOffer,,"20260729",TOAST,,,PPV 등,184
C2600SU,"26년 6월_B tv+ KBO 올스타전_UI 541 이상_1",DummyOffer,,"20260712",TOAST,,,PPV 등,20
C2600M2,"26년 5월_B tv+ 당첨자_UI 541 이상_1(1770)",DummyOffer,,"20260608",TOAST,,,PPV 등,6
C2600Q5,<스위트 홈: 진격의 거인> 할인쿠폰 프로모션,A1SA1020261000121160,"[스위트 홈: 진격의 거인 런칭] 영화 3,300원 할인","20260620",TOAST,"20260605","20260731",PPV 등,21
C2600OP,"26년 6월_B tv+ 국내여행_(6/4~7)_0123",DummyOffer,,"20260618",TOAST,,,PPV 등,32
C2600UW,"26년 7월_B tv+ KBS 이승철 콘서트_UI 541 이상_2",DummyOffer,,"20260719",TOAST,,,PPV 등,25
C2600L8,"26년 5월_B tv+ 비플리_UI 541 이상_1차(~5/17)_2(1770)",DummyOffer,,"20260531",TOAST,,,PPV 등,3
C2600LG,<스피드> 할인쿠폰 프로모션,A1SA1020261000120858,"[스피드 런칭] 영화 5,500원 할인","20260522",TOAST,"20260512","20260531",PPV 등,8
C2600LG,<스피드> 할인쿠폰 프로모션,A1SA1020261000120858,"[스피드 런칭] 영화 5,500원 할인","20260521",TOAST,"20260512","20260531",PPV 등,10
C2600M8,<짱구> 할인쿠폰 프로모션,A1SA1020261000120863,"[짱구 런칭] 영화 5,500원 할인","20260614",TOAST,"20260518","20260630",PPV 등,2
C2600QU,"6월 성인 1+1 프로모션 (6/11~6/20)_수정",A1SA1020261000121168,"[1+1이벤트] 3,300원 할인 쿠폰","20260725",TOAST,"20260609","20260731",PPV 등,1
C2600KE,무비혜택도미도 쿠폰 사용 안내,,,"20260601",TOAST,,,PPV 등,8
C2600RX,"2606_비너스 디맨드_첫달무료_개편후",,,"20260724",TOAST,,,PPV 등,15
C2600KI,"JTBC 월정액 6개월 약정 3,300원_5월 3차",A1CP1020261000120658,"[온가족특가] JTBC 6개월 약정 기간 내내 월 3,300원","20260612",TOAST,"20260421","20260531",PM30000269,4
C2600L9,"26년 5월_B tv+ 비플리_UI 541 이상_1차(~5/17)_3(1770)",DummyOffer,,"20260529",TOAST,,,PPV 등,1
C2600IP,"CJ ENM 월정액 3개월 5,500원_5월 1차",DummyOffer,,"20260708",TOAST,,,PPV 등,3
C2600KI,"JTBC 월정액 6개월 약정 3,300원_5월 3차",A1CP1020261000120658,"[온가족특가] JTBC 6개월 약정 기간 내내 월 3,300원",,TOAST,"20260421","20260531",PM30000269,0
C2600OP,"26년 6월_B tv+ 국내여행_(6/4~7)_0123",DummyOffer,,"20260706",TOAST,,,PPV 등,1
C2600JZ,"JTBC 월정액 6개월 약정 3,300원_5월 2차",A1CP1020261000120658,"[온가족특가] JTBC 6개월 약정 기간 내내 월 3,300원","20260503",TOAST,"20260421","20260531",PM30000269,180066
C2600M2,"26년 5월_B tv+ 당첨자_UI 541 이상_1(1770)",DummyOffer,,"20260531",TOAST,,,PPV 등,1843
C2600N1,"26년 5월_B tv+ 당첨자_UI 541 이상_3(1770)",DummyOffer,,"20260605",TOAST,,,PPV 등,48
C2600NN,<코드 네임: 알라룸> 할인쿠폰 프로모션,A1SA1020261000120951,"[코드 네임: 알라룸 런칭] 영화 5,500원 할인","20260608",TOAST,"20260526","20260630",PPV 등,40
C2600NI,<시에라 마드레: 카르텔 전쟁> 할인쿠폰 프로모션,A1SA1020261000120862,"[시에라 마드레: 카르텔 전쟁 런칭] 영화 5,500원 할인","20260608",TOAST,"20260518","20260630",PPV 등,31
C2600S4,"6월 성인 1+1 프로모션_모바일 (6/21~6/30)",A1SA1020261000121171,"[1+1 앵콜 이벤트] 3,300원 할인 쿠폰 (모바일)","20260628",TOAST,"20260609","20260731",PPV 등,31
C2600JZ,"JTBC 월정액 6개월 약정 3,300원_5월 2차",DummyOffer,,"20260620",TOAST,,,PPV 등,11
C2600W1,"26년 7월_B tv+ KBS 이승철 콘서트_타임딜_UI 541 이상_2",DummyOffer,,"20260730",TOAST,,,PPV 등,67
C2600NA,"26년 5월 B tv+ 할인 연장 캠페인_1주년 5,500원",A1CP1020261000120954,"[가입 유지 선물] B tv+ 월 5,500원 혜택 6개월 자동 연장_5월","20260601",TOAST,"20260526","20260731",PM30000107,7
C2600M8,<짱구> 할인쿠폰 프로모션,A1SA1020261000120863,"[짱구 런칭] 영화 5,500원 할인","20260609",TOAST,"20260518","20260630",PPV 등,1
C2600SJ,[주기성]프라다입고문워크 신작혜택파티 프로모션,A1PR1020261000121272,[신작혜택파티] 영화 30% 할인(악마는프라다2 외 대상작),"20260719",TOAST,"20260618","20260706",PPV 등,4
C2600T1,"26년 6월_B tv+ KBO 올스타전_UI 541 이상_3",DummyOffer,,"20260725",TOAST,,,PPV 등,1
C2600N0,"26년 5월_B tv+ 당첨자_UI 541 이상_2(1770)",DummyOffer,,"20260616",TOAST,,,PPV 등,2
C2600N1,"26년 5월_B tv+ 당첨자_UI 541 이상_3(1770)",DummyOffer,,"20260610",TOAST,,,PPV 등,5
C2600KK,"CJ ENM 월정액 3개월 5,500원_5월 2차",A1CP1020261000120659,"[온가족특가] CJ ENM 월정액 3개월 내내 5,500원","20260610",TOAST,"20260422","20260531",PM30000154,5
C2600LA,"26년 5월_B tv+ 비플리_UI 541 이상_1차(~5/17)_4(1770)",DummyOffer,,"20260616",TOAST,,,PPV 등,2
C2600N7,"2605_SPOTV B캐시 이벤트_토팝 추가",,,"20260528",TOAST,,,PPV 등,1
C2600SC,<금발이 되고 싶어> 할인쿠폰 프로모션,A1SA1020261000121360,"[금발이 되고 싶어 런칭] 영화 5,500원 할인",,TOAST,"20260622","20260731",PPV 등,0
C2600IY,"JTBC 월정액 6개월 약정 3,300원_5월 1차",DummyOffer,,"20260601",TOAST,,,PPV 등,336
C2600OW,"26년 6월_B tv+ 국내여행_(6/4~7)_4567",DummyOffer,,"20260607",TOAST,,,PPV 등,3958
C2600O0,"26년 6월_B tv+ 짝수달 유료전환 테스트_UI 552 이상",DummyOffer,,"20260626",TOAST,,,PPV 등,6787
C2600K8,<몽타주: 6일간의 추격> 타겟 프로모션_40%_0430,A1SA1020261000120748,[즉시 할인] 몽타주: 6일간의 추격 40% 할인쿠폰,"20260517",TOAST,"20260403","20260430",PPV 등,358
C2600R8,"26년 6월_B tv+ 주말 야식비 지원_UI 541 이상_1",DummyOffer,,"20260704",TOAST,,,PPV 등,282
C2600O0,"26년 6월_B tv+ 짝수달 유료전환 테스트_UI 552 이상",DummyOffer,,"20260726",TOAST,,,PPV 등,582
C2600RF,"26년 6월_B tv+ 주말 야식비 지원_UI 541 이상_2",DummyOffer,,"20260716",TOAST,,,PPV 등,76
C2600P0,<쉘터> 타겟 프로모션_30%_0604,A1SA1020261000120953,[즉시 할인] 쉘터 30% 할인쿠폰,"20260727",TOAST,"20260526","20260630",PPV 등,9
C2600QL,"2606_플레이보이 디맨드_첫달무료_리마인드_2차",,,"20260619",TOAST,,,PPV 등,206
C2600JZ,"JTBC 월정액 6개월 약정 3,300원_5월 2차",A1CP1020261000120658,"[온가족특가] JTBC 6개월 약정 기간 내내 월 3,300원","20260508",TOAST,"20260421","20260531",PM30000269,169
C2600VM,<헬파이어: 시수의 길> 할인쿠폰 프로모션,A1SA1020261000121461,"[헬파이어: 시수의 길 런칭] 영화 5,500원 할인","20260720",TOAST,"20260708","20260831",PPV 등,22
C2600L7,"26년 5월_B tv+ 비플리_UI 541 이상_1차(~5/17)_1(1770)",DummyOffer,,"20260529",TOAST,,,PPV 등,3
C2600IY,"JTBC 월정액 6개월 약정 3,300원_5월 1차",DummyOffer,,"20260707",TOAST,,,PPV 등,3
C2600UT,"7월 성인 1+1 앵콜 프로모션_모바일 (7/11~7/20)",A1SA1020261000121459,"[1+1 앵콜 이벤트] 3,300원 할인 쿠폰 (모바일)","20260716",TOAST,"20260708","20260831",PPV 등,19
C2600QR,"6월 성인 1+1 프로모션_추가 (6/12~14 구매자)",A1SA1020261000121168,"[1+1이벤트] 3,300원 할인 쿠폰","20260707",TOAST,"20260609","20260731",PPV 등,1
C2600T9,"26년 6월 B tv+ 할인 연장 캠페인_8월할인 7,700원",A1CP1020261000121368,"[가입 유지 선물] B tv+ 월 7,700원 이용 혜택 6개월 자동 연장_6월","20260704",TOAST,"20260625","20260731",PPV 등,5
C2600SJ,[주기성]프라다입고문워크 신작혜택파티 프로모션,A1PR1020261000121272,[신작혜택파티] 영화 30% 할인(악마는프라다2 외 대상작),"20260724",TOAST,"20260618","20260706",PPV 등,1
C2600RX,"2606_비너스 디맨드_첫달무료_개편후",,,"20260729",TOAST,,,PPV 등,5
C2600UU,"7월 성인 1+1 앵콜 프로모션_모바일 (7/11~7/20)",A1SA1020261000121458,"[1+1 앵콜 이벤트] 3,300원 할인 쿠폰","20260724",TOAST,"20260708","20260831",PPV 등,5
C2600R6,<슈퍼 마리오 갤럭시> 할인쿠폰 프로모션,A1SA1020261000120961,"[슈퍼마리오 갤럭시 런칭] 영화 3,300원 할인","20260706",TOAST,"20260529","20260623",PPV 등,1
C2600S3,"6월 성인 1+1 프로모션 (6/21~6/30)",A1SA1020261000121170,"[1+1 앵콜 이벤트] 3,300원 할인 쿠폰","20260725",TOAST,"20260609","20260731",PPV 등,1
C2600S4,"6월 성인 1+1 프로모션_모바일 (6/21~6/30)",A1SA1020261000121171,"[1+1 앵콜 이벤트] 3,300원 할인 쿠폰 (모바일)",,TOAST,"20260609","20260731",PPV 등,0
C2600RW,"2606_비너스 디맨드_첫달무료_개편전",,,"20260620",TOAST,,,PPV 등,56972
C2600OM,"26년 6월_B tv+ 국내여행_(6/3)_0123",DummyOffer,,"20260604",TOAST,,,PPV 등,19490
C2600RH,"26년 6월_B tv+ 주말 야식비 지원_UI 541 이상_4",DummyOffer,,"20260618",TOAST,,,PPV 등,454997
C2600R8,"26년 6월_B tv+ 주말 야식비 지원_UI 541 이상_1",DummyOffer,,"20260713",TOAST,,,PPV 등,57
C2600XE,"26년 7월_B tv+ 7월 4주차 복날 타임딜_UI 541 이상_2_F",DummyOffer,,"20260726",TOAST,,,PPV 등,15735
C2600O0,"26년 6월_B tv+ 짝수달 유료전환 테스트_UI 552 이상",DummyOffer,,"20260713",TOAST,,,PPV 등,1621
C2600N3,[주기성/쿠폰] <살목지&K-공포상영회> 할인쿠폰 프로모션,A1PR1020261000120873,[K-공포 상영회] 영화 50% 할인,"20260530",TOAST,"20260520","20260609",PPV 등,3028
C2600M2,"26년 5월_B tv+ 당첨자_UI 541 이상_1(1770)",DummyOffer,,"20260607",TOAST,,,PPV 등,5
C2600RF,"26년 6월_B tv+ 주말 야식비 지원_UI 541 이상_2",DummyOffer,,"20260705",TOAST,,,PPV 등,341
C2600NH,<리 크로닌의 미이라> 할인쿠폰 프로모션,A1SA1020261000120855,"[리 크로닌의 미이라] 영화 3,300원 할인","20260627",TOAST,"20260507","20260630",PPV 등,2
C2600JZ,"JTBC 월정액 6개월 약정 3,300원_5월 2차",DummyOffer,,"20260613",TOAST,,,PPV 등,12
C2600RC,"<왕과 사는 남자> 타겟 프로모션_2,000원_0617",A1SA1020261000121266,"[즉시 할인] 왕과 사는 남자 2,200원 할인쿠폰","20260710",TOAST,"20260616","20260731",PPV 등,105
C2600RG,"26년 6월_B tv+ 주말 야식비 지원_UI 541 이상_3",DummyOffer,,"20260707",TOAST,,,PPV 등,9
C2600VM,<헬파이어: 시수의 길> 할인쿠폰 프로모션,A1SA1020261000121461,"[헬파이어: 시수의 길 런칭] 영화 5,500원 할인","20260722",TOAST,"20260708","20260831",PPV 등,11
C2600OJ,"2606_플레이보이 디맨드_첫달무료",,,"20260612",TOAST,,,PPV 등,2
C2600KI,"JTBC 월정액 6개월 약정 3,300원_5월 3차",A1CP1020261000120658,"[온가족특가] JTBC 6개월 약정 기간 내내 월 3,300원","20260611",TOAST,"20260421","20260531",PM30000269,2
C2600UT,"7월 성인 1+1 앵콜 프로모션_모바일 (7/11~7/20)",A1SA1020261000121459,"[1+1 앵콜 이벤트] 3,300원 할인 쿠폰 (모바일)","20260720",TOAST,"20260708","20260831",PPV 등,11
C2600UU,"7월 성인 1+1 앵콜 프로모션_모바일 (7/11~7/20)",A1SA1020261000121458,"[1+1 앵콜 이벤트] 3,300원 할인 쿠폰","20260731",TOAST,"20260708","20260831",PPV 등,3
C2600M8,<짱구> 할인쿠폰 프로모션,A1SA1020261000120863,"[짱구 런칭] 영화 5,500원 할인","20260723",TOAST,"20260518","20260630",PPV 등,1
C2600NG,SPOTV 6월 첫달무료_1차_0613 토팝,,,,TOAST,,,PPV 등,0
C2600TL,"7월 성인 1+1 프로모션 (7/1~7/10)",A1SA1020261000121370,"[1+1이벤트] 3,300원 할인 쿠폰","20260720",TOAST,"20260626","20260731",PPV 등,2
C2600OM,"26년 6월_B tv+ 국내여행_(6/3)_0123",DummyOffer,,"20260628",TOAST,,,PPV 등,1
C2600LA,"26년 5월_B tv+ 비플리_UI 541 이상_1차(~5/17)_4(1770)",DummyOffer,,"20260522",TOAST,,,PPV 등,519
C2600TL,"7월 성인 1+1 프로모션 (7/1~7/10)",A1SA1020261000121370,"[1+1이벤트] 3,300원 할인 쿠폰","20260711",TOAST,"20260626","20260731",PPV 등,317
C2600KK,"CJ ENM 월정액 3개월 5,500원_5월 2차",A1CP1020261000120659,"[온가족특가] CJ ENM 월정액 3개월 내내 5,500원","20260521",TOAST,"20260422","20260531",PM30000154,50
C2600S3,"6월 성인 1+1 프로모션 (6/21~6/30)",A1SA1020261000121170,"[1+1 앵콜 이벤트] 3,300원 할인 쿠폰","20260622",TOAST,"20260609","20260731",PPV 등,188
C2600OU,"2606_SPOTV_BWF 인도네시아 오픈",DummyOffer,,"20260725",TOAST,,,PPV 등,100
C2600JZ,"JTBC 월정액 6개월 약정 3,300원_5월 2차",DummyOffer,,"20260629",TOAST,,,PPV 등,3
C2600UP,<서퍼> 할인쿠폰 프로모션,A1SA1020261000121460,"[서퍼 런칭] 영화 3,300원 할인","20260716",TOAST,"20260708","20260831",PPV 등,18
C2600KK,"CJ ENM 월정액 3개월 5,500원_5월 2차",A1CP1020261000120659,"[온가족특가] CJ ENM 월정액 3개월 내내 5,500원","20260618",TOAST,"20260422","20260531",PM30000154,1
C2600JZ,"JTBC 월정액 6개월 약정 3,300원_5월 2차",DummyOffer,,"20260617",TOAST,,,PPV 등,2
C2600LE,"CJ ENM 월정액 3개월 5,500원_5월 3차",A1CP1020261000120659,"[온가족특가] CJ ENM 월정액 3개월 내내 5,500원","20260604",TOAST,"20260422","20260531",PM30000154,12
C2600UN,"26년 7월_B tv+ KBS 이승철 콘서트_UI 541 이상_1",DummyOffer,,,TOAST,,,PPV 등,0
C2600N3,[주기성/쿠폰] <살목지&K-공포상영회> 할인쿠폰 프로모션,A1PR1020261000120873,[K-공포 상영회] 영화 50% 할인,"20260618",TOAST,"20260520","20260609",PPV 등,4
C2600NG,SPOTV 6월 첫달무료_1차_0613 토팝,,,"20260718",TOAST,,,PPV 등,1
C2600IY,"JTBC 월정액 6개월 약정 3,300원_5월 1차",DummyOffer,,"20260615",TOAST,,,PPV 등,7
C2600KA,"26년 5월_B tv+ 비플리_UI 540 이하(1969)_토팝 멀티스탭",DummyOffer,,"20260513",TOAST,,,PPV 등,2
C2600R5,<내 이름은> 할인쿠폰 프로모션,A1SA1020261000121159,"[내 이름은 런칭] 영화 5,500원 할인","20260627",TOAST,"20260605","20260731",PPV 등,4
C2600TL,"7월 성인 1+1 프로모션 (7/1~7/10)",A1SA1020261000121370,"[1+1이벤트] 3,300원 할인 쿠폰","20260726",TOAST,"20260626","20260731",PPV 등,2
C2600O7,"2606_캐치온 해지방어_B tv+ Cross-sell",,,"20260630",TOAST,,,PPV 등,5
C2600KI,"JTBC 월정액 6개월 약정 3,300원_5월 3차",A1CP1020261000120658,"[온가족특가] JTBC 6개월 약정 기간 내내 월 3,300원","20260703",TOAST,"20260421","20260531",PM30000269,1
C2600LE,"CJ ENM 월정액 3개월 5,500원_5월 3차",A1CP1020261000120659,"[온가족특가] CJ ENM 월정액 3개월 내내 5,500원","20260618",TOAST,"20260422","20260531",PM30000154,3
C2600OJ,"2606_플레이보이 디맨드_첫달무료",,,"20260621",TOAST,,,PPV 등,2
C2600PJ,"2606_플레이보이 디맨드_첫달무료_리마인드_1차",,,"20260729",TOAST,,,PPV 등,2
C2600RW,"2606_비너스 디맨드_첫달무료_개편전",,,"20260725",TOAST,,,PPV 등,1
C2600PU,"26년 6월_B tv+ 파격할인_UI 541 이상_4",DummyOffer,,"20260706",TOAST,,,PPV 등,1
C2600QS,"6월 성인 1+1 프로모션_모바일_추가 (6/12~6/14 구매자)",A1SA1020261000121169,"[1+1이벤트] 3,300원 할인 쿠폰 (모바일)",,TOAST,"20260609","20260731",PPV 등,0
C2600O0,"26년 6월_B tv+ 짝수달 유료전환 테스트_UI 552 이상",DummyOffer,,"20260618",TOAST,,,PPV 등,6359
C2600T0,"26년 6월_B tv+ KBO 올스타전_UI 541 이상_2",DummyOffer,,"20260702",TOAST,,,PPV 등,21044
C2600OU,"2606_SPOTV_BWF 인도네시아 오픈",DummyOffer,,"20260622",TOAST,,,PPV 등,353
C2600P0,<쉘터> 타겟 프로모션_30%_0604,A1SA1020261000120953,[즉시 할인] 쉘터 30% 할인쿠폰,"20260719",TOAST,"20260526","20260630",PPV 등,27
C2600OW,"26년 6월_B tv+ 국내여행_(6/4~7)_4567",DummyOffer,,"20260612",TOAST,,,PPV 등,1205
C2600RW,"2606_비너스 디맨드_첫달무료_개편전",,,"20260730",TOAST,,,PPV 등,6
C2600TN,"7월 성인 1+1 프로모션_모바일 (7/1~7/10)",A1SA1020261000121371,"[1+1이벤트] 3,300원 할인 쿠폰 (모바일)","20260704",TOAST,"20260626","20260731",PPV 등,56
C2600KE,무비혜택도미도 쿠폰 사용 안내,,,"20260513",TOAST,,,PPV 등,121
C2600T4,"26년 6월_B tv+ KBO 올스타전_UI 541 이상_4",DummyOffer,,"20260710",TOAST,,,PPV 등,4
C2600LE,"CJ ENM 월정액 3개월 5,500원_5월 3차",A1CP1020261000120659,"[온가족특가] CJ ENM 월정액 3개월 내내 5,500원","20260526",TOAST,"20260422","20260531",PM30000154,73
C2600RX,"2606_비너스 디맨드_첫달무료_개편후",,,"20260719",TOAST,,,PPV 등,39
C2600RH,"26년 6월_B tv+ 주말 야식비 지원_UI 541 이상_4",DummyOffer,,"20260715",TOAST,,,PPV 등,26
C2600KI,"JTBC 월정액 6개월 약정 3,300원_5월 3차",A1CP1020261000120658,"[온가족특가] JTBC 6개월 약정 기간 내내 월 3,300원","20260603",TOAST,"20260421","20260531",PM30000269,34
C2600TK,<메가 샤크 어택> 할인쿠폰 프로모션,A1SA1020261000121369,"[메가 샤크 어택 런칭] 영화 5,500원 할인","20260712",TOAST,"20260626","20260731",PPV 등,35
C2600LE,"CJ ENM 월정액 3개월 5,500원_5월 3차",A1CP1020261000120659,"[온가족특가] CJ ENM 월정액 3개월 내내 5,500원","20260605",TOAST,"20260422","20260531",PM30000154,6
C2600JZ,"JTBC 월정액 6개월 약정 3,300원_5월 2차",DummyOffer,,"20260618",TOAST,,,PPV 등,8
C2600L8,"26년 5월_B tv+ 비플리_UI 541 이상_1차(~5/17)_2(1770)",DummyOffer,,"20260602",TOAST,,,PPV 등,2
C2600N0,"26년 5월_B tv+ 당첨자_UI 541 이상_2(1770)",DummyOffer,,"20260607",TOAST,,,PPV 등,9
C2600KA,"26년 5월_B tv+ 비플리_UI 540 이하(1969)_토팝 멀티스탭",DummyOffer,,"20260602",TOAST,,,PPV 등,17
C2600PS,"26년 6월_B tv+ 파격할인_UI 541 이상_2",DummyOffer,,"20260718",TOAST,,,PPV 등,2
C2600WI,<뮌터 & 칸딘스키 - 사랑의 초상> 할인쿠폰 프로모션,A1SA1020261000121560,"[뮌터 & 칸딘스키 - 사랑의 초상 런칭] 영화 5,500원 할인","20260730",TOAST,"20260716","20260831",PPV 등,1
C2600T6,"26년 6월 B tv+ 할인 연장 캠페인_광복절 5,500원",A1CP1020261000121367,"[가입 유지 선물] B tv+ 월 5,500원 이용 혜택 6개월 자동 연장_6월","20260702",TOAST,"20260625","20260731",PPV 등,3
C2600NL,<쉘터> 할인쿠폰 프로모션,A1SA1020261000120861,"[쉘터 런칭] 영화 3,300원 할인",,TOAST,"20260518","20260630",PPV 등,0
C2600S3,"6월 성인 1+1 프로모션 (6/21~6/30)",A1SA1020261000121170,"[1+1 앵콜 이벤트] 3,300원 할인 쿠폰","20260719",TOAST,"20260609","20260731",PPV 등,1
C2600LW,수요1+1무비쿠폰(5월 쿠폰발급),A1PR1020261000120851,[연휴무비쿠폰] 20% 할인(5천원 이상 사용),,TOAST,"20260408","20260525",PPV 등,0
C2600MB,<힌드의 목소리> 할인쿠폰 프로모션,A1SA1020261000120864,"[힌드의 목소리 런칭] 영화 5,500원 할인","20260528",TOAST,"20260519","20260630",PPV 등,1
C2600PJ,"2606_플레이보이 디맨드_첫달무료_리마인드_1차",,,"20260607",TOAST,,,PPV 등,38452
C2600X8,"26년 7월_B tv+ 7월 4주차 복날 타임딜_UI 541 이상_3_F",DummyOffer,,"20260724",TOAST,,,PPV 등,387527
C2600OJ,"2606_플레이보이 디맨드_첫달무료",,,"20260602",TOAST,,,PPV 등,3954
C2600OW,"26년 6월_B tv+ 국내여행_(6/4~7)_4567",DummyOffer,,"20260608",TOAST,,,PPV 등,4703
C2600K8,<몽타주: 6일간의 추격> 타겟 프로모션_40%_0430,A1SA1020261000120748,[즉시 할인] 몽타주: 6일간의 추격 40% 할인쿠폰,"20260510",TOAST,"20260403","20260430",PPV 등,705
C2600RC,"<왕과 사는 남자> 타겟 프로모션_2,000원_0617",A1SA1020261000121266,"[즉시 할인] 왕과 사는 남자 2,200원 할인쿠폰","20260725",TOAST,"20260616","20260731",PPV 등,40
C2600XB,"26년 7월_B tv+ 7월 4주차 복날 타임딜_UI 541 이상_4_F",DummyOffer,,"20260727",TOAST,,,PPV 등,3603
C2600RA,SPOTV 6월 첫달무료_1차_0617 토스트팝업,,,"20260703",TOAST,,,PPV 등,315
C2600T6,"26년 6월 B tv+ 할인 연장 캠페인_광복절 5,500원",A1CP1020261000121367,"[가입 유지 선물] B tv+ 월 5,500원 이용 혜택 6개월 자동 연장_6월","20260721",TOAST,"20260625","20260731",PPV 등,1
C2600UN,"26년 7월_B tv+ KBS 이승철 콘서트_UI 541 이상_1",DummyOffer,,"20260722",TOAST,,,PPV 등,27
C2600K8,<몽타주: 6일간의 추격> 타겟 프로모션_40%_0430,A1SA1020261000120748,[즉시 할인] 몽타주: 6일간의 추격 40% 할인쿠폰,"20260604",TOAST,"20260403","20260430",PPV 등,78
C2600SH,<납치 48시간> 할인쿠폰 프로모션,A1SA1020261000121265,"[납치 48시간 런칭] 영화 3,300원 할인","20260707",TOAST,"20260616","20260831",PPV 등,3
C2600US,<잠금: 셧다운> 할인쿠폰 프로모션,A1SA1020261000121462,"[잠금: 셧다운 런칭] 영화 5,500원 할인","20260726",TOAST,"20260708","20260831",PPV 등,3
C2600IY,"JTBC 월정액 6개월 약정 3,300원_5월 1차",DummyOffer,,"20260719",TOAST,,,PPV 등,2
C2600PU,"26년 6월_B tv+ 파격할인_UI 541 이상_4",DummyOffer,,"20260714",TOAST,,,PPV 등,2
C2600SU,"26년 6월_B tv+ KBO 올스타전_UI 541 이상_1",DummyOffer,,"20260723",TOAST,,,PPV 등,5
C2600KI,"JTBC 월정액 6개월 약정 3,300원_5월 3차",A1CP1020261000120658,"[온가족특가] JTBC 6개월 약정 기간 내내 월 3,300원","20260615",TOAST,"20260421","20260531",PM30000269,2
C2600US,<잠금: 셧다운> 할인쿠폰 프로모션,A1SA1020261000121462,"[잠금: 셧다운 런칭] 영화 5,500원 할인","20260721",TOAST,"20260708","20260831",PPV 등,11
C2600VM,<헬파이어: 시수의 길> 할인쿠폰 프로모션,A1SA1020261000121461,"[헬파이어: 시수의 길 런칭] 영화 5,500원 할인","20260717",TOAST,"20260708","20260831",PPV 등,19
C2600W2,"26년 7월_B tv+ KBS 이승철 콘서트_타임딜_UI 541 이상_3",DummyOffer,,,TOAST,,,PPV 등,0
C2600MB,<힌드의 목소리> 할인쿠폰 프로모션,A1SA1020261000120864,"[힌드의 목소리 런칭] 영화 5,500원 할인","20260523",TOAST,"20260519","20260630",PPV 등,3
C2600T1,"26년 6월_B tv+ KBO 올스타전_UI 541 이상_3",DummyOffer,,"20260714",TOAST,,,PPV 등,8
C2600K8,<몽타주: 6일간의 추격> 타겟 프로모션_40%_0430,A1SA1020261000120748,[즉시 할인] 몽타주: 6일간의 추격 40% 할인쿠폰,"20260614",TOAST,"20260403","20260430",PPV 등,1
C2600WG,<디스클로저 데이> 할인쿠폰 프로모션,A1SA1020261000121558,"[디스클로저 데이 런칭] 영화 3,300원 할인",,TOAST,"20260713","20260831",PPV 등,0
C2600T4,"26년 6월_B tv+ KBO 올스타전_UI 541 이상_4",DummyOffer,,"20260713",TOAST,,,PPV 등,1
C2600O0,"26년 6월_B tv+ 짝수달 유료전환 테스트_UI 552 이상",DummyOffer,,"20260620",TOAST,,,PPV 등,506793
C2600N2,"26년 5월_B tv+ 당첨자_UI 541 이상_4(1770)",DummyOffer,,"20260523",TOAST,,,PPV 등,141966
C2600PT,"26년 6월_B tv+ 파격할인_UI 541 이상_3",DummyOffer,,"20260612",TOAST,,,PPV 등,115367
C2600M2,"26년 5월_B tv+ 당첨자_UI 541 이상_1(1770)",DummyOffer,,"20260529",TOAST,,,PPV 등,2442
C2600P0,<쉘터> 타겟 프로모션_30%_0604,A1SA1020261000120953,[즉시 할인] 쉘터 30% 할인쿠폰,"20260611",TOAST,"20260526","20260630",PPV 등,2157
C2600L7,"26년 5월_B tv+ 비플리_UI 541 이상_1차(~5/17)_1(1770)",DummyOffer,,"20260522",TOAST,,,PPV 등,183
C2600W7,"7월 성인 1+1 이열치열 프로모션 (7/21~/20)",A1SA1020261000121561,"[1+1 이열치열 이벤트] 3,300원 할인 쿠폰","20260725",TOAST,"20260716","20260831",PPV 등,197
C2600RX,"2606_비너스 디맨드_첫달무료_개편후",,,"20260629",TOAST,,,PPV 등,422
C2600IY,"JTBC 월정액 6개월 약정 3,300원_5월 1차",DummyOffer,,"20260611",TOAST,,,PPV 등,16
C2600NG,SPOTV 6월 첫달무료_1차_0613 토팝,,,"20260619",TOAST,,,PPV 등,7
C2600UW,"26년 7월_B tv+ KBS 이승철 콘서트_UI 541 이상_2",DummyOffer,,"20260730",TOAST,,,PPV 등,35
C2600KP,<왕과 사는 남자> 할인쿠폰 프로모션,A1SA1020261000120651,"[왕과 사는 남자 런칭] 영화 4,400원 할인","20260516",TOAST,"20260421","20260531",PPV 등,9
C2600L7,"26년 5월_B tv+ 비플리_UI 541 이상_1차(~5/17)_1(1770)",DummyOffer,,,TOAST,,,PPV 등,0
C2600KI,"JTBC 월정액 6개월 약정 3,300원_5월 3차",A1CP1020261000120658,"[온가족특가] JTBC 6개월 약정 기간 내내 월 3,300원","20260530",TOAST,"20260421","20260531",PM30000269,39
C2600N1,"26년 5월_B tv+ 당첨자_UI 541 이상_3(1770)",DummyOffer,,"20260619",TOAST,,,PPV 등,1
C2600RH,"26년 6월_B tv+ 주말 야식비 지원_UI 541 이상_4",DummyOffer,,"20260729",TOAST,,,PPV 등,7
C2600S7,토이스토리 소장용 패키지 프로모션 (6/18~6/21 발급),A1SA1020261000121259,"[토이 스토리 패키지 구매] 영화 5,500원 할인","20260627",TOAST,"20260615","20260731",PPV 등,2
C2600PV,"26년 6월_B tv+ 파격할인_UI 541 이하_5",DummyOffer,,"20260620",TOAST,,,PPV 등,2
C2600OJ,"2606_플레이보이 디맨드_첫달무료",,,"20260607",TOAST,,,PPV 등,4
C2600K8,<몽타주: 6일간의 추격> 타겟 프로모션_40%_0430,A1SA1020261000120748,[즉시 할인] 몽타주: 6일간의 추격 40% 할인쿠폰,"20260611",TOAST,"20260403","20260430",PPV 등,1
C2600JZ,"JTBC 월정액 6개월 약정 3,300원_5월 2차",A1CP1020261000120658,"[온가족특가] JTBC 6개월 약정 기간 내내 월 3,300원","20260626",TOAST,"20260421","20260531",PM30000269,1
C2600TJ,<데드 오브 윈터> 할인쿠폰 프로모션,A1SA1020261000121361,"[데드 오브 윈터 런칭] 영화 3,300원 할인","20260717",TOAST,"20260622","20260731",PPV 등,2
C2600QR,"6월 성인 1+1 프로모션_추가 (6/12~14 구매자)",A1SA1020261000121168,"[1+1이벤트] 3,300원 할인 쿠폰","20260716",TOAST,"20260609","20260731",PPV 등,1
C2600KK,"CJ ENM 월정액 3개월 5,500원_5월 2차",A1CP1020261000120659,"[온가족특가] CJ ENM 월정액 3개월 내내 5,500원","20260628",TOAST,"20260422","20260531",PM30000154,1
C2600L8,"26년 5월_B tv+ 비플리_UI 541 이상_1차(~5/17)_2(1770)",DummyOffer,,"20260607",TOAST,,,PPV 등,1
C2600JZ,"JTBC 월정액 6개월 약정 3,300원_5월 2차",A1CP1020261000120658,"[온가족특가] JTBC 6개월 약정 기간 내내 월 3,300원","20260711",TOAST,"20260421","20260531",PM30000269,1
C2600L9,"26년 5월_B tv+ 비플리_UI 541 이상_1차(~5/17)_3(1770)",DummyOffer,,"20260517",TOAST,,,PPV 등,29685
C2600K8,<몽타주: 6일간의 추격> 타겟 프로모션_40%_0430,A1SA1020261000120748,[즉시 할인] 몽타주: 6일간의 추격 40% 할인쿠폰,"20260507",TOAST,"20260403","20260430",PPV 등,1422
C2600QL,"2606_플레이보이 디맨드_첫달무료_리마인드_2차",,,"20260612",TOAST,,,PPV 등,36821
C2600T1,"26년 6월_B tv+ KBO 올스타전_UI 541 이상_3",DummyOffer,,"20260701",TOAST,,,PPV 등,98883
C2600P0,<쉘터> 타겟 프로모션_30%_0604,A1SA1020261000120953,[즉시 할인] 쉘터 30% 할인쿠폰,"20260614",TOAST,"20260526","20260630",PPV 등,1228
C2600KD,[주기성/쿠폰] <프로젝트헤일메리&인생SF전> 할인쿠폰 프로모션,A1PR1020261000120752,[프로젝트헤일메리] 인생SF영화 추가 30% 할인,"20260510",TOAST,"20260430","20260524",PPV 등,623
C2600T1,"26년 6월_B tv+ KBO 올스타전_UI 541 이상_3",DummyOffer,,"20260709",TOAST,,,PPV 등,439
C2600TO,<마이클> 할인쿠폰 프로모션,A1SA1020261000121261,"[마이클 런칭] 영화 3,300원 할인","20260708",TOAST,"20260616","20260815",PPV 등,862
C2600SJ,[주기성]프라다입고문워크 신작혜택파티 프로모션,A1PR1020261000121272,[신작혜택파티] 영화 30% 할인(악마는프라다2 외 대상작),"20260702",TOAST,"20260618","20260706",PPV 등,738
C2600OJ,"2606_플레이보이 디맨드_첫달무료",,,"20260606",TOAST,,,PPV 등,163
C2600XG,"26년 7월 B tv+ 할인 연장 캠페인_6개월/9개월 할인재연",A1CP1020261000121664,"[가입 유지 선물] B tv+ 월 5,500원 이용 혜택 6개월 자동 연장_7월","20260730",TOAST,"20260721","20260831",PPV 등,7
C2600WG,<디스클로저 데이> 할인쿠폰 프로모션,A1SA1020261000121558,"[디스클로저 데이 런칭] 영화 3,300원 할인","20260726",TOAST,"20260713","20260831",PPV 등,186
C2600W3,비캐시 유효기간 임박고객 콘텐츠 구매 알림,,,"20260717",TOAST,,,PPV 등,76
C2600RX,"2606_비너스 디맨드_첫달무료_개편후",,,"20260711",TOAST,,,PPV 등,113
C2600S6,토이스토리 소장용 패키지 프로모션_수정,A1SA1020261000121259,"[토이 스토리 패키지 구매] 영화 5,500원 할인","20260704",TOAST,"20260615","20260731",PPV 등,26
C2600UN,"26년 7월_B tv+ KBS 이승철 콘서트_UI 541 이상_1",DummyOffer,,"20260725",TOAST,,,PPV 등,13
C2600SH,<납치 48시간> 할인쿠폰 프로모션,A1SA1020261000121265,"[납치 48시간 런칭] 영화 3,300원 할인","20260708",TOAST,"20260616","20260831",PPV 등,5
C2600KK,"CJ ENM 월정액 3개월 5,500원_5월 2차",A1CP1020261000120659,"[온가족특가] CJ ENM 월정액 3개월 내내 5,500원","20260723",TOAST,"20260422","20260531",PM30000154,1
C2600IP,"CJ ENM 월정액 3개월 5,500원_5월 1차",DummyOffer,,"20260623",TOAST,,,PPV 등,2
C2600VM,<헬파이어: 시수의 길> 할인쿠폰 프로모션,A1SA1020261000121461,"[헬파이어: 시수의 길 런칭] 영화 5,500원 할인","20260729",TOAST,"20260708","20260831",PPV 등,1
C2600ON,"26년 6월_B tv+ 국내여행_(6/3)_4567",DummyOffer,,"20260712",TOAST,,,PPV 등,1
C2600TH,<살목지> 할인쿠폰 프로모션,A1SA1020261000121380,"[살목지 런칭] 영화 3,300원 할인","20260715",TOAST,"20260629","20260731",PPV 등,1
C2600QY,수요1+1무비쿠폰(6월 쿠폰발급),A1PR1020261000121167,[금토일무비쿠폰] 20% 할인(5천원 이상 사용),"20260627",TOAST,"20260609","20261231",PPV 등,1
C2600QS,"6월 성인 1+1 프로모션_모바일_추가 (6/12~6/14 구매자)",A1SA1020261000121169,"[1+1이벤트] 3,300원 할인 쿠폰 (모바일)","20260617",TOAST,"20260609","20260731",PPV 등,2
C2600T7,<노멀> 할인쿠폰 프로모션,A1SA1020261000121162,"[노멀 런칭] 영화 3,300원 할인","20260713",TOAST,"20260605","20260731",PPV 등,1
C2600T9,"26년 6월 B tv+ 할인 연장 캠페인_8월할인 7,700원",A1CP1020261000121368,"[가입 유지 선물] B tv+ 월 7,700원 이용 혜택 6개월 자동 연장_6월",,TOAST,"20260625","20260731",PPV 등,0
C2600NU,[팝업] B tv All+(조합형)(26.6.2)_1-1차,,,,SMART,,,PPV 등,575800
C2600MO,[팝업] 밸류애드팀 STB 교체(26.5.25)_4-2차,,,,SMART,,,PPV 등,279643
C2600NY,[팝업] 밸류애드팀 Btv 업_장기(26.6.3)_1-3차,,,,SMART,,,PPV 등,174046
C2600PZ,SPOTV 6월 첫달무료_1차_0612,A1SA1020261000121164,[축구 이벤트] SPOTV Prime 1개월 무료,"20260619",SMART,"20260609","20260630",PM35000007,15405
C2600PZ,SPOTV 6월 첫달무료_1차_0612,A1SA1020261000121164,[축구 이벤트] SPOTV Prime 1개월 무료,"20260628",SMART,"20260609","20260630",PM35000007,85664
C2600LE,"CJ ENM 월정액 3개월 5,500원_5월 3차",A1CP1020261000120659,"[온가족특가] CJ ENM 월정액 3개월 내내 5,500원","20260531",SMART,"20260422","20260531",PM30000154,6104
C2600SG,"CJ ENM 월정액 3개월 5,500원_7월 1차",A1CP1020261000121358,"[쿨썸머 특가] CJ ENM 월정액 3개월 내내 월 5,500원",,SMART,"20260622","20260731",PM30000154,186270
C2600UE,"26년 7월_B tv+ 비플리_UI 541 이상_쿠폰&배너_3",A1CP1020261000121365,[고객님만 혜택] B tv+ 반값 할인 (최대 12개월),"20260730",SMART,"20260624","20260731",PM30000107,54133
C2600LY,"26년 5월_B tv+ 비플리_UI 541 이상_2차(~5/25)_2(1770)",A1CP1020261000120859,[가정의 달] B tv+ 12개월 50% 할인 (~5/25),"20260518",SMART,"20260515","20260525",PM30000107,11850
C2600S5,SPOTV 6월 첫달무료_1차_0622,A1SA1020261000121164,[축구 이벤트] SPOTV Prime 1개월 무료,"20260626",SMART,"20260609","20260630",PM35000007,11809
C2600PQ,통합 월정액 첫달 무료_6월 3차,A1CP1020261000120948,[이용 감사 혜택] 주요 월정액 1개월 100% 할인 (택1),"20260616",SMART,"20260526","20260630",PM30000176,3692
C2600W0,[팝업] 밸류애드팀 Btv 업_장기(26.7.22)_3-4차,,,,SMART,,,PPV 등,330805
C2600VT,[팝업] 밸류애드팀 Btv 업_단기(26.7.21)_3-2차,,,,SMART,,,PPV 등,298594
C2600T0,"26년 6월_B tv+ KBO 올스타전_UI 541 이상_2",A1CP1020261000121364,"[올스타전 특가] B tv+ 월 5,500원 혜택 (최대 12개월)","20260701",SMART,"20260624","20260705",PM30000107,3438
C2600LE,"CJ ENM 월정액 3개월 5,500원_5월 3차",A1CP1020261000120659,"[온가족특가] CJ ENM 월정액 3개월 내내 5,500원","20260523",SMART,"20260422","20260531",PM30000154,807
C2600QQ,통합 월정액 첫달 무료_6월 4차,A1CP1020261000120948,[이용 감사 혜택] 주요 월정액 1개월 100% 할인 (택1),"20260605",SMART,"20260526","20260630",PM30000176,449
C2600N5,(일회성) 6월 쿠폰팩 GCP(5/1~5/23가입)_TB,A1CP1020261000120865,[FREE PASS] B tv+ 1개월 무료_26년6월,"20260616",SMART,"20260519","20260629",PM30000107,51
C2600UD,"26년 7월_B tv+ 비플리_UI 541 이상_쿠폰&배너_2",A1CP1020261000121365,[고객님만 혜택] B tv+ 반값 할인 (최대 12개월),"20260714",SMART,"20260624","20260731",PM30000107,1597
C2600J7,"지상파 월정액 3개월 내내 5,500원_5월 2차",A1CP1020261000120660,"[온가족특가] 지상파 월정액 3개월 내내 월 5,500원","20260521",SMART,"20260422","20260531",PM30000150,236
C2600UF,"26년 7월_B tv+ 비플리_UI 541 이상_쿠폰&배너_4",A1CP1020261000121365,[고객님만 혜택] B tv+ 반값 할인 (최대 12개월),"20260711",SMART,"20260624","20260731",PM30000107,885
C2600TK,<메가 샤크 어택> 할인쿠폰 프로모션,A1SA1020261000121369,"[메가 샤크 어택 런칭] 영화 5,500원 할인","20260723",SMART,"20260626","20260731",PPV 등,21
C2600SH,<납치 48시간> 할인쿠폰 프로모션,A1SA1020261000121265,"[납치 48시간 런칭] 영화 3,300원 할인","20260710",SMART,"20260616","20260831",PPV 등,20
C2600LE,"CJ ENM 월정액 3개월 5,500원_5월 3차",A1CP1020261000120659,"[온가족특가] CJ ENM 월정액 3개월 내내 5,500원","20260502",SMART,"20260422","20260531",PM30000154,7
C2600PN,JTBC 월정액 첫달 무료_6월 2차,A1SA1020261000119567,[깜짝 특가] JTBC 월정액 1개월 100% 할인 쿠폰,"20260526",SMART,"20260119","20261231",PM30000269,52
C2600JE,<캣 앤 독> 할인쿠폰 프로모션,A1SA1020261000120747,"[캣 앤 독 런칭] 영화 5,500원 할인","20260519",SMART,"20260428","20260531",PPV 등,11
C2600T8,<살목지(2차)> 할인쿠폰 프로모션,A1SA1020261000121161,"[살목지 런칭] 영화 4,444원 할인","20260703",SMART,"20260605","20260731",PPV 등,19
C2600QV,"6월 성인 1+1 프로모션_모바일 (6/11~6/20)_수정",A1SA1020261000121169,"[1+1이벤트] 3,300원 할인 쿠폰 (모바일)","20260704",SMART,"20260609","20260731",PPV 등,11
C2600UP,<서퍼> 할인쿠폰 프로모션,A1SA1020261000121460,"[서퍼 런칭] 영화 3,300원 할인","20260731",SMART,"20260708","20260831",PPV 등,2
C2600LS,[팝업] 밸류애드팀 Btv 업_장기(26.5.20)_3-2차,,,,SMART,,,PPV 등,385294
C2600MK,"26년 5월_B tv+ 비플리_UI 541 이상_3차(~5/31)_1",A1CP1020261000120854,[가정의 달] B tv+ 12개월 50% 할인 (~5/31),"20260528",SMART,"20260507","20260531",PM30000107,11785
C2600OL,"지상파 월정액 첫달 3,300원_6월 2차",A1CP1020261000120947,"[6월 특가] 지상파 월정액 1개월 13,200원 할인","20260622",SMART,"20260526","20260630",PM30000150,180685
C2600N4,(주기성) 6월 쿠폰팩 GCP(5/24~6/21가입)_TB,A1CP1020261000120865,[FREE PASS] B tv+ 1개월 무료_26년6월,"20260628",SMART,"20260519","20260629",PM30000107,1805
C2600U3,[팝업] 밸류애드팀 Btv 업_단기(26.7.7)_1-1차,,,,SMART,,,PPV 등,277471
C2600UF,"26년 7월_B tv+ 비플리_UI 541 이상_쿠폰&배너_4",A1CP1020261000121365,[고객님만 혜택] B tv+ 반값 할인 (최대 12개월),"20260729",SMART,"20260624","20260731",PM30000107,187140
C2600P5,[주기성] 26년 6월_B tv+ 비플리_UI 541 이상_2~4차_1,A1CP1020261000120872,[위클리 혜택] B tv+ 12개월 50% 할인,"20260625",SMART,"20260520","20260630",PM30000107,5993
C2600N4,(주기성) 6월 쿠폰팩 GCP(5/24~6/21가입)_TB,A1CP1020261000120867,[FREE PASS] CJ ENM 1개월 무료_26년6월,"20260605",SMART,"20260519","20260629",PM30000154,53
C2600KN,JTBC 월정액 첫달 무료_5월 1차,A1SA1020261000119567,[깜짝 특가] JTBC 월정액 1개월 100% 할인 쿠폰,"20260513",SMART,"20260119","20261231",PM30000269,839
C2600SU,"26년 6월_B tv+ KBO 올스타전_UI 541 이상_1",A1CP1020261000121364,"[올스타전 특가] B tv+ 월 5,500원 혜택 (최대 12개월)","20260628",SMART,"20260624","20260705",PM30000107,2534
C2600UC,"26년 7월_B tv+ 비플리_UI 541 이상_쿠폰&배너_1",A1CP1020261000121365,[고객님만 혜택] B tv+ 반값 할인 (최대 12개월),"20260710",SMART,"20260624","20260731",PM30000107,4007
C2600UF,"26년 7월_B tv+ 비플리_UI 541 이상_쿠폰&배너_4",A1CP1020261000121365,[고객님만 혜택] B tv+ 반값 할인 (최대 12개월),"20260710",SMART,"20260624","20260731",PM30000107,856
C2600M8,<짱구> 할인쿠폰 프로모션,A1SA1020261000120863,"[짱구 런칭] 영화 5,500원 할인","20260525",SMART,"20260518","20260630",PPV 등,268
C2600N4,(주기성) 6월 쿠폰팩 GCP(5/24~6/21가입)_TB,A1SA1020261000120868,[FREE PASS] JTBC 1개월 무료_26년6월,"20260629",SMART,"20260519","20260629",PM30000269,921
C2600T8,<살목지(2차)> 할인쿠폰 프로모션,A1SA1020261000121161,"[살목지 런칭] 영화 4,444원 할인","20260704",SMART,"20260605","20260731",PPV 등,5
C2600LE,"CJ ENM 월정액 3개월 5,500원_5월 3차",A1CP1020261000120659,"[온가족특가] CJ ENM 월정액 3개월 내내 5,500원","20260525",SMART,"20260422","20260531",PM30000154,506
C2600UC,"26년 7월_B tv+ 비플리_UI 541 이상_쿠폰&배너_1",A1CP1020261000121365,[고객님만 혜택] B tv+ 반값 할인 (최대 12개월),"20260726",SMART,"20260624","20260731",PM30000107,128
C2600NI,<시에라 마드레: 카르텔 전쟁> 할인쿠폰 프로모션,A1SA1020261000120862,"[시에라 마드레: 카르텔 전쟁 런칭] 영화 5,500원 할인","20260611",SMART,"20260518","20260630",PPV 등,16
C2600UT,"7월 성인 1+1 앵콜 프로모션_모바일 (7/11~7/20)",A1SA1020261000121459,"[1+1 앵콜 이벤트] 3,300원 할인 쿠폰 (모바일)","20260726",SMART,"20260708","20260831",PPV 등,9
C2600UT,"7월 성인 1+1 앵콜 프로모션_모바일 (7/11~7/20)",A1SA1020261000121459,"[1+1 앵콜 이벤트] 3,300원 할인 쿠폰 (모바일)","20260725",SMART,"20260708","20260831",PPV 등,7
C2600PM,[보정용][D+1] 쿠폰팩 등록 혜택 지급_2601,A1PR1020261000119553,[쿠폰팩 등록 감사] VOD 20% 할인쿠폰,"20260707",SMART,"20260114","99991231",PPV 등,5
C2600TZ,"지상파 월정액 3개월 5,500원_7월 2차",A1CP1020261000121373,"[쿨썸머 특가] 지상파 월정액 3개월 내내 월 5,500원","20260703",SMART,"20260629","20260731",PM30000150,1
C2600QV,"6월 성인 1+1 프로모션_모바일 (6/11~6/20)_수정",A1SA1020261000121169,"[1+1이벤트] 3,300원 할인 쿠폰 (모바일)","20260701",SMART,"20260609","20260731",PPV 등,1
C2600JE,<캣 앤 독> 할인쿠폰 프로모션,A1SA1020261000120747,"[캣 앤 독 런칭] 영화 5,500원 할인","20260601",SMART,"20260428","20260531",PPV 등,2
C2600LF,"2605_SPOTV B캐시 프로모션_TB",,,,SMART,,,PPV 등,2436831
C2600MK,"26년 5월_B tv+ 비플리_UI 541 이상_3차(~5/31)_1",A1CP1020261000120854,[가정의 달] B tv+ 12개월 50% 할인 (~5/31),"20260531",SMART,"20260507","20260531",PM30000107,33679
C2600L7,"26년 5월_B tv+ 비플리_UI 541 이상_1차(~5/17)_1(1770)",DummyOffer,,,SMART,,,PPV 등,787596
C2600PW,<슈퍼 마리오 갤럭시> 런칭 안내 팝업 (6/11),,,,SMART,,,PPV 등,6359219
C2600KI,"JTBC 월정액 6개월 약정 3,300원_5월 3차",A1CP1020261000120658,"[온가족특가] JTBC 6개월 약정 기간 내내 월 3,300원","20260517",SMART,"20260421","20260531",PM30000269,920
C2600R3,[모바일 B tv] '26년 6월 수요 1+1 무비 쿠폰 앱푸쉬 (Mass),,,,SMART,,,PPV 등,922971
C2600P8,[주기성] 26년 6월_B tv+ 비플리_UI 541 이상_2~4차_4,A1CP1020261000120872,[위클리 혜택] B tv+ 12개월 50% 할인,"20260620",SMART,"20260520","20260630",PM30000107,20674
C2600O0,"26년 6월_B tv+ 짝수달 유료전환 테스트_UI 552 이상",A1CP1020261000120870,[6월 한정] B tv+ 첫달 무료,"20260614",SMART,"20260520","20260630",PM30000107,7882
C2600W1,"26년 7월_B tv+ KBS 이승철 콘서트_타임딜_UI 541 이상_2",A1CP1020261000121559,"[이승철 특가] B tv+ 월 5,500원 이용 혜택 (최대 12개월)",,SMART,"20260714","20260722",PM30000107,214542
C2600M8,<짱구> 할인쿠폰 프로모션,A1SA1020261000120863,"[짱구 런칭] 영화 5,500원 할인","20260530",SMART,"20260518","20260630",PPV 등,126
C2600UC,"26년 7월_B tv+ 비플리_UI 541 이상_쿠폰&배너_1",A1CP1020261000121365,[고객님만 혜택] B tv+ 반값 할인 (최대 12개월),"20260708",SMART,"20260624","20260731",PM30000107,5801
C2600T4,"26년 6월_B tv+ KBO 올스타전_UI 541 이상_4",A1CP1020261000121364,"[올스타전 특가] B tv+ 월 5,500원 혜택 (최대 12개월)","20260704",SMART,"20260624","20260705",PM30000107,76877
C2600S0,SPOTV 6월 첫달무료_2차_0620,A1SA1020261000121165,[MLB 이벤트] SPOTV Prime 1개월 무료,"20260623",SMART,"20260609","20260630",PM35000007,15640
C2600NE,통합 월정액 첫달 무료_6월 1차,A1CP1020261000120948,[이용 감사 혜택] 주요 월정액 1개월 100% 할인 (택1),"20260620",SMART,"20260526","20260630",PM30000176,2779
C2600X8,"26년 7월_B tv+ 7월 4주차 복날 타임딜_UI 541 이상_3_F",A1CP1020261000121662,"[복날 치킨비] B tv+ 월 5,500원 이용 혜택 (최대 12개월)","20260726",SMART,"20260721","20260726",PM30000107,26403
C2600XD,"26년 7월_B tv+ 7월 4주차 복날 타임딜_UI 541 이상_1_F",A1CP1020261000121662,"[복날 치킨비] B tv+ 월 5,500원 이용 혜택 (최대 12개월)","20260725",SMART,"20260721","20260726",PM30000107,79291
C2600JA,<오시리스> 할인쿠폰 프로모션,A1SA1020261000120652,"[오시리스 런칭] 영화 3,300원 할인","20260515",SMART,"20260421","20260531",PPV 등,51
C2600QP,"지상파 월정액 첫달 3,300원_6월 5차",A1CP1020261000120947,"[6월 특가] 지상파 월정액 1개월 13,200원 할인","20260611",SMART,"20260526","20260630",PM30000150,1579
C2600TF,"지상파 월정액 3개월 5,500원_7월 1차",A1CP1020261000121373,"[쿨썸머 특가] 지상파 월정액 3개월 내내 월 5,500원","20260708",SMART,"20260629","20260731",PM30000150,1270
C2600PP,"지상파 월정액 첫달 3,300원_6월 3차",A1CP1020261000120947,"[6월 특가] 지상파 월정액 1개월 13,200원 할인","20260603",SMART,"20260526","20260630",PM30000150,1843
C2600ND,"지상파 월정액 첫달 3,300원_6월 1차",A1CP1020261000120947,"[6월 특가] 지상파 월정액 1개월 13,200원 할인","20260605",SMART,"20260526","20260630",PM30000150,8997
C2600WJ,"CJ ENM 월정액 3개월 5,500원_7월 3차",A1CP1020261000121358,"[쿨썸머 특가] CJ ENM 월정액 3개월 내내 월 5,500원","20260725",SMART,"20260622","20260731",PM30000154,4310
C2600WK,JTBC 월정액 3개월 70% 할인_7월 3차,A1SA1020261000121374,[쿨썸머 특가] JTBC 월정액 3개월 내내 70% 할인,"20260728",SMART,"20260629","20260731",PM30000269,977
C2600TZ,"지상파 월정액 3개월 5,500원_7월 2차",A1CP1020261000121373,"[쿨썸머 특가] 지상파 월정액 3개월 내내 월 5,500원","20260731",SMART,"20260629","20260731",PM30000150,536
C2600IP,"CJ ENM 월정액 3개월 5,500원_5월 1차",A1CP1020261000120659,"[온가족특가] CJ ENM 월정액 3개월 내내 5,500원","20260525",SMART,"20260422","20260531",PM30000154,358
C2600N4,(주기성) 6월 쿠폰팩 GCP(5/24~6/21가입)_TB,A1SA1020261000120869,[FREE PASS] SPOTV 프라임패키지 1개월 무료_26년6월,"20260619",SMART,"20260519","20260629",PM35000007,88
C2600JZ,"JTBC 월정액 6개월 약정 3,300원_5월 2차",A1CP1020261000120658,"[온가족특가] JTBC 6개월 약정 기간 내내 월 3,300원","20260526",SMART,"20260421","20260531",PM30000269,152
C2600SH,<납치 48시간> 할인쿠폰 프로모션,A1SA1020261000121265,"[납치 48시간 런칭] 영화 3,300원 할인","20260709",SMART,"20260616","20260831",PPV 등,35
C2600N4,(주기성) 6월 쿠폰팩 GCP(5/24~6/21가입)_TB,A1CP1020261000120866,[FREE PASS] 지상파 3사 1개월 무료_26년6월,"20260615",SMART,"20260519","20260629",PM30000150,51
C2600TJ,<데드 오브 윈터> 할인쿠폰 프로모션,A1SA1020261000121361,"[데드 오브 윈터 런칭] 영화 3,300원 할인","20260725",SMART,"20260622","20260731",PPV 등,16
C2600UT,"7월 성인 1+1 앵콜 프로모션_모바일 (7/11~7/20)",A1SA1020261000121459,"[1+1 앵콜 이벤트] 3,300원 할인 쿠폰 (모바일)","20260730",SMART,"20260708","20260831",PPV 등,1
C2600SH,<납치 48시간> 할인쿠폰 프로모션,A1SA1020261000121265,"[납치 48시간 런칭] 영화 3,300원 할인","20260722",SMART,"20260616","20260831",PPV 등,9
C2600QS,"6월 성인 1+1 프로모션_모바일_추가 (6/12~6/14 구매자)",A1SA1020261000121169,"[1+1이벤트] 3,300원 할인 쿠폰 (모바일)","20260705",SMART,"20260609","20260731",PPV 등,8
C2600NL,<쉘터> 할인쿠폰 프로모션,A1SA1020261000120861,"[쉘터 런칭] 영화 3,300원 할인","20260609",SMART,"20260518","20260630",PPV 등,2
C2600IP,"CJ ENM 월정액 3개월 5,500원_5월 1차",A1CP1020261000120659,"[온가족특가] CJ ENM 월정액 3개월 내내 5,500원","20260531",SMART,"20260422","20260531",PM30000154,19332
C2600KK,"CJ ENM 월정액 3개월 5,500원_5월 2차",A1CP1020261000120659,"[온가족특가] CJ ENM 월정액 3개월 내내 5,500원","20260530",SMART,"20260422","20260531",PM30000154,7343
C2600O6,"26년 6월_B tv+ 비플리_UI 541 이상_1차 쿠폰(~6/7) & 배너(~6/30)_1",A1CP1020261000120872,[위클리 혜택] B tv+ 12개월 50% 할인,"20260621",SMART,"20260520","20260630",PM30000107,24129
C2600ND,"지상파 월정액 첫달 3,300원_6월 1차",A1CP1020261000120947,"[6월 특가] 지상파 월정액 1개월 13,200원 할인","20260614",SMART,"20260526","20260630",PM30000150,6525
C2600P6,[주기성] 26년 6월_B tv+ 비플리_UI 541 이상_2~4차_2,A1CP1020261000120872,[위클리 혜택] B tv+ 12개월 50% 할인,"20260624",SMART,"20260520","20260630",PM30000107,4809
C2600QP,"지상파 월정액 첫달 3,300원_6월 5차",A1CP1020261000120947,"[6월 특가] 지상파 월정액 1개월 13,200원 할인","20260624",SMART,"20260526","20260630",PM30000150,25980
C2600VD,"CJ ENM 월정액 3개월 5,500원_7월 2차",A1CP1020261000121358,"[쿨썸머 특가] CJ ENM 월정액 3개월 내내 월 5,500원",,SMART,"20260622","20260731",PM30000154,85243
C2600SU,"26년 6월_B tv+ KBO 올스타전_UI 541 이상_1",A1CP1020261000121364,"[올스타전 특가] B tv+ 월 5,500원 혜택 (최대 12개월)","20260702",SMART,"20260624","20260705",PM30000107,3068
C2600M8,<짱구> 할인쿠폰 프로모션,A1SA1020261000120863,"[짱구 런칭] 영화 5,500원 할인","20260613",SMART,"20260518","20260630",PPV 등,401
C2600SG,"CJ ENM 월정액 3개월 5,500원_7월 1차",A1CP1020261000121358,"[쿨썸머 특가] CJ ENM 월정액 3개월 내내 월 5,500원","20260715",SMART,"20260622","20260731",PM30000154,723
C2600QM,[보정용][주기성] 26년 6월_B tv+ 비플리_UI 541 이상_2~4차_1,A1CP1020261000120872,[위클리 혜택] B tv+ 12개월 50% 할인,"20260601",SMART,"20260520","20260630",PM30000107,658
C2600UC,"26년 7월_B tv+ 비플리_UI 541 이상_쿠폰&배너_1",A1CP1020261000121365,[고객님만 혜택] B tv+ 반값 할인 (최대 12개월),"20260730",SMART,"20260624","20260731",PM30000107,58961
C2600SA,SPOTV 6월 첫달무료_1차_0623,A1SA1020261000121164,[축구 이벤트] SPOTV Prime 1개월 무료,"20260614",SMART,"20260609","20260630",PM35000007,6449
C2600OL,"지상파 월정액 첫달 3,300원_6월 2차",A1CP1020261000120947,"[6월 특가] 지상파 월정액 1개월 13,200원 할인","20260609",SMART,"20260526","20260630",PM30000150,1051
C2600UE,"26년 7월_B tv+ 비플리_UI 541 이상_쿠폰&배너_3",A1CP1020261000121365,[고객님만 혜택] B tv+ 반값 할인 (최대 12개월),"20260711",SMART,"20260624","20260731",PM30000107,2537
C2600IP,"CJ ENM 월정액 3개월 5,500원_5월 1차",A1CP1020261000120659,"[온가족특가] CJ ENM 월정액 3개월 내내 5,500원","20260526",SMART,"20260422","20260531",PM30000154,359
C2600T0,"26년 6월_B tv+ KBO 올스타전_UI 541 이상_2",A1CP1020261000121364,"[올스타전 특가] B tv+ 월 5,500원 혜택 (최대 12개월)","20260628",SMART,"20260624","20260705",PM30000107,2069
C2600IY,"JTBC 월정액 6개월 약정 3,300원_5월 1차",A1CP1020261000120658,"[온가족특가] JTBC 6개월 약정 기간 내내 월 3,300원","20260510",SMART,"20260421","20260531",PM30000269,139
C2600N4,(주기성) 6월 쿠폰팩 GCP(5/24~6/21가입)_TB,A1CP1020261000120866,[FREE PASS] 지상파 3사 1개월 무료_26년6월,"20260614",SMART,"20260519","20260629",PM30000150,61
C2600UV,모아나 소장용 패키지 프로모션 (7/10),A1SA1020261000121465,"[모아나 패키지 구매] 영화 5,500원 할인","20260721",SMART,"20260708","20260831",PPV 등,35
C2600UV,모아나 소장용 패키지 프로모션 (7/10),A1SA1020261000121465,"[모아나 패키지 구매] 영화 5,500원 할인",,SMART,"20260708","20260831",PPV 등,189
C2600KN,JTBC 월정액 첫달 무료_5월 1차,A1SA1020261000119567,[깜짝 특가] JTBC 월정액 1개월 100% 할인 쿠폰,"20260621",SMART,"20260119","20261231",PM30000269,231
C2600LE,"CJ ENM 월정액 3개월 5,500원_5월 3차",A1CP1020261000120659,"[온가족특가] CJ ENM 월정액 3개월 내내 5,500원","20260501",SMART,"20260422","20260531",PM30000154,31
C2600KM,"지상파 월정액 3개월 내내 5,500원_5월 3차",A1CP1020261000120660,"[온가족특가] 지상파 월정액 3개월 내내 월 5,500원","20260524",SMART,"20260422","20260531",PM30000150,62
C2600S6,토이스토리 소장용 패키지 프로모션_수정,A1SA1020261000121259,"[토이 스토리 패키지 구매] 영화 5,500원 할인","20260623",SMART,"20260615","20260731",PPV 등,30
C2600QR,"6월 성인 1+1 프로모션_추가 (6/12~14 구매자)",A1SA1020261000121168,"[1+1이벤트] 3,300원 할인 쿠폰","20260620",SMART,"20260609","20260731",PPV 등,10
C2600QU,"6월 성인 1+1 프로모션 (6/11~6/20)_수정",A1SA1020261000121168,"[1+1이벤트] 3,300원 할인 쿠폰","20260624",SMART,"20260609","20260731",PPV 등,9
C2600TA,[주기성] 26년 7월_B tv+ 비플리_UI 541 이하_쿠폰,A1CP1020261000121366,[고객님만 혜택] B tv+ 반값 할인 (최대 12개월),"20260715",SMART,"20260624","20260731",PM30000107,6
C2600WK,JTBC 월정액 3개월 70% 할인_7월 3차,A1SA1020261000121374,[쿨썸머 특가] JTBC 월정액 3개월 내내 70% 할인,"20260706",SMART,"20260629","20260731",PM30000269,3
C2600MB,<힌드의 목소리> 할인쿠폰 프로모션,A1SA1020261000120864,"[힌드의 목소리 런칭] 영화 5,500원 할인","20260610",SMART,"20260519","20260630",PPV 등,1
C2600MW,[팝업] 밸류애드팀 Btv 업_장기(26.5.27)_4-2차,,,,SMART,,,PPV 등,382285
C2600OC,"26년 6월_B tv+ 비플리_UI 541 이상_1차 쿠폰(~6/7) & 배너(~6/30)_4",A1CP1020261000120872,[위클리 혜택] B tv+ 12개월 50% 할인,"20260628",SMART,"20260520","20260630",PM30000107,34050
C2600QP,"지상파 월정액 첫달 3,300원_6월 5차",A1CP1020261000120947,"[6월 특가] 지상파 월정액 1개월 13,200원 할인",,SMART,"20260526","20260630",PM30000150,90318
C2600UB,[팝업] 밸류애드팀 Btv 업_장기(26.7.8)_1-4차,,,,SMART,,,PPV 등,221451
C2600S5,SPOTV 6월 첫달무료_1차_0622,A1SA1020261000121164,[축구 이벤트] SPOTV Prime 1개월 무료,"20260625",SMART,"20260609","20260630",PM35000007,29050
C2600OC,"26년 6월_B tv+ 비플리_UI 541 이상_1차 쿠폰(~6/7) & 배너(~6/30)_4",A1CP1020261000120872,[위클리 혜택] B tv+ 12개월 50% 할인,"20260617",SMART,"20260520","20260630",PM30000107,786
C2600OC,"26년 6월_B tv+ 비플리_UI 541 이상_1차 쿠폰(~6/7) & 배너(~6/30)_4",A1CP1020261000120872,[위클리 혜택] B tv+ 12개월 50% 할인,"20260607",SMART,"20260520","20260630",PM30000107,1848
C2600WP,[팝업] 밸류애드팀 STB 교체(26.7.27)_4-2차,,,,SMART,,,PPV 등,337653
C2600S5,SPOTV 6월 첫달무료_1차_0622,A1SA1020261000121164,[축구 이벤트] SPOTV Prime 1개월 무료,"20260612",SMART,"20260609","20260630",PM35000007,4693
C2600SG,"CJ ENM 월정액 3개월 5,500원_7월 1차",A1CP1020261000121358,"[쿨썸머 특가] CJ ENM 월정액 3개월 내내 월 5,500원","20260701",SMART,"20260622","20260731",PM30000154,9379
C2600UV,모아나 소장용 패키지 프로모션 (7/10),A1SA1020261000121465,"[모아나 패키지 구매] 영화 5,500원 할인","20260712",SMART,"20260708","20260831",PPV 등,16
C2600OY,통합 월정액 첫달 무료_6월 2차,A1CP1020261000120948,[이용 감사 혜택] 주요 월정액 1개월 100% 할인 (택1),"20260622",SMART,"20260526","20260630",PM30000176,889
C2600N5,(일회성) 6월 쿠폰팩 GCP(5/1~5/23가입)_TB,A1CP1020261000120865,[FREE PASS] B tv+ 1개월 무료_26년6월,"20260608",SMART,"20260519","20260629",PM30000107,135
C2600NI,<시에라 마드레: 카르텔 전쟁> 할인쿠폰 프로모션,A1SA1020261000120862,"[시에라 마드레: 카르텔 전쟁 런칭] 영화 5,500원 할인","20260601",SMART,"20260518","20260630",PPV 등,18
C2600VD,"CJ ENM 월정액 3개월 5,500원_7월 2차",A1CP1020261000121358,"[쿨썸머 특가] CJ ENM 월정액 3개월 내내 월 5,500원","20260727",SMART,"20260622","20260731",PM30000154,76
C2600NN,<코드 네임: 알라룸> 할인쿠폰 프로모션,A1SA1020261000120951,"[코드 네임: 알라룸 런칭] 영화 5,500원 할인","20260606",SMART,"20260526","20260630",PPV 등,12
C2600QS,"6월 성인 1+1 프로모션_모바일_추가 (6/12~6/14 구매자)",A1SA1020261000121169,"[1+1이벤트] 3,300원 할인 쿠폰 (모바일)",,SMART,"20260609","20260731",PPV 등,81
C2600PV,"26년 6월_B tv+ 파격할인_UI 541 이하_5",A1CP1020261000120874,"[파격할인] B tv+ 12개월 월 5,500원 혜택","20260613",SMART,"20260520","20260531",PM30000107,64
C2600TA,[주기성] 26년 7월_B tv+ 비플리_UI 541 이하_쿠폰,A1CP1020261000121366,[고객님만 혜택] B tv+ 반값 할인 (최대 12개월),"20260713",SMART,"20260624","20260731",PM30000107,12
C2600VD,"CJ ENM 월정액 3개월 5,500원_7월 2차",A1CP1020261000121358,"[쿨썸머 특가] CJ ENM 월정액 3개월 내내 월 5,500원","20260722",SMART,"20260622","20260731",PM30000154,96
C2600JA,<오시리스> 할인쿠폰 프로모션,A1SA1020261000120652,"[오시리스 런칭] 영화 3,300원 할인","20260503",SMART,"20260421","20260531",PPV 등,11
C2600NI,<시에라 마드레: 카르텔 전쟁> 할인쿠폰 프로모션,A1SA1020261000120862,"[시에라 마드레: 카르텔 전쟁 런칭] 영화 5,500원 할인","20260604",SMART,"20260518","20260630",PPV 등,18
C2600NI,<시에라 마드레: 카르텔 전쟁> 할인쿠폰 프로모션,A1SA1020261000120862,"[시에라 마드레: 카르텔 전쟁 런칭] 영화 5,500원 할인","20260606",SMART,"20260518","20260630",PPV 등,7
C2600O7,"2606_캐치온 해지방어_B tv+ Cross-sell",A1CP1020261000120958,[비밀 특가] B tv+ 1개월 100원,"20260613",SMART,"20260528","20260712",PM30000107,2
C2600NO,<푸틴: 절대 권력의 최후> 할인쿠폰 프로모션,A1SA1020261000120952,"[푸틴: 절대 권력의 최후 런칭] 영화 3,300원 할인","20260617",SMART,"20260526","20260630",PPV 등,2
C2600KN,JTBC 월정액 첫달 무료_5월 1차,A1SA1020261000119567,[깜짝 특가] JTBC 월정액 1개월 100% 할인 쿠폰,"20260529",SMART,"20260119","20261231",PM30000269,5
C2600QR,"6월 성인 1+1 프로모션_추가 (6/12~14 구매자)",A1SA1020261000121168,"[1+1이벤트] 3,300원 할인 쿠폰","20260627",SMART,"20260609","20260731",PPV 등,1
C2600QR,"6월 성인 1+1 프로모션_추가 (6/12~14 구매자)",A1SA1020261000121168,"[1+1이벤트] 3,300원 할인 쿠폰","20260626",SMART,"20260609","20260731",PPV 등,1
C2600O6,"26년 6월_B tv+ 비플리_UI 541 이상_1차 쿠폰(~6/7) & 배너(~6/30)_1",A1CP1020261000120872,[위클리 혜택] B tv+ 12개월 50% 할인,"20260626",SMART,"20260520","20260630",PM30000107,335962
C2600T0,"26년 6월_B tv+ KBO 올스타전_UI 541 이상_2",DummyOffer,,,SMART,,,PPV 등,791039
C2600M6,JTBC 월정액 첫달 무료_5월 2차,A1SA1020261000119567,[깜짝 특가] JTBC 월정액 1개월 100% 할인 쿠폰,"20260526",SMART,"20260119","20261231",PM30000269,2610
C2600P9,[팝업] 밸류애드팀 Btv 업_단기(26.6.9)_2-2차,,,,SMART,,,PPV 등,294754
C2600ND,"지상파 월정액 첫달 3,300원_6월 1차",A1CP1020261000120947,"[6월 특가] 지상파 월정액 1개월 13,200원 할인","20260619",SMART,"20260526","20260630",PM30000150,20691
C2600V5,[팝업] B tv 스탠다드+(조합형)_(26.7.14)_2-1차,,,,SMART,,,PPV 등,454015
C2600SU,"26년 6월_B tv+ KBO 올스타전_UI 541 이상_1",A1CP1020261000121364,"[올스타전 특가] B tv+ 월 5,500원 혜택 (최대 12개월)","20260705",SMART,"20260624","20260705",PM30000107,50536
C2600S1,SPOTV 6월 첫달무료_2차_0622,A1SA1020261000121165,[MLB 이벤트] SPOTV Prime 1개월 무료,"20260623",SMART,"20260609","20260630",PM35000007,63340
C2600N4,(주기성) 6월 쿠폰팩 GCP(5/24~6/21가입)_TB,A1CP1020261000120867,[FREE PASS] CJ ENM 1개월 무료_26년6월,"20260606",SMART,"20260519","20260629",PM30000154,33
C2600QP,"지상파 월정액 첫달 3,300원_6월 5차",A1CP1020261000120947,"[6월 특가] 지상파 월정액 1개월 13,200원 할인","20260607",SMART,"20260526","20260630",PM30000150,1751
C2600WD,통합 월정액 3개월 내내 80% 할인,A1CP1020261000121658,[쿨썸머 특가] 주요 월정액 3개월 내내 80% 할인 (택1),"20260730",SMART,"20260720","20260731",PM30000176,14945
C2600W2,"26년 7월_B tv+ KBS 이승철 콘서트_타임딜_UI 541 이상_3",A1CP1020261000121559,"[이승철 특가] B tv+ 월 5,500원 이용 혜택 (최대 12개월)","20260721",SMART,"20260714","20260722",PM30000107,54388
C2600QQ,통합 월정액 첫달 무료_6월 4차,A1CP1020261000120948,[이용 감사 혜택] 주요 월정액 1개월 100% 할인 (택1),"20260609",SMART,"20260526","20260630",PM30000176,1473
C2600TG,JTBC 월정액 3개월 70% 할인_7월 1차,A1SA1020261000121374,[쿨썸머 특가] JTBC 월정액 3개월 내내 70% 할인,"20260717",SMART,"20260629","20260731",PM30000269,368
C2600SG,"CJ ENM 월정액 3개월 5,500원_7월 1차",A1CP1020261000121358,"[쿨썸머 특가] CJ ENM 월정액 3개월 내내 월 5,500원","20260720",SMART,"20260622","20260731",PM30000154,511
C2600N4,(주기성) 6월 쿠폰팩 GCP(5/24~6/21가입)_TB,A1CP1020261000120866,[FREE PASS] 지상파 3사 1개월 무료_26년6월,"20260609",SMART,"20260519","20260629",PM30000150,213
C2600NN,<코드 네임: 알라룸> 할인쿠폰 프로모션,A1SA1020261000120951,"[코드 네임: 알라룸 런칭] 영화 5,500원 할인","20260610",SMART,"20260526","20260630",PPV 등,13
C2600M8,<짱구> 할인쿠폰 프로모션,A1SA1020261000120863,"[짱구 런칭] 영화 5,500원 할인","20260604",SMART,"20260518","20260630",PPV 등,296
C2600TF,"지상파 월정액 3개월 5,500원_7월 1차",A1CP1020261000121373,"[쿨썸머 특가] 지상파 월정액 3개월 내내 월 5,500원","20260713",SMART,"20260629","20260731",PM30000150,688
C2600VM,<헬파이어: 시수의 길> 할인쿠폰 프로모션,A1SA1020261000121461,"[헬파이어: 시수의 길 런칭] 영화 5,500원 할인",,SMART,"20260708","20260831",PPV 등,180
C2600TG,JTBC 월정액 3개월 70% 할인_7월 1차,A1SA1020261000121374,[쿨썸머 특가] JTBC 월정액 3개월 내내 70% 할인,"20260723",SMART,"20260629","20260731",PM30000269,155
C2600UU,"7월 성인 1+1 앵콜 프로모션_모바일 (7/11~7/20)",A1SA1020261000121458,"[1+1 앵콜 이벤트] 3,300원 할인 쿠폰","20260724",SMART,"20260708","20260831",PPV 등,294
C2600TJ,<데드 오브 윈터> 할인쿠폰 프로모션,A1SA1020261000121361,"[데드 오브 윈터 런칭] 영화 3,300원 할인","20260721",SMART,"20260622","20260731",PPV 등,14
C2600TK,<메가 샤크 어택> 할인쿠폰 프로모션,A1SA1020261000121369,"[메가 샤크 어택 런칭] 영화 5,500원 할인","20260722",SMART,"20260626","20260731",PPV 등,27
C2600TJ,<데드 오브 윈터> 할인쿠폰 프로모션,A1SA1020261000121361,"[데드 오브 윈터 런칭] 영화 3,300원 할인","20260703",SMART,"20260622","20260731",PPV 등,14
C2600JA,<오시리스> 할인쿠폰 프로모션,A1SA1020261000120652,"[오시리스 런칭] 영화 3,300원 할인","20260527",SMART,"20260421","20260531",PPV 등,18
C2600TJ,<데드 오브 윈터> 할인쿠폰 프로모션,A1SA1020261000121361,"[데드 오브 윈터 런칭] 영화 3,300원 할인","20260719",SMART,"20260622","20260731",PPV 등,34
C2600NI,<시에라 마드레: 카르텔 전쟁> 할인쿠폰 프로모션,A1SA1020261000120862,"[시에라 마드레: 카르텔 전쟁 런칭] 영화 5,500원 할인","20260609",SMART,"20260518","20260630",PPV 등,8
C2600LG,<스피드> 할인쿠폰 프로모션,A1SA1020261000120858,"[스피드 런칭] 영화 5,500원 할인","20260612",SMART,"20260512","20260531",PPV 등,2
C2600KN,JTBC 월정액 첫달 무료_5월 1차,A1SA1020261000119567,[깜짝 특가] JTBC 월정액 1개월 100% 할인 쿠폰,"20260530",SMART,"20260119","20261231",PM30000269,5
C2600WC,"지상파 월정액 3개월 5,500원_7월 3차",A1CP1020261000121373,"[쿨썸머 특가] 지상파 월정액 3개월 내내 월 5,500원","20260707",SMART,"20260629","20260731",PM30000150,1
C2600KA,"26년 5월_B tv+ 비플리_UI 540 이하(1969)_토팝 멀티스탭",DummyOffer,,,SMART,,,PPV 등,219617
C2600KR,[모바일 B tv] '26년 5월 <프로젝트헤일메리> 인생SF전 앱푸쉬(Mass),,,,SMART,,,PPV 등,934896
C2600KI,"JTBC 월정액 6개월 약정 3,300원_5월 3차",A1CP1020261000120658,"[온가족특가] JTBC 6개월 약정 기간 내내 월 3,300원","20260529",SMART,"20260421","20260531",PM30000269,144216
C2600SM,[팝업] 밸류애드팀 STB 교체(26.6.29)_5-2차,,,,SMART,,,PPV 등,351800
C2600SO,[팝업] 밸류애드팀 Btv 업_단기(26.6.30)_5-1차,,,,SMART,,,PPV 등,279169
C2600JZ,"JTBC 월정액 6개월 약정 3,300원_5월 2차",A1CP1020261000120658,"[온가족특가] JTBC 6개월 약정 기간 내내 월 3,300원","20260514",SMART,"20260421","20260531",PM30000269,236
C2600PY,SPOTV 6월 첫달무료_1차_0611,A1SA1020261000121164,[축구 이벤트] SPOTV Prime 1개월 무료,"20260614",SMART,"20260609","20260630",PM35000007,6413
C2600ML,"26년 5월_B tv+ 비플리_UI 541 이상_3차(~5/31)_2",A1CP1020261000120854,[가정의 달] B tv+ 12개월 50% 할인 (~5/31),"20260531",SMART,"20260507","20260531",PM30000107,29453
C2600P5,[주기성] 26년 6월_B tv+ 비플리_UI 541 이상_2~4차_1,A1CP1020261000120872,[위클리 혜택] B tv+ 12개월 50% 할인,"20260624",SMART,"20260520","20260630",PM30000107,5151
C2600NE,통합 월정액 첫달 무료_6월 1차,A1CP1020261000120948,[이용 감사 혜택] 주요 월정액 1개월 100% 할인 (택1),"20260606",SMART,"20260526","20260630",PM30000176,3157
C2600TF,"지상파 월정액 3개월 5,500원_7월 1차",A1CP1020261000121373,"[쿨썸머 특가] 지상파 월정액 3개월 내내 월 5,500원","20260715",SMART,"20260629","20260731",PM30000150,549
C2600RC,"<왕과 사는 남자> 타겟 프로모션_2,000원_0617",A1SA1020261000121266,"[즉시 할인] 왕과 사는 남자 2,200원 할인쿠폰","20260618",SMART,"20260616","20260731",PPV 등,38646
C2600S1,SPOTV 6월 첫달무료_2차_0622,A1SA1020261000121165,[MLB 이벤트] SPOTV Prime 1개월 무료,"20260628",SMART,"20260609","20260630",PM35000007,81713
C2600O0,"26년 6월_B tv+ 짝수달 유료전환 테스트_UI 552 이상",A1CP1020261000120870,[6월 한정] B tv+ 첫달 무료,"20260618",SMART,"20260520","20260630",PM30000107,3186
C2600WK,JTBC 월정액 3개월 70% 할인_7월 3차,A1SA1020261000121374,[쿨썸머 특가] JTBC 월정액 3개월 내내 70% 할인,"20260727",SMART,"20260629","20260731",PM30000269,1323
C2600QR,"6월 성인 1+1 프로모션_추가 (6/12~14 구매자)",A1SA1020261000121168,"[1+1이벤트] 3,300원 할인 쿠폰","20260616",SMART,"20260609","20260731",PPV 등,341
C2600TG,JTBC 월정액 3개월 70% 할인_7월 1차,A1SA1020261000121374,[쿨썸머 특가] JTBC 월정액 3개월 내내 70% 할인,"20260731",SMART,"20260629","20260731",PM30000269,5683
C2600T4,"26년 6월_B tv+ KBO 올스타전_UI 541 이상_4",A1CP1020261000121364,"[올스타전 특가] B tv+ 월 5,500원 혜택 (최대 12개월)","20260701",SMART,"20260624","20260705",PM30000107,324
C2600VD,"CJ ENM 월정액 3개월 5,500원_7월 2차",A1CP1020261000121358,"[쿨썸머 특가] CJ ENM 월정액 3개월 내내 월 5,500원","20260719",SMART,"20260622","20260731",PM30000154,303
C2600N4,(주기성) 6월 쿠폰팩 GCP(5/24~6/21가입)_TB,A1CP1020261000120865,[FREE PASS] B tv+ 1개월 무료_26년6월,"20260612",SMART,"20260519","20260629",PM30000107,73
C2600R6,<슈퍼 마리오 갤럭시> 할인쿠폰 프로모션,A1SA1020261000120961,"[슈퍼마리오 갤럭시 런칭] 영화 3,300원 할인","20260707",SMART,"20260529","20260623",PPV 등,461
C2600TM,<신의 악단> 할인쿠폰 프로모션,A1SA1020261000121384,"[신의 악단 런칭] 영화 3,300원 할인","20260727",SMART,"20260630","20260731",PPV 등,82
C2600Q5,<스위트 홈: 진격의 거인> 할인쿠폰 프로모션,A1SA1020261000121160,"[스위트 홈: 진격의 거인 런칭] 영화 3,300원 할인","20260701",SMART,"20260605","20260731",PPV 등,25
C2600N4,(주기성) 6월 쿠폰팩 GCP(5/24~6/21가입)_TB,A1SA1020261000120868,[FREE PASS] JTBC 1개월 무료_26년6월,"20260610",SMART,"20260519","20260629",PM30000269,129
C2600TK,<메가 샤크 어택> 할인쿠폰 프로모션,A1SA1020261000121369,"[메가 샤크 어택 런칭] 영화 5,500원 할인","20260719",SMART,"20260626","20260731",PPV 등,49
C2600NI,<시에라 마드레: 카르텔 전쟁> 할인쿠폰 프로모션,A1SA1020261000120862,"[시에라 마드레: 카르텔 전쟁 런칭] 영화 5,500원 할인","20260528",SMART,"20260518","20260630",PPV 등,17
C2600T7,<노멀> 할인쿠폰 프로모션,A1SA1020261000121162,"[노멀 런칭] 영화 3,300원 할인","20260704",SMART,"20260605","20260731",PPV 등,15
C2600SH,<납치 48시간> 할인쿠폰 프로모션,A1SA1020261000121265,"[납치 48시간 런칭] 영화 3,300원 할인","20260628",SMART,"20260616","20260831",PPV 등,14
C2600RD,"<짱구> 타겟 프로모션_2,000원_0617",A1SA1020261000121267,"[즉시 할인] 짱구 2,200원 할인쿠폰","20260618",SMART,"20260616","20260731",PPV 등,22881
C2600KM,"지상파 월정액 3개월 내내 5,500원_5월 3차",A1CP1020261000120660,"[온가족특가] 지상파 월정액 3개월 내내 월 5,500원","20260516",SMART,"20260422","20260531",PM30000150,180
C2600N5,(일회성) 6월 쿠폰팩 GCP(5/1~5/23가입)_TB,A1CP1020261000120865,[FREE PASS] B tv+ 1개월 무료_26년6월,"20260603",SMART,"20260519","20260629",PM30000107,663
C2600R7,노후 AP 교체 안내 TV팝업_2차,,,,SMART,,,PPV 등,42706
C2600UF,"26년 7월_B tv+ 비플리_UI 541 이상_쿠폰&배너_4",A1CP1020261000121365,[고객님만 혜택] B tv+ 반값 할인 (최대 12개월),"20260706",SMART,"20260624","20260731",PM30000107,25397
C2600OL,"지상파 월정액 첫달 3,300원_6월 2차",A1CP1020261000120947,"[6월 특가] 지상파 월정액 1개월 13,200원 할인","20260607",SMART,"20260526","20260630",PM30000150,1996
C2600M8,<짱구> 할인쿠폰 프로모션,A1SA1020261000120863,"[짱구 런칭] 영화 5,500원 할인","20260607",SMART,"20260518","20260630",PPV 등,509
C2600VD,"CJ ENM 월정액 3개월 5,500원_7월 2차",A1CP1020261000121358,"[쿨썸머 특가] CJ ENM 월정액 3개월 내내 월 5,500원","20260714",SMART,"20260622","20260731",PM30000154,2233
C2600XE,"26년 7월_B tv+ 7월 4주차 복날 타임딜_UI 541 이상_2_F",A1CP1020261000121662,"[복날 치킨비] B tv+ 월 5,500원 이용 혜택 (최대 12개월)","20260726",SMART,"20260721","20260726",PM30000107,57924
C2600QQ,통합 월정액 첫달 무료_6월 4차,A1CP1020261000120948,[이용 감사 혜택] 주요 월정액 1개월 100% 할인 (택1),"20260608",SMART,"20260526","20260630",PM30000176,1575
C2600R1,JTBC 월정액 첫달 무료_6월 3차,A1SA1020261000119567,[깜짝 특가] JTBC 월정액 1개월 100% 할인 쿠폰,"20260528",SMART,"20260119","20261231",PM30000269,162
C2600TI,JTBC 월정액 3개월 70% 할인_7월 2차,A1SA1020261000121374,[쿨썸머 특가] JTBC 월정액 3개월 내내 70% 할인,"20260710",SMART,"20260629","20260731",PM30000269,16432
C2600PN,JTBC 월정액 첫달 무료_6월 2차,A1SA1020261000119567,[깜짝 특가] JTBC 월정액 1개월 100% 할인 쿠폰,"20260512",SMART,"20260119","20261231",PM30000269,86
C2600TA,[주기성] 26년 7월_B tv+ 비플리_UI 541 이하_쿠폰,A1CP1020261000121366,[고객님만 혜택] B tv+ 반값 할인 (최대 12개월),"20260703",SMART,"20260624","20260731",PM30000107,126
C2600VN,<엘리베이션> 할인쿠폰 프로모션,A1SA1020261000121463,"[엘리베이션 런칭] 영화 3,300원 할인","20260729",SMART,"20260708","20260831",PPV 등,95
C2600TN,"7월 성인 1+1 프로모션_모바일 (7/1~7/10)",A1SA1020261000121371,"[1+1이벤트] 3,300원 할인 쿠폰 (모바일)","20260715",SMART,"20260626","20260731",PPV 등,35
C2600UT,"7월 성인 1+1 앵콜 프로모션_모바일 (7/11~7/20)",A1SA1020261000121459,"[1+1 앵콜 이벤트] 3,300원 할인 쿠폰 (모바일)","20260717",SMART,"20260708","20260831",PPV 등,8
C2600N5,(일회성) 6월 쿠폰팩 GCP(5/1~5/23가입)_TB,A1CP1020261000120865,[FREE PASS] B tv+ 1개월 무료_26년6월,"20260623",SMART,"20260519","20260629",PM30000107,40
C2600NI,<시에라 마드레: 카르텔 전쟁> 할인쿠폰 프로모션,A1SA1020261000120862,"[시에라 마드레: 카르텔 전쟁 런칭] 영화 5,500원 할인","20260602",SMART,"20260518","20260630",PPV 등,30
C2600JE,<캣 앤 독> 할인쿠폰 프로모션,A1SA1020261000120747,"[캣 앤 독 런칭] 영화 5,500원 할인",,SMART,"20260428","20260531",PPV 등,61
C2600SC,<금발이 되고 싶어> 할인쿠폰 프로모션,A1SA1020261000121360,"[금발이 되고 싶어 런칭] 영화 5,500원 할인","20260714",SMART,"20260622","20260731",PPV 등,8
C2600MB,<힌드의 목소리> 할인쿠폰 프로모션,A1SA1020261000120864,"[힌드의 목소리 런칭] 영화 5,500원 할인","20260525",SMART,"20260519","20260630",PPV 등,2
C2600R6,<슈퍼 마리오 갤럭시> 할인쿠폰 프로모션,A1SA1020261000120961,"[슈퍼마리오 갤럭시 런칭] 영화 3,300원 할인","20260703",SMART,"20260529","20260623",PPV 등,1
C2600KO,<폭탄> 할인쿠폰 프로모션,A1SA1020261000120751,"[폭탄 런칭] 영화 5,500원 할인","20260602",SMART,"20260430","20260531",PPV 등,1
C2600T7,<노멀> 할인쿠폰 프로모션,A1SA1020261000121162,"[노멀 런칭] 영화 3,300원 할인","20260713",SMART,"20260605","20260731",PPV 등,1
C2600KB,[주기성] 26년 5월_B tv+ 5월 비플리_가입자 제외,DummyOffer,,,SMART,,,PPV 등,33901
C2600SG,"CJ ENM 월정액 3개월 5,500원_7월 1차",A1CP1020261000121358,"[쿨썸머 특가] CJ ENM 월정액 3개월 내내 월 5,500원","20260731",SMART,"20260622","20260731",PM30000154,21166
C2600PT,"26년 6월_B tv+ 파격할인_UI 541 이상_3",DummyOffer,,,SMART,,,PPV 등,319601
C2600PR,"26년 6월_B tv+ 파격할인_UI 541 이상_1",A1CP1020261000120874,"[72시간 한정] B tv+ 12개월 월 5,500원 혜택","20260611",SMART,"20260526","20260614",PM30000107,282634
C2600KM,"지상파 월정액 3개월 내내 5,500원_5월 3차",A1CP1020261000120660,"[온가족특가] 지상파 월정액 3개월 내내 월 5,500원","20260509",SMART,"20260422","20260531",PM30000150,35642
C2600KK,"CJ ENM 월정액 3개월 5,500원_5월 2차",A1CP1020261000120659,"[온가족특가] CJ ENM 월정액 3개월 내내 5,500원","20260509",SMART,"20260422","20260531",PM30000154,25022
C2600J5,"지상파 월정액 3개월 내내 5,500원_5월 1차",A1CP1020261000120660,"[온가족특가] 지상파 월정액 3개월 내내 월 5,500원","20260524",SMART,"20260422","20260531",PM30000150,432
C2600N3,[주기성/쿠폰] <살목지&K-공포상영회> 할인쿠폰 프로모션,A1PR1020261000120873,[K-공포 상영회] 영화 50% 할인,"20260607",SMART,"20260520","20260609",PPV 등,15795
C2600S5,SPOTV 6월 첫달무료_1차_0622,A1SA1020261000121164,[축구 이벤트] SPOTV Prime 1개월 무료,"20260629",SMART,"20260609","20260630",PM35000007,36217
C2600O0,"26년 6월_B tv+ 짝수달 유료전환 테스트_UI 552 이상",A1CP1020261000120870,[6월 한정] B tv+ 첫달 무료,"20260622",SMART,"20260520","20260630",PM30000107,4889
C2600U1,[팝업] 밸류애드팀 STB 교체(26.7.6)_1-2차,,,,SMART,,,PPV 등,349288
C2600PP,"지상파 월정액 첫달 3,300원_6월 3차",A1CP1020261000120947,"[6월 특가] 지상파 월정액 1개월 13,200원 할인","20260630",SMART,"20260526","20260630",PM30000150,4898
C2600R5,<내 이름은> 할인쿠폰 프로모션,A1SA1020261000121159,"[내 이름은 런칭] 영화 5,500원 할인",,SMART,"20260605","20260731",PPV 등,397
C2600OA,"26년 6월_B tv+ 비플리_UI 541 이상_1차 쿠폰(~6/7) & 배너(~6/30)_2",A1CP1020261000120872,[위클리 혜택] B tv+ 12개월 50% 할인,"20260618",SMART,"20260520","20260630",PM30000107,801
C2600PN,JTBC 월정액 첫달 무료_6월 2차,A1SA1020261000119567,[깜짝 특가] JTBC 월정액 1개월 100% 할인 쿠폰,"20260516",SMART,"20260119","20261231",PM30000269,747
C2600OL,"지상파 월정액 첫달 3,300원_6월 2차",A1CP1020261000120947,"[6월 특가] 지상파 월정액 1개월 13,200원 할인","20260610",SMART,"20260526","20260630",PM30000150,916
C2600TL,"7월 성인 1+1 프로모션 (7/1~7/10)",A1SA1020261000121370,"[1+1이벤트] 3,300원 할인 쿠폰",,SMART,"20260626","20260731",PPV 등,2392
C2600VD,"CJ ENM 월정액 3개월 5,500원_7월 2차",A1CP1020261000121358,"[쿨썸머 특가] CJ ENM 월정액 3개월 내내 월 5,500원","20260715",SMART,"20260622","20260731",PM30000154,1238
C2600P5,[주기성] 26년 6월_B tv+ 비플리_UI 541 이상_2~4차_1,A1CP1020261000120872,[위클리 혜택] B tv+ 12개월 50% 할인,"20260612",SMART,"20260520","20260630",PM30000107,444
C2600UF,"26년 7월_B tv+ 비플리_UI 541 이상_쿠폰&배너_4",A1CP1020261000121365,[고객님만 혜택] B tv+ 반값 할인 (최대 12개월),"20260715",SMART,"20260624","20260731",PM30000107,108
C2600IY,"JTBC 월정액 6개월 약정 3,300원_5월 1차",A1CP1020261000120658,"[온가족특가] JTBC 6개월 약정 기간 내내 월 3,300원","20260521",SMART,"20260421","20260531",PM30000269,67
C2600N4,(주기성) 6월 쿠폰팩 GCP(5/24~6/21가입)_TB,A1SA1020261000120868,[FREE PASS] JTBC 1개월 무료_26년6월,"20260615",SMART,"20260519","20260629",PM30000269,46
C2600NO,<푸틴: 절대 권력의 최후> 할인쿠폰 프로모션,A1SA1020261000120952,"[푸틴: 절대 권력의 최후 런칭] 영화 3,300원 할인","20260621",SMART,"20260526","20260630",PPV 등,19
C2600N4,(주기성) 6월 쿠폰팩 GCP(5/24~6/21가입)_TB,A1CP1020261000120865,[FREE PASS] B tv+ 1개월 무료_26년6월,"20260618",SMART,"20260519","20260629",PM30000107,92
C2600N4,(주기성) 6월 쿠폰팩 GCP(5/24~6/21가입)_TB,A1SA1020261000120868,[FREE PASS] JTBC 1개월 무료_26년6월,"20260622",SMART,"20260519","20260629",PM30000269,37
C2600PV,"26년 6월_B tv+ 파격할인_UI 541 이하_5",A1CP1020261000120874,"[파격할인] B tv+ 12개월 월 5,500원 혜택","20260611",SMART,"20260520","20260531",PM30000107,2
C2600QS,"6월 성인 1+1 프로모션_모바일_추가 (6/12~6/14 구매자)",A1SA1020261000121169,"[1+1이벤트] 3,300원 할인 쿠폰 (모바일)","20260616",SMART,"20260609","20260731",PPV 등,11
C2600MB,<힌드의 목소리> 할인쿠폰 프로모션,A1SA1020261000120864,"[힌드의 목소리 런칭] 영화 5,500원 할인","20260524",SMART,"20260519","20260630",PPV 등,2
C2600O7,"2606_캐치온 해지방어_B tv+ Cross-sell",A1CP1020261000120958,[비밀 특가] B tv+ 1개월 100원,"20260601",SMART,"20260528","20260712",PM30000107,1
C2600KO,<폭탄> 할인쿠폰 프로모션,A1SA1020261000120751,"[폭탄 런칭] 영화 5,500원 할인","20260528",SMART,"20260430","20260531",PPV 등,2
C2600TA,[주기성] 26년 7월_B tv+ 비플리_UI 541 이하_쿠폰,A1CP1020261000121366,[고객님만 혜택] B tv+ 반값 할인 (최대 12개월),"20260627",SMART,"20260624","20260731",PM30000107,3
C2600R4,<피어스> 할인쿠폰 프로모션,A1SA1020261000121258,"[피어스 런칭] 영화 5,500원 할인","20260701",SMART,"20260615","20260731",PPV 등,1
C2600J7,"지상파 월정액 3개월 내내 5,500원_5월 2차",A1CP1020261000120660,"[온가족특가] 지상파 월정액 3개월 내내 월 5,500원","20260530",SMART,"20260422","20260531",PM30000150,45203
C2600NW,[팝업] 밸류애드팀 Btv 업_장기(26.6.3)_1-1차,,,,SMART,,,PPV 등,402711
C2600NR,[팝업] 밸류애드팀 Btv 업_단기(26.6.2)_1-1차,,,,SMART,,,PPV 등,279775
C2600UI,수요1+1무비쿠폰(7월 프로모션 안내),,,,SMART,,,PPV 등,3801871
C2600OC,"26년 6월_B tv+ 비플리_UI 541 이상_1차 쿠폰(~6/7) & 배너(~6/30)_4",A1CP1020261000120872,[위클리 혜택] B tv+ 12개월 50% 할인,"20260624",SMART,"20260520","20260630",PM30000107,5314
C2600ML,"26년 5월_B tv+ 비플리_UI 541 이상_3차(~5/31)_2",A1CP1020261000120854,[가정의 달] B tv+ 12개월 50% 할인 (~5/31),"20260527",SMART,"20260507","20260531",PM30000107,34198
C2600J7,"지상파 월정액 3개월 내내 5,500원_5월 2차",A1CP1020261000120660,"[온가족특가] 지상파 월정액 3개월 내내 월 5,500원","20260504",SMART,"20260422","20260531",PM30000150,4897
C2600KN,JTBC 월정액 첫달 무료_5월 1차,A1SA1020261000119567,[깜짝 특가] JTBC 월정액 1개월 100% 할인 쿠폰,"20260625",SMART,"20260119","20261231",PM30000269,10119
C2600N3,[주기성/쿠폰] <살목지&K-공포상영회> 할인쿠폰 프로모션,A1PR1020261000120873,[K-공포 상영회] 영화 50% 할인,"20260609",SMART,"20260520","20260609",PPV 등,2585
C2600KN,JTBC 월정액 첫달 무료_5월 1차,A1SA1020261000119567,[깜짝 특가] JTBC 월정액 1개월 100% 할인 쿠폰,"20260608",SMART,"20260119","20261231",PM30000269,5143
C2600KN,JTBC 월정액 첫달 무료_5월 1차,A1SA1020261000119567,[깜짝 특가] JTBC 월정액 1개월 100% 할인 쿠폰,"20260609",SMART,"20260119","20261231",PM30000269,2170
C2600LE,"CJ ENM 월정액 3개월 5,500원_5월 3차",A1CP1020261000120659,"[온가족특가] CJ ENM 월정액 3개월 내내 5,500원","20260520",SMART,"20260422","20260531",PM30000154,1306
C2600R1,JTBC 월정액 첫달 무료_6월 3차,A1SA1020261000119567,[깜짝 특가] JTBC 월정액 1개월 100% 할인 쿠폰,"20260604",SMART,"20260119","20261231",PM30000269,1132
C2600S5,SPOTV 6월 첫달무료_1차_0622,A1SA1020261000121164,[축구 이벤트] SPOTV Prime 1개월 무료,"20260617",SMART,"20260609","20260630",PM35000007,22276
C2600U6,[팝업] B tv All+(조합형)(26.7.7)_1-1차,,,,SMART,,,PPV 등,571940
C2600MN,"26년 5월_B tv+ 비플리_UI 541 이상_3차(~5/31)_4",A1CP1020261000120854,[가정의 달] B tv+ 12개월 50% 할인 (~5/31),"20260525",SMART,"20260507","20260531",PM30000107,271
C2600T0,"26년 6월_B tv+ KBO 올스타전_UI 541 이상_2",A1CP1020261000121364,"[올스타전 특가] B tv+ 월 5,500원 혜택 (최대 12개월)","20260705",SMART,"20260624","20260705",PM30000107,49654
C2600SJ,[주기성]프라다입고문워크 신작혜택파티 프로모션,A1PR1020261000121272,[신작혜택파티] 영화 30% 할인(악마는프라다2 외 대상작),"20260704",SMART,"20260618","20260706",PPV 등,6912
C2600TK,<메가 샤크 어택> 할인쿠폰 프로모션,A1SA1020261000121369,"[메가 샤크 어택 런칭] 영화 5,500원 할인",,SMART,"20260626","20260731",PPV 등,243
C2600TA,[주기성] 26년 7월_B tv+ 비플리_UI 541 이하_쿠폰,A1CP1020261000121366,[고객님만 혜택] B tv+ 반값 할인 (최대 12개월),"20260716",SMART,"20260624","20260731",PM30000107,418
C2600TA,[주기성] 26년 7월_B tv+ 비플리_UI 541 이하_쿠폰,A1CP1020261000121366,[고객님만 혜택] B tv+ 반값 할인 (최대 12개월),"20260701",SMART,"20260624","20260731",PM30000107,10
C2600UT,"7월 성인 1+1 앵콜 프로모션_모바일 (7/11~7/20)",A1SA1020261000121459,"[1+1 앵콜 이벤트] 3,300원 할인 쿠폰 (모바일)",,SMART,"20260708","20260831",PPV 등,261
C2600W7,"7월 성인 1+1 이열치열 프로모션 (7/21~/20)",A1SA1020261000121561,"[1+1 이열치열 이벤트] 3,300원 할인 쿠폰","20260730",SMART,"20260716","20260831",PPV 등,458
C2600S6,토이스토리 소장용 패키지 프로모션_수정,A1SA1020261000121259,"[토이 스토리 패키지 구매] 영화 5,500원 할인","20260719",SMART,"20260615","20260731",PPV 등,161
C2600TJ,<데드 오브 윈터> 할인쿠폰 프로모션,A1SA1020261000121361,"[데드 오브 윈터 런칭] 영화 3,300원 할인","20260705",SMART,"20260622","20260731",PPV 등,22
C2600M6,JTBC 월정액 첫달 무료_5월 2차,A1SA1020261000119567,[깜짝 특가] JTBC 월정액 1개월 100% 할인 쿠폰,"20260510",SMART,"20260119","20261231",PM30000269,6
C2600QR,"6월 성인 1+1 프로모션_추가 (6/12~14 구매자)",A1SA1020261000121168,"[1+1이벤트] 3,300원 할인 쿠폰","20260624",SMART,"20260609","20260731",PPV 등,3
C2600UP,<서퍼> 할인쿠폰 프로모션,A1SA1020261000121460,"[서퍼 런칭] 영화 3,300원 할인","20260724",SMART,"20260708","20260831",PPV 등,16
C2600S4,"6월 성인 1+1 프로모션_모바일 (6/21~6/30)",A1SA1020261000121171,"[1+1 앵콜 이벤트] 3,300원 할인 쿠폰 (모바일)","20260710",SMART,"20260609","20260731",PPV 등,2
C2600VM,<헬파이어: 시수의 길> 할인쿠폰 프로모션,A1SA1020261000121461,"[헬파이어: 시수의 길 런칭] 영화 5,500원 할인","20260723",SMART,"20260708","20260831",PPV 등,7
C2600OB,"26년 6월_B tv+ 비플리_UI 541 이상_1차 쿠폰(~6/7) & 배너(~6/30)_3",A1CP1020261000120872,[위클리 혜택] B tv+ 12개월 50% 할인,"20260627",SMART,"20260520","20260630",PM30000107,40411
C2600J5,"지상파 월정액 3개월 내내 5,500원_5월 1차",A1CP1020261000120660,"[온가족특가] 지상파 월정액 3개월 내내 월 5,500원","20260530",SMART,"20260422","20260531",PM30000150,62617
C2600KN,JTBC 월정액 첫달 무료_5월 1차,A1SA1020261000119567,[깜짝 특가] JTBC 월정액 1개월 100% 할인 쿠폰,"20260610",SMART,"20260119","20261231",PM30000269,838
C2600LY,"26년 5월_B tv+ 비플리_UI 541 이상_2차(~5/25)_2(1770)",A1CP1020261000120859,[가정의 달] B tv+ 12개월 50% 할인 (~5/25),"20260520",SMART,"20260515","20260525",PM30000107,6239
C2600OC,"26년 6월_B tv+ 비플리_UI 541 이상_1차 쿠폰(~6/7) & 배너(~6/30)_4",A1CP1020261000120872,[위클리 혜택] B tv+ 12개월 50% 할인,"20260615",SMART,"20260520","20260630",PM30000107,3433
C2600ND,"지상파 월정액 첫달 3,300원_6월 1차",A1CP1020261000120947,"[6월 특가] 지상파 월정액 1개월 13,200원 할인","20260603",SMART,"20260526","20260630",PM30000150,2078
C2600T0,"26년 6월_B tv+ KBO 올스타전_UI 541 이상_2",A1CP1020261000121364,"[올스타전 특가] B tv+ 월 5,500원 혜택 (최대 12개월)","20260630",SMART,"20260624","20260705",PM30000107,4332
C2600UM,[모바일 B tv] '26년 7월 수요 1+1 무비 쿠폰 앱푸쉬 (Mass),,,,SMART,,,PPV 등,915733
C2600PZ,SPOTV 6월 첫달무료_1차_0612,A1SA1020261000121164,[축구 이벤트] SPOTV Prime 1개월 무료,"20260613",SMART,"20260609","20260630",PM35000007,5347
C2600T4,"26년 6월_B tv+ KBO 올스타전_UI 541 이상_4",A1CP1020261000121364,"[올스타전 특가] B tv+ 월 5,500원 혜택 (최대 12개월)","20260630",SMART,"20260624","20260705",PM30000107,595
C2600UU,"7월 성인 1+1 앵콜 프로모션_모바일 (7/11~7/20)",A1SA1020261000121458,"[1+1 앵콜 이벤트] 3,300원 할인 쿠폰",,SMART,"20260708","20260831",PPV 등,2504
C2600QN,"지상파 월정액 첫달 3,300원_6월 4차",A1CP1020261000120947,"[6월 특가] 지상파 월정액 1개월 13,200원 할인","20260611",SMART,"20260526","20260630",PM30000150,4190
C2600TL,"7월 성인 1+1 프로모션 (7/1~7/10)",A1SA1020261000121370,"[1+1이벤트] 3,300원 할인 쿠폰","20260709",SMART,"20260626","20260731",PPV 등,255
C2600M8,<짱구> 할인쿠폰 프로모션,A1SA1020261000120863,"[짱구 런칭] 영화 5,500원 할인","20260528",SMART,"20260518","20260630",PPV 등,153
C2600N4,(주기성) 6월 쿠폰팩 GCP(5/24~6/21가입)_TB,A1SA1020261000120868,[FREE PASS] JTBC 1개월 무료_26년6월,"20260609",SMART,"20260519","20260629",PM30000269,241
C2600UV,모아나 소장용 패키지 프로모션 (7/10),A1SA1020261000121465,"[모아나 패키지 구매] 영화 5,500원 할인","20260725",SMART,"20260708","20260831",PPV 등,72
C2600UV,모아나 소장용 패키지 프로모션 (7/10),A1SA1020261000121465,"[모아나 패키지 구매] 영화 5,500원 할인","20260722",SMART,"20260708","20260831",PPV 등,13
C2600TG,JTBC 월정액 3개월 70% 할인_7월 1차,A1SA1020261000121374,[쿨썸머 특가] JTBC 월정액 3개월 내내 70% 할인,"20260726",SMART,"20260629","20260731",PM30000269,152
C2600UV,모아나 소장용 패키지 프로모션 (7/10),A1SA1020261000121465,"[모아나 패키지 구매] 영화 5,500원 할인","20260731",SMART,"20260708","20260831",PPV 등,44
C2600US,<잠금: 셧다운> 할인쿠폰 프로모션,A1SA1020261000121462,"[잠금: 셧다운 런칭] 영화 5,500원 할인","20260729",SMART,"20260708","20260831",PPV 등,9
C2600S6,토이스토리 소장용 패키지 프로모션_수정,A1SA1020261000121259,"[토이 스토리 패키지 구매] 영화 5,500원 할인","20260721",SMART,"20260615","20260731",PPV 등,3
C2600JA,<오시리스> 할인쿠폰 프로모션,A1SA1020261000120652,"[오시리스 런칭] 영화 3,300원 할인","20260505",SMART,"20260421","20260531",PPV 등,1
C2600KI,"JTBC 월정액 6개월 약정 3,300원_5월 3차",A1CP1020261000120658,"[온가족특가] JTBC 6개월 약정 기간 내내 월 3,300원","20260530",SMART,"20260421","20260531",PM30000269,55035
C2600LE,"CJ ENM 월정액 3개월 5,500원_5월 3차",A1CP1020261000120659,"[온가족특가] CJ ENM 월정액 3개월 내내 5,500원","20260530",SMART,"20260422","20260531",PM30000154,14255
C2600L7,"26년 5월_B tv+ 비플리_UI 541 이상_1차(~5/17)_1(1770)",A1CP1020261000120853,[가정의 달] B tv+ 12개월 50% 할인 (~5/17),"20260512",SMART,"20260507","20260517",PM30000107,6871
C2600PE,[팝업] 밸류애드팀 Btv 업_장기(26.6.10)_2-2차,,,,SMART,,,PPV 등,375033
C2600L7,"26년 5월_B tv+ 비플리_UI 541 이상_1차(~5/17)_1(1770)",A1CP1020261000120853,[가정의 달] B tv+ 12개월 50% 할인 (~5/17),"20260514",SMART,"20260507","20260517",PM30000107,4579
C2600IP,"CJ ENM 월정액 3개월 5,500원_5월 1차",A1CP1020261000120659,"[온가족특가] CJ ENM 월정액 3개월 내내 5,500원","20260517",SMART,"20260422","20260531",PM30000154,500
C2600O0,"26년 6월_B tv+ 짝수달 유료전환 테스트_UI 552 이상",A1CP1020261000120870,[6월 한정] B tv+ 첫달 무료,"20260613",SMART,"20260520","20260630",PM30000107,7849
C2600SV,[팝업] 밸류애드팀 Btv 업_장기(26.7.1)_5-2차,,,,SMART,,,PPV 등,383063
C2600IP,"CJ ENM 월정액 3개월 5,500원_5월 1차",A1CP1020261000120659,"[온가족특가] CJ ENM 월정액 3개월 내내 5,500원","20260519",SMART,"20260422","20260531",PM30000154,281
C2600RK,[팝업] 밸류애드팀 STB 교체(26.6.22)_4-1차,,,,SMART,,,PPV 등,251179
C2600OB,"26년 6월_B tv+ 비플리_UI 541 이상_1차 쿠폰(~6/7) & 배너(~6/30)_3",A1CP1020261000120872,[위클리 혜택] B tv+ 12개월 50% 할인,"20260615",SMART,"20260520","20260630",PM30000107,556
C2600UD,"26년 7월_B tv+ 비플리_UI 541 이상_쿠폰&배너_2",A1CP1020261000121365,[고객님만 혜택] B tv+ 반값 할인 (최대 12개월),"20260712",SMART,"20260624","20260731",PM30000107,4180
C2600SG,"CJ ENM 월정액 3개월 5,500원_7월 1차",A1CP1020261000121358,"[쿨썸머 특가] CJ ENM 월정액 3개월 내내 월 5,500원","20260710",SMART,"20260622","20260731",PM30000154,1341
C2600PP,"지상파 월정액 첫달 3,300원_6월 3차",A1CP1020261000120947,"[6월 특가] 지상파 월정액 1개월 13,200원 할인","20260614",SMART,"20260526","20260630",PM30000150,7050
C2600SA,SPOTV 6월 첫달무료_1차_0623,A1SA1020261000121164,[축구 이벤트] SPOTV Prime 1개월 무료,"20260613",SMART,"20260609","20260630",PM35000007,5711
C2600P7,[주기성] 26년 6월_B tv+ 비플리_UI 541 이상_2~4차_3,A1CP1020261000120872,[위클리 혜택] B tv+ 12개월 50% 할인,"20260614",SMART,"20260520","20260630",PM30000107,554
C2600W3,비캐시 유효기간 임박고객 콘텐츠 구매 알림,,,,SMART,,,PPV 등,167
C2600S7,토이스토리 소장용 패키지 프로모션 (6/18~6/21 발급),A1SA1020261000121259,"[토이 스토리 패키지 구매] 영화 5,500원 할인",,SMART,"20260615","20260731",PPV 등,315
C2600OY,통합 월정액 첫달 무료_6월 2차,A1CP1020261000120948,[이용 감사 혜택] 주요 월정액 1개월 100% 할인 (택1),"20260623",SMART,"20260526","20260630",PM30000176,723
C2600N3,[주기성/쿠폰] <살목지&K-공포상영회> 할인쿠폰 프로모션,A1PR1020261000120873,[K-공포 상영회] 영화 50% 할인,"20260529",SMART,"20260520","20260609",PPV 등,89
C2600UC,"26년 7월_B tv+ 비플리_UI 541 이상_쿠폰&배너_1",A1CP1020261000121365,[고객님만 혜택] B tv+ 반값 할인 (최대 12개월),"20260721",SMART,"20260624","20260731",PM30000107,109
C2600IY,"JTBC 월정액 6개월 약정 3,300원_5월 1차",A1CP1020261000120658,"[온가족특가] JTBC 6개월 약정 기간 내내 월 3,300원","20260522",SMART,"20260421","20260531",PM30000269,65
C2600QV,"6월 성인 1+1 프로모션_모바일 (6/11~6/20)_수정",A1SA1020261000121169,"[1+1이벤트] 3,300원 할인 쿠폰 (모바일)","20260703",SMART,"20260609","20260731",PPV 등,41
C2600UC,"26년 7월_B tv+ 비플리_UI 541 이상_쿠폰&배너_1",A1CP1020261000121365,[고객님만 혜택] B tv+ 반값 할인 (최대 12개월),"20260725",SMART,"20260624","20260731",PM30000107,152
C2600NH,<리 크로닌의 미이라> 할인쿠폰 프로모션,A1SA1020261000120855,"[리 크로닌의 미이라] 영화 3,300원 할인","20260605",SMART,"20260507","20260630",PPV 등,16
C2600IY,"JTBC 월정액 6개월 약정 3,300원_5월 1차",A1CP1020261000120658,"[온가족특가] JTBC 6개월 약정 기간 내내 월 3,300원","20260528",SMART,"20260421","20260531",PM30000269,96
C2600TA,[주기성] 26년 7월_B tv+ 비플리_UI 541 이하_쿠폰,A1CP1020261000121366,[고객님만 혜택] B tv+ 반값 할인 (최대 12개월),"20260719",SMART,"20260624","20260731",PM30000107,5
C2600SH,<납치 48시간> 할인쿠폰 프로모션,A1SA1020261000121265,"[납치 48시간 런칭] 영화 3,300원 할인","20260717",SMART,"20260616","20260831",PPV 등,5
C2600UF,"26년 7월_B tv+ 비플리_UI 541 이상_쿠폰&배너_4",A1CP1020261000121365,[고객님만 혜택] B tv+ 반값 할인 (최대 12개월),"20260725",SMART,"20260624","20260731",PM30000107,10
C2600XH,"26년 7월 B tv+ 50% 할인 연장 캠페인_25년9월할인",A1CP1020261000121665,[가입 유지 선물] B tv+ 50% 할인 혜택 6개월 자동 연장_7월,"20260725",SMART,"20260721","20260831",PPV 등,1
C2600T7,<노멀> 할인쿠폰 프로모션,A1SA1020261000121162,"[노멀 런칭] 영화 3,300원 할인","20260708",SMART,"20260605","20260731",PPV 등,1
C2600JB,<극장의 시간들> 할인쿠폰 프로모션,A1SA1020261000120746,"[극장의 시간들 런칭] 영화 5,500원 할인","20260519",SMART,"20260428","20260531",PPV 등,1
C2600JB,<극장의 시간들> 할인쿠폰 프로모션,A1SA1020261000120746,"[극장의 시간들 런칭] 영화 5,500원 할인","20260517",SMART,"20260428","20260531",PPV 등,1
C2600MP,[팝업] 밸류애드팀 STB 교체(26.5.25)_4-3차,,,,SMART,,,PPV 등,330197
C2600P7,[주기성] 26년 6월_B tv+ 비플리_UI 541 이상_2~4차_3,A1CP1020261000120872,[위클리 혜택] B tv+ 12개월 50% 할인,"20260626",SMART,"20260520","20260630",PM30000107,231851
C2600O0,"26년 6월_B tv+ 짝수달 유료전환 테스트_UI 552 이상",A1CP1020261000120870,[6월 한정] B tv+ 첫달 무료,,SMART,"20260520","20260630",PM30000107,275130
C2600O0,"26년 6월_B tv+ 짝수달 유료전환 테스트_UI 552 이상",A1CP1020261000120870,[6월 한정] B tv+ 첫달 무료,"20260606",SMART,"20260520","20260630",PM30000107,18545
C2600J7,"지상파 월정액 3개월 내내 5,500원_5월 2차",A1CP1020261000120660,"[온가족특가] 지상파 월정액 3개월 내내 월 5,500원","20260513",SMART,"20260422","20260531",PM30000150,349
C2600LY,"26년 5월_B tv+ 비플리_UI 541 이상_2차(~5/25)_2(1770)",A1CP1020261000120859,[가정의 달] B tv+ 12개월 50% 할인 (~5/25),"20260522",SMART,"20260515","20260525",PM30000107,3963
C2600P7,[주기성] 26년 6월_B tv+ 비플리_UI 541 이상_2~4차_3,A1CP1020261000120872,[위클리 혜택] B tv+ 12개월 50% 할인,"20260619",SMART,"20260520","20260630",PM30000107,936
C2600SD,통합 월정액 첫달 90% 할인_추가 2차,A1CP1020261000121363,[쿨썸머 파격 특가] 주요 월정액 첫달 90% 할인 (택1),"20260626",SMART,"20260622","20260629",PM30000176,8734
C2600U4,[팝업] 밸류애드팀 Btv 업_단기(26.7.7)_1-2차,,,,SMART,,,PPV 등,303854
C2600UE,"26년 7월_B tv+ 비플리_UI 541 이상_쿠폰&배너_3",A1CP1020261000121365,[고객님만 혜택] B tv+ 반값 할인 (최대 12개월),,SMART,"20260624","20260731",PM30000107,62353
C2600ND,"지상파 월정액 첫달 3,300원_6월 1차",A1CP1020261000120947,"[6월 특가] 지상파 월정액 1개월 13,200원 할인","20260630",SMART,"20260526","20260630",PM30000150,4552
C2600TF,"지상파 월정액 3개월 5,500원_7월 1차",A1CP1020261000121373,"[쿨썸머 특가] 지상파 월정액 3개월 내내 월 5,500원","20260704",SMART,"20260629","20260731",PM30000150,11956
C2600IP,"CJ ENM 월정액 3개월 5,500원_5월 1차",A1CP1020261000120659,"[온가족특가] CJ ENM 월정액 3개월 내내 5,500원","20260511",SMART,"20260422","20260531",PM30000154,545
C2600PY,SPOTV 6월 첫달무료_1차_0611,A1SA1020261000121164,[축구 이벤트] SPOTV Prime 1개월 무료,"20260625",SMART,"20260609","20260630",PM35000007,38786
C2600QU,"6월 성인 1+1 프로모션 (6/11~6/20)_수정",A1SA1020261000121168,"[1+1이벤트] 3,300원 할인 쿠폰",,SMART,"20260609","20260731",PPV 등,2538
C2600SG,"CJ ENM 월정액 3개월 5,500원_7월 1차",A1CP1020261000121358,"[쿨썸머 특가] CJ ENM 월정액 3개월 내내 월 5,500원","20260725",SMART,"20260622","20260731",PM30000154,510
C2600W1,"26년 7월_B tv+ KBS 이승철 콘서트_타임딜_UI 541 이상_2",A1CP1020261000121559,"[이승철 특가] B tv+ 월 5,500원 이용 혜택 (최대 12개월)","20260719",SMART,"20260714","20260722",PM30000107,8382
C2600OA,"26년 6월_B tv+ 비플리_UI 541 이상_1차 쿠폰(~6/7) & 배너(~6/30)_2",A1CP1020261000120872,[위클리 혜택] B tv+ 12개월 50% 할인,"20260615",SMART,"20260520","20260630",PM30000107,2375
C2600SG,"CJ ENM 월정액 3개월 5,500원_7월 1차",A1CP1020261000121358,"[쿨썸머 특가] CJ ENM 월정액 3개월 내내 월 5,500원","20260721",SMART,"20260622","20260731",PM30000154,348
C2600TI,JTBC 월정액 3개월 70% 할인_7월 2차,A1SA1020261000121374,[쿨썸머 특가] JTBC 월정액 3개월 내내 70% 할인,"20260722",SMART,"20260629","20260731",PM30000269,298
C2600PN,JTBC 월정액 첫달 무료_6월 2차,A1SA1020261000119567,[깜짝 특가] JTBC 월정액 1개월 100% 할인 쿠폰,"20260529",SMART,"20260119","20261231",PM30000269,538
C2600TG,JTBC 월정액 3개월 70% 할인_7월 1차,A1SA1020261000121374,[쿨썸머 특가] JTBC 월정액 3개월 내내 70% 할인,"20260712",SMART,"20260629","20260731",PM30000269,1238
C2600M0,"26년 5월_B tv+ 비플리_UI 541 이상_2차(~5/25)_4(1770)",A1CP1020261000120859,[가정의 달] B tv+ 12개월 50% 할인 (~5/25),"20260519",SMART,"20260515","20260525",PM30000107,3103
C2600KM,"지상파 월정액 3개월 내내 5,500원_5월 3차",A1CP1020261000120660,"[온가족특가] 지상파 월정액 3개월 내내 월 5,500원","20260512",SMART,"20260422","20260531",PM30000150,753
C2600PN,JTBC 월정액 첫달 무료_6월 2차,A1SA1020261000119567,[깜짝 특가] JTBC 월정액 1개월 100% 할인 쿠폰,"20260510",SMART,"20260119","20261231",PM30000269,921
C2600UE,"26년 7월_B tv+ 비플리_UI 541 이상_쿠폰&배너_3",A1CP1020261000121365,[고객님만 혜택] B tv+ 반값 할인 (최대 12개월),"20260716",SMART,"20260624","20260731",PM30000107,430
C2600T4,"26년 6월_B tv+ KBO 올스타전_UI 541 이상_4",A1CP1020261000121364,"[올스타전 특가] B tv+ 월 5,500원 혜택 (최대 12개월)","20260702",SMART,"20260624","20260705",PM30000107,209
C2600SG,"CJ ENM 월정액 3개월 5,500원_7월 1차",A1CP1020261000121358,"[쿨썸머 특가] CJ ENM 월정액 3개월 내내 월 5,500원","20260726",SMART,"20260622","20260731",PM30000154,472
C2600QU,"6월 성인 1+1 프로모션 (6/11~6/20)_수정",A1SA1020261000121168,"[1+1이벤트] 3,300원 할인 쿠폰","20260612",SMART,"20260609","20260731",PPV 등,20
C2600PV,"26년 6월_B tv+ 파격할인_UI 541 이하_5",A1CP1020261000120874,"[72시간 한정] B tv+ 12개월 월 5,500원 혜택","20260614",SMART,"20260526","20260614",PM30000107,51
C2600N4,(주기성) 6월 쿠폰팩 GCP(5/24~6/21가입)_TB,A1CP1020261000120867,[FREE PASS] CJ ENM 1개월 무료_26년6월,"20260610",SMART,"20260519","20260629",PM30000154,128
C2600N4,(주기성) 6월 쿠폰팩 GCP(5/24~6/21가입)_TB,A1CP1020261000120866,[FREE PASS] 지상파 3사 1개월 무료_26년6월,"20260616",SMART,"20260519","20260629",PM30000150,65
C2600O7,"2606_캐치온 해지방어_B tv+ Cross-sell",A1CP1020261000120958,[비밀 특가] B tv+ 1개월 100원,"20260604",SMART,"20260528","20260712",PM30000107,3
C2600KM,"지상파 월정액 3개월 내내 5,500원_5월 3차",A1CP1020261000120660,"[온가족특가] 지상파 월정액 3개월 내내 월 5,500원","20260501",SMART,"20260422","20260531",PM30000150,8
C2600MU,[팝업] B tv 스탠다드+(조합형)_(26.5.26)_4-1차,,,,SMART,,,PPV 등,441226
C2600Q2,[팝업] 밸류애드팀 STB 교체(26.6.15))_3-1차,,,,SMART,,,PPV 등,253465
C2600MI,JTBC 월정액 첫달 무료_6월 1차,A1SA1020261000119567,[깜짝 특가] JTBC 월정액 1개월 100% 할인 쿠폰,"20260627",SMART,"20260119","20261231",PM30000269,18689
C2600S1,SPOTV 6월 첫달무료_2차_0622,,,,SMART,,,PPV 등,1901477
C2600N5,(일회성) 6월 쿠폰팩 GCP(5/1~5/23가입)_TB,A1CP1020261000120865,[FREE PASS] B tv+ 1개월 무료_26년6월,,SMART,"20260519","20260629",PM30000107,5452
C2600SD,통합 월정액 첫달 90% 할인_추가 2차,A1CP1020261000121363,[쿨썸머 파격 특가] 주요 월정액 첫달 90% 할인 (택1),"20260627",SMART,"20260622","20260629",PM30000176,30679
C2600V0,[팝업] 밸류애드팀 STB 교체(26.7.13)_2-3차,,,,SMART,,,PPV 등,197927
C2600SG,"CJ ENM 월정액 3개월 5,500원_7월 1차",A1CP1020261000121358,"[쿨썸머 특가] CJ ENM 월정액 3개월 내내 월 5,500원","20260711",SMART,"20260622","20260731",PM30000154,1985
C2600S3,"6월 성인 1+1 프로모션 (6/21~6/30)",A1SA1020261000121170,"[1+1 앵콜 이벤트] 3,300원 할인 쿠폰","20260714",SMART,"20260609","20260731",PPV 등,696
C2600MI,JTBC 월정액 첫달 무료_6월 1차,A1SA1020261000119567,[깜짝 특가] JTBC 월정액 1개월 100% 할인 쿠폰,"20260624",SMART,"20260119","20261231",PM30000269,970
C2600J7,"지상파 월정액 3개월 내내 5,500원_5월 2차",A1CP1020261000120660,"[온가족특가] 지상파 월정액 3개월 내내 월 5,500원","20260522",SMART,"20260422","20260531",PM30000150,236
C2600S3,"6월 성인 1+1 프로모션 (6/21~6/30)",A1SA1020261000121170,"[1+1 앵콜 이벤트] 3,300원 할인 쿠폰","20260709",SMART,"20260609","20260731",PPV 등,14
C2600TA,[주기성] 26년 7월_B tv+ 비플리_UI 541 이하_쿠폰,A1CP1020261000121366,[고객님만 혜택] B tv+ 반값 할인 (최대 12개월),"20260724",SMART,"20260624","20260731",PM30000107,112
C2600NL,<쉘터> 할인쿠폰 프로모션,A1SA1020261000120861,"[쉘터 런칭] 영화 3,300원 할인","20260605",SMART,"20260518","20260630",PPV 등,149
C2600JA,<오시리스> 할인쿠폰 프로모션,A1SA1020261000120652,"[오시리스 런칭] 영화 3,300원 할인",,SMART,"20260421","20260531",PPV 등,275
C2600KN,JTBC 월정액 첫달 무료_5월 1차,A1SA1020261000119567,[깜짝 특가] JTBC 월정액 1개월 100% 할인 쿠폰,"20260605",SMART,"20260119","20261231",PM30000269,74
C2600TJ,<데드 오브 윈터> 할인쿠폰 프로모션,A1SA1020261000121361,"[데드 오브 윈터 런칭] 영화 3,300원 할인","20260707",SMART,"20260622","20260731",PPV 등,28
C2600KO,<폭탄> 할인쿠폰 프로모션,A1SA1020261000120751,"[폭탄 런칭] 영화 5,500원 할인","20260527",SMART,"20260430","20260531",PPV 등,2
C2600UP,<서퍼> 할인쿠폰 프로모션,A1SA1020261000121460,"[서퍼 런칭] 영화 3,300원 할인","20260728",SMART,"20260708","20260831",PPV 등,16
C2600TH,<살목지> 할인쿠폰 프로모션,A1SA1020261000121380,"[살목지 런칭] 영화 3,300원 할인","20260709",SMART,"20260629","20260731",PPV 등,4
C2600OB,"26년 6월_B tv+ 비플리_UI 541 이상_1차 쿠폰(~6/7) & 배너(~6/30)_3",A1CP1020261000120872,[위클리 혜택] B tv+ 12개월 50% 할인,"20260604",SMART,"20260520","20260630",PM30000107,32
C2600NN,<코드 네임: 알라룸> 할인쿠폰 프로모션,A1SA1020261000120951,"[코드 네임: 알라룸 런칭] 영화 5,500원 할인","20260626",SMART,"20260526","20260630",PPV 등,4
C2600UT,"7월 성인 1+1 앵콜 프로모션_모바일 (7/11~7/20)",A1SA1020261000121459,"[1+1 앵콜 이벤트] 3,300원 할인 쿠폰 (모바일)","20260727",SMART,"20260708","20260831",PPV 등,4
C2600RN,[팝업] 밸류애드팀 Btv 업_단기(26.6.23)_4-1차,,,,SMART,,,PPV 등,281002
C2600PZ,SPOTV 6월 첫달무료_1차_0612,A1SA1020261000121164,[축구 이벤트] SPOTV Prime 1개월 무료,"20260627",SMART,"20260609","20260630",PM35000007,263547
C2600OA,"26년 6월_B tv+ 비플리_UI 541 이상_1차 쿠폰(~6/7) & 배너(~6/30)_2",A1CP1020261000120872,[위클리 혜택] B tv+ 12개월 50% 할인,"20260626",SMART,"20260520","20260630",PM30000107,358522
C2600L7,"26년 5월_B tv+ 비플리_UI 541 이상_1차(~5/17)_1(1770)",A1CP1020261000120853,[가정의 달] B tv+ 12개월 50% 할인 (~5/17),"20260517",SMART,"20260507","20260517",PM30000107,60008
C2600IP,"CJ ENM 월정액 3개월 5,500원_5월 1차",A1CP1020261000120659,"[온가족특가] CJ ENM 월정액 3개월 내내 5,500원","20260502",SMART,"20260422","20260531",PM30000154,4468
C2600XD,"26년 7월_B tv+ 7월 4주차 복날 타임딜_UI 541 이상_1_F",DummyOffer,,,SMART,,,PPV 등,782344
C2600O0,"26년 6월_B tv+ 짝수달 유료전환 테스트_UI 552 이상",A1CP1020261000120870,[6월 한정] B tv+ 첫달 무료,"20260602",SMART,"20260520","20260630",PM30000107,35640
C2600O0,"26년 6월_B tv+ 짝수달 유료전환 테스트_UI 552 이상",A1CP1020261000120870,[6월 한정] B tv+ 첫달 무료,"20260620",SMART,"20260520","20260630",PM30000107,7656
C2600MM,"26년 5월_B tv+ 비플리_UI 541 이상_3차(~5/31)_3",A1CP1020261000120854,[가정의 달] B tv+ 12개월 50% 할인 (~5/31),"20260527",SMART,"20260507","20260531",PM30000107,30073
C2600N4,(주기성) 6월 쿠폰팩 GCP(5/24~6/21가입)_TB,A1CP1020261000120866,[FREE PASS] 지상파 3사 1개월 무료_26년6월,"20260629",SMART,"20260519","20260629",PM30000150,899
C2600T4,"26년 6월_B tv+ KBO 올스타전_UI 541 이상_4",A1CP1020261000121364,"[올스타전 특가] B tv+ 월 5,500원 혜택 (최대 12개월)",,SMART,"20260624","20260705",PM30000107,28302
C2600UC,"26년 7월_B tv+ 비플리_UI 541 이상_쿠폰&배너_1",A1CP1020261000121365,[고객님만 혜택] B tv+ 반값 할인 (최대 12개월),"20260707",SMART,"20260624","20260731",PM30000107,10309
C2600P5,[주기성] 26년 6월_B tv+ 비플리_UI 541 이상_2~4차_1,A1CP1020261000120872,[위클리 혜택] B tv+ 12개월 50% 할인,"20260531",SMART,"20260520","20260630",PM30000107,915
C2600M6,JTBC 월정액 첫달 무료_5월 2차,A1SA1020261000119567,[깜짝 특가] JTBC 월정액 1개월 100% 할인 쿠폰,"20260610",SMART,"20260119","20261231",PM30000269,432
C2600N4,(주기성) 6월 쿠폰팩 GCP(5/24~6/21가입)_TB,A1CP1020261000120865,[FREE PASS] B tv+ 1개월 무료_26년6월,"20260605",SMART,"20260519","20260629",PM30000107,58
C2600VM,<헬파이어: 시수의 길> 할인쿠폰 프로모션,A1SA1020261000121461,"[헬파이어: 시수의 길 런칭] 영화 5,500원 할인","20260717",SMART,"20260708","20260831",PPV 등,14
C2600VN,<엘리베이션> 할인쿠폰 프로모션,A1SA1020261000121463,"[엘리베이션 런칭] 영화 3,300원 할인","20260722",SMART,"20260708","20260831",PPV 등,121
C2600QS,"6월 성인 1+1 프로모션_모바일_추가 (6/12~6/14 구매자)",A1SA1020261000121169,"[1+1이벤트] 3,300원 할인 쿠폰 (모바일)","20260704",SMART,"20260609","20260731",PPV 등,9
C2600NN,<코드 네임: 알라룸> 할인쿠폰 프로모션,A1SA1020261000120951,"[코드 네임: 알라룸 런칭] 영화 5,500원 할인","20260620",SMART,"20260526","20260630",PPV 등,26
C2600TH,<살목지> 할인쿠폰 프로모션,A1SA1020261000121380,"[살목지 런칭] 영화 3,300원 할인","20260711",SMART,"20260629","20260731",PPV 등,8
C2600JA,<오시리스> 할인쿠폰 프로모션,A1SA1020261000120652,"[오시리스 런칭] 영화 3,300원 할인","20260528",SMART,"20260421","20260531",PPV 등,1
C2600UP,<서퍼> 할인쿠폰 프로모션,A1SA1020261000121460,"[서퍼 런칭] 영화 3,300원 할인","20260722",SMART,"20260708","20260831",PPV 등,5
C2600UP,<서퍼> 할인쿠폰 프로모션,A1SA1020261000121460,"[서퍼 런칭] 영화 3,300원 할인","20260729",SMART,"20260708","20260831",PPV 등,10
C2600O7,"2606_캐치온 해지방어_B tv+ Cross-sell",A1CP1020261000120958,[비밀 특가] B tv+ 1개월 100원,"20260620",SMART,"20260528","20260712",PM30000107,4
C2600KO,<폭탄> 할인쿠폰 프로모션,A1SA1020261000120751,"[폭탄 런칭] 영화 5,500원 할인","20260517",SMART,"20260430","20260531",PPV 등,4
C2600LL,[팝업] 밸류애드팀 Btv 업_단기(26.5.19)_3-2차,,,,SMART,,,PPV 등,296826
C2600KI,"JTBC 월정액 6개월 약정 3,300원_5월 3차",A1CP1020261000120658,"[온가족특가] JTBC 6개월 약정 기간 내내 월 3,300원","20260508",SMART,"20260421","20260531",PM30000269,33671
C2600RG,"26년 6월_B tv+ 주말 야식비 지원_UI 541 이상_3",DummyOffer,,,SMART,,,PPV 등,318651
C2600JZ,"JTBC 월정액 6개월 약정 3,300원_5월 2차",A1CP1020261000120658,"[온가족특가] JTBC 6개월 약정 기간 내내 월 3,300원","20260504",SMART,"20260421","20260531",PM30000269,48494
C2600NX,[팝업] 밸류애드팀 Btv 업_장기(26.6.3)_1-2차,,,,SMART,,,PPV 등,377892
C2600OY,통합 월정액 첫달 무료_6월 2차,A1CP1020261000120948,[이용 감사 혜택] 주요 월정액 1개월 100% 할인 (택1),"20260608",SMART,"20260526","20260630",PM30000176,2692
C2600PY,SPOTV 6월 첫달무료_1차_0611,A1SA1020261000121164,[축구 이벤트] SPOTV Prime 1개월 무료,"20260618",SMART,"20260609","20260630",PM35000007,21813
C2600UC,"26년 7월_B tv+ 비플리_UI 541 이상_쿠폰&배너_1",A1CP1020261000121365,[고객님만 혜택] B tv+ 반값 할인 (최대 12개월),"20260713",SMART,"20260624","20260731",PM30000107,2025
C2600P5,[주기성] 26년 6월_B tv+ 비플리_UI 541 이상_2~4차_1,A1CP1020261000120872,[위클리 혜택] B tv+ 12개월 50% 할인,"20260605",SMART,"20260520","20260630",PM30000107,3304
C2600P0,<쉘터> 타겟 프로모션_30%_0604,A1SA1020261000120953,[즉시 할인] 쉘터 30% 할인쿠폰,"20260608",SMART,"20260526","20260630",PPV 등,6428
C2600QQ,통합 월정액 첫달 무료_6월 4차,A1CP1020261000120948,[이용 감사 혜택] 주요 월정액 1개월 100% 할인 (택1),"20260622",SMART,"20260526","20260630",PM30000176,4553
C2600WJ,"CJ ENM 월정액 3개월 5,500원_7월 3차",A1CP1020261000121358,"[쿨썸머 특가] CJ ENM 월정액 3개월 내내 월 5,500원","20260728",SMART,"20260622","20260731",PM30000154,1819
C2600N4,(주기성) 6월 쿠폰팩 GCP(5/24~6/21가입)_TB,A1SA1020261000120869,[FREE PASS] SPOTV 프라임패키지 1개월 무료_26년6월,"20260628",SMART,"20260519","20260629",PM35000007,1882
C2600TL,"7월 성인 1+1 프로모션 (7/1~7/10)",A1SA1020261000121370,"[1+1이벤트] 3,300원 할인 쿠폰","20260713",SMART,"20260626","20260731",PPV 등,420
C2600N4,(주기성) 6월 쿠폰팩 GCP(5/24~6/21가입)_TB,A1CP1020261000120866,[FREE PASS] 지상파 3사 1개월 무료_26년6월,"20260623",SMART,"20260519","20260629",PM30000150,58
C2600S6,토이스토리 소장용 패키지 프로모션_수정,A1SA1020261000121259,"[토이 스토리 패키지 구매] 영화 5,500원 할인","20260711",SMART,"20260615","20260731",PPV 등,138
C2600IP,"CJ ENM 월정액 3개월 5,500원_5월 1차",A1CP1020261000120659,"[온가족특가] CJ ENM 월정액 3개월 내내 5,500원","20260521",SMART,"20260422","20260531",PM30000154,262
C2600N4,(주기성) 6월 쿠폰팩 GCP(5/24~6/21가입)_TB,A1CP1020261000120866,[FREE PASS] 지상파 3사 1개월 무료_26년6월,"20260611",SMART,"20260519","20260629",PM30000150,82
C2600NI,<시에라 마드레: 카르텔 전쟁> 할인쿠폰 프로모션,A1SA1020261000120862,"[시에라 마드레: 카르텔 전쟁 런칭] 영화 5,500원 할인","20260619",SMART,"20260518","20260630",PPV 등,14
C2600S4,"6월 성인 1+1 프로모션_모바일 (6/21~6/30)",A1SA1020261000121171,"[1+1 앵콜 이벤트] 3,300원 할인 쿠폰 (모바일)","20260625",SMART,"20260609","20260731",PPV 등,41
C2600MI,JTBC 월정액 첫달 무료_6월 1차,A1SA1020261000119567,[깜짝 특가] JTBC 월정액 1개월 100% 할인 쿠폰,"20260526",SMART,"20260119","20261231",PM30000269,24
C2600NH,<리 크로닌의 미이라> 할인쿠폰 프로모션,A1SA1020261000120855,"[리 크로닌의 미이라] 영화 3,300원 할인","20260617",SMART,"20260507","20260630",PPV 등,36
C2600KO,<폭탄> 할인쿠폰 프로모션,A1SA1020261000120751,"[폭탄 런칭] 영화 5,500원 할인","20260514",SMART,"20260430","20260531",PPV 등,3
C2600SC,<금발이 되고 싶어> 할인쿠폰 프로모션,A1SA1020261000121360,"[금발이 되고 싶어 런칭] 영화 5,500원 할인","20260715",SMART,"20260622","20260731",PPV 등,3
C2600JB,<극장의 시간들> 할인쿠폰 프로모션,A1SA1020261000120746,"[극장의 시간들 런칭] 영화 5,500원 할인","20260516",SMART,"20260428","20260531",PPV 등,2
C2600MY,[팝업] 밸류애드팀 Btv 업_장기(26.5.27)_4-4차,,,,SMART,,,PPV 등,402636
C2600OC,"26년 6월_B tv+ 비플리_UI 541 이상_1차 쿠폰(~6/7) & 배너(~6/30)_4",A1CP1020261000120872,[위클리 혜택] B tv+ 12개월 50% 할인,"20260622",SMART,"20260520","20260630",PM30000107,66530
C2600N5,(일회성) 6월 쿠폰팩 GCP(5/1~5/23가입)_TB,A1CP1020261000120866,[FREE PASS] 지상파 3사 1개월 무료_26년6월,,SMART,"20260519","20260629",PM30000150,35510
C2600MI,JTBC 월정액 첫달 무료_6월 1차,A1SA1020261000119567,[깜짝 특가] JTBC 월정액 1개월 100% 할인 쿠폰,"20260608",SMART,"20260119","20261231",PM30000269,122887
C2600P5,[주기성] 26년 6월_B tv+ 비플리_UI 541 이상_2~4차_1,A1CP1020261000120872,[위클리 혜택] B tv+ 12개월 50% 할인,"20260621",SMART,"20260520","20260630",PM30000107,24041
C2600XQ,통합 월정액 3개월 내내 80% 할인_8월 2차,A1CP1020261000121658,[쿨썸머 특가] 주요 월정액 3개월 내내 80% 할인 (택1),"20260728",SMART,"20260720","20260731",PM30000176,223637
C2600T1,"26년 6월_B tv+ KBO 올스타전_UI 541 이상_3",A1CP1020261000121364,"[올스타전 특가] B tv+ 월 5,500원 혜택 (최대 12개월)","20260625",SMART,"20260624","20260705",PM30000107,4385
C2600SD,통합 월정액 첫달 90% 할인_추가 2차,A1CP1020261000121363,[쿨썸머 파격 특가] 주요 월정액 첫달 90% 할인 (택1),"20260624",SMART,"20260622","20260629",PM30000176,146945
C2600XE,"26년 7월_B tv+ 7월 4주차 복날 타임딜_UI 541 이상_2_F",A1CP1020261000121662,"[복날 치킨비] B tv+ 월 5,500원 이용 혜택 (최대 12개월)","20260724",SMART,"20260721","20260726",PM30000107,394980
C2600TF,"지상파 월정액 3개월 5,500원_7월 1차",A1CP1020261000121373,"[쿨썸머 특가] 지상파 월정액 3개월 내내 월 5,500원","20260705",SMART,"20260629","20260731",PM30000150,5581
C2600PN,JTBC 월정액 첫달 무료_6월 2차,A1SA1020261000119567,[깜짝 특가] JTBC 월정액 1개월 100% 할인 쿠폰,"20260511",SMART,"20260119","20261231",PM30000269,270
C2600WH,<군체> 할인쿠폰 프로모션,A1SA1020261000121563,[군체 런칭] 영화 20% 할인,"20260727",SMART,"20260716","20260831",PPV 등,3663
C2600P8,[주기성] 26년 6월_B tv+ 비플리_UI 541 이상_2~4차_4,A1CP1020261000120872,[위클리 혜택] B tv+ 12개월 50% 할인,"20260607",SMART,"20260520","20260630",PM30000107,1592
C2600UE,"26년 7월_B tv+ 비플리_UI 541 이상_쿠폰&배너_3",A1CP1020261000121365,[고객님만 혜택] B tv+ 반값 할인 (최대 12개월),"20260709",SMART,"20260624","20260731",PM30000107,2726
C2600R1,JTBC 월정액 첫달 무료_6월 3차,A1SA1020261000119567,[깜짝 특가] JTBC 월정액 1개월 100% 할인 쿠폰,"20260530",SMART,"20260119","20261231",PM30000269,95
C2600TM,<신의 악단> 할인쿠폰 프로모션,A1SA1020261000121384,"[신의 악단 런칭] 영화 3,300원 할인","20260724",SMART,"20260630","20260731",PPV 등,100
C2600PN,JTBC 월정액 첫달 무료_6월 2차,A1SA1020261000119567,[깜짝 특가] JTBC 월정액 1개월 100% 할인 쿠폰,"20260530",SMART,"20260119","20261231",PM30000269,349
C2600TM,<신의 악단> 할인쿠폰 프로모션,A1SA1020261000121384,"[신의 악단 런칭] 영화 3,300원 할인","20260713",SMART,"20260630","20260731",PPV 등,55
C2600S6,토이스토리 소장용 패키지 프로모션_수정,A1SA1020261000121259,"[토이 스토리 패키지 구매] 영화 5,500원 할인","20260707",SMART,"20260615","20260731",PPV 등,79
C2600NO,<푸틴: 절대 권력의 최후> 할인쿠폰 프로모션,A1SA1020261000120952,"[푸틴: 절대 권력의 최후 런칭] 영화 3,300원 할인","20260608",SMART,"20260526","20260630",PPV 등,19
C2600TO,<마이클> 할인쿠폰 프로모션,A1SA1020261000121261,"[마이클 런칭] 영화 3,300원 할인","20260711",SMART,"20260616","20260815",PPV 등,51
C2600TJ,<데드 오브 윈터> 할인쿠폰 프로모션,A1SA1020261000121361,"[데드 오브 윈터 런칭] 영화 3,300원 할인","20260716",SMART,"20260622","20260731",PPV 등,29
C2600L5,"26년 5월_B tv+ 크런치롤_할인쿠폰",A1PR1020261000120053,[크런치롤] B tv 애니 장르 30% 할인,"20260510",SMART,"20260225","20260531",PPV 등,1
C2600MF,AI커머스광고 5월 프로모션,,,,SMART,,,PPV 등,856555
C2600O0,"26년 6월_B tv+ 짝수달 유료전환 테스트_UI 552 이상",A1CP1020261000120870,[6월 한정] B tv+ 첫달 무료,"20260617",SMART,"20260520","20260630",PM30000107,3536
C2600P5,[주기성] 26년 6월_B tv+ 비플리_UI 541 이상_2~4차_1,A1CP1020261000120872,[위클리 혜택] B tv+ 12개월 50% 할인,"20260627",SMART,"20260520","20260630",PM30000107,98732
C2600P8,[주기성] 26년 6월_B tv+ 비플리_UI 541 이상_2~4차_4,A1CP1020261000120872,[위클리 혜택] B tv+ 12개월 50% 할인,"20260626",SMART,"20260520","20260630",PM30000107,429836
C2600V9,[팝업] 밸류애드팀 Btv 업_장기(26.7.15)_2-4차,,,,SMART,,,PPV 등,333424
C2600PY,SPOTV 6월 첫달무료_1차_0611,A1SA1020261000121164,[축구 이벤트] SPOTV Prime 1개월 무료,"20260627",SMART,"20260609","20260630",PM35000007,293126
C2600PA,[팝업] 밸류애드팀 Btv 업_단기(26.6.9)_2-3차,,,,SMART,,,PPV 등,145419
C2600S0,SPOTV 6월 첫달무료_2차_0620,A1SA1020261000121165,[MLB 이벤트] SPOTV Prime 1개월 무료,,SMART,"20260609","20260630",PM35000007,306140
C2600SX,[팝업] 밸류애드팀 Btv 업_장기(26.7.1)_5-4차,,,,SMART,,,PPV 등,222970
C2600P6,[주기성] 26년 6월_B tv+ 비플리_UI 541 이상_2~4차_2,A1CP1020261000120872,[위클리 혜택] B tv+ 12개월 50% 할인,"20260623",SMART,"20260520","20260630",PM30000107,6389
C2600LE,"CJ ENM 월정액 3개월 5,500원_5월 3차",A1CP1020261000120659,"[온가족특가] CJ ENM 월정액 3개월 내내 5,500원","20260518",SMART,"20260422","20260531",PM30000154,4795
C2600P5,[주기성] 26년 6월_B tv+ 비플리_UI 541 이상_2~4차_1,A1CP1020261000120872,[위클리 혜택] B tv+ 12개월 50% 할인,"20260623",SMART,"20260520","20260630",PM30000107,6440
C2600OC,"26년 6월_B tv+ 비플리_UI 541 이상_1차 쿠폰(~6/7) & 배너(~6/30)_4",A1CP1020261000120872,[위클리 혜택] B tv+ 12개월 50% 할인,"20260601",SMART,"20260520","20260630",PM30000107,1519
C2600PP,"지상파 월정액 첫달 3,300원_6월 3차",A1CP1020261000120947,"[6월 특가] 지상파 월정액 1개월 13,200원 할인","20260613",SMART,"20260526","20260630",PM30000150,14184
C2600OL,"지상파 월정액 첫달 3,300원_6월 2차",A1CP1020261000120947,"[6월 특가] 지상파 월정액 1개월 13,200원 할인","20260619",SMART,"20260526","20260630",PM30000150,2510
C2600VH,"26년 7월_B tv+ KBS 이승철 콘서트_타임딜_UI 541 이상_1",A1CP1020261000121559,"[이승철 특가] B tv+ 월 5,500원 이용 혜택 (최대 12개월)","20260721",SMART,"20260714","20260722",PM30000107,106016
C2600S5,SPOTV 6월 첫달무료_1차_0622,A1SA1020261000121164,[축구 이벤트] SPOTV Prime 1개월 무료,"20260614",SMART,"20260609","20260630",PM35000007,5423
C2600UE,"26년 7월_B tv+ 비플리_UI 541 이상_쿠폰&배너_3",A1CP1020261000121365,[고객님만 혜택] B tv+ 반값 할인 (최대 12개월),"20260708",SMART,"20260624","20260731",PM30000107,5067
C2600S3,"6월 성인 1+1 프로모션 (6/21~6/30)",A1SA1020261000121170,"[1+1 앵콜 이벤트] 3,300원 할인 쿠폰","20260627",SMART,"20260609","20260731",PPV 등,201
C2600QJ,"2606_무빙 연장 동의_TV팝업_12차",,,,SMART,,,PPV 등,4077
C2600N5,(일회성) 6월 쿠폰팩 GCP(5/1~5/23가입)_TB,A1CP1020261000120865,[FREE PASS] B tv+ 1개월 무료_26년6월,"20260620",SMART,"20260519","20260629",PM30000107,79
C2600N4,(주기성) 6월 쿠폰팩 GCP(5/24~6/21가입)_TB,A1SA1020261000120868,[FREE PASS] JTBC 1개월 무료_26년6월,"20260624",SMART,"20260519","20260629",PM30000269,42
C2600TZ,"지상파 월정액 3개월 5,500원_7월 2차",A1CP1020261000121373,"[쿨썸머 특가] 지상파 월정액 3개월 내내 월 5,500원","20260724",SMART,"20260629","20260731",PM30000150,112
C2600NO,<푸틴: 절대 권력의 최후> 할인쿠폰 프로모션,A1SA1020261000120952,"[푸틴: 절대 권력의 최후 런칭] 영화 3,300원 할인","20260620",SMART,"20260526","20260630",PPV 등,31
C2600NO,<푸틴: 절대 권력의 최후> 할인쿠폰 프로모션,A1SA1020261000120952,"[푸틴: 절대 권력의 최후 런칭] 영화 3,300원 할인","20260606",SMART,"20260526","20260630",PPV 등,10
C2600S6,토이스토리 소장용 패키지 프로모션_수정,A1SA1020261000121259,"[토이 스토리 패키지 구매] 영화 5,500원 할인","20260627",SMART,"20260615","20260731",PPV 등,3
C2600US,<잠금: 셧다운> 할인쿠폰 프로모션,A1SA1020261000121462,"[잠금: 셧다운 런칭] 영화 5,500원 할인","20260723",SMART,"20260708","20260831",PPV 등,9
C2600L2,[팝업] 밸류애드팀 Btv 업_장기(26.5.13)_2-3차,,,,SMART,,,PPV 등,396123
C2600OY,통합 월정액 첫달 무료_6월 2차,A1CP1020261000120948,[이용 감사 혜택] 주요 월정액 1개월 100% 할인 (택1),"20260626",SMART,"20260526","20260630",PM30000176,13040
C2600O9,"26년 6월_B tv+ 비플리_UI 541 이하_배너",DummyOffer,,,SMART,,,PPV 등,275576
C2600X8,"26년 7월_B tv+ 7월 4주차 복날 타임딜_UI 541 이상_3_F",DummyOffer,,,SMART,,,PPV 등,790381
C2600KK,"CJ ENM 월정액 3개월 5,500원_5월 2차",A1CP1020261000120659,"[온가족특가] CJ ENM 월정액 3개월 내내 5,500원","20260531",SMART,"20260422","20260531",PM30000154,3415
C2600RC,"<왕과 사는 남자> 타겟 프로모션_2,000원_0617",A1SA1020261000121266,"[즉시 할인] 왕과 사는 남자 2,200원 할인쿠폰","20260622",SMART,"20260616","20260731",PPV 등,16093
C2600QQ,통합 월정액 첫달 무료_6월 4차,A1CP1020261000120948,[이용 감사 혜택] 주요 월정액 1개월 100% 할인 (택1),"20260626",SMART,"20260526","20260630",PM30000176,65056
C2600PT,"26년 6월_B tv+ 파격할인_UI 541 이상_3",A1CP1020261000120874,"[파격할인] B tv+ 12개월 월 5,500원 혜택","20260611",SMART,"20260520","20260531",PM30000107,126868
C2600QM,[보정용][주기성] 26년 6월_B tv+ 비플리_UI 541 이상_2~4차_1,A1CP1020261000120872,[위클리 혜택] B tv+ 12개월 50% 할인,,SMART,"20260520","20260630",PM30000107,103809
C2600QN,"지상파 월정액 첫달 3,300원_6월 4차",A1CP1020261000120947,"[6월 특가] 지상파 월정액 1개월 13,200원 할인","20260619",SMART,"20260526","20260630",PM30000150,3894
C2600LX,"26년 5월_B tv+ 비플리_UI 541 이상_2차(~5/25)_1(1770)",A1CP1020261000120859,[가정의 달] B tv+ 12개월 50% 할인 (~5/25),"20260519",SMART,"20260515","20260525",PM30000107,7730
C2600PY,SPOTV 6월 첫달무료_1차_0611,A1SA1020261000121164,[축구 이벤트] SPOTV Prime 1개월 무료,"20260623",SMART,"20260609","20260630",PM35000007,93631
C2600J5,"지상파 월정액 3개월 내내 5,500원_5월 1차",A1CP1020261000120660,"[온가족특가] 지상파 월정액 3개월 내내 월 5,500원","20260519",SMART,"20260422","20260531",PM30000150,403
C2600QP,"지상파 월정액 첫달 3,300원_6월 5차",A1CP1020261000120947,"[6월 특가] 지상파 월정액 1개월 13,200원 할인","20260617",SMART,"20260526","20260630",PM30000150,5065
C2600VD,"CJ ENM 월정액 3개월 5,500원_7월 2차",A1CP1020261000121358,"[쿨썸머 특가] CJ ENM 월정액 3개월 내내 월 5,500원","20260716",SMART,"20260622","20260731",PM30000154,889
C2600TF,"지상파 월정액 3개월 5,500원_7월 1차",A1CP1020261000121373,"[쿨썸머 특가] 지상파 월정액 3개월 내내 월 5,500원","20260706",SMART,"20260629","20260731",PM30000150,3130
C2600LZ,"26년 5월_B tv+ 비플리_UI 541 이상_2차(~5/25)_3(1770)",A1CP1020261000120859,[가정의 달] B tv+ 12개월 50% 할인 (~5/25),"20260521",SMART,"20260515","20260525",PM30000107,2212
C2600SU,"26년 6월_B tv+ KBO 올스타전_UI 541 이상_1",A1CP1020261000121364,"[올스타전 특가] B tv+ 월 5,500원 혜택 (최대 12개월)","20260625",SMART,"20260624","20260705",PM30000107,11195
C2600TZ,"지상파 월정액 3개월 5,500원_7월 2차",A1CP1020261000121373,"[쿨썸머 특가] 지상파 월정액 3개월 내내 월 5,500원","20260720",SMART,"20260629","20260731",PM30000150,154
C2600S4,"6월 성인 1+1 프로모션_모바일 (6/21~6/30)",A1SA1020261000121171,"[1+1 앵콜 이벤트] 3,300원 할인 쿠폰 (모바일)","20260713",SMART,"20260609","20260731",PPV 등,194
C2600R5,<내 이름은> 할인쿠폰 프로모션,A1SA1020261000121159,"[내 이름은 런칭] 영화 5,500원 할인","20260623",SMART,"20260605","20260731",PPV 등,122
C2600JZ,"JTBC 월정액 6개월 약정 3,300원_5월 2차",A1CP1020261000120658,"[온가족특가] JTBC 6개월 약정 기간 내내 월 3,300원","20260519",SMART,"20260421","20260531",PM30000269,157
C2600J7,"지상파 월정액 3개월 내내 5,500원_5월 2차",A1CP1020261000120660,"[온가족특가] 지상파 월정액 3개월 내내 월 5,500원","20260519",SMART,"20260422","20260531",PM30000150,296
C2600IY,"JTBC 월정액 6개월 약정 3,300원_5월 1차",A1CP1020261000120658,"[온가족특가] JTBC 6개월 약정 기간 내내 월 3,300원","20260516",SMART,"20260421","20260531",PM30000269,118
C2600JA,<오시리스> 할인쿠폰 프로모션,A1SA1020261000120652,"[오시리스 런칭] 영화 3,300원 할인","20260512",SMART,"20260421","20260531",PPV 등,22
C2600Q5,<스위트 홈: 진격의 거인> 할인쿠폰 프로모션,A1SA1020261000121160,"[스위트 홈: 진격의 거인 런칭] 영화 3,300원 할인","20260703",SMART,"20260605","20260731",PPV 등,14
C2600S6,토이스토리 소장용 패키지 프로모션_수정,A1SA1020261000121259,"[토이 스토리 패키지 구매] 영화 5,500원 할인","20260624",SMART,"20260615","20260731",PPV 등,18
C2600O7,"2606_캐치온 해지방어_B tv+ Cross-sell",A1CP1020261000120958,[비밀 특가] B tv+ 1개월 100원,"20260618",SMART,"20260528","20260712",PM30000107,17
C2600TO,<마이클> 할인쿠폰 프로모션,A1SA1020261000121261,"[마이클 런칭] 영화 3,300원 할인","20260715",SMART,"20260616","20260815",PPV 등,3
C2600S6,토이스토리 소장용 패키지 프로모션_수정,A1SA1020261000121259,"[토이 스토리 패키지 구매] 영화 5,500원 할인","20260630",SMART,"20260615","20260731",PPV 등,2
C2600NJ,[팝업] 밸류애드팀 STB 교체(26.6.1))_1-1차,,,,SMART,,,PPV 등,293639
C2600K8,<몽타주: 6일간의 추격> 타겟 프로모션_40%_0430,A1SA1020261000120748,[즉시 할인] 몽타주: 6일간의 추격 40% 할인쿠폰,,SMART,"20260403","20260430",PPV 등,274251
C2600XQ,통합 월정액 3개월 내내 80% 할인_8월 2차,A1CP1020261000121658,[쿨썸머 특가] 주요 월정액 3개월 내내 80% 할인 (택1),"20260731",SMART,"20260720","20260731",PM30000176,17412
C2600PZ,SPOTV 6월 첫달무료_1차_0612,,,,SMART,,,PPV 등,1895877
C2600PU,"26년 6월_B tv+ 파격할인_UI 541 이상_4",A1CP1020261000120874,"[72시간 한정] B tv+ 12개월 월 5,500원 혜택","20260614",SMART,"20260526","20260614",PM30000107,133761
C2600ON,"26년 6월_B tv+ 국내여행_(6/3)_4567",DummyOffer,,,SMART,,,PPV 등,1082175
C2600MM,"26년 5월_B tv+ 비플리_UI 541 이상_3차(~5/31)_3",A1CP1020261000120854,[가정의 달] B tv+ 12개월 50% 할인 (~5/31),"20260526",SMART,"20260507","20260531",PM30000107,135089
C2600N3,[주기성/쿠폰] <살목지&K-공포상영회> 할인쿠폰 프로모션,A1PR1020261000120873,[K-공포 상영회] 영화 50% 할인,"20260606",SMART,"20260520","20260609",PPV 등,81
C2600N4,(주기성) 6월 쿠폰팩 GCP(5/24~6/21가입)_TB,A1SA1020261000120868,[FREE PASS] JTBC 1개월 무료_26년6월,"20260627",SMART,"20260519","20260629",PM30000269,4803
C2600QQ,통합 월정액 첫달 무료_6월 4차,A1CP1020261000120948,[이용 감사 혜택] 주요 월정액 1개월 100% 할인 (택1),"20260623",SMART,"20260526","20260630",PM30000176,3635
C2600N5,(일회성) 6월 쿠폰팩 GCP(5/1~5/23가입)_TB,A1CP1020261000120865,[FREE PASS] B tv+ 1개월 무료_26년6월,"20260628",SMART,"20260519","20260629",PM30000107,6818
C2600KI,"JTBC 월정액 6개월 약정 3,300원_5월 3차",A1CP1020261000120658,"[온가족특가] JTBC 6개월 약정 기간 내내 월 3,300원","20260521",SMART,"20260421","20260531",PM30000269,482
C2600PV,"26년 6월_B tv+ 파격할인_UI 541 이하_5",A1CP1020261000120874,"[파격할인] B tv+ 12개월 월 5,500원 혜택","20260612",SMART,"20260520","20260531",PM30000107,240
C2600XE,"26년 7월_B tv+ 7월 4주차 복날 타임딜_UI 541 이상_2_F",A1CP1020261000121662,"[복날 치킨비] B tv+ 월 5,500원 이용 혜택 (최대 12개월)","20260723",SMART,"20260721","20260726",PM30000107,6169
C2600VD,"CJ ENM 월정액 3개월 5,500원_7월 2차",A1CP1020261000121358,"[쿨썸머 특가] CJ ENM 월정액 3개월 내내 월 5,500원","20260720",SMART,"20260622","20260731",PM30000154,186
C2600TZ,"지상파 월정액 3개월 5,500원_7월 2차",A1CP1020261000121373,"[쿨썸머 특가] 지상파 월정액 3개월 내내 월 5,500원","20260729",SMART,"20260629","20260731",PM30000150,2605
C2600W7,"7월 성인 1+1 이열치열 프로모션 (7/21~/20)",A1SA1020261000121561,"[1+1 이열치열 이벤트] 3,300원 할인 쿠폰","20260727",SMART,"20260716","20260831",PPV 등,686
C2600IP,"CJ ENM 월정액 3개월 5,500원_5월 1차",A1CP1020261000120659,"[온가족특가] CJ ENM 월정액 3개월 내내 5,500원","20260524",SMART,"20260422","20260531",PM30000154,401
C2600Q3,"6월 성인 1+1 프로모션 (6/11~6/20)",A1SA1020261000121168,"[1+1이벤트] 3,300원 할인 쿠폰","20260704",SMART,"20260609","20260731",PPV 등,53
C2600TZ,"지상파 월정액 3개월 5,500원_7월 2차",A1CP1020261000121373,"[쿨썸머 특가] 지상파 월정액 3개월 내내 월 5,500원","20260716",SMART,"20260629","20260731",PM30000150,600
C2600KM,"지상파 월정액 3개월 내내 5,500원_5월 3차",A1CP1020261000120660,"[온가족특가] 지상파 월정액 3개월 내내 월 5,500원","20260527",SMART,"20260422","20260531",PM30000150,91
C2600Q4,"6월 성인 1+1 프로모션_모바일 (6/11~6/20)",A1SA1020261000121169,"[1+1이벤트] 3,300원 할인 쿠폰 (모바일)",,SMART,"20260609","20260731",PPV 등,18
C2600N4,(주기성) 6월 쿠폰팩 GCP(5/24~6/21가입)_TB,A1CP1020261000120866,[FREE PASS] 지상파 3사 1개월 무료_26년6월,"20260610",SMART,"20260519","20260629",PM30000150,92
C2600TK,<메가 샤크 어택> 할인쿠폰 프로모션,A1SA1020261000121369,"[메가 샤크 어택 런칭] 영화 5,500원 할인","20260704",SMART,"20260626","20260731",PPV 등,24
C2600N4,(주기성) 6월 쿠폰팩 GCP(5/24~6/21가입)_TB,A1SA1020261000120869,[FREE PASS] SPOTV 프라임패키지 1개월 무료_26년6월,"20260613",SMART,"20260519","20260629",PM35000007,42
C2600N4,(주기성) 6월 쿠폰팩 GCP(5/24~6/21가입)_TB,A1CP1020261000120866,[FREE PASS] 지상파 3사 1개월 무료_26년6월,"20260622",SMART,"20260519","20260629",PM30000150,49
C2600S7,토이스토리 소장용 패키지 프로모션 (6/18~6/21 발급),A1SA1020261000121259,"[토이 스토리 패키지 구매] 영화 5,500원 할인","20260707",SMART,"20260615","20260731",PPV 등,27
C2600KD,[주기성/쿠폰] <프로젝트헤일메리&인생SF전> 할인쿠폰 프로모션,A1PR1020261000120752,[프로젝트헤일메리] 인생SF영화 추가 30% 할인,"20260518",SMART,"20260430","20260524",PPV 등,48
C2600MB,<힌드의 목소리> 할인쿠폰 프로모션,A1SA1020261000120864,"[힌드의 목소리 런칭] 영화 5,500원 할인","20260520",SMART,"20260519","20260630",PPV 등,1
C2600NI,<시에라 마드레: 카르텔 전쟁> 할인쿠폰 프로모션,A1SA1020261000120862,"[시에라 마드레: 카르텔 전쟁 런칭] 영화 5,500원 할인","20260622",SMART,"20260518","20260630",PPV 등,7
C2600KM,"지상파 월정액 3개월 내내 5,500원_5월 3차",A1CP1020261000120660,"[온가족특가] 지상파 월정액 3개월 내내 월 5,500원","20260507",SMART,"20260422","20260531",PM30000150,1
C2600JB,<극장의 시간들> 할인쿠폰 프로모션,A1SA1020261000120746,"[극장의 시간들 런칭] 영화 5,500원 할인","20260510",SMART,"20260428","20260531",PPV 등,1
C2600S7,토이스토리 소장용 패키지 프로모션 (6/18~6/21 발급),A1SA1020261000121259,"[토이 스토리 패키지 구매] 영화 5,500원 할인","20260703",SMART,"20260615","20260731",PPV 등,1
C2600LH,[팝업] 밸류애드팀 STB 교체(26.5.18)_3-1차,,,,SMART,,,PPV 등,298956
C2600KW,[팝업] 밸류애드팀 Btv 업_단기(26.5.12)_2-2차,,,,SMART,,,PPV 등,291390
C2600P5,[주기성] 26년 6월_B tv+ 비플리_UI 541 이상_2~4차_1,A1CP1020261000120872,[위클리 혜택] B tv+ 12개월 50% 할인,"20260626",SMART,"20260520","20260630",PM30000107,336213
C2600M6,JTBC 월정액 첫달 무료_5월 2차,A1SA1020261000119567,[깜짝 특가] JTBC 월정액 1개월 100% 할인 쿠폰,"20260529",SMART,"20260119","20261231",PM30000269,43309
C2600P0,<쉘터> 타겟 프로모션_30%_0604,A1SA1020261000120953,[즉시 할인] 쉘터 30% 할인쿠폰,"20260611",SMART,"20260526","20260630",PPV 등,45316
C2600SA,SPOTV 6월 첫달무료_1차_0623,A1SA1020261000121164,[축구 이벤트] SPOTV Prime 1개월 무료,"20260629",SMART,"20260609","20260630",PM35000007,38859
C2600PR,"26년 6월_B tv+ 파격할인_UI 541 이상_1",A1CP1020261000120874,"[72시간 한정] B tv+ 12개월 월 5,500원 혜택","20260610",SMART,"20260526","20260614",PM30000107,27687
C2600PP,"지상파 월정액 첫달 3,300원_6월 3차",A1CP1020261000120947,"[6월 특가] 지상파 월정액 1개월 13,200원 할인","20260625",SMART,"20260526","20260630",PM30000150,6572
C2600PT,"26년 6월_B tv+ 파격할인_UI 541 이상_3",A1CP1020261000120874,"[파격할인] B tv+ 12개월 월 5,500원 혜택","20260613",SMART,"20260520","20260531",PM30000107,4441
C2600OY,통합 월정액 첫달 무료_6월 2차,A1CP1020261000120948,[이용 감사 혜택] 주요 월정액 1개월 100% 할인 (택1),"20260607",SMART,"20260526","20260630",PM30000176,4645
C2600LZ,"26년 5월_B tv+ 비플리_UI 541 이상_2차(~5/25)_3(1770)",A1CP1020261000120859,[가정의 달] B tv+ 12개월 50% 할인 (~5/25),"20260522",SMART,"20260515","20260525",PM30000107,1806
C2600MI,JTBC 월정액 첫달 무료_6월 1차,A1SA1020261000119567,[깜짝 특가] JTBC 월정액 1개월 100% 할인 쿠폰,"20260605",SMART,"20260119","20261231",PM30000269,2297
C2600SG,"CJ ENM 월정액 3개월 5,500원_7월 1차",A1CP1020261000121358,"[쿨썸머 특가] CJ ENM 월정액 3개월 내내 월 5,500원","20260708",SMART,"20260622","20260731",PM30000154,1194
C2600WC,"지상파 월정액 3개월 5,500원_7월 3차",A1CP1020261000121373,"[쿨썸머 특가] 지상파 월정액 3개월 내내 월 5,500원","20260724",SMART,"20260629","20260731",PM30000150,3129
C2600T4,"26년 6월_B tv+ KBO 올스타전_UI 541 이상_4",A1CP1020261000121364,"[올스타전 특가] B tv+ 월 5,500원 혜택 (최대 12개월)","20260629",SMART,"20260624","20260705",PM30000107,597
C2600UU,"7월 성인 1+1 앵콜 프로모션_모바일 (7/11~7/20)",A1SA1020261000121458,"[1+1 앵콜 이벤트] 3,300원 할인 쿠폰","20260722",SMART,"20260708","20260831",PPV 등,487
C2600N4,(주기성) 6월 쿠폰팩 GCP(5/24~6/21가입)_TB,A1CP1020261000120866,[FREE PASS] 지상파 3사 1개월 무료_26년6월,"20260603",SMART,"20260519","20260629",PM30000150,48
C2600O6,"26년 6월_B tv+ 비플리_UI 541 이상_1차 쿠폰(~6/7) & 배너(~6/30)_1",A1CP1020261000120872,[위클리 혜택] B tv+ 12개월 50% 할인,"20260613",SMART,"20260520","20260630",PM30000107,303
C2600TN,"7월 성인 1+1 프로모션_모바일 (7/1~7/10)",A1SA1020261000121371,"[1+1이벤트] 3,300원 할인 쿠폰 (모바일)",,SMART,"20260626","20260731",PPV 등,459
C2600SH,<납치 48시간> 할인쿠폰 프로모션,A1SA1020261000121265,"[납치 48시간 런칭] 영화 3,300원 할인","20260711",SMART,"20260616","20260831",PPV 등,33
C2600N4,(주기성) 6월 쿠폰팩 GCP(5/24~6/21가입)_TB,A1SA1020261000120869,[FREE PASS] SPOTV 프라임패키지 1개월 무료_26년6월,"20260609",SMART,"20260519","20260629",PM35000007,285
C2600NI,<시에라 마드레: 카르텔 전쟁> 할인쿠폰 프로모션,A1SA1020261000120862,"[시에라 마드레: 카르텔 전쟁 런칭] 영화 5,500원 할인","20260603",SMART,"20260518","20260630",PPV 등,26
C2600TK,<메가 샤크 어택> 할인쿠폰 프로모션,A1SA1020261000121369,"[메가 샤크 어택 런칭] 영화 5,500원 할인","20260726",SMART,"20260626","20260731",PPV 등,35
C2600N4,(주기성) 6월 쿠폰팩 GCP(5/24~6/21가입)_TB,A1CP1020261000120865,[FREE PASS] B tv+ 1개월 무료_26년6월,"20260531",SMART,"20260519","20260629",PM30000107,11
C2600Q5,<스위트 홈: 진격의 거인> 할인쿠폰 프로모션,A1SA1020261000121160,"[스위트 홈: 진격의 거인 런칭] 영화 3,300원 할인","20260621",SMART,"20260605","20260731",PPV 등,8
C2600WK,JTBC 월정액 3개월 70% 할인_7월 3차,A1SA1020261000121374,[쿨썸머 특가] JTBC 월정액 3개월 내내 70% 할인,"20260710",SMART,"20260629","20260731",PM30000269,5
C2600JA,<오시리스> 할인쿠폰 프로모션,A1SA1020261000120652,"[오시리스 런칭] 영화 3,300원 할인","20260518",SMART,"20260421","20260531",PPV 등,7
C2600NN,<코드 네임: 알라룸> 할인쿠폰 프로모션,A1SA1020261000120951,"[코드 네임: 알라룸 런칭] 영화 5,500원 할인","20260604",SMART,"20260526","20260630",PPV 등,27
C2600O7,"2606_캐치온 해지방어_B tv+ Cross-sell",A1CP1020261000120958,[비밀 특가] B tv+ 1개월 100원,"20260627",SMART,"20260528","20260712",PM30000107,3
C2600S7,토이스토리 소장용 패키지 프로모션 (6/18~6/21 발급),A1SA1020261000121259,"[토이 스토리 패키지 구매] 영화 5,500원 할인","20260701",SMART,"20260615","20260731",PPV 등,1
C2600MV,[팝업] 밸류애드팀 Btv 업_장기(26.5.27)_4-1차,,,,SMART,,,PPV 등,404884
C2600PT,"26년 6월_B tv+ 파격할인_UI 541 이상_3",A1CP1020261000120874,"[72시간 한정] B tv+ 12개월 월 5,500원 혜택","20260610",SMART,"20260526","20260614",PM30000107,126259
C2600V3,[팝업] 밸류애드팀 Btv 업_단기(26.7.14)_2-3차,,,,SMART,,,PPV 등,135804
C2600PU,"26년 6월_B tv+ 파격할인_UI 541 이상_4",A1CP1020261000120874,"[파격할인] B tv+ 12개월 월 5,500원 혜택","20260611",SMART,"20260520","20260531",PM30000107,11573
C2600U7,[팝업] B tv 스탠다드+(조합형)_(26.7.7)_1-1차,,,,SMART,,,PPV 등,442585
C2600XC,비캐시 혜택위크 프로모션 안내(1),,,,SMART,,,PPV 등,1232993
C2600P5,[주기성] 26년 6월_B tv+ 비플리_UI 541 이상_2~4차_1,A1CP1020261000120872,[위클리 혜택] B tv+ 12개월 50% 할인,"20260616",SMART,"20260520","20260630",PM30000107,2106
C2600QM,[보정용][주기성] 26년 6월_B tv+ 비플리_UI 541 이상_2~4차_1,A1CP1020261000120872,[위클리 혜택] B tv+ 12개월 50% 할인,"20260607",SMART,"20260520","20260630",PM30000107,1815
C2600VD,"CJ ENM 월정액 3개월 5,500원_7월 2차",A1CP1020261000121358,"[쿨썸머 특가] CJ ENM 월정액 3개월 내내 월 5,500원","20260713",SMART,"20260622","20260731",PM30000154,5107
C2600QP,"지상파 월정액 첫달 3,300원_6월 5차",A1CP1020261000120947,"[6월 특가] 지상파 월정액 1개월 13,200원 할인","20260613",SMART,"20260526","20260630",PM30000150,3613
C2600QU,"6월 성인 1+1 프로모션 (6/11~6/20)_수정",A1SA1020261000121168,"[1+1이벤트] 3,300원 할인 쿠폰","20260704",SMART,"20260609","20260731",PPV 등,535
C2600VN,<엘리베이션> 할인쿠폰 프로모션,A1SA1020261000121463,"[엘리베이션 런칭] 영화 3,300원 할인","20260731",SMART,"20260708","20260831",PPV 등,208
C2600SC,<금발이 되고 싶어> 할인쿠폰 프로모션,A1SA1020261000121360,"[금발이 되고 싶어 런칭] 영화 5,500원 할인",,SMART,"20260622","20260731",PPV 등,89
C2600QU,"6월 성인 1+1 프로모션 (6/11~6/20)_수정",A1SA1020261000121168,"[1+1이벤트] 3,300원 할인 쿠폰","20260613",SMART,"20260609","20260731",PPV 등,44
C2600N4,(주기성) 6월 쿠폰팩 GCP(5/24~6/21가입)_TB,A1SA1020261000120868,[FREE PASS] JTBC 1개월 무료_26년6월,"20260608",SMART,"20260519","20260629",PM30000269,28
C2600Q5,<스위트 홈: 진격의 거인> 할인쿠폰 프로모션,A1SA1020261000121160,"[스위트 홈: 진격의 거인 런칭] 영화 3,300원 할인","20260705",SMART,"20260605","20260731",PPV 등,16
C2600NI,<시에라 마드레: 카르텔 전쟁> 할인쿠폰 프로모션,A1SA1020261000120862,"[시에라 마드레: 카르텔 전쟁 런칭] 영화 5,500원 할인","20260613",SMART,"20260518","20260630",PPV 등,33
C2600UP,<서퍼> 할인쿠폰 프로모션,A1SA1020261000121460,"[서퍼 런칭] 영화 3,300원 할인","20260727",SMART,"20260708","20260831",PPV 등,20
C2600TJ,<데드 오브 윈터> 할인쿠폰 프로모션,A1SA1020261000121361,"[데드 오브 윈터 런칭] 영화 3,300원 할인","20260720",SMART,"20260622","20260731",PPV 등,13
C2600MB,<힌드의 목소리> 할인쿠폰 프로모션,A1SA1020261000120864,"[힌드의 목소리 런칭] 영화 5,500원 할인","20260526",SMART,"20260519","20260630",PPV 등,2
C2600JB,<극장의 시간들> 할인쿠폰 프로모션,A1SA1020261000120746,"[극장의 시간들 런칭] 영화 5,500원 할인","20260523",SMART,"20260428","20260531",PPV 등,1
C2600L9,"26년 5월_B tv+ 비플리_UI 541 이상_1차(~5/17)_3(1770)",A1CP1020261000120853,[가정의 달] B tv+ 12개월 50% 할인 (~5/17),"20260515",SMART,"20260507","20260517",PM30000107,160007
C2600NV,[팝업] B tv 스탠다드+(조합형)_(26.6.2)_1-1차,,,,SMART,,,PPV 등,439917
C2600PN,JTBC 월정액 첫달 무료_6월 2차,A1SA1020261000119567,[깜짝 특가] JTBC 월정액 1개월 100% 할인 쿠폰,"20260620",SMART,"20260119","20261231",PM30000269,34963
C2600NE,통합 월정액 첫달 무료_6월 1차,A1CP1020261000120948,[이용 감사 혜택] 주요 월정액 1개월 100% 할인 (택1),"20260627",SMART,"20260526","20260630",PM30000176,15466
C2600JZ,"JTBC 월정액 6개월 약정 3,300원_5월 2차",A1CP1020261000120658,"[온가족특가] JTBC 6개월 약정 기간 내내 월 3,300원","20260510",SMART,"20260421","20260531",PM30000269,866
C2600N4,(주기성) 6월 쿠폰팩 GCP(5/24~6/21가입)_TB,A1CP1020261000120865,[FREE PASS] B tv+ 1개월 무료_26년6월,"20260627",SMART,"20260519","20260629",PM30000107,4773
C2600WD,통합 월정액 3개월 내내 80% 할인,A1CP1020261000121658,[쿨썸머 특가] 주요 월정액 3개월 내내 80% 할인 (택1),,SMART,"20260720","20260731",PM30000176,221820
C2600O0,"26년 6월_B tv+ 짝수달 유료전환 테스트_UI 552 이상",A1CP1020261000120870,[6월 한정] B tv+ 첫달 무료,"20260626",SMART,"20260520","20260630",PM30000107,4092
C2600OA,"26년 6월_B tv+ 비플리_UI 541 이상_1차 쿠폰(~6/7) & 배너(~6/30)_2",A1CP1020261000120872,[위클리 혜택] B tv+ 12개월 50% 할인,"20260616",SMART,"20260520","20260630",PM30000107,1514
C2600P8,[주기성] 26년 6월_B tv+ 비플리_UI 541 이상_2~4차_4,A1CP1020261000120872,[위클리 혜택] B tv+ 12개월 50% 할인,"20260617",SMART,"20260520","20260630",PM30000107,789
C2600P5,[주기성] 26년 6월_B tv+ 비플리_UI 541 이상_2~4차_1,A1CP1020261000120872,[위클리 혜택] B tv+ 12개월 50% 할인,"20260614",SMART,"20260520","20260630",PM30000107,3321
C2600PP,"지상파 월정액 첫달 3,300원_6월 3차",A1CP1020261000120947,"[6월 특가] 지상파 월정액 1개월 13,200원 할인","20260626",SMART,"20260526","20260630",PM30000150,1765
C2600SJ,[주기성]프라다입고문워크 신작혜택파티 프로모션,A1PR1020261000121272,[신작혜택파티] 영화 30% 할인(악마는프라다2 외 대상작),"20260703",SMART,"20260618","20260706",PPV 등,73
C2600WJ,"CJ ENM 월정액 3개월 5,500원_7월 3차",A1CP1020261000121358,"[쿨썸머 특가] CJ ENM 월정액 3개월 내내 월 5,500원","20260731",SMART,"20260622","20260731",PM30000154,1128
C2600WK,JTBC 월정액 3개월 70% 할인_7월 3차,A1SA1020261000121374,[쿨썸머 특가] JTBC 월정액 3개월 내내 70% 할인,"20260730",SMART,"20260629","20260731",PM30000269,6566
C2600UC,"26년 7월_B tv+ 비플리_UI 541 이상_쿠폰&배너_1",A1CP1020261000121365,[고객님만 혜택] B tv+ 반값 할인 (최대 12개월),"20260709",SMART,"20260624","20260731",PM30000107,4661
C2600W2,"26년 7월_B tv+ KBS 이승철 콘서트_타임딜_UI 541 이상_3",A1CP1020261000121559,"[이승철 특가] B tv+ 월 5,500원 이용 혜택 (최대 12개월)","20260718",SMART,"20260714","20260722",PM30000107,6651
C2600TF,"지상파 월정액 3개월 5,500원_7월 1차",A1CP1020261000121373,"[쿨썸머 특가] 지상파 월정액 3개월 내내 월 5,500원","20260717",SMART,"20260629","20260731",PM30000150,580
C2600IY,"JTBC 월정액 6개월 약정 3,300원_5월 1차",A1CP1020261000120658,"[온가족특가] JTBC 6개월 약정 기간 내내 월 3,300원","20260505",SMART,"20260421","20260531",PM30000269,414
C2600UD,"26년 7월_B tv+ 비플리_UI 541 이상_쿠폰&배너_2",A1CP1020261000121365,[고객님만 혜택] B tv+ 반값 할인 (최대 12개월),"20260724",SMART,"20260624","20260731",PM30000107,161
C2600QP,"지상파 월정액 첫달 3,300원_6월 5차",A1CP1020261000120947,"[6월 특가] 지상파 월정액 1개월 13,200원 할인","20260610",SMART,"20260526","20260630",PM30000150,176
C2600N4,(주기성) 6월 쿠폰팩 GCP(5/24~6/21가입)_TB,A1CP1020261000120865,[FREE PASS] B tv+ 1개월 무료_26년6월,"20260610",SMART,"20260519","20260629",PM30000107,71
C2600O8,[주기성] 26년 6월_B tv+ 비플리_UI 541 이하_쿠폰,A1CP1020261000120872,[위클리 혜택] B tv+ 12개월 50% 할인,"20260601",SMART,"20260520","20260630",PM30000107,23
C2600N5,(일회성) 6월 쿠폰팩 GCP(5/1~5/23가입)_TB,A1CP1020261000120865,[FREE PASS] B tv+ 1개월 무료_26년6월,"20260609",SMART,"20260519","20260629",PM30000107,126
C2600P5,[주기성] 26년 6월_B tv+ 비플리_UI 541 이상_2~4차_1,A1CP1020261000120872,[위클리 혜택] B tv+ 12개월 50% 할인,"20260611",SMART,"20260520","20260630",PM30000107,125
C2600N4,(주기성) 6월 쿠폰팩 GCP(5/24~6/21가입)_TB,A1CP1020261000120867,[FREE PASS] CJ ENM 1개월 무료_26년6월,"20260602",SMART,"20260519","20260629",PM30000154,38
C2600N4,(주기성) 6월 쿠폰팩 GCP(5/24~6/21가입)_TB,A1CP1020261000120867,[FREE PASS] CJ ENM 1개월 무료_26년6월,"20260614",SMART,"20260519","20260629",PM30000154,39
C2600US,<잠금: 셧다운> 할인쿠폰 프로모션,A1SA1020261000121462,"[잠금: 셧다운 런칭] 영화 5,500원 할인","20260727",SMART,"20260708","20260831",PPV 등,8
C2600JB,<극장의 시간들> 할인쿠폰 프로모션,A1SA1020261000120746,"[극장의 시간들 런칭] 영화 5,500원 할인",,SMART,"20260428","20260531",PPV 등,17
C2600LG,<스피드> 할인쿠폰 프로모션,A1SA1020261000120858,"[스피드 런칭] 영화 5,500원 할인","20260516",SMART,"20260512","20260531",PPV 등,3
C2600NN,<코드 네임: 알라룸> 할인쿠폰 프로모션,A1SA1020261000120951,"[코드 네임: 알라룸 런칭] 영화 5,500원 할인","20260615",SMART,"20260526","20260630",PPV 등,5
C2600OO,"26년 6월_B tv+ 국내여행_(6/3)_89",DummyOffer,,,SMART,,,PPV 등,540934
C2600OA,"26년 6월_B tv+ 비플리_UI 541 이상_1차 쿠폰(~6/7) & 배너(~6/30)_2",A1CP1020261000120872,[위클리 혜택] B tv+ 12개월 50% 할인,,SMART,"20260520","20260630",PM30000107,187577
C2600LA,"26년 5월_B tv+ 비플리_UI 541 이상_1차(~5/17)_4(1770)",A1CP1020261000120853,[가정의 달] B tv+ 12개월 50% 할인 (~5/17),,SMART,"20260507","20260517",PM30000107,82296
C2600R1,JTBC 월정액 첫달 무료_6월 3차,A1SA1020261000119567,[깜짝 특가] JTBC 월정액 1개월 100% 할인 쿠폰,"20260608",SMART,"20260119","20261231",PM30000269,22920
C2600TG,JTBC 월정액 3개월 70% 할인_7월 1차,A1SA1020261000121374,[쿨썸머 특가] JTBC 월정액 3개월 내내 70% 할인,"20260706",SMART,"20260629","20260731",PM30000269,11916
C2600PF,[팝업] 밸류애드팀 Btv 업_장기(26.6.10)_2-3차,,,,SMART,,,PPV 등,145369
C2600LA,"26년 5월_B tv+ 비플리_UI 541 이상_1차(~5/17)_4(1770)",A1CP1020261000120853,[가정의 달] B tv+ 12개월 50% 할인 (~5/17),"20260513",SMART,"20260507","20260517",PM30000107,3998
C2600QF,[팝업] 밸류애드팀 Btv 업_장기(26.6.17)_3-3차,,,,SMART,,,PPV 등,376279
C2600PP,"지상파 월정액 첫달 3,300원_6월 3차",A1CP1020261000120947,"[6월 특가] 지상파 월정액 1개월 13,200원 할인","20260606",SMART,"20260526","20260630",PM30000150,6136
C2600O3,"2605_무빙 연장 동의_TV팝업_10차",,,,SMART,,,PPV 등,4205
C2600VD,"CJ ENM 월정액 3개월 5,500원_7월 2차",A1CP1020261000121358,"[쿨썸머 특가] CJ ENM 월정액 3개월 내내 월 5,500원","20260712",SMART,"20260622","20260731",PM30000154,20290
C2600S9,통합 월정액 첫달 90% 할인_추가 1차,A1CP1020261000121363,[쿨썸머 파격 특가] 주요 월정액 첫달 90% 할인 (택1),"20260625",SMART,"20260622","20260629",PM30000176,55500
C2600P8,[주기성] 26년 6월_B tv+ 비플리_UI 541 이상_2~4차_4,A1CP1020261000120872,[위클리 혜택] B tv+ 12개월 50% 할인,"20260621",SMART,"20260520","20260630",PM30000107,10065
C2600S1,SPOTV 6월 첫달무료_2차_0622,A1SA1020261000121165,[MLB 이벤트] SPOTV Prime 1개월 무료,"20260624",SMART,"20260609","20260630",PM35000007,24332
C2600JG,"2605_주기성_전환동의 띠배너 편성제외",,,,SMART,,,PPV 등,595
C2600N5,(일회성) 6월 쿠폰팩 GCP(5/1~5/23가입)_TB,A1CP1020261000120865,[FREE PASS] B tv+ 1개월 무료_26년6월,"20260531",SMART,"20260519","20260629",PM30000107,184
C2600WM,"2607_무빙 연장 동의_TV팝업_18차",,,,SMART,,,PPV 등,3573
C2600O6,"26년 6월_B tv+ 비플리_UI 541 이상_1차 쿠폰(~6/7) & 배너(~6/30)_1",A1CP1020261000120872,[위클리 혜택] B tv+ 12개월 50% 할인,"20260614",SMART,"20260520","20260630",PM30000107,3318
C2600TZ,"지상파 월정액 3개월 5,500원_7월 2차",A1CP1020261000121373,"[쿨썸머 특가] 지상파 월정액 3개월 내내 월 5,500원","20260715",SMART,"20260629","20260731",PM30000150,730
C2600TY,"2607_주기성_전환동의 띠배너 편성제외",,,,SMART,,,PPV 등,343
C2600N3,[주기성/쿠폰] <살목지&K-공포상영회> 할인쿠폰 프로모션,A1PR1020261000120873,[K-공포 상영회] 영화 50% 할인,"20260531",SMART,"20260520","20260609",PPV 등,205
C2600JZ,"JTBC 월정액 6개월 약정 3,300원_5월 2차",A1CP1020261000120658,"[온가족특가] JTBC 6개월 약정 기간 내내 월 3,300원","20260528",SMART,"20260421","20260531",PM30000269,142
C2600QY,수요1+1무비쿠폰(6월 쿠폰발급),A1PR1020261000121167,[금토일무비쿠폰] 20% 할인(5천원 이상 사용),"20260620",SMART,"20260609","20261231",PPV 등,57
C2600QU,"6월 성인 1+1 프로모션 (6/11~6/20)_수정",A1SA1020261000121168,"[1+1이벤트] 3,300원 할인 쿠폰","20260621",SMART,"20260609","20260731",PPV 등,136
C2600O8,[주기성] 26년 6월_B tv+ 비플리_UI 541 이하_쿠폰,A1CP1020261000120872,[위클리 혜택] B tv+ 12개월 50% 할인,"20260623",SMART,"20260520","20260630",PM30000107,13
C2600O8,[주기성] 26년 6월_B tv+ 비플리_UI 541 이하_쿠폰,A1CP1020261000120872,[위클리 혜택] B tv+ 12개월 50% 할인,"20260617",SMART,"20260520","20260630",PM30000107,15
C2600TM,<신의 악단> 할인쿠폰 프로모션,A1SA1020261000121384,"[신의 악단 런칭] 영화 3,300원 할인","20260705",SMART,"20260630","20260731",PPV 등,52
C2600S4,"6월 성인 1+1 프로모션_모바일 (6/21~6/30)",A1SA1020261000121171,"[1+1 앵콜 이벤트] 3,300원 할인 쿠폰 (모바일)","20260715",SMART,"20260609","20260731",PPV 등,35
C2600NN,<코드 네임: 알라룸> 할인쿠폰 프로모션,A1SA1020261000120951,"[코드 네임: 알라룸 런칭] 영화 5,500원 할인","20260627",SMART,"20260526","20260630",PPV 등,7
C2600KO,<폭탄> 할인쿠폰 프로모션,A1SA1020261000120751,"[폭탄 런칭] 영화 5,500원 할인","20260530",SMART,"20260430","20260531",PPV 등,3
C2600Q5,<스위트 홈: 진격의 거인> 할인쿠폰 프로모션,A1SA1020261000121160,"[스위트 홈: 진격의 거인 런칭] 영화 3,300원 할인","20260624",SMART,"20260605","20260731",PPV 등,3
C2600LJ,[팝업] 밸류애드팀 STB 교체(26.5.18)_3-3차,,,,SMART,,,PPV 등,333115
C2600LX,"26년 5월_B tv+ 비플리_UI 541 이상_2차(~5/25)_1(1770)",A1CP1020261000120859,[가정의 달] B tv+ 12개월 50% 할인 (~5/25),"20260525",SMART,"20260515","20260525",PM30000107,57349
C2600M6,JTBC 월정액 첫달 무료_5월 2차,A1SA1020261000119567,[깜짝 특가] JTBC 월정액 1개월 100% 할인 쿠폰,"20260524",SMART,"20260119","20261231",PM30000269,4287
C2600P6,[주기성] 26년 6월_B tv+ 비플리_UI 541 이상_2~4차_2,A1CP1020261000120872,[위클리 혜택] B tv+ 12개월 50% 할인,"20260628",SMART,"20260520","20260630",PM30000107,53906
C2600J7,"지상파 월정액 3개월 내내 5,500원_5월 2차",A1CP1020261000120660,"[온가족특가] 지상파 월정액 3개월 내내 월 5,500원","20260524",SMART,"20260422","20260531",PM30000150,323
C2600OY,통합 월정액 첫달 무료_6월 2차,A1CP1020261000120948,[이용 감사 혜택] 주요 월정액 1개월 100% 할인 (택1),"20260612",SMART,"20260526","20260630",PM30000176,42891
C2600PP,"지상파 월정액 첫달 3,300원_6월 3차",A1CP1020261000120947,"[6월 특가] 지상파 월정액 1개월 13,200원 할인","20260622",SMART,"20260526","20260630",PM30000150,1644
C2600N4,(주기성) 6월 쿠폰팩 GCP(5/24~6/21가입)_TB,A1CP1020261000120867,[FREE PASS] CJ ENM 1개월 무료_26년6월,"20260621",SMART,"20260519","20260629",PM30000154,32
C2600S1,SPOTV 6월 첫달무료_2차_0622,A1SA1020261000121165,[MLB 이벤트] SPOTV Prime 1개월 무료,"20260629",SMART,"20260609","20260630",PM35000007,33357
C2600TZ,"지상파 월정액 3개월 5,500원_7월 2차",A1CP1020261000121373,"[쿨썸머 특가] 지상파 월정액 3개월 내내 월 5,500원","20260718",SMART,"20260629","20260731",PM30000150,337
C2600N4,(주기성) 6월 쿠폰팩 GCP(5/24~6/21가입)_TB,A1CP1020261000120867,[FREE PASS] CJ ENM 1개월 무료_26년6월,"20260628",SMART,"20260519","20260629",PM30000154,1723
C2600NP,<모탈 컴뱃2> 할인쿠폰 프로모션,A1SA1020261000120959,"[모탈컴뱃2 런칭] 영화 5,500원 할인","20260622",SMART,"20260528","20260615",PPV 등,28
C2600NL,<쉘터> 할인쿠폰 프로모션,A1SA1020261000120861,"[쉘터 런칭] 영화 3,300원 할인","20260617",SMART,"20260518","20260630",PPV 등,220
C2600TZ,"지상파 월정액 3개월 5,500원_7월 2차",A1CP1020261000121373,"[쿨썸머 특가] 지상파 월정액 3개월 내내 월 5,500원","20260723",SMART,"20260629","20260731",PM30000150,118
C2600N4,(주기성) 6월 쿠폰팩 GCP(5/24~6/21가입)_TB,A1SA1020261000120869,[FREE PASS] SPOTV 프라임패키지 1개월 무료_26년6월,"20260616",SMART,"20260519","20260629",PM35000007,76
C2600TH,<살목지> 할인쿠폰 프로모션,A1SA1020261000121380,"[살목지 런칭] 영화 3,300원 할인","20260701",SMART,"20260629","20260731",PPV 등,46
C2600JA,<오시리스> 할인쿠폰 프로모션,A1SA1020261000120652,"[오시리스 런칭] 영화 3,300원 할인","20260502",SMART,"20260421","20260531",PPV 등,16
C2600KO,<폭탄> 할인쿠폰 프로모션,A1SA1020261000120751,"[폭탄 런칭] 영화 5,500원 할인","20260516",SMART,"20260430","20260531",PPV 등,3
C2600O7,"2606_캐치온 해지방어_B tv+ Cross-sell",A1CP1020261000120958,[비밀 특가] B tv+ 1개월 100원,"20260703",SMART,"20260528","20260712",PM30000107,6
C2600NN,<코드 네임: 알라룸> 할인쿠폰 프로모션,A1SA1020261000120951,"[코드 네임: 알라룸 런칭] 영화 5,500원 할인","20260612",SMART,"20260526","20260630",PPV 등,7
C2600JE,<캣 앤 독> 할인쿠폰 프로모션,A1SA1020261000120747,"[캣 앤 독 런칭] 영화 5,500원 할인","20260528",SMART,"20260428","20260531",PPV 등,4
C2600JE,<캣 앤 독> 할인쿠폰 프로모션,A1SA1020261000120747,"[캣 앤 독 런칭] 영화 5,500원 할인","20260505",SMART,"20260428","20260531",PPV 등,2
C2600R6,<슈퍼 마리오 갤럭시> 할인쿠폰 프로모션,A1SA1020261000120961,"[슈퍼마리오 갤럭시 런칭] 영화 3,300원 할인","20260630",SMART,"20260529","20260623",PPV 등,1
C2600L8,"26년 5월_B tv+ 비플리_UI 541 이상_1차(~5/17)_2(1770)",A1CP1020261000120853,[가정의 달] B tv+ 12개월 50% 할인 (~5/17),"20260515",SMART,"20260507","20260517",PM30000107,317832
C2600Q9,[팝업] 밸류애드팀 Btv 업_단기(26.6.16)_3-2차,,,,SMART,,,PPV 등,305417
C2600KM,"지상파 월정액 3개월 내내 5,500원_5월 3차",A1CP1020261000120660,"[온가족특가] 지상파 월정액 3개월 내내 월 5,500원","20260511",SMART,"20260422","20260531",PM30000150,3318
C2600PD,[팝업] 밸류애드팀 Btv 업_장기(26.6.10)_2-1차,,,,SMART,,,PPV 등,401244
C2600O6,"26년 6월_B tv+ 비플리_UI 541 이상_1차 쿠폰(~6/7) & 배너(~6/30)_1",A1CP1020261000120872,[위클리 혜택] B tv+ 12개월 50% 할인,"20260602",SMART,"20260520","20260630",PM30000107,1390
C2600W1,"26년 7월_B tv+ KBS 이승철 콘서트_타임딜_UI 541 이상_2",A1CP1020261000121559,"[이승철 특가] B tv+ 월 5,500원 이용 혜택 (최대 12개월)","20260721",SMART,"20260714","20260722",PM30000107,107141
C2600XE,"26년 7월_B tv+ 7월 4주차 복날 타임딜_UI 541 이상_2_F",A1CP1020261000121662,"[복날 치킨비] B tv+ 월 5,500원 이용 혜택 (최대 12개월)",,SMART,"20260721","20260726",PM30000107,237192
C2600QM,[보정용][주기성] 26년 6월_B tv+ 비플리_UI 541 이상_2~4차_1,A1CP1020261000120872,[위클리 혜택] B tv+ 12개월 50% 할인,"20260605",SMART,"20260520","20260630",PM30000107,1598
C2600PY,SPOTV 6월 첫달무료_1차_0611,A1SA1020261000121164,[축구 이벤트] SPOTV Prime 1개월 무료,"20260615",SMART,"20260609","20260630",PM35000007,4699
C2600TG,JTBC 월정액 3개월 70% 할인_7월 1차,A1SA1020261000121374,[쿨썸머 특가] JTBC 월정액 3개월 내내 70% 할인,"20260730",SMART,"20260629","20260731",PM30000269,12139
C2600OL,"지상파 월정액 첫달 3,300원_6월 2차",A1CP1020261000120947,"[6월 특가] 지상파 월정액 1개월 13,200원 할인","20260608",SMART,"20260526","20260630",PM30000150,1305
C2600T0,"26년 6월_B tv+ KBO 올스타전_UI 541 이상_2",A1CP1020261000121364,"[올스타전 특가] B tv+ 월 5,500원 혜택 (최대 12개월)","20260625",SMART,"20260624","20260705",PM30000107,6958
C2600SG,"CJ ENM 월정액 3개월 5,500원_7월 1차",A1CP1020261000121358,"[쿨썸머 특가] CJ ENM 월정액 3개월 내내 월 5,500원","20260707",SMART,"20260622","20260731",PM30000154,1464
C2600SJ,[주기성]프라다입고문워크 신작혜택파티 프로모션,A1PR1020261000121272,[신작혜택파티] 영화 30% 할인(악마는프라다2 외 대상작),"20260629",SMART,"20260618","20260706",PPV 등,141
C2600KK,"CJ ENM 월정액 3개월 5,500원_5월 2차",A1CP1020261000120659,"[온가족특가] CJ ENM 월정액 3개월 내내 5,500원","20260520",SMART,"20260422","20260531",PM30000154,474
C2600S6,토이스토리 소장용 패키지 프로모션_수정,A1SA1020261000121259,"[토이 스토리 패키지 구매] 영화 5,500원 할인","20260718",SMART,"20260615","20260731",PPV 등,100
C2600J7,"지상파 월정액 3개월 내내 5,500원_5월 2차",A1CP1020261000120660,"[온가족특가] 지상파 월정액 3개월 내내 월 5,500원","20260518",SMART,"20260422","20260531",PM30000150,343
C2600TN,"7월 성인 1+1 프로모션_모바일 (7/1~7/10)",A1SA1020261000121371,"[1+1이벤트] 3,300원 할인 쿠폰 (모바일)","20260711",SMART,"20260626","20260731",PPV 등,67
C2600QR,"6월 성인 1+1 프로모션_추가 (6/12~14 구매자)",A1SA1020261000121168,"[1+1이벤트] 3,300원 할인 쿠폰","20260629",SMART,"20260609","20260731",PPV 등,3
C2600UV,모아나 소장용 패키지 프로모션 (7/10),A1SA1020261000121465,"[모아나 패키지 구매] 영화 5,500원 할인","20260711",SMART,"20260708","20260831",PPV 등,12
C2600TJ,<데드 오브 윈터> 할인쿠폰 프로모션,A1SA1020261000121361,"[데드 오브 윈터 런칭] 영화 3,300원 할인","20260724",SMART,"20260622","20260731",PPV 등,12
C2600NN,<코드 네임: 알라룸> 할인쿠폰 프로모션,A1SA1020261000120951,"[코드 네임: 알라룸 런칭] 영화 5,500원 할인","20260616",SMART,"20260526","20260630",PPV 등,20
C2600N3,[주기성/쿠폰] <살목지&K-공포상영회> 할인쿠폰 프로모션,A1PR1020261000120873,[K-공포 상영회] 영화 50% 할인,"20260604",SMART,"20260520","20260609",PPV 등,125
C2600PN,JTBC 월정액 첫달 무료_6월 2차,A1SA1020261000119567,[깜짝 특가] JTBC 월정액 1개월 100% 할인 쿠폰,"20260527",SMART,"20260119","20261231",PM30000269,49
C2600VM,<헬파이어: 시수의 길> 할인쿠폰 프로모션,A1SA1020261000121461,"[헬파이어: 시수의 길 런칭] 영화 5,500원 할인","20260728",SMART,"20260708","20260831",PPV 등,9
C2600KN,JTBC 월정액 첫달 무료_5월 1차,A1SA1020261000119567,[깜짝 특가] JTBC 월정액 1개월 100% 할인 쿠폰,"20260527",SMART,"20260119","20261231",PM30000269,1
C2600IY,"JTBC 월정액 6개월 약정 3,300원_5월 1차",DummyOffer,,,SMART,,,PPV 등,499109
C2600OY,통합 월정액 첫달 무료_6월 2차,A1CP1020261000120948,[이용 감사 혜택] 주요 월정액 1개월 100% 할인 (택1),,SMART,"20260526","20260630",PM30000176,99929
C2600QG,[팝업] 밸류애드팀 Btv 업_장기(26.6.17)_3-4차,,,,SMART,,,PPV 등,226660
C2600SS,[팝업] B tv 스탠다드+(조합형)_(26.6.30)_5-1차,,,,SMART,,,PPV 등,444089
C2600OY,통합 월정액 첫달 무료_6월 2차,A1CP1020261000120948,[이용 감사 혜택] 주요 월정액 1개월 100% 할인 (택1),"20260627",SMART,"20260526","20260630",PM30000176,8564
C2600Q0,노후 AP 교체 안내 TV팝업_1차,,,,SMART,,,PPV 등,17946
C2600P5,[주기성] 26년 6월_B tv+ 비플리_UI 541 이상_2~4차_1,A1CP1020261000120872,[위클리 혜택] B tv+ 12개월 50% 할인,"20260618",SMART,"20260520","20260630",PM30000107,1267
C2600P8,[주기성] 26년 6월_B tv+ 비플리_UI 541 이상_2~4차_4,A1CP1020261000120872,[위클리 혜택] B tv+ 12개월 50% 할인,"20260624",SMART,"20260520","20260630",PM30000107,5316
C2600J7,"지상파 월정액 3개월 내내 5,500원_5월 2차",A1CP1020261000120660,"[온가족특가] 지상파 월정액 3개월 내내 월 5,500원","20260505",SMART,"20260422","20260531",PM30000150,2684
C2600X2,<군체> 런칭 안내 팝업 (7/25),,,,SMART,,,PPV 등,6386960
C2600QN,"지상파 월정액 첫달 3,300원_6월 4차",A1CP1020261000120947,"[6월 특가] 지상파 월정액 1개월 13,200원 할인","20260613",SMART,"20260526","20260630",PM30000150,5523
C2600VB,"2607_무빙 연장 동의_TV팝업_16차",,,,SMART,,,PPV 등,3758
C2600NP,<모탈 컴뱃2> 할인쿠폰 프로모션,A1SA1020261000120959,"[모탈컴뱃2 런칭] 영화 5,500원 할인","20260603",SMART,"20260528","20260615",PPV 등,13
C2600S3,"6월 성인 1+1 프로모션 (6/21~6/30)",A1SA1020261000121170,"[1+1 앵콜 이벤트] 3,300원 할인 쿠폰",,SMART,"20260609","20260731",PPV 등,3231
C2600WK,JTBC 월정액 3개월 70% 할인_7월 3차,A1SA1020261000121374,[쿨썸머 특가] JTBC 월정액 3개월 내내 70% 할인,"20260725",SMART,"20260629","20260731",PM30000269,1534
C2600S6,토이스토리 소장용 패키지 프로모션_수정,A1SA1020261000121259,"[토이 스토리 패키지 구매] 영화 5,500원 할인","20260712",SMART,"20260615","20260731",PPV 등,140
C2600J5,"지상파 월정액 3개월 내내 5,500원_5월 1차",A1CP1020261000120660,"[온가족특가] 지상파 월정액 3개월 내내 월 5,500원","20260517",SMART,"20260422","20260531",PM30000150,498
C2600J5,"지상파 월정액 3개월 내내 5,500원_5월 1차",A1CP1020261000120660,"[온가족특가] 지상파 월정액 3개월 내내 월 5,500원","20260518",SMART,"20260422","20260531",PM30000150,476
C2600QP,"지상파 월정액 첫달 3,300원_6월 5차",A1CP1020261000120947,"[6월 특가] 지상파 월정액 1개월 13,200원 할인","20260603",SMART,"20260526","20260630",PM30000150,813
C2600VN,<엘리베이션> 할인쿠폰 프로모션,A1SA1020261000121463,"[엘리베이션 런칭] 영화 3,300원 할인","20260730",SMART,"20260708","20260831",PPV 등,176
C2600TZ,"지상파 월정액 3개월 5,500원_7월 2차",A1CP1020261000121373,"[쿨썸머 특가] 지상파 월정액 3개월 내내 월 5,500원","20260717",SMART,"20260629","20260731",PM30000150,438
C2600O8,[주기성] 26년 6월_B tv+ 비플리_UI 541 이하_쿠폰,A1CP1020261000120872,[위클리 혜택] B tv+ 12개월 50% 할인,"20260613",SMART,"20260520","20260630",PM30000107,53
C2600N4,(주기성) 6월 쿠폰팩 GCP(5/24~6/21가입)_TB,A1CP1020261000120865,[FREE PASS] B tv+ 1개월 무료_26년6월,"20260623",SMART,"20260519","20260629",PM30000107,78
C2600R1,JTBC 월정액 첫달 무료_6월 3차,A1SA1020261000119567,[깜짝 특가] JTBC 월정액 1개월 100% 할인 쿠폰,"20260529",SMART,"20260119","20261231",PM30000269,126
C2600SC,<금발이 되고 싶어> 할인쿠폰 프로모션,A1SA1020261000121360,"[금발이 되고 싶어 런칭] 영화 5,500원 할인","20260630",SMART,"20260622","20260731",PPV 등,11
C2600PQ,통합 월정액 첫달 무료_6월 3차,A1CP1020261000120948,[이용 감사 혜택] 주요 월정액 1개월 100% 할인 (택1),"20260625",SMART,"20260526","20260630",PM30000176,58
C2600TM,<신의 악단> 할인쿠폰 프로모션,A1SA1020261000121384,"[신의 악단 런칭] 영화 3,300원 할인","20260711",SMART,"20260630","20260731",PPV 등,40
C2600N5,(일회성) 6월 쿠폰팩 GCP(5/1~5/23가입)_TB,A1CP1020261000120865,[FREE PASS] B tv+ 1개월 무료_26년6월,"20260626",SMART,"20260519","20260629",PM30000107,40
C2600VM,<헬파이어: 시수의 길> 할인쿠폰 프로모션,A1SA1020261000121461,"[헬파이어: 시수의 길 런칭] 영화 5,500원 할인","20260726",SMART,"20260708","20260831",PPV 등,9
C2600SC,<금발이 되고 싶어> 할인쿠폰 프로모션,A1SA1020261000121360,"[금발이 되고 싶어 런칭] 영화 5,500원 할인","20260721",SMART,"20260622","20260731",PPV 등,3
C2600R5,<내 이름은> 할인쿠폰 프로모션,A1SA1020261000121159,"[내 이름은 런칭] 영화 5,500원 할인","20260630",SMART,"20260605","20260731",PPV 등,1
C2600N5,(일회성) 6월 쿠폰팩 GCP(5/1~5/23가입)_TB,A1CP1020261000120866,[FREE PASS] 지상파 3사 1개월 무료_26년6월,"20260613",SMART,"20260519","20260629",PM30000150,1
C2600LV,수요1+1무비쿠폰(5월 프로모션 안내),,,,SMART,,,PPV 등,3742303
C2600NZ,[팝업] 밸류애드팀 Btv 업_장기(26.6.3)_1-4차,,,,SMART,,,PPV 등,400461
C2600IY,"JTBC 월정액 6개월 약정 3,300원_5월 1차",A1CP1020261000120658,"[온가족특가] JTBC 6개월 약정 기간 내내 월 3,300원",,SMART,"20260421","20260531",PM30000269,329680
C2600OC,"26년 6월_B tv+ 비플리_UI 541 이상_1차 쿠폰(~6/7) & 배너(~6/30)_4",A1CP1020261000120872,[위클리 혜택] B tv+ 12개월 50% 할인,"20260626",SMART,"20260520","20260630",PM30000107,429681
C2600WX,[팝업] 밸류애드팀 Btv 업_장기(26.7.29)_4-1차,,,,SMART,,,PPV 등,288749
C2600O0,"26년 6월_B tv+ 짝수달 유료전환 테스트_UI 552 이상",A1CP1020261000120870,[6월 한정] B tv+ 첫달 무료,"20260611",SMART,"20260520","20260630",PM30000107,7009
C2600T1,"26년 6월_B tv+ KBO 올스타전_UI 541 이상_3",A1CP1020261000121364,"[올스타전 특가] B tv+ 월 5,500원 혜택 (최대 12개월)","20260703",SMART,"20260624","20260705",PM30000107,563545
C2600LE,"CJ ENM 월정액 3개월 5,500원_5월 3차",A1CP1020261000120659,"[온가족특가] CJ ENM 월정액 3개월 내내 5,500원","20260527",SMART,"20260422","20260531",PM30000154,841
C2600O6,"26년 6월_B tv+ 비플리_UI 541 이상_1차 쿠폰(~6/7) & 배너(~6/30)_1",A1CP1020261000120872,[위클리 혜택] B tv+ 12개월 50% 할인,"20260628",SMART,"20260520","20260630",PM30000107,52641
C2600UK,JTBC 월정액 3개월 70% 할인_7월 1차(배너),DummyOffer,,,SMART,,,PPV 등,499183
C2600S5,SPOTV 6월 첫달무료_1차_0622,A1SA1020261000121164,[축구 이벤트] SPOTV Prime 1개월 무료,"20260624",SMART,"20260609","20260630",PM35000007,33124
C2600TF,"지상파 월정액 3개월 5,500원_7월 1차",A1CP1020261000121373,"[쿨썸머 특가] 지상파 월정액 3개월 내내 월 5,500원","20260702",SMART,"20260629","20260731",PM30000150,34847
C2600LY,"26년 5월_B tv+ 비플리_UI 541 이상_2차(~5/25)_2(1770)",A1CP1020261000120859,[가정의 달] B tv+ 12개월 50% 할인 (~5/25),,SMART,"20260515","20260525",PM30000107,227898
C2600R1,JTBC 월정액 첫달 무료_6월 3차,A1SA1020261000119567,[깜짝 특가] JTBC 월정액 1개월 100% 할인 쿠폰,"20260606",SMART,"20260119","20261231",PM30000269,844
C2600TI,JTBC 월정액 3개월 70% 할인_7월 2차,A1SA1020261000121374,[쿨썸머 특가] JTBC 월정액 3개월 내내 70% 할인,"20260718",SMART,"20260629","20260731",PM30000269,936
C2600UT,"7월 성인 1+1 앵콜 프로모션_모바일 (7/11~7/20)",A1SA1020261000121459,"[1+1 앵콜 이벤트] 3,300원 할인 쿠폰 (모바일)","20260720",SMART,"20260708","20260831",PPV 등,96
C2600WD,통합 월정액 3개월 내내 80% 할인,A1CP1020261000121658,[쿨썸머 특가] 주요 월정액 3개월 내내 80% 할인 (택1),"20260726",SMART,"20260720","20260731",PM30000176,1913
C2600P8,[주기성] 26년 6월_B tv+ 비플리_UI 541 이상_2~4차_4,A1CP1020261000120872,[위클리 혜택] B tv+ 12개월 50% 할인,"20260601",SMART,"20260520","20260630",PM30000107,898
C2600SG,"CJ ENM 월정액 3개월 5,500원_7월 1차",A1CP1020261000121358,"[쿨썸머 특가] CJ ENM 월정액 3개월 내내 월 5,500원","20260728",SMART,"20260622","20260731",PM30000154,327
C2600N4,(주기성) 6월 쿠폰팩 GCP(5/24~6/21가입)_TB,A1SA1020261000120869,[FREE PASS] SPOTV 프라임패키지 1개월 무료_26년6월,"20260618",SMART,"20260519","20260629",PM35000007,74
C2600P8,[주기성] 26년 6월_B tv+ 비플리_UI 541 이상_2~4차_4,A1CP1020261000120872,[위클리 혜택] B tv+ 12개월 50% 할인,"20260618",SMART,"20260520","20260630",PM30000107,476
C2600N4,(주기성) 6월 쿠폰팩 GCP(5/24~6/21가입)_TB,A1CP1020261000120865,[FREE PASS] B tv+ 1개월 무료_26년6월,"20260624",SMART,"20260519","20260629",PM30000107,86
C2600M8,<짱구> 할인쿠폰 프로모션,A1SA1020261000120863,"[짱구 런칭] 영화 5,500원 할인","20260531",SMART,"20260518","20260630",PPV 등,105
C2600VM,<헬파이어: 시수의 길> 할인쿠폰 프로모션,A1SA1020261000121461,"[헬파이어: 시수의 길 런칭] 영화 5,500원 할인","20260722",SMART,"20260708","20260831",PPV 등,20
C2600M6,JTBC 월정액 첫달 무료_5월 2차,A1SA1020261000119567,[깜짝 특가] JTBC 월정액 1개월 100% 할인 쿠폰,"20260607",SMART,"20260119","20261231",PM30000269,36
C2600PM,[보정용][D+1] 쿠폰팩 등록 혜택 지급_2601,A1PR1020261000119553,[쿠폰팩 등록 감사] VOD 20% 할인쿠폰,,SMART,"20260114","99991231",PPV 등,6
C2600NH,<리 크로닌의 미이라> 할인쿠폰 프로모션,A1SA1020261000120855,"[리 크로닌의 미이라] 영화 3,300원 할인","20260614",SMART,"20260507","20260630",PPV 등,1
C2600LM,[팝업] 밸류애드팀 Btv 업_단기(26.5.19)_3-3차,,,,SMART,,,PPV 등,146750
C2600P8,[주기성] 26년 6월_B tv+ 비플리_UI 541 이상_2~4차_4,A1CP1020261000120872,[위클리 혜택] B tv+ 12개월 50% 할인,,SMART,"20260520","20260630",PM30000107,59461
C2600XE,"26년 7월_B tv+ 7월 4주차 복날 타임딜_UI 541 이상_2_F",DummyOffer,,,SMART,,,PPV 등,787528
C2600M0,"26년 5월_B tv+ 비플리_UI 541 이상_2차(~5/25)_4(1770)",A1CP1020261000120859,[가정의 달] B tv+ 12개월 50% 할인 (~5/25),,SMART,"20260515","20260525",PM30000107,31901
C2600S1,SPOTV 6월 첫달무료_2차_0622,A1SA1020261000121165,[MLB 이벤트] SPOTV Prime 1개월 무료,"20260622",SMART,"20260609","20260630",PM35000007,88292
C2600VF,"2607_SPOTV LAFC 럭키 슈팅 이벤트",DummyOffer,,,SMART,,,PPV 등,1332328
C2600SU,"26년 6월_B tv+ KBO 올스타전_UI 541 이상_1",A1CP1020261000121364,"[올스타전 특가] B tv+ 월 5,500원 혜택 (최대 12개월)","20260630",SMART,"20260624","20260705",PM30000107,4460
C2600QP,"지상파 월정액 첫달 3,300원_6월 5차",A1CP1020261000120947,"[6월 특가] 지상파 월정액 1개월 13,200원 할인","20260630",SMART,"20260526","20260630",PM30000150,9207
C2600X8,"26년 7월_B tv+ 7월 4주차 복날 타임딜_UI 541 이상_3_F",A1CP1020261000121662,"[복날 치킨비] B tv+ 월 5,500원 이용 혜택 (최대 12개월)","20260723",SMART,"20260721","20260726",PM30000107,6281
C2600P5,[주기성] 26년 6월_B tv+ 비플리_UI 541 이상_2~4차_1,A1CP1020261000120872,[위클리 혜택] B tv+ 12개월 50% 할인,"20260601",SMART,"20260520","20260630",PM30000107,1356
C2600SU,"26년 6월_B tv+ KBO 올스타전_UI 541 이상_1",A1CP1020261000121364,"[올스타전 특가] B tv+ 월 5,500원 혜택 (최대 12개월)","20260626",SMART,"20260624","20260705",PM30000107,3570
C2600P8,[주기성] 26년 6월_B tv+ 비플리_UI 541 이상_2~4차_4,A1CP1020261000120872,[위클리 혜택] B tv+ 12개월 50% 할인,"20260614",SMART,"20260520","20260630",PM30000107,1484
C2600MI,JTBC 월정액 첫달 무료_6월 1차,A1SA1020261000119567,[깜짝 특가] JTBC 월정액 1개월 100% 할인 쿠폰,"20260607",SMART,"20260119","20261231",PM30000269,1821
C2600TJ,<데드 오브 윈터> 할인쿠폰 프로모션,A1SA1020261000121361,"[데드 오브 윈터 런칭] 영화 3,300원 할인","20260717",SMART,"20260622","20260731",PPV 등,17
C2600TZ,"지상파 월정액 3개월 5,500원_7월 2차",A1CP1020261000121373,"[쿨썸머 특가] 지상파 월정액 3개월 내내 월 5,500원","20260725",SMART,"20260629","20260731",PM30000150,115
C2600IY,"JTBC 월정액 6개월 약정 3,300원_5월 1차",A1CP1020261000120658,"[온가족특가] JTBC 6개월 약정 기간 내내 월 3,300원","20260517",SMART,"20260421","20260531",PM30000269,139
C2600TJ,<데드 오브 윈터> 할인쿠폰 프로모션,A1SA1020261000121361,"[데드 오브 윈터 런칭] 영화 3,300원 할인","20260712",SMART,"20260622","20260731",PPV 등,13
C2600N4,(주기성) 6월 쿠폰팩 GCP(5/24~6/21가입)_TB,A1CP1020261000120867,[FREE PASS] CJ ENM 1개월 무료_26년6월,"20260601",SMART,"20260519","20260629",PM30000154,21
C2600Q4,"6월 성인 1+1 프로모션_모바일 (6/11~6/20)",A1SA1020261000121169,"[1+1이벤트] 3,300원 할인 쿠폰 (모바일)","20260614",SMART,"20260609","20260731",PPV 등,1
C2600O8,[주기성] 26년 6월_B tv+ 비플리_UI 541 이하_쿠폰,A1CP1020261000120872,[위클리 혜택] B tv+ 12개월 50% 할인,"20260607",SMART,"20260520","20260630",PM30000107,9
C2600QS,"6월 성인 1+1 프로모션_모바일_추가 (6/12~6/14 구매자)",A1SA1020261000121169,"[1+1이벤트] 3,300원 할인 쿠폰 (모바일)","20260702",SMART,"20260609","20260731",PPV 등,1
C2600M6,JTBC 월정액 첫달 무료_5월 2차,A1SA1020261000119567,[깜짝 특가] JTBC 월정액 1개월 100% 할인 쿠폰,"20260517",SMART,"20260119","20261231",PM30000269,1
C2600KE,무비혜택도미도 쿠폰 사용 안내,,,"20260508",TOAST,,,PPV 등,20756
C2600ON,"26년 6월_B tv+ 국내여행_(6/3)_4567",DummyOffer,,"20260604",TOAST,,,PPV 등,28979
C2600UX,"26년 7월_B tv+ KBS 이승철 콘서트_UI 541 이상_3",DummyOffer,,"20260712",TOAST,,,PPV 등,307518
C2600OV,전원혜택 액션무비 프로모션 안내,,,,SMART,,,PPV 등,3759240
C2600VG,"2607_비플/캐치온 왕사남 해지취소_2주차_토팝",,,"20260715",TOAST,,,PPV 등,1026
C2600M2,"26년 5월_B tv+ 당첨자_UI 541 이상_1(1770)",DummyOffer,,"20260530",TOAST,,,PPV 등,2238
C2600RC,"<왕과 사는 남자> 타겟 프로모션_2,000원_0617",A1SA1020261000121266,"[즉시 할인] 왕과 사는 남자 2,200원 할인쿠폰","20260627",TOAST,"20260616","20260731",PPV 등,432
C2600OJ,"2606_플레이보이 디맨드_첫달무료",,,"20260604",TOAST,,,PPV 등,460
C2600QU,"6월 성인 1+1 프로모션 (6/11~6/20)_수정",A1SA1020261000121168,"[1+1이벤트] 3,300원 할인 쿠폰","20260617",TOAST,"20260609","20260731",PPV 등,365
C2600IY,"JTBC 월정액 6개월 약정 3,300원_5월 1차",DummyOffer,,"20260514",TOAST,,,PPV 등,877
C2600IP,"CJ ENM 월정액 3개월 5,500원_5월 1차",DummyOffer,,"20260508",TOAST,,,PPV 등,1040
C2600T4,"26년 6월_B tv+ KBO 올스타전_UI 541 이상_4",DummyOffer,,"20260709",TOAST,,,PPV 등,117
C2600W1,"26년 7월_B tv+ KBS 이승철 콘서트_타임딜_UI 541 이상_2",DummyOffer,,"20260731",TOAST,,,PPV 등,23
C2600IY,"JTBC 월정액 6개월 약정 3,300원_5월 1차",DummyOffer,,"20260521",TOAST,,,PPV 등,106
C2600QV,"6월 성인 1+1 프로모션_모바일 (6/11~6/20)_수정",A1SA1020261000121169,"[1+1이벤트] 3,300원 할인 쿠폰 (모바일)","20260617",TOAST,"20260609","20260731",PPV 등,18
C2600UV,모아나 소장용 패키지 프로모션 (7/10),A1SA1020261000121465,"[모아나 패키지 구매] 영화 5,500원 할인","20260715",TOAST,"20260708","20260831",PPV 등,27
C2600J5,"지상파 월정액 3개월 내내 5,500원_5월 1차",A1CP1020261000120660,"[온가족특가] 지상파 월정액 3개월 내내 월 5,500원",,SMART,"20260422","20260531",PM30000150,203695
C2600J7,"지상파 월정액 3개월 내내 5,500원_5월 2차",A1CP1020261000120660,"[온가족특가] 지상파 월정액 3개월 내내 월 5,500원","20260531",SMART,"20260422","20260531",PM30000150,18123
C2600P0,<쉘터> 타겟 프로모션_30%_0604,A1SA1020261000120953,[즉시 할인] 쉘터 30% 할인쿠폰,"20260630",TOAST,"20260526","20260630",PPV 등,40
C2600TK,<메가 샤크 어택> 할인쿠폰 프로모션,A1SA1020261000121369,"[메가 샤크 어택 런칭] 영화 5,500원 할인","20260707",TOAST,"20260626","20260731",PPV 등,31
C2600IP,"CJ ENM 월정액 3개월 5,500원_5월 1차",DummyOffer,,"20260607",TOAST,,,PPV 등,9
C2600KE,무비혜택도미도 쿠폰 사용 안내,,,"20260527",TOAST,,,PPV 등,20
C2600QL,"2606_플레이보이 디맨드_첫달무료_리마인드_2차",,,"20260706",TOAST,,,PPV 등,3
C2600UQ,"2607_비플/캐치온 왕사남 해지취소",,,"20260715",TOAST,,,PPV 등,2
C2600T7,<노멀> 할인쿠폰 프로모션,A1SA1020261000121162,"[노멀 런칭] 영화 3,300원 할인","20260706",TOAST,"20260605","20260731",PPV 등,3
C2600TO,<마이클> 할인쿠폰 프로모션,A1SA1020261000121261,"[마이클 런칭] 영화 3,300원 할인","20260715",TOAST,"20260616","20260815",PPV 등,2
C2600M8,<짱구> 할인쿠폰 프로모션,A1SA1020261000120863,"[짱구 런칭] 영화 5,500원 할인","20260617",TOAST,"20260518","20260630",PPV 등,1
C2600RH,"26년 6월_B tv+ 주말 야식비 지원_UI 541 이상_4",DummyOffer,,"20260728",TOAST,,,PPV 등,6
C2600IY,"JTBC 월정액 6개월 약정 3,300원_5월 1차",DummyOffer,,"20260701",TOAST,,,PPV 등,6
C2600N1,"26년 5월_B tv+ 당첨자_UI 541 이상_3(1770)",DummyOffer,,"20260724",TOAST,,,PPV 등,1
C2600QU,"6월 성인 1+1 프로모션 (6/11~6/20)_수정",A1SA1020261000121168,"[1+1이벤트] 3,300원 할인 쿠폰","20260630",TOAST,"20260609","20260731",PPV 등,1
C2600LE,"CJ ENM 월정액 3개월 5,500원_5월 3차",A1CP1020261000120659,"[온가족특가] CJ ENM 월정액 3개월 내내 5,500원","20260615",TOAST,"20260422","20260531",PM30000154,2
C2600N2,"26년 5월_B tv+ 당첨자_UI 541 이상_4(1770)",DummyOffer,,"20260706",TOAST,,,PPV 등,1
C2600JZ,"JTBC 월정액 6개월 약정 3,300원_5월 2차",DummyOffer,,"20260522",TOAST,,,PPV 등,156167
C2600O0,"26년 6월_B tv+ 짝수달 유료전환 테스트_UI 552 이상",DummyOffer,,"20260628",TOAST,,,PPV 등,7392
C2600RF,"26년 6월_B tv+ 주말 야식비 지원_UI 541 이상_2",DummyOffer,,"20260621",TOAST,,,PPV 등,58409
C2600RG,"26년 6월_B tv+ 주말 야식비 지원_UI 541 이상_3",DummyOffer,,"20260621",TOAST,,,PPV 등,31208
C2600L8,"26년 5월_B tv+ 비플리_UI 541 이상_1차(~5/17)_2(1770)",DummyOffer,,"20260518",TOAST,,,PPV 등,13936
C2600JZ,"JTBC 월정액 6개월 약정 3,300원_5월 2차",DummyOffer,,"20260525",TOAST,,,PPV 등,4024
C2600PS,"26년 6월_B tv+ 파격할인_UI 541 이상_2",DummyOffer,,"20260615",TOAST,,,PPV 등,5089
C2600RC,"<왕과 사는 남자> 타겟 프로모션_2,000원_0617",A1SA1020261000121266,"[즉시 할인] 왕과 사는 남자 2,200원 할인쿠폰","20260717",TOAST,"20260616","20260731",PPV 등,100
C2600M8,<짱구> 할인쿠폰 프로모션,A1SA1020261000120863,"[짱구 런칭] 영화 5,500원 할인","20260528",TOAST,"20260518","20260630",PPV 등,342
C2600PJ,"2606_플레이보이 디맨드_첫달무료_리마인드_1차",,,"20260611",TOAST,,,PPV 등,934
C2600OU,"2606_SPOTV_BWF 인도네시아 오픈",DummyOffer,,"20260706",TOAST,,,PPV 등,199
C2600RF,"26년 6월_B tv+ 주말 야식비 지원_UI 541 이상_2",DummyOffer,,"20260710",TOAST,,,PPV 등,136
C2600RC,"<왕과 사는 남자> 타겟 프로모션_2,000원_0617",A1SA1020261000121266,"[즉시 할인] 왕과 사는 남자 2,200원 할인쿠폰","20260730",TOAST,"20260616","20260731",PPV 등,28
C2600N7,"2605_SPOTV B캐시 이벤트_토팝 추가",,,"20260526",TOAST,,,PPV 등,78
C2600NN,<코드 네임: 알라룸> 할인쿠폰 프로모션,A1SA1020261000120951,"[코드 네임: 알라룸 런칭] 영화 5,500원 할인","20260605",TOAST,"20260526","20260630",PPV 등,33
C2600TH,<살목지> 할인쿠폰 프로모션,A1SA1020261000121380,"[살목지 런칭] 영화 3,300원 할인","20260704",TOAST,"20260629","20260731",PPV 등,6
C2600JZ,"JTBC 월정액 6개월 약정 3,300원_5월 2차",DummyOffer,,"20260612",TOAST,,,PPV 등,54
C2600KI,"JTBC 월정액 6개월 약정 3,300원_5월 3차",A1CP1020261000120658,"[온가족특가] JTBC 6개월 약정 기간 내내 월 3,300원","20260605",TOAST,"20260421","20260531",PM30000269,26
C2600N2,"26년 5월_B tv+ 당첨자_UI 541 이상_4(1770)",DummyOffer,,"20260611",TOAST,,,PPV 등,3
C2600KE,무비혜택도미도 쿠폰 사용 안내,,,"20260526",TOAST,,,PPV 등,12
C2600LE,"CJ ENM 월정액 3개월 5,500원_5월 3차",A1CP1020261000120659,"[온가족특가] CJ ENM 월정액 3개월 내내 5,500원","20260624",TOAST,"20260422","20260531",PM30000154,2
C2600PT,"26년 6월_B tv+ 파격할인_UI 541 이상_3",DummyOffer,,"20260728",TOAST,,,PPV 등,1
C2600LG,<스피드> 할인쿠폰 프로모션,A1SA1020261000120858,"[스피드 런칭] 영화 5,500원 할인","20260525",TOAST,"20260512","20260531",PPV 등,6
C2600QU,"6월 성인 1+1 프로모션 (6/11~6/20)_수정",A1SA1020261000121168,"[1+1이벤트] 3,300원 할인 쿠폰","20260625",TOAST,"20260609","20260731",PPV 등,3
C2600PS,"26년 6월_B tv+ 파격할인_UI 541 이상_2",DummyOffer,,"20260621",TOAST,,,PPV 등,2
C2600KI,"JTBC 월정액 6개월 약정 3,300원_5월 3차",A1CP1020261000120658,"[온가족특가] JTBC 6개월 약정 기간 내내 월 3,300원","20260622",TOAST,"20260421","20260531",PM30000269,1
C2600XE,"26년 7월_B tv+ 7월 4주차 복날 타임딜_UI 541 이상_2_F",DummyOffer,,,TOAST,,,PPV 등,0
C2600L7,"26년 5월_B tv+ 비플리_UI 541 이상_1차(~5/17)_1(1770)",DummyOffer,,"20260526",TOAST,,,PPV 등,2
C2600RG,"26년 6월_B tv+ 주말 야식비 지원_UI 541 이상_3",DummyOffer,,"20260723",TOAST,,,PPV 등,1
C2600OW,"26년 6월_B tv+ 국내여행_(6/4~7)_4567",DummyOffer,,"20260604",TOAST,,,PPV 등,656775
C2600O0,"26년 6월_B tv+ 짝수달 유료전환 테스트_UI 552 이상",DummyOffer,,"20260625",TOAST,,,PPV 등,11355
C2600N2,"26년 5월_B tv+ 당첨자_UI 541 이상_4(1770)",DummyOffer,,"20260525",TOAST,,,PPV 등,4790
C2600W2,"26년 7월_B tv+ KBS 이승철 콘서트_타임딜_UI 541 이상_3",DummyOffer,,"20260719",TOAST,,,PPV 등,94188
C2600OU,"2606_SPOTV_BWF 인도네시아 오픈",DummyOffer,,,SMART,,,PPV 등,947792
C2600L4,"2605_무빙 연장 동의_TV팝업_7차",,,,SMART,,,PPV 등,4411
C2600KK,"CJ ENM 월정액 3개월 5,500원_5월 2차",A1CP1020261000120659,"[온가족특가] CJ ENM 월정액 3개월 내내 5,500원","20260529",SMART,"20260422","20260531",PM30000154,19110
C2600S5,SPOTV 6월 첫달무료_1차_0622,A1SA1020261000121164,[축구 이벤트] SPOTV Prime 1개월 무료,,SMART,"20260609","20260630",PM35000007,216270
C2600VW,[팝업] B tv 스탠다드+(조합형)_(26.7.21)_3-1차,,,,SMART,,,PPV 등,451235
C2600S5,SPOTV 6월 첫달무료_1차_0622,A1SA1020261000121164,[축구 이벤트] SPOTV Prime 1개월 무료,"20260616",SMART,"20260609","20260630",PM35000007,3093
C2600PP,"지상파 월정액 첫달 3,300원_6월 3차",A1CP1020261000120947,"[6월 특가] 지상파 월정액 1개월 13,200원 할인","20260607",SMART,"20260526","20260630",PM30000150,4333
C2600NE,통합 월정액 첫달 무료_6월 1차,A1CP1020261000120948,[이용 감사 혜택] 주요 월정액 1개월 100% 할인 (택1),"20260626",SMART,"20260526","20260630",PM30000176,23210
C2600N4,(주기성) 6월 쿠폰팩 GCP(5/24~6/21가입)_TB,A1SA1020261000120869,[FREE PASS] SPOTV 프라임패키지 1개월 무료_26년6월,"20260611",SMART,"20260519","20260629",PM35000007,79
C2600TG,JTBC 월정액 3개월 70% 할인_7월 1차,A1SA1020261000121374,[쿨썸머 특가] JTBC 월정액 3개월 내내 70% 할인,"20260716",SMART,"20260629","20260731",PM30000269,421
C2600PQ,통합 월정액 첫달 무료_6월 3차,A1CP1020261000120948,[이용 감사 혜택] 주요 월정액 1개월 100% 할인 (택1),"20260617",SMART,"20260526","20260630",PM30000176,2490
C2600QN,"지상파 월정액 첫달 3,300원_6월 4차",A1CP1020261000120947,"[6월 특가] 지상파 월정액 1개월 13,200원 할인","20260606",SMART,"20260526","20260630",PM30000150,1458
C2600P0,<쉘터> 타겟 프로모션_30%_0604,A1SA1020261000120953,[즉시 할인] 쉘터 30% 할인쿠폰,"20260609",TOAST,"20260526","20260630",PPV 등,3974
C2600VG,"2607_비플/캐치온 왕사남 해지취소_2주차_토팝",,,"20260717",TOAST,,,PPV 등,74
C2600KI,"JTBC 월정액 6개월 약정 3,300원_5월 3차",A1CP1020261000120658,"[온가족특가] JTBC 6개월 약정 기간 내내 월 3,300원","20260511",TOAST,"20260421","20260531",PM30000269,644
C2600OU,"2606_SPOTV_BWF 인도네시아 오픈",DummyOffer,,"20260615",TOAST,,,PPV 등,676
C2600UU,"7월 성인 1+1 앵콜 프로모션_모바일 (7/11~7/20)",A1SA1020261000121458,"[1+1 앵콜 이벤트] 3,300원 할인 쿠폰","20260719",TOAST,"20260708","20260831",PPV 등,308
C2600NN,<코드 네임: 알라룸> 할인쿠폰 프로모션,A1SA1020261000120951,"[코드 네임: 알라룸 런칭] 영화 5,500원 할인","20260604",TOAST,"20260526","20260630",PPV 등,95
C2600W1,"26년 7월_B tv+ KBS 이승철 콘서트_타임딜_UI 541 이상_2",DummyOffer,,"20260725",TOAST,,,PPV 등,45
C2600KK,"CJ ENM 월정액 3개월 5,500원_5월 2차",A1CP1020261000120659,"[온가족특가] CJ ENM 월정액 3개월 내내 5,500원","20260625",TOAST,"20260422","20260531",PM30000154,1
C2600TM,<신의 악단> 할인쿠폰 프로모션,A1SA1020261000121384,"[신의 악단 런칭] 영화 3,300원 할인","20260710",TOAST,"20260630","20260731",PPV 등,116
C2600PJ,"2606_플레이보이 디맨드_첫달무료_리마인드_1차",,,"20260730",TOAST,,,PPV 등,3
C2600P0,<쉘터> 타겟 프로모션_30%_0604,A1SA1020261000120953,[즉시 할인] 쉘터 30% 할인쿠폰,"20260730",TOAST,"20260526","20260630",PPV 등,15
C2600LE,"CJ ENM 월정액 3개월 5,500원_5월 3차",A1CP1020261000120659,"[온가족특가] CJ ENM 월정액 3개월 내내 5,500원","20260603",TOAST,"20260422","20260531",PM30000154,33
C2600JE,<캣 앤 독> 할인쿠폰 프로모션,A1SA1020261000120747,"[캣 앤 독 런칭] 영화 5,500원 할인","20260515",TOAST,"20260428","20260531",PPV 등,5
C2600IP,"CJ ENM 월정액 3개월 5,500원_5월 1차",DummyOffer,,"20260610",TOAST,,,PPV 등,5
C2600UN,"26년 7월_B tv+ KBS 이승철 콘서트_UI 541 이상_1",DummyOffer,,"20260729",TOAST,,,PPV 등,6
C2600Q4,"6월 성인 1+1 프로모션_모바일 (6/11~6/20)",A1SA1020261000121169,"[1+1이벤트] 3,300원 할인 쿠폰 (모바일)","20260612",TOAST,"20260609","20260731",PPV 등,4
C2600N1,"26년 5월_B tv+ 당첨자_UI 541 이상_3(1770)",DummyOffer,,"20260627",TOAST,,,PPV 등,2
C2600PJ,"2606_플레이보이 디맨드_첫달무료_리마인드_1차",,,"20260620",TOAST,,,PPV 등,3
C2600ON,"26년 6월_B tv+ 국내여행_(6/3)_4567",DummyOffer,,"20260612",TOAST,,,PPV 등,3
C2600S3,"6월 성인 1+1 프로모션 (6/21~6/30)",A1SA1020261000121170,"[1+1 앵콜 이벤트] 3,300원 할인 쿠폰",,TOAST,"20260609","20260731",PPV 등,0
C2600PS,"26년 6월_B tv+ 파격할인_UI 541 이상_2",DummyOffer,,"20260719",TOAST,,,PPV 등,1
C2600M8,<짱구> 할인쿠폰 프로모션,A1SA1020261000120863,"[짱구 런칭] 영화 5,500원 할인","20260610",TOAST,"20260518","20260630",PPV 등,3
C2600IY,"JTBC 월정액 6개월 약정 3,300원_5월 1차",A1CP1020261000120658,"[온가족특가] JTBC 6개월 약정 기간 내내 월 3,300원","20260521",TOAST,"20260421","20260531",PM30000269,1
C2600NP,<모탈 컴뱃2> 할인쿠폰 프로모션,A1SA1020261000120959,"[모탈컴뱃2 런칭] 영화 5,500원 할인",,TOAST,"20260528","20260615",PPV 등,0
C2600ON,"26년 6월_B tv+ 국내여행_(6/3)_4567",DummyOffer,,"20260716",TOAST,,,PPV 등,1
C2600JZ,"JTBC 월정액 6개월 약정 3,300원_5월 2차",A1CP1020261000120658,"[온가족특가] JTBC 6개월 약정 기간 내내 월 3,300원","20260528",TOAST,"20260421","20260531",PM30000269,2
C2600QU,"6월 성인 1+1 프로모션 (6/11~6/20)_수정",A1SA1020261000121168,"[1+1이벤트] 3,300원 할인 쿠폰","20260629",TOAST,"20260609","20260731",PPV 등,1
C2600OW,"26년 6월_B tv+ 국내여행_(6/4~7)_4567",DummyOffer,,"20260624",TOAST,,,PPV 등,2
C2600WI,<뮌터 & 칸딘스키 - 사랑의 초상> 할인쿠폰 프로모션,A1SA1020261000121560,"[뮌터 & 칸딘스키 - 사랑의 초상 런칭] 영화 5,500원 할인","20260728",TOAST,"20260716","20260831",PPV 등,1
C2600TO,<마이클> 할인쿠폰 프로모션,A1SA1020261000121261,"[마이클 런칭] 영화 3,300원 할인","20260724",TOAST,"20260616","20260815",PPV 등,1
C2600KE,무비혜택도미도 쿠폰 사용 안내,,,"20260713",TOAST,,,PPV 등,1
C2600M8,<짱구> 할인쿠폰 프로모션,A1SA1020261000120863,"[짱구 런칭] 영화 5,500원 할인","20260622",TOAST,"20260518","20260630",PPV 등,1
C2600UQ,"2607_비플/캐치온 왕사남 해지취소",,,"20260708",TOAST,,,PPV 등,985
C2600PV,"26년 6월_B tv+ 파격할인_UI 541 이하_5",DummyOffer,,"20260612",TOAST,,,PPV 등,94
C2600JZ,"JTBC 월정액 6개월 약정 3,300원_5월 2차",DummyOffer,,"20260520",TOAST,,,PPV 등,122
C2600TM,<신의 악단> 할인쿠폰 프로모션,A1SA1020261000121384,"[신의 악단 런칭] 영화 3,300원 할인","20260716",TOAST,"20260630","20260731",PPV 등,43
C2600VM,<헬파이어: 시수의 길> 할인쿠폰 프로모션,A1SA1020261000121461,"[헬파이어: 시수의 길 런칭] 영화 5,500원 할인","20260719",TOAST,"20260708","20260831",PPV 등,37
C2600KA,"26년 5월_B tv+ 비플리_UI 540 이하(1969)_토팝 멀티스탭",DummyOffer,,"20260528",TOAST,,,PPV 등,11
C2600RF,"26년 6월_B tv+ 주말 야식비 지원_UI 541 이상_2",DummyOffer,,"20260727",TOAST,,,PPV 등,24
C2600KA,"26년 5월_B tv+ 비플리_UI 540 이하(1969)_토팝 멀티스탭",DummyOffer,,"20260511",TOAST,,,PPV 등,14
C2600M8,<짱구> 할인쿠폰 프로모션,A1SA1020261000120863,"[짱구 런칭] 영화 5,500원 할인","20260612",TOAST,"20260518","20260630",PPV 등,2
C2600LG,<스피드> 할인쿠폰 프로모션,A1SA1020261000120858,"[스피드 런칭] 영화 5,500원 할인","20260517",TOAST,"20260512","20260531",PPV 등,17
C2600S3,"6월 성인 1+1 프로모션 (6/21~6/30)",A1SA1020261000121170,"[1+1 앵콜 이벤트] 3,300원 할인 쿠폰","20260723",TOAST,"20260609","20260731",PPV 등,2
C2600RG,"26년 6월_B tv+ 주말 야식비 지원_UI 541 이상_3",DummyOffer,,"20260727",TOAST,,,PPV 등,4
C2600KP,<왕과 사는 남자> 할인쿠폰 프로모션,A1SA1020261000120651,"[왕과 사는 남자 런칭] 영화 4,400원 할인","20260526",TOAST,"20260421","20260531",PPV 등,1
C2600OW,"26년 6월_B tv+ 국내여행_(6/4~7)_4567",DummyOffer,,"20260708",TOAST,,,PPV 등,2
C2600T9,"26년 6월 B tv+ 할인 연장 캠페인_8월할인 7,700원",A1CP1020261000121368,"[가입 유지 선물] B tv+ 월 7,700원 이용 혜택 6개월 자동 연장_6월","20260708",TOAST,"20260625","20260731",PPV 등,4
C2600N1,"26년 5월_B tv+ 당첨자_UI 541 이상_3(1770)",DummyOffer,,"20260718",TOAST,,,PPV 등,2
C2600Q3,"6월 성인 1+1 프로모션 (6/11~6/20)",A1SA1020261000121168,"[1+1이벤트] 3,300원 할인 쿠폰","20260708",TOAST,"20260609","20260731",PPV 등,1
C2600QU,"6월 성인 1+1 프로모션 (6/11~6/20)_수정",A1SA1020261000121168,"[1+1이벤트] 3,300원 할인 쿠폰","20260715",TOAST,"20260609","20260731",PPV 등,1
C2600IY,"JTBC 월정액 6개월 약정 3,300원_5월 1차",A1CP1020261000120658,"[온가족특가] JTBC 6개월 약정 기간 내내 월 3,300원","20260512",TOAST,"20260421","20260531",PM30000269,3
C2600L7,"26년 5월_B tv+ 비플리_UI 541 이상_1차(~5/17)_1(1770)",DummyOffer,,"20260531",TOAST,,,PPV 등,1
C2600KI,"JTBC 월정액 6개월 약정 3,300원_5월 3차",A1CP1020261000120658,"[온가족특가] JTBC 6개월 약정 기간 내내 월 3,300원","20260722",TOAST,"20260421","20260531",PM30000269,1
C2600JA,<오시리스> 할인쿠폰 프로모션,A1SA1020261000120652,"[오시리스 런칭] 영화 3,300원 할인",,TOAST,"20260421","20260531",PPV 등,0
C2600JZ,"JTBC 월정액 6개월 약정 3,300원_5월 2차",DummyOffer,,"20260523",TOAST,,,PPV 등,104213
C2600RA,SPOTV 6월 첫달무료_1차_0617 토스트팝업,,,"20260617",TOAST,,,PPV 등,401648
C2600T0,"26년 6월_B tv+ KBO 올스타전_UI 541 이상_2",DummyOffer,,"20260701",TOAST,,,PPV 등,103622
C2600K8,<몽타주: 6일간의 추격> 타겟 프로모션_40%_0430,A1SA1020261000120748,[즉시 할인] 몽타주: 6일간의 추격 40% 할인쿠폰,"20260504",TOAST,"20260403","20260430",PPV 등,8434
C2600KP,<왕과 사는 남자> 할인쿠폰 프로모션,A1SA1020261000120651,"[왕과 사는 남자 런칭] 영화 4,400원 할인","20260513",TOAST,"20260421","20260531",PPV 등,665
C2600W2,"26년 7월_B tv+ KBS 이승철 콘서트_타임딜_UI 541 이상_3",DummyOffer,,"20260720",TOAST,,,PPV 등,4915
C2600L8,"26년 5월_B tv+ 비플리_UI 541 이상_1차(~5/17)_2(1770)",DummyOffer,,"20260519",TOAST,,,PPV 등,5243
C2600RF,"26년 6월_B tv+ 주말 야식비 지원_UI 541 이상_2",DummyOffer,,"20260628",TOAST,,,PPV 등,585
C2600LE,"CJ ENM 월정액 3개월 5,500원_5월 3차",A1CP1020261000120659,"[온가족특가] CJ ENM 월정액 3개월 내내 5,500원","20260523",TOAST,"20260422","20260531",PM30000154,192
C2600RC,"<왕과 사는 남자> 타겟 프로모션_2,000원_0617",A1SA1020261000121266,"[즉시 할인] 왕과 사는 남자 2,200원 할인쿠폰","20260628",TOAST,"20260616","20260731",PPV 등,381
C2600M8,<짱구> 할인쿠폰 프로모션,A1SA1020261000120863,"[짱구 런칭] 영화 5,500원 할인","20260618",SMART,"20260518","20260630",PPV 등,84
C2600O8,[주기성] 26년 6월_B tv+ 비플리_UI 541 이하_쿠폰,A1CP1020261000120872,[위클리 혜택] B tv+ 12개월 50% 할인,"20260606",SMART,"20260520","20260630",PM30000107,37
C2600NL,<쉘터> 할인쿠폰 프로모션,A1SA1020261000120861,"[쉘터 런칭] 영화 3,300원 할인","20260607",SMART,"20260518","20260630",PPV 등,7
C2600R5,<내 이름은> 할인쿠폰 프로모션,A1SA1020261000121159,"[내 이름은 런칭] 영화 5,500원 할인","20260701",SMART,"20260605","20260731",PPV 등,1
C2600PU,"26년 6월_B tv+ 파격할인_UI 541 이상_4",A1CP1020261000120874,"[파격할인] B tv+ 12개월 월 5,500원 혜택","20260614",SMART,"20260520","20260531",PM30000107,133761
C2600JZ,"JTBC 월정액 6개월 약정 3,300원_5월 2차",A1CP1020261000120658,"[온가족특가] JTBC 6개월 약정 기간 내내 월 3,300원","20260529",SMART,"20260421","20260531",PM30000269,47385
C2600L8,"26년 5월_B tv+ 비플리_UI 541 이상_1차(~5/17)_2(1770)",A1CP1020261000120853,[가정의 달] B tv+ 12개월 50% 할인 (~5/17),"20260514",SMART,"20260507","20260517",PM30000107,4575
C2600RC,"<왕과 사는 남자> 타겟 프로모션_2,000원_0617",A1SA1020261000121266,"[즉시 할인] 왕과 사는 남자 2,200원 할인쿠폰","20260617",SMART,"20260616","20260731",PPV 등,41387
C2600M6,JTBC 월정액 첫달 무료_5월 2차,A1SA1020261000119567,[깜짝 특가] JTBC 월정액 1개월 100% 할인 쿠폰,"20260606",SMART,"20260119","20261231",PM30000269,50
C2600IP,"CJ ENM 월정액 3개월 5,500원_5월 1차",A1CP1020261000120659,"[온가족특가] CJ ENM 월정액 3개월 내내 5,500원","20260507",SMART,"20260422","20260531",PM30000154,651
C2600QN,"지상파 월정액 첫달 3,300원_6월 4차",A1CP1020261000120947,"[6월 특가] 지상파 월정액 1개월 13,200원 할인","20260607",SMART,"20260526","20260630",PM30000150,1328
C2600PZ,SPOTV 6월 첫달무료_1차_0612,A1SA1020261000121164,[축구 이벤트] SPOTV Prime 1개월 무료,"20260625",SMART,"20260609","20260630",PM35000007,34670
C2600PN,JTBC 월정액 첫달 무료_6월 2차,A1SA1020261000119567,[깜짝 특가] JTBC 월정액 1개월 100% 할인 쿠폰,"20260619",SMART,"20260119","20261231",PM30000269,66859
C2600M8,<짱구> 할인쿠폰 프로모션,A1SA1020261000120863,"[짱구 런칭] 영화 5,500원 할인","20260608",SMART,"20260518","20260630",PPV 등,427
C2600S9,통합 월정액 첫달 90% 할인_추가 1차,A1CP1020261000121363,[쿨썸머 파격 특가] 주요 월정액 첫달 90% 할인 (택1),"20260626",SMART,"20260622","20260629",PM30000176,8215
C2600NI,<시에라 마드레: 카르텔 전쟁> 할인쿠폰 프로모션,A1SA1020261000120862,"[시에라 마드레: 카르텔 전쟁 런칭] 영화 5,500원 할인","20260605",SMART,"20260518","20260630",PPV 등,21
C2600W7,"7월 성인 1+1 이열치열 프로모션 (7/21~/20)",A1SA1020261000121561,"[1+1 이열치열 이벤트] 3,300원 할인 쿠폰","20260729",TOAST,"20260716","20260831",PPV 등,135
C2600VN,<엘리베이션> 할인쿠폰 프로모션,A1SA1020261000121463,"[엘리베이션 런칭] 영화 3,300원 할인","20260719",TOAST,"20260708","20260831",PPV 등,210
C2600RC,"<왕과 사는 남자> 타겟 프로모션_2,000원_0617",A1SA1020261000121266,"[즉시 할인] 왕과 사는 남자 2,200원 할인쿠폰","20260727",TOAST,"20260616","20260731",PPV 등,30
C2600RA,SPOTV 6월 첫달무료_1차_0617 토스트팝업,,,"20260708",TOAST,,,PPV 등,136
C2600O0,"26년 6월_B tv+ 짝수달 유료전환 테스트_UI 552 이상",DummyOffer,,"20260730",TOAST,,,PPV 등,270
C2600RA,SPOTV 6월 첫달무료_1차_0617 토스트팝업,,,"20260722",TOAST,,,PPV 등,34
C2600K8,<몽타주: 6일간의 추격> 타겟 프로모션_40%_0430,A1SA1020261000120748,[즉시 할인] 몽타주: 6일간의 추격 40% 할인쿠폰,"20260528",TOAST,"20260403","20260430",PPV 등,103
C2600T6,"26년 6월 B tv+ 할인 연장 캠페인_광복절 5,500원",A1CP1020261000121367,"[가입 유지 선물] B tv+ 월 5,500원 이용 혜택 6개월 자동 연장_6월","20260708",TOAST,"20260625","20260731",PPV 등,1
C2600IY,"JTBC 월정액 6개월 약정 3,300원_5월 1차",A1CP1020261000120658,"[온가족특가] JTBC 6개월 약정 기간 내내 월 3,300원","20260508",TOAST,"20260421","20260531",PM30000269,48
C2600IY,"JTBC 월정액 6개월 약정 3,300원_5월 1차",DummyOffer,,"20260616",TOAST,,,PPV 등,11
C2600TK,<메가 샤크 어택> 할인쿠폰 프로모션,A1SA1020261000121369,"[메가 샤크 어택 런칭] 영화 5,500원 할인","20260711",TOAST,"20260626","20260731",PPV 등,30
C2600IY,"JTBC 월정액 6개월 약정 3,300원_5월 1차",DummyOffer,,"20260712",TOAST,,,PPV 등,6
C2600KI,"JTBC 월정액 6개월 약정 3,300원_5월 3차",A1CP1020261000120658,"[온가족특가] JTBC 6개월 약정 기간 내내 월 3,300원","20260617",TOAST,"20260421","20260531",PM30000269,4
C2600TO,<마이클> 할인쿠폰 프로모션,A1SA1020261000121261,"[마이클 런칭] 영화 3,300원 할인","20260716",TOAST,"20260616","20260815",PPV 등,2
C2600N0,"26년 5월_B tv+ 당첨자_UI 541 이상_2(1770)",DummyOffer,,"20260707",TOAST,,,PPV 등,3
C2600KK,"CJ ENM 월정액 3개월 5,500원_5월 2차",A1CP1020261000120659,"[온가족특가] CJ ENM 월정액 3개월 내내 5,500원","20260603",TOAST,"20260422","20260531",PM30000154,29
C2600NO,<푸틴: 절대 권력의 최후> 할인쿠폰 프로모션,A1SA1020261000120952,"[푸틴: 절대 권력의 최후 런칭] 영화 3,300원 할인",,TOAST,"20260526","20260630",PPV 등,0
C2600SU,"26년 6월_B tv+ KBO 올스타전_UI 541 이상_1",DummyOffer,,"20260728",TOAST,,,PPV 등,7
C2600IY,"JTBC 월정액 6개월 약정 3,300원_5월 1차",DummyOffer,,"20260702",TOAST,,,PPV 등,1
C2600N1,"26년 5월_B tv+ 당첨자_UI 541 이상_3(1770)",DummyOffer,,"20260620",TOAST,,,PPV 등,3
C2600KD,[주기성/쿠폰] <프로젝트헤일메리&인생SF전> 할인쿠폰 프로모션,A1PR1020261000120752,[프로젝트헤일메리] 인생SF영화 추가 30% 할인,"20260530",TOAST,"20260430","20260524",PPV 등,1
C2600LE,"CJ ENM 월정액 3개월 5,500원_5월 3차",A1CP1020261000120659,"[온가족특가] CJ ENM 월정액 3개월 내내 5,500원","20260725",TOAST,"20260422","20260531",PM30000154,1
C2600L8,"26년 5월_B tv+ 비플리_UI 541 이상_1차(~5/17)_2(1770)",DummyOffer,,"20260516",TOAST,,,PPV 등,334461
C2600N2,"26년 5월_B tv+ 당첨자_UI 541 이상_4(1770)",DummyOffer,,"20260524",TOAST,,,PPV 등,33841
C2600W2,"26년 7월_B tv+ KBS 이승철 콘서트_타임딜_UI 541 이상_3",DummyOffer,,"20260721",TOAST,,,PPV 등,254303
C2600SJ,[주기성]프라다입고문워크 신작혜택파티 프로모션,A1PR1020261000121272,[신작혜택파티] 영화 30% 할인(악마는프라다2 외 대상작),"20260629",TOAST,"20260618","20260706",PPV 등,1789
C2600OX,"26년 6월_B tv+ 국내여행_(6/4~7)_89",DummyOffer,,"20260608",TOAST,,,PPV 등,2450
C2600OU,"2606_SPOTV_BWF 인도네시아 오픈",DummyOffer,,"20260606",TOAST,,,PPV 등,4284
C2600VN,<엘리베이션> 할인쿠폰 프로모션,A1SA1020261000121463,"[엘리베이션 런칭] 영화 3,300원 할인","20260728",TOAST,"20260708","20260831",PPV 등,59
C2600OU,"2606_SPOTV_BWF 인도네시아 오픈",DummyOffer,,"20260712",TOAST,,,PPV 등,219
C2600X8,"26년 7월_B tv+ 7월 4주차 복날 타임딜_UI 541 이상_3_F",DummyOffer,,"20260729",TOAST,,,PPV 등,434
C2600O0,"26년 6월_B tv+ 짝수달 유료전환 테스트_UI 552 이상",DummyOffer,,"20260725",TOAST,,,PPV 등,700
C2600N3,[주기성/쿠폰] <살목지&K-공포상영회> 할인쿠폰 프로모션,A1PR1020261000120873,[K-공포 상영회] 영화 50% 할인,"20260528",TOAST,"20260520","20260609",PPV 등,1579
C2600TL,"7월 성인 1+1 프로모션 (7/1~7/10)",A1SA1020261000121370,"[1+1이벤트] 3,300원 할인 쿠폰","20260710",TOAST,"20260626","20260731",PPV 등,282
C2600OO,"26년 6월_B tv+ 국내여행_(6/3)_89",DummyOffer,,"20260605",TOAST,,,PPV 등,7
C2600KK,"CJ ENM 월정액 3개월 5,500원_5월 2차",A1CP1020261000120659,"[온가족특가] CJ ENM 월정액 3개월 내내 5,500원","20260520",TOAST,"20260422","20260531",PM30000154,56
C2600US,<잠금: 셧다운> 할인쿠폰 프로모션,A1SA1020261000121462,"[잠금: 셧다운 런칭] 영화 5,500원 할인","20260718",TOAST,"20260708","20260831",PPV 등,30
C2600RX,"2606_비너스 디맨드_첫달무료_개편후",,,"20260708",TOAST,,,PPV 등,91
C2600R8,"26년 6월_B tv+ 주말 야식비 지원_UI 541 이상_1",DummyOffer,,"20260716",TOAST,,,PPV 등,32
C2600IP,"CJ ENM 월정액 3개월 5,500원_5월 1차",DummyOffer,,"20260511",TOAST,,,PPV 등,28
C2600WF,<군체[예약구매]> 할인쿠폰 프로모션,A1SA1020261000121562,"[군체 예약] 영화 4,400원 할인","20260724",TOAST,"20260716","20260831",PPV 등,48
C2600QR,"6월 성인 1+1 프로모션_추가 (6/12~14 구매자)",A1SA1020261000121168,"[1+1이벤트] 3,300원 할인 쿠폰","20260617",TOAST,"20260609","20260731",PPV 등,47
C2600W2,"26년 7월_B tv+ KBS 이승철 콘서트_타임딜_UI 541 이상_3",DummyOffer,,"20260726",TOAST,,,PPV 등,13
C2600US,<잠금: 셧다운> 할인쿠폰 프로모션,A1SA1020261000121462,"[잠금: 셧다운 런칭] 영화 5,500원 할인",,TOAST,"20260708","20260831",PPV 등,0
C2600RF,"26년 6월_B tv+ 주말 야식비 지원_UI 541 이상_2",DummyOffer,,,TOAST,,,PPV 등,0
C2600IY,"JTBC 월정액 6개월 약정 3,300원_5월 1차",DummyOffer,,"20260610",TOAST,,,PPV 등,19
C2600M2,"26년 5월_B tv+ 당첨자_UI 541 이상_1(1770)",DummyOffer,,"20260620",TOAST,,,PPV 등,9
C2600N1,"26년 5월_B tv+ 당첨자_UI 541 이상_3(1770)",DummyOffer,,"20260710",TOAST,,,PPV 등,1
C2600OP,"26년 6월_B tv+ 국내여행_(6/4~7)_0123",DummyOffer,,"20260628",TOAST,,,PPV 등,1
C2600N0,"26년 5월_B tv+ 당첨자_UI 541 이상_2(1770)",DummyOffer,,"20260705",TOAST,,,PPV 등,3
C2600PJ,"2606_플레이보이 디맨드_첫달무료_리마인드_1차",,,"20260626",TOAST,,,PPV 등,3
C2600T1,"26년 6월_B tv+ KBO 올스타전_UI 541 이상_3",DummyOffer,,"20260726",TOAST,,,PPV 등,4
C2600KP,<왕과 사는 남자> 할인쿠폰 프로모션,A1SA1020261000120651,"[왕과 사는 남자 런칭] 영화 4,400원 할인","20260525",TOAST,"20260421","20260531",PPV 등,1
C2600K8,<몽타주: 6일간의 추격> 타겟 프로모션_40%_0430,A1SA1020261000120748,[즉시 할인] 몽타주: 6일간의 추격 40% 할인쿠폰,"20260730",TOAST,"20260403","20260430",PPV 등,1
C2600KK,"CJ ENM 월정액 3개월 5,500원_5월 2차",A1CP1020261000120659,"[온가족특가] CJ ENM 월정액 3개월 내내 5,500원","20260710",TOAST,"20260422","20260531",PM30000154,2
C2600R6,<슈퍼 마리오 갤럭시> 할인쿠폰 프로모션,A1SA1020261000120961,"[슈퍼마리오 갤럭시 런칭] 영화 3,300원 할인","20260701",TOAST,"20260529","20260623",PPV 등,1
C2600LA,"26년 5월_B tv+ 비플리_UI 541 이상_1차(~5/17)_4(1770)",DummyOffer,,"20260615",TOAST,,,PPV 등,1
C2600T9,"26년 6월 B tv+ 할인 연장 캠페인_8월할인 7,700원",A1CP1020261000121368,"[가입 유지 선물] B tv+ 월 7,700원 이용 혜택 6개월 자동 연장_6월","20260716",TOAST,"20260625","20260731",PPV 등,1
C2600N1,"26년 5월_B tv+ 당첨자_UI 541 이상_3(1770)",DummyOffer,,"20260531",TOAST,,,PPV 등,682
C2600TH,<살목지> 할인쿠폰 프로모션,A1SA1020261000121380,"[살목지 런칭] 영화 3,300원 할인","20260630",TOAST,"20260629","20260731",PPV 등,1408
C2600NP,<모탈 컴뱃2> 할인쿠폰 프로모션,A1SA1020261000120959,"[모탈컴뱃2 런칭] 영화 5,500원 할인","20260607",TOAST,"20260528","20260615",PPV 등,113
C2600QL,"2606_플레이보이 디맨드_첫달무료_리마인드_2차",,,"20260620",TOAST,,,PPV 등,118
C2600OM,"26년 6월_B tv+ 국내여행_(6/3)_0123",DummyOffer,,"20260605",TOAST,,,PPV 등,19
C2600UT,"7월 성인 1+1 앵콜 프로모션_모바일 (7/11~7/20)",A1SA1020261000121459,"[1+1 앵콜 이벤트] 3,300원 할인 쿠폰 (모바일)","20260714",TOAST,"20260708","20260831",PPV 등,39
C2600NC,"26년 5월 B tv+ 할인 연장 캠페인_1주년 4,400원",A1CP1020261000120955,"[가입 유지 선물] B tv+ 월 4,400원 혜택 6개월 자동 연장_5월","20260529",TOAST,"20260526","20260731",PM30000107,11
C2600RX,"2606_비너스 디맨드_첫달무료_개편후",,,"20260720",TOAST,,,PPV 등,27
C2600PS,"26년 6월_B tv+ 파격할인_UI 541 이상_2",DummyOffer,,"20260623",TOAST,,,PPV 등,6
C2600TH,<살목지> 할인쿠폰 프로모션,A1SA1020261000121380,"[살목지 런칭] 영화 3,300원 할인","20260702",TOAST,"20260629","20260731",PPV 등,14
C2600SJ,[주기성]프라다입고문워크 신작혜택파티 프로모션,A1PR1020261000121272,[신작혜택파티] 영화 30% 할인(악마는프라다2 외 대상작),"20260717",TOAST,"20260618","20260706",PPV 등,1
C2600R8,"26년 6월_B tv+ 주말 야식비 지원_UI 541 이상_1",DummyOffer,,"20260725",TOAST,,,PPV 등,19
C2600T9,"26년 6월 B tv+ 할인 연장 캠페인_8월할인 7,700원",A1CP1020261000121368,"[가입 유지 선물] B tv+ 월 7,700원 이용 혜택 6개월 자동 연장_6월","20260703",TOAST,"20260625","20260731",PPV 등,3
C2600L7,"26년 5월_B tv+ 비플리_UI 541 이상_1차(~5/17)_1(1770)",DummyOffer,,"20260619",TOAST,,,PPV 등,1
C2600XG,"26년 7월 B tv+ 할인 연장 캠페인_6개월/9개월 할인재연",A1CP1020261000121664,"[가입 유지 선물] B tv+ 월 5,500원 이용 혜택 6개월 자동 연장_7월","20260729",TOAST,"20260721","20260831",PPV 등,10
C2600KK,"CJ ENM 월정액 3개월 5,500원_5월 2차",A1CP1020261000120659,"[온가족특가] CJ ENM 월정액 3개월 내내 5,500원","20260608",TOAST,"20260422","20260531",PM30000154,1
C2600OX,"26년 6월_B tv+ 국내여행_(6/4~7)_89",DummyOffer,,"20260621",TOAST,,,PPV 등,2
C2600TL,"7월 성인 1+1 프로모션 (7/1~7/10)",A1SA1020261000121370,"[1+1이벤트] 3,300원 할인 쿠폰",,TOAST,"20260626","20260731",PPV 등,0
C2600TN,"7월 성인 1+1 프로모션_모바일 (7/1~7/10)",A1SA1020261000121371,"[1+1이벤트] 3,300원 할인 쿠폰 (모바일)","20260719",TOAST,"20260626","20260731",PPV 등,1
C2600TN,"7월 성인 1+1 프로모션_모바일 (7/1~7/10)",A1SA1020261000121371,"[1+1이벤트] 3,300원 할인 쿠폰 (모바일)","20260726",TOAST,"20260626","20260731",PPV 등,1
C2600LA,"26년 5월_B tv+ 비플리_UI 541 이상_1차(~5/17)_4(1770)",DummyOffer,,,TOAST,,,PPV 등,0
C2600O0,"26년 6월_B tv+ 짝수달 유료전환 테스트_UI 552 이상",DummyOffer,,"20260705",TOAST,,,PPV 등,7130
C2600T0,"26년 6월_B tv+ KBO 올스타전_UI 541 이상_2",DummyOffer,,"20260630",TOAST,,,PPV 등,396524
C2600OX,"26년 6월_B tv+ 국내여행_(6/4~7)_89",DummyOffer,,"20260607",TOAST,,,PPV 등,2029
C2600XD,"26년 7월_B tv+ 7월 4주차 복날 타임딜_UI 541 이상_1_F",DummyOffer,,"20260727",TOAST,,,PPV 등,14618
C2600IP,"CJ ENM 월정액 3개월 5,500원_5월 1차",A1CP1020261000120659,"[온가족특가] CJ ENM 월정액 3개월 내내 5,500원","20260503",TOAST,"20260422","20260531",PM30000154,3008
C2600S6,토이스토리 소장용 패키지 프로모션_수정,A1SA1020261000121259,"[토이 스토리 패키지 구매] 영화 5,500원 할인","20260624",TOAST,"20260615","20260731",PPV 등,85
C2600SJ,[주기성]프라다입고문워크 신작혜택파티 프로모션,A1PR1020261000121272,[신작혜택파티] 영화 30% 할인(악마는프라다2 외 대상작),"20260628",TOAST,"20260618","20260706",PPV 등,1752
C2600N0,"26년 5월_B tv+ 당첨자_UI 541 이상_2(1770)",DummyOffer,,"20260528",TOAST,,,PPV 등,3109
C2600M8,<짱구> 할인쿠폰 프로모션,A1SA1020261000120863,"[짱구 런칭] 영화 5,500원 할인","20260529",TOAST,"20260518","20260630",PPV 등,195
C2600IY,"JTBC 월정액 6개월 약정 3,300원_5월 1차",DummyOffer,,"20260527",TOAST,,,PPV 등,1241
C2600OU,"2606_SPOTV_BWF 인도네시아 오픈",DummyOffer,,"20260731",TOAST,,,PPV 등,73
C2600R8,"26년 6월_B tv+ 주말 야식비 지원_UI 541 이상_1",DummyOffer,,"20260708",TOAST,,,PPV 등,137
C2600RF,"26년 6월_B tv+ 주말 야식비 지원_UI 541 이상_2",DummyOffer,,"20260711",TOAST,,,PPV 등,205
C2600NP,<모탈 컴뱃2> 할인쿠폰 프로모션,A1SA1020261000120959,"[모탈컴뱃2 런칭] 영화 5,500원 할인","20260615",TOAST,"20260528","20260615",PPV 등,25
C2600RH,"26년 6월_B tv+ 주말 야식비 지원_UI 541 이상_4",DummyOffer,,"20260709",TOAST,,,PPV 등,35
C2600R8,"26년 6월_B tv+ 주말 야식비 지원_UI 541 이상_1",DummyOffer,,"20260722",TOAST,,,PPV 등,17
C2600P0,<쉘터> 타겟 프로모션_30%_0604,A1SA1020261000120953,[즉시 할인] 쉘터 30% 할인쿠폰,"20260714",TOAST,"20260526","20260630",PPV 등,21
C2600L7,"26년 5월_B tv+ 비플리_UI 541 이상_1차(~5/17)_1(1770)",DummyOffer,,"20260603",TOAST,,,PPV 등,3
C2600ON,"26년 6월_B tv+ 국내여행_(6/3)_4567",DummyOffer,,"20260607",TOAST,,,PPV 등,2
C2600RH,"26년 6월_B tv+ 주말 야식비 지원_UI 541 이상_4",DummyOffer,,"20260723",TOAST,,,PPV 등,10
C2600OP,"26년 6월_B tv+ 국내여행_(6/4~7)_0123",DummyOffer,,"20260629",TOAST,,,PPV 등,2
C2600ON,"26년 6월_B tv+ 국내여행_(6/3)_4567",DummyOffer,,"20260609",TOAST,,,PPV 등,5
C2600S3,"6월 성인 1+1 프로모션 (6/21~6/30)",A1SA1020261000121170,"[1+1 앵콜 이벤트] 3,300원 할인 쿠폰","20260722",TOAST,"20260609","20260731",PPV 등,1
C2600KE,무비혜택도미도 쿠폰 사용 안내,,,"20260615",TOAST,,,PPV 등,1
C2600UP,<서퍼> 할인쿠폰 프로모션,A1SA1020261000121460,"[서퍼 런칭] 영화 3,300원 할인","20260721",TOAST,"20260708","20260831",PPV 등,4
C2600PS,"26년 6월_B tv+ 파격할인_UI 541 이상_2",DummyOffer,,"20260729",TOAST,,,PPV 등,1
C2600S3,"6월 성인 1+1 프로모션 (6/21~6/30)",A1SA1020261000121170,"[1+1 앵콜 이벤트] 3,300원 할인 쿠폰","20260708",TOAST,"20260609","20260731",PPV 등,2
C2600T9,"26년 6월 B tv+ 할인 연장 캠페인_8월할인 7,700원",A1CP1020261000121368,"[가입 유지 선물] B tv+ 월 7,700원 이용 혜택 6개월 자동 연장_6월","20260717",TOAST,"20260625","20260731",PPV 등,2
C2600SU,"26년 6월_B tv+ KBO 올스타전_UI 541 이상_1",DummyOffer,,"20260705",TOAST,,,PPV 등,55970
C2600RF,"26년 6월_B tv+ 주말 야식비 지원_UI 541 이상_2",DummyOffer,,"20260627",TOAST,,,PPV 등,652
C2600SU,"26년 6월_B tv+ KBO 올스타전_UI 541 이상_1",DummyOffer,,"20260627",TOAST,,,PPV 등,18331
C2600UN,"26년 7월_B tv+ KBS 이승철 콘서트_UI 541 이상_1",DummyOffer,,"20260718",TOAST,,,PPV 등,951
C2600RX,"2606_비너스 디맨드_첫달무료_개편후",,,"20260701",TOAST,,,PPV 등,326
C2600KA,"26년 5월_B tv+ 비플리_UI 540 이하(1969)_토팝 멀티스탭",DummyOffer,,"20260501",TOAST,,,PPV 등,14
C2600P0,<쉘터> 타겟 프로모션_30%_0604,A1SA1020261000120953,[즉시 할인] 쉘터 30% 할인쿠폰,"20260724",TOAST,"20260526","20260630",PPV 등,13
C2600S3,"6월 성인 1+1 프로모션 (6/21~6/30)",A1SA1020261000121170,"[1+1 앵콜 이벤트] 3,300원 할인 쿠폰","20260626",TOAST,"20260609","20260731",PPV 등,257
C2600T6,"26년 6월 B tv+ 할인 연장 캠페인_광복절 5,500원",A1CP1020261000121367,"[가입 유지 선물] B tv+ 월 5,500원 이용 혜택 6개월 자동 연장_6월","20260701",TOAST,"20260625","20260731",PPV 등,10
C2600WF,<군체[예약구매]> 할인쿠폰 프로모션,A1SA1020261000121562,"[군체 예약] 영화 4,400원 할인","20260722",TOAST,"20260716","20260831",PPV 등,120
C2600IP,"CJ ENM 월정액 3개월 5,500원_5월 1차",DummyOffer,,"20260512",TOAST,,,PPV 등,22
C2600IP,"CJ ENM 월정액 3개월 5,500원_5월 1차",DummyOffer,,"20260604",TOAST,,,PPV 등,67
C2600T1,"26년 6월_B tv+ KBO 올스타전_UI 541 이상_3",DummyOffer,,"20260712",TOAST,,,PPV 등,5
C2600UP,<서퍼> 할인쿠폰 프로모션,A1SA1020261000121460,"[서퍼 런칭] 영화 3,300원 할인","20260714",TOAST,"20260708","20260831",PPV 등,20
C2600RW,"2606_비너스 디맨드_첫달무료_개편전",,,"20260726",TOAST,,,PPV 등,2
C2600RG,"26년 6월_B tv+ 주말 야식비 지원_UI 541 이상_3",DummyOffer,,"20260627",TOAST,,,PPV 등,36
C2600NG,SPOTV 6월 첫달무료_1차_0613 토팝,,,"20260711",TOAST,,,PPV 등,6
C2600N3,[주기성/쿠폰] <살목지&K-공포상영회> 할인쿠폰 프로모션,A1PR1020261000120873,[K-공포 상영회] 영화 50% 할인,"20260621",TOAST,"20260520","20260609",PPV 등,4
C2600LG,<스피드> 할인쿠폰 프로모션,A1SA1020261000120858,"[스피드 런칭] 영화 5,500원 할인","20260527",TOAST,"20260512","20260531",PPV 등,7
C2600UQ,"2607_비플/캐치온 왕사남 해지취소",,,"20260721",TOAST,,,PPV 등,1
C2600IP,"CJ ENM 월정액 3개월 5,500원_5월 1차",A1CP1020261000120659,"[온가족특가] CJ ENM 월정액 3개월 내내 5,500원","20260505",TOAST,"20260422","20260531",PM30000154,1
C2600N4,(주기성) 6월 쿠폰팩 GCP(5/24~6/21가입)_TB,A1CP1020261000120866,[FREE PASS] 지상파 3사 1개월 무료_26년6월,"20260624",SMART,"20260519","20260629",PM30000150,71
C2600KN,JTBC 월정액 첫달 무료_5월 1차,A1SA1020261000119567,[깜짝 특가] JTBC 월정액 1개월 100% 할인 쿠폰,"20260615",SMART,"20260119","20261231",PM30000269,179
C2600IY,"JTBC 월정액 6개월 약정 3,300원_5월 1차",A1CP1020261000120658,"[온가족특가] JTBC 6개월 약정 기간 내내 월 3,300원","20260526",SMART,"20260421","20260531",PM30000269,91
C2600IY,"JTBC 월정액 6개월 약정 3,300원_5월 1차",A1CP1020261000120658,"[온가족특가] JTBC 6개월 약정 기간 내내 월 3,300원","20260515",SMART,"20260421","20260531",PM30000269,79
C2600JZ,"JTBC 월정액 6개월 약정 3,300원_5월 2차",A1CP1020261000120658,"[온가족특가] JTBC 6개월 약정 기간 내내 월 3,300원","20260518",SMART,"20260421","20260531",PM30000269,190
C2600OB,"26년 6월_B tv+ 비플리_UI 541 이상_1차 쿠폰(~6/7) & 배너(~6/30)_3",A1CP1020261000120872,[위클리 혜택] B tv+ 12개월 50% 할인,"20260602",SMART,"20260520","20260630",PM30000107,101
C2600O7,"2606_캐치온 해지방어_B tv+ Cross-sell",A1CP1020261000120958,[비밀 특가] B tv+ 1개월 100원,"20260614",SMART,"20260528","20260712",PM30000107,14
C2600Q3,"6월 성인 1+1 프로모션 (6/11~6/20)",A1SA1020261000121168,"[1+1이벤트] 3,300원 할인 쿠폰","20260703",SMART,"20260609","20260731",PPV 등,117
C2600SC,<금발이 되고 싶어> 할인쿠폰 프로모션,A1SA1020261000121360,"[금발이 되고 싶어 런칭] 영화 5,500원 할인","20260710",SMART,"20260622","20260731",PPV 등,17
C2600N4,(주기성) 6월 쿠폰팩 GCP(5/24~6/21가입)_TB,A1SA1020261000120868,[FREE PASS] JTBC 1개월 무료_26년6월,"20260623",SMART,"20260519","20260629",PM30000269,40
C2600TM,<신의 악단> 할인쿠폰 프로모션,A1SA1020261000121384,"[신의 악단 런칭] 영화 3,300원 할인","20260715",SMART,"20260630","20260731",PPV 등,30
C2600KD,[주기성/쿠폰] <프로젝트헤일메리&인생SF전> 할인쿠폰 프로모션,A1PR1020261000120752,[프로젝트헤일메리] 인생SF영화 추가 30% 할인,"20260509",SMART,"20260430","20260524",PPV 등,6
C2600PV,"26년 6월_B tv+ 파격할인_UI 541 이하_5",A1CP1020261000120874,"[파격할인] B tv+ 12개월 월 5,500원 혜택","20260614",SMART,"20260520","20260531",PM30000107,51
C2600QU,"6월 성인 1+1 프로모션 (6/11~6/20)_수정",A1SA1020261000121168,"[1+1이벤트] 3,300원 할인 쿠폰","20260614",SMART,"20260609","20260731",PPV 등,7
C2600ML,"26년 5월_B tv+ 비플리_UI 541 이상_3차(~5/31)_2",A1CP1020261000120854,[가정의 달] B tv+ 12개월 50% 할인 (~5/31),"20260529",SMART,"20260507","20260531",PM30000107,135685
C2600PU,"26년 6월_B tv+ 파격할인_UI 541 이상_4",A1CP1020261000120874,"[72시간 한정] B tv+ 12개월 월 5,500원 혜택","20260612",SMART,"20260526","20260614",PM30000107,221797
C2600SR,[팝업] B tv All+(조합형)(26.6.30)_1-1차,,,,SMART,,,PPV 등,576911
C2600V1,[팝업] 밸류애드팀 Btv 업_단기(26.7.14)_2-1차,,,,SMART,,,PPV 등,285514
C2600P7,[주기성] 26년 6월_B tv+ 비플리_UI 541 이상_2~4차_3,A1CP1020261000120872,[위클리 혜택] B tv+ 12개월 50% 할인,"20260618",SMART,"20260520","20260630",PM30000107,37
C2600W1,"26년 7월_B tv+ KBS 이승철 콘서트_타임딜_UI 541 이상_2",A1CP1020261000121559,"[이승철 특가] B tv+ 월 5,500원 이용 혜택 (최대 12개월)","20260717",SMART,"20260714","20260722",PM30000107,20908
C2600QU,"6월 성인 1+1 프로모션 (6/11~6/20)_수정",A1SA1020261000121168,"[1+1이벤트] 3,300원 할인 쿠폰","20260703",SMART,"20260609","20260731",PPV 등,1137
C2600XB,"26년 7월_B tv+ 7월 4주차 복날 타임딜_UI 541 이상_4_F",A1CP1020261000121662,"[복날 치킨비] B tv+ 월 5,500원 이용 혜택 (최대 12개월)",,SMART,"20260721","20260726",PM30000107,33568
C2600QN,"지상파 월정액 첫달 3,300원_6월 4차",A1CP1020261000120947,"[6월 특가] 지상파 월정액 1개월 13,200원 할인","20260618",SMART,"20260526","20260630",PM30000150,4667
C2600UE,"26년 7월_B tv+ 비플리_UI 541 이상_쿠폰&배너_3",A1CP1020261000121365,[고객님만 혜택] B tv+ 반값 할인 (최대 12개월),"20260717",SMART,"20260624","20260731",PM30000107,253
C2600TK,<메가 샤크 어택> 할인쿠폰 프로모션,A1SA1020261000121369,"[메가 샤크 어택 런칭] 영화 5,500원 할인","20260713",SMART,"20260626","20260731",PPV 등,27
C2600N4,(주기성) 6월 쿠폰팩 GCP(5/24~6/21가입)_TB,A1CP1020261000120867,[FREE PASS] CJ ENM 1개월 무료_26년6월,"20260613",SMART,"20260519","20260629",PM30000154,32
C2600NO,<푸틴: 절대 권력의 최후> 할인쿠폰 프로모션,A1SA1020261000120952,"[푸틴: 절대 권력의 최후 런칭] 영화 3,300원 할인","20260609",SMART,"20260526","20260630",PPV 등,8
C2600S6,토이스토리 소장용 패키지 프로모션_수정,A1SA1020261000121259,"[토이 스토리 패키지 구매] 영화 5,500원 할인","20260716",SMART,"20260615","20260731",PPV 등,32
C2600S3,"6월 성인 1+1 프로모션 (6/21~6/30)",A1SA1020261000121170,"[1+1 앵콜 이벤트] 3,300원 할인 쿠폰","20260623",SMART,"20260609","20260731",PPV 등,212
C2600JE,<캣 앤 독> 할인쿠폰 프로모션,A1SA1020261000120747,"[캣 앤 독 런칭] 영화 5,500원 할인","20260529",SMART,"20260428","20260531",PPV 등,1
C2600JA,<오시리스> 할인쿠폰 프로모션,A1SA1020261000120652,"[오시리스 런칭] 영화 3,300원 할인","20260519",SMART,"20260421","20260531",PPV 등,10
C2600S4,"6월 성인 1+1 프로모션_모바일 (6/21~6/30)",A1SA1020261000121171,"[1+1 앵콜 이벤트] 3,300원 할인 쿠폰 (모바일)","20260709",SMART,"20260609","20260731",PPV 등,2
C2600JA,<오시리스> 할인쿠폰 프로모션,A1SA1020261000120652,"[오시리스 런칭] 영화 3,300원 할인","20260504",SMART,"20260421","20260531",PPV 등,7
C2600TA,[주기성] 26년 7월_B tv+ 비플리_UI 541 이하_쿠폰,A1CP1020261000121366,[고객님만 혜택] B tv+ 반값 할인 (최대 12개월),"20260714",SMART,"20260624","20260731",PM30000107,8
C2600KO,<폭탄> 할인쿠폰 프로모션,A1SA1020261000120751,"[폭탄 런칭] 영화 5,500원 할인","20260524",SMART,"20260430","20260531",PPV 등,5
C2600UP,<서퍼> 할인쿠폰 프로모션,A1SA1020261000121460,"[서퍼 런칭] 영화 3,300원 할인","20260713",SMART,"20260708","20260831",PPV 등,20
C2600S6,토이스토리 소장용 패키지 프로모션_수정,A1SA1020261000121259,"[토이 스토리 패키지 구매] 영화 5,500원 할인","20260701",SMART,"20260615","20260731",PPV 등,1
C2600T7,<노멀> 할인쿠폰 프로모션,A1SA1020261000121162,"[노멀 런칭] 영화 3,300원 할인","20260705",SMART,"20260605","20260731",PPV 등,6
C2600NP,<모탈 컴뱃2> 할인쿠폰 프로모션,A1SA1020261000120959,"[모탈컴뱃2 런칭] 영화 5,500원 할인","20260611",SMART,"20260528","20260615",PPV 등,7
C2600S7,토이스토리 소장용 패키지 프로모션 (6/18~6/21 발급),A1SA1020261000121259,"[토이 스토리 패키지 구매] 영화 5,500원 할인","20260625",SMART,"20260615","20260731",PPV 등,3
C2600KI,"JTBC 월정액 6개월 약정 3,300원_5월 3차",A1CP1020261000120658,"[온가족특가] JTBC 6개월 약정 기간 내내 월 3,300원","20260531",SMART,"20260421","20260531",PM30000269,21963
C2600LY,"26년 5월_B tv+ 비플리_UI 541 이상_2차(~5/25)_2(1770)",A1CP1020261000120859,[가정의 달] B tv+ 12개월 50% 할인 (~5/25),"20260523",SMART,"20260515","20260525",PM30000107,343533
C2600J7,"지상파 월정액 3개월 내내 5,500원_5월 2차",A1CP1020261000120660,"[온가족특가] 지상파 월정액 3개월 내내 월 5,500원","20260503",SMART,"20260422","20260531",PM30000150,16631
C2600N4,(주기성) 6월 쿠폰팩 GCP(5/24~6/21가입)_TB,A1CP1020261000120866,[FREE PASS] 지상파 3사 1개월 무료_26년6월,,SMART,"20260519","20260629",PM30000150,41856
C2600KM,"지상파 월정액 3개월 내내 5,500원_5월 3차",A1CP1020261000120660,"[온가족특가] 지상파 월정액 3개월 내내 월 5,500원","20260529",SMART,"20260422","20260531",PM30000150,2092
C2600TG,JTBC 월정액 3개월 70% 할인_7월 1차,A1SA1020261000121374,[쿨썸머 특가] JTBC 월정액 3개월 내내 70% 할인,"20260705",SMART,"20260629","20260731",PM30000269,37454
C2600SA,SPOTV 6월 첫달무료_1차_0623,A1SA1020261000121164,[축구 이벤트] SPOTV Prime 1개월 무료,"20260616",SMART,"20260609","20260630",PM35000007,3659
C2600M8,<짱구> 할인쿠폰 프로모션,A1SA1020261000120863,"[짱구 런칭] 영화 5,500원 할인","20260611",SMART,"20260518","20260630",PPV 등,219
C2600TH,<살목지> 할인쿠폰 프로모션,A1SA1020261000121380,"[살목지 런칭] 영화 3,300원 할인","20260714",SMART,"20260629","20260731",PPV 등,76
C2600SJ,[주기성]프라다입고문워크 신작혜택파티 프로모션,A1PR1020261000121272,[신작혜택파티] 영화 30% 할인(악마는프라다2 외 대상작),"20260630",SMART,"20260618","20260706",PPV 등,161
C2600TK,<메가 샤크 어택> 할인쿠폰 프로모션,A1SA1020261000121369,"[메가 샤크 어택 런칭] 영화 5,500원 할인","20260705",SMART,"20260626","20260731",PPV 등,23
C2600TM,<신의 악단> 할인쿠폰 프로모션,A1SA1020261000121384,"[신의 악단 런칭] 영화 3,300원 할인","20260726",SMART,"20260630","20260731",PPV 등,116
C2600N5,(일회성) 6월 쿠폰팩 GCP(5/1~5/23가입)_TB,A1CP1020261000120865,[FREE PASS] B tv+ 1개월 무료_26년6월,"20260610",SMART,"20260519","20260629",PM30000107,97
C2600TG,JTBC 월정액 3개월 70% 할인_7월 1차,A1SA1020261000121374,[쿨썸머 특가] JTBC 월정액 3개월 내내 70% 할인,"20260721",SMART,"20260629","20260731",PM30000269,132
C2600JA,<오시리스> 할인쿠폰 프로모션,A1SA1020261000120652,"[오시리스 런칭] 영화 3,300원 할인","20260509",SMART,"20260421","20260531",PPV 등,6
C2600UC,"26년 7월_B tv+ 비플리_UI 541 이상_쿠폰&배너_1",A1CP1020261000121365,[고객님만 혜택] B tv+ 반값 할인 (최대 12개월),"20260720",SMART,"20260624","20260731",PM30000107,182
C2600JA,<오시리스> 할인쿠폰 프로모션,A1SA1020261000120652,"[오시리스 런칭] 영화 3,300원 할인","20260525",SMART,"20260421","20260531",PPV 등,20
C2600UD,"26년 7월_B tv+ 비플리_UI 541 이상_쿠폰&배너_2",A1CP1020261000121365,[고객님만 혜택] B tv+ 반값 할인 (최대 12개월),"20260721",SMART,"20260624","20260731",PM30000107,93
C2600M6,JTBC 월정액 첫달 무료_5월 2차,A1SA1020261000119567,[깜짝 특가] JTBC 월정액 1개월 100% 할인 쿠폰,"20260624",SMART,"20260119","20261231",PM30000269,39
C2600N4,(주기성) 6월 쿠폰팩 GCP(5/24~6/21가입)_TB,A1SA1020261000120868,[FREE PASS] JTBC 1개월 무료_26년6월,"20260606",SMART,"20260519","20260629",PM30000269,36
C2600US,<잠금: 셧다운> 할인쿠폰 프로모션,A1SA1020261000121462,"[잠금: 셧다운 런칭] 영화 5,500원 할인","20260718",SMART,"20260708","20260831",PPV 등,22
C2600TK,<메가 샤크 어택> 할인쿠폰 프로모션,A1SA1020261000121369,"[메가 샤크 어택 런칭] 영화 5,500원 할인","20260725",SMART,"20260626","20260731",PPV 등,27
C2600NO,<푸틴: 절대 권력의 최후> 할인쿠폰 프로모션,A1SA1020261000120952,"[푸틴: 절대 권력의 최후 런칭] 영화 3,300원 할인","20260623",SMART,"20260526","20260630",PPV 등,9
C2600JE,<캣 앤 독> 할인쿠폰 프로모션,A1SA1020261000120747,"[캣 앤 독 런칭] 영화 5,500원 할인","20260531",SMART,"20260428","20260531",PPV 등,3
C2600KZ,[팝업] B tv 스탠다드+(조합형)_(26.5.12)_2-1차,,,,SMART,,,PPV 등,434493
C2600JV,[팝업] 밸류애드팀 Btv 업_장기(26.5.06)_1-3차,,,,SMART,,,PPV 등,397448
C2600KX,[팝업] 밸류애드팀 Btv 업_단기(26.5.12)_2-3차,,,,SMART,,,PPV 등,142440
C2600KN,JTBC 월정액 첫달 무료_5월 1차,A1SA1020261000119567,[깜짝 특가] JTBC 월정액 1개월 100% 할인 쿠폰,"20260618",SMART,"20260119","20261231",PM30000269,9362
C2600KD,[주기성/쿠폰] <프로젝트헤일메리&인생SF전> 할인쿠폰 프로모션,A1PR1020261000120752,[프로젝트헤일메리] 인생SF영화 추가 30% 할인,"20260522",SMART,"20260430","20260524",PPV 등,4256
C2600JZ,"JTBC 월정액 6개월 약정 3,300원_5월 2차",A1CP1020261000120658,"[온가족특가] JTBC 6개월 약정 기간 내내 월 3,300원","20260520",SMART,"20260421","20260531",PM30000269,153
C2600KI,"JTBC 월정액 6개월 약정 3,300원_5월 3차",A1CP1020261000120658,"[온가족특가] JTBC 6개월 약정 기간 내내 월 3,300원","20260511",SMART,"20260421","20260531",PM30000269,3572
C2600PN,JTBC 월정액 첫달 무료_6월 2차,A1SA1020261000119567,[깜짝 특가] JTBC 월정액 1개월 100% 할인 쿠폰,"20260618",SMART,"20260119","20261231",PM30000269,202545
C2600QP,"지상파 월정액 첫달 3,300원_6월 5차",A1CP1020261000120947,"[6월 특가] 지상파 월정액 1개월 13,200원 할인","20260628",SMART,"20260526","20260630",PM30000150,109291
C2600KN,JTBC 월정액 첫달 무료_5월 1차,A1SA1020261000119567,[깜짝 특가] JTBC 월정액 1개월 100% 할인 쿠폰,"20260626",SMART,"20260119","20261231",PM30000269,2171
C2600OC,"26년 6월_B tv+ 비플리_UI 541 이상_1차 쿠폰(~6/7) & 배너(~6/30)_4",A1CP1020261000120872,[위클리 혜택] B tv+ 12개월 50% 할인,"20260604",SMART,"20260520","20260630",PM30000107,441
C2600WC,"지상파 월정액 3개월 5,500원_7월 3차",A1CP1020261000121373,"[쿨썸머 특가] 지상파 월정액 3개월 내내 월 5,500원","20260723",SMART,"20260629","20260731",PM30000150,27230
C2600W2,"26년 7월_B tv+ KBS 이승철 콘서트_타임딜_UI 541 이상_3",A1CP1020261000121559,"[이승철 특가] B tv+ 월 5,500원 이용 혜택 (최대 12개월)","20260719",SMART,"20260714","20260722",PM30000107,4679
C2600OH,[주기성] 26년 6월_B tv+ 6월 유료전환_가입자 제외,DummyOffer,,,SMART,,,PPV 등,2129
C2600PI,"2606_무빙 연장 동의_TV팝업_11차",,,,SMART,,,PPV 등,4156
C2600VN,<엘리베이션> 할인쿠폰 프로모션,A1SA1020261000121463,"[엘리베이션 런칭] 영화 3,300원 할인",,SMART,"20260708","20260831",PPV 등,1077
C2600M6,JTBC 월정액 첫달 무료_5월 2차,A1SA1020261000119567,[깜짝 특가] JTBC 월정액 1개월 100% 할인 쿠폰,"20260527",SMART,"20260119","20261231",PM30000269,2302
C2600PP,"지상파 월정액 첫달 3,300원_6월 3차",A1CP1020261000120947,"[6월 특가] 지상파 월정액 1개월 13,200원 할인","20260616",SMART,"20260526","20260630",PM30000150,2866
C2600NI,<시에라 마드레: 카르텔 전쟁> 할인쿠폰 프로모션,A1SA1020261000120862,"[시에라 마드레: 카르텔 전쟁 런칭] 영화 5,500원 할인","20260607",SMART,"20260518","20260630",PPV 등,13
C2600Q5,<스위트 홈: 진격의 거인> 할인쿠폰 프로모션,A1SA1020261000121160,"[스위트 홈: 진격의 거인 런칭] 영화 3,300원 할인","20260617",SMART,"20260605","20260731",PPV 등,25
C2600QR,"6월 성인 1+1 프로모션_추가 (6/12~14 구매자)",A1SA1020261000121168,"[1+1이벤트] 3,300원 할인 쿠폰","20260705",SMART,"20260609","20260731",PPV 등,195
C2600QM,[보정용][주기성] 26년 6월_B tv+ 비플리_UI 541 이상_2~4차_1,A1CP1020261000120872,[위클리 혜택] B tv+ 12개월 50% 할인,"20260604",SMART,"20260520","20260630",PM30000107,720
C2600R1,JTBC 월정액 첫달 무료_6월 3차,A1SA1020261000119567,[깜짝 특가] JTBC 월정액 1개월 100% 할인 쿠폰,"20260515",SMART,"20260119","20261231",PM30000269,260
C2600UU,"7월 성인 1+1 앵콜 프로모션_모바일 (7/11~7/20)",A1SA1020261000121458,"[1+1 앵콜 이벤트] 3,300원 할인 쿠폰","20260713",SMART,"20260708","20260831",PPV 등,275
C2600NH,<리 크로닌의 미이라> 할인쿠폰 프로모션,A1SA1020261000120855,"[리 크로닌의 미이라] 영화 3,300원 할인","20260616",SMART,"20260507","20260630",PPV 등,122
C2600JZ,"JTBC 월정액 6개월 약정 3,300원_5월 2차",A1CP1020261000120658,"[온가족특가] JTBC 6개월 약정 기간 내내 월 3,300원","20260523",SMART,"20260421","20260531",PM30000269,187
C2600TJ,<데드 오브 윈터> 할인쿠폰 프로모션,A1SA1020261000121361,"[데드 오브 윈터 런칭] 영화 3,300원 할인","20260726",SMART,"20260622","20260731",PPV 등,15
C2600S6,토이스토리 소장용 패키지 프로모션_수정,A1SA1020261000121259,"[토이 스토리 패키지 구매] 영화 5,500원 할인","20260709",SMART,"20260615","20260731",PPV 등,50
C2600Q5,<스위트 홈: 진격의 거인> 할인쿠폰 프로모션,A1SA1020261000121160,"[스위트 홈: 진격의 거인 런칭] 영화 3,300원 할인","20260623",SMART,"20260605","20260731",PPV 등,8
C2600QV,"6월 성인 1+1 프로모션_모바일 (6/11~6/20)_수정",A1SA1020261000121169,"[1+1이벤트] 3,300원 할인 쿠폰 (모바일)","20260621",SMART,"20260609","20260731",PPV 등,10
C2600UT,"7월 성인 1+1 앵콜 프로모션_모바일 (7/11~7/20)",A1SA1020261000121459,"[1+1 앵콜 이벤트] 3,300원 할인 쿠폰 (모바일)","20260718",SMART,"20260708","20260831",PPV 등,15
C2600JE,<캣 앤 독> 할인쿠폰 프로모션,A1SA1020261000120747,"[캣 앤 독 런칭] 영화 5,500원 할인","20260525",SMART,"20260428","20260531",PPV 등,1
C2600S7,토이스토리 소장용 패키지 프로모션 (6/18~6/21 발급),A1SA1020261000121259,"[토이 스토리 패키지 구매] 영화 5,500원 할인","20260625",TOAST,"20260615","20260731",PPV 등,1
C2600L8,"26년 5월_B tv+ 비플리_UI 541 이상_1차(~5/17)_2(1770)",DummyOffer,,"20260629",TOAST,,,PPV 등,1
C2600NL,<쉘터> 할인쿠폰 프로모션,A1SA1020261000120861,"[쉘터 런칭] 영화 3,300원 할인","20260621",TOAST,"20260518","20260630",PPV 등,1
C2600LA,"26년 5월_B tv+ 비플리_UI 541 이상_1차(~5/17)_4(1770)",DummyOffer,,"20260516",TOAST,,,PPV 등,515782
C2600T0,"26년 6월_B tv+ KBO 올스타전_UI 541 이상_2",DummyOffer,,"20260628",TOAST,,,PPV 등,11357
C2600N3,[주기성/쿠폰] <살목지&K-공포상영회> 할인쿠폰 프로모션,A1PR1020261000120873,[K-공포 상영회] 영화 50% 할인,"20260607",TOAST,"20260520","20260609",PPV 등,1837
C2600IP,"CJ ENM 월정액 3개월 5,500원_5월 1차",DummyOffer,,"20260523",TOAST,,,PPV 등,438
C2600OJ,"2606_플레이보이 디맨드_첫달무료",,,"20260603",TOAST,,,PPV 등,1835
C2600O0,"26년 6월_B tv+ 짝수달 유료전환 테스트_UI 552 이상",DummyOffer,,"20260717",TOAST,,,PPV 등,1351
C2600XB,"26년 7월_B tv+ 7월 4주차 복날 타임딜_UI 541 이상_4_F",DummyOffer,,"20260726",TOAST,,,PPV 등,3366
C2600L9,"26년 5월_B tv+ 비플리_UI 541 이상_1차(~5/17)_3(1770)",DummyOffer,,"20260519",TOAST,,,PPV 등,1123
C2600T4,"26년 6월_B tv+ KBO 올스타전_UI 541 이상_4",DummyOffer,,"20260628",TOAST,,,PPV 등,1344
C2600OX,"26년 6월_B tv+ 국내여행_(6/4~7)_89",DummyOffer,,"20260611",TOAST,,,PPV 등,596
C2600TM,<신의 악단> 할인쿠폰 프로모션,A1SA1020261000121384,"[신의 악단 런칭] 영화 3,300원 할인","20260711",TOAST,"20260630","20260731",PPV 등,96
C2600RC,"<왕과 사는 남자> 타겟 프로모션_2,000원_0617",A1SA1020261000121266,"[즉시 할인] 왕과 사는 남자 2,200원 할인쿠폰","20260716",TOAST,"20260616","20260731",PPV 등,67
C2600RH,"26년 6월_B tv+ 주말 야식비 지원_UI 541 이상_4",DummyOffer,,"20260704",TOAST,,,PPV 등,138
C2600TJ,<데드 오브 윈터> 할인쿠폰 프로모션,A1SA1020261000121361,"[데드 오브 윈터 런칭] 영화 3,300원 할인","20260718",TOAST,"20260622","20260731",PPV 등,2
C2600L9,"26년 5월_B tv+ 비플리_UI 541 이상_1차(~5/17)_3(1770)",DummyOffer,,"20260604",TOAST,,,PPV 등,1
C2600P0,<쉘터> 타겟 프로모션_30%_0604,A1SA1020261000120953,[즉시 할인] 쉘터 30% 할인쿠폰,"20260706",TOAST,"20260526","20260630",PPV 등,26
C2600N1,"26년 5월_B tv+ 당첨자_UI 541 이상_3(1770)",DummyOffer,,"20260723",TOAST,,,PPV 등,1
C2600RG,"26년 6월_B tv+ 주말 야식비 지원_UI 541 이상_3",DummyOffer,,"20260630",TOAST,,,PPV 등,27
C2600ON,"26년 6월_B tv+ 국내여행_(6/3)_4567",DummyOffer,,,TOAST,,,PPV 등,0
C2600PJ,"2606_플레이보이 디맨드_첫달무료_리마인드_1차",,,"20260614",TOAST,,,PPV 등,3
C2600KA,"26년 5월_B tv+ 비플리_UI 540 이하(1969)_토팝 멀티스탭",DummyOffer,,"20260521",TOAST,,,PPV 등,3
C2600RG,"26년 6월_B tv+ 주말 야식비 지원_UI 541 이상_3",DummyOffer,,"20260701",TOAST,,,PPV 등,29
C2600TK,<메가 샤크 어택> 할인쿠폰 프로모션,A1SA1020261000121369,"[메가 샤크 어택 런칭] 영화 5,500원 할인","20260714",TOAST,"20260626","20260731",PPV 등,13
C2600L8,"26년 5월_B tv+ 비플리_UI 541 이상_1차(~5/17)_2(1770)",DummyOffer,,"20260527",TOAST,,,PPV 등,7
C2600T4,"26년 6월_B tv+ KBO 올스타전_UI 541 이상_4",DummyOffer,,"20260715",TOAST,,,PPV 등,8
C2600T4,"26년 6월_B tv+ KBO 올스타전_UI 541 이상_4",DummyOffer,,"20260720",TOAST,,,PPV 등,1
C2600UW,"26년 7월_B tv+ KBS 이승철 콘서트_UI 541 이상_2",DummyOffer,,"20260726",TOAST,,,PPV 등,9
C2600ON,"26년 6월_B tv+ 국내여행_(6/3)_4567",DummyOffer,,"20260611",TOAST,,,PPV 등,6
C2600M2,"26년 5월_B tv+ 당첨자_UI 541 이상_1(1770)",DummyOffer,,"20260705",TOAST,,,PPV 등,2
C2600IY,"JTBC 월정액 6개월 약정 3,300원_5월 1차",DummyOffer,,"20260523",TOAST,,,PPV 등,104327
C2600UN,"26년 7월_B tv+ KBS 이승철 콘서트_UI 541 이상_1",DummyOffer,,"20260709",TOAST,,,PPV 등,575845
C2600SU,"26년 6월_B tv+ KBO 올스타전_UI 541 이상_1",DummyOffer,,"20260707",TOAST,,,PPV 등,8130
C2600O0,"26년 6월_B tv+ 짝수달 유료전환 테스트_UI 552 이상",DummyOffer,,"20260706",TOAST,,,PPV 등,3753
C2600M2,"26년 5월_B tv+ 당첨자_UI 541 이상_1(1770)",DummyOffer,,"20260603",TOAST,,,PPV 등,535
C2600L9,"26년 5월_B tv+ 비플리_UI 541 이상_1차(~5/17)_3(1770)",DummyOffer,,"20260520",TOAST,,,PPV 등,569
C2600NN,<코드 네임: 알라룸> 할인쿠폰 프로모션,A1SA1020261000120951,"[코드 네임: 알라룸 런칭] 영화 5,500원 할인","20260603",TOAST,"20260526","20260630",PPV 등,34
C2600JZ,"JTBC 월정액 6개월 약정 3,300원_5월 2차",DummyOffer,,"20260516",TOAST,,,PPV 등,710
C2600UX,"26년 7월_B tv+ KBS 이승철 콘서트_UI 541 이상_3",DummyOffer,,"20260718",TOAST,,,PPV 등,829
C2600WG,<디스클로저 데이> 할인쿠폰 프로모션,A1SA1020261000121558,"[디스클로저 데이 런칭] 영화 3,300원 할인","20260723",TOAST,"20260713","20260831",PPV 등,51
C2600RF,"26년 6월_B tv+ 주말 야식비 지원_UI 541 이상_2",DummyOffer,,"20260721",TOAST,,,PPV 등,37
C2600L7,"26년 5월_B tv+ 비플리_UI 541 이상_1차(~5/17)_1(1770)",DummyOffer,,"20260707",TOAST,,,PPV 등,1
C2600UP,<서퍼> 할인쿠폰 프로모션,A1SA1020261000121460,"[서퍼 런칭] 영화 3,300원 할인","20260711",TOAST,"20260708","20260831",PPV 등,23
C2600RG,"26년 6월_B tv+ 주말 야식비 지원_UI 541 이상_3",DummyOffer,,"20260725",TOAST,,,PPV 등,9
C2600LE,"CJ ENM 월정액 3개월 5,500원_5월 3차",A1CP1020261000120659,"[온가족특가] CJ ENM 월정액 3개월 내내 5,500원","20260606",TOAST,"20260422","20260531",PM30000154,10
C2600IP,"CJ ENM 월정액 3개월 5,500원_5월 1차",DummyOffer,,"20260630",TOAST,,,PPV 등,3
C2600QL,"2606_플레이보이 디맨드_첫달무료_리마인드_2차",,,"20260701",TOAST,,,PPV 등,1
C2600NL,<쉘터> 할인쿠폰 프로모션,A1SA1020261000120861,"[쉘터 런칭] 영화 3,300원 할인","20260608",TOAST,"20260518","20260630",PPV 등,1
C2600S6,토이스토리 소장용 패키지 프로모션_수정,A1SA1020261000121259,"[토이 스토리 패키지 구매] 영화 5,500원 할인","20260718",TOAST,"20260615","20260731",PPV 등,1
C2600UP,<서퍼> 할인쿠폰 프로모션,A1SA1020261000121460,"[서퍼 런칭] 영화 3,300원 할인","20260720",TOAST,"20260708","20260831",PPV 등,7
C2600IP,"CJ ENM 월정액 3개월 5,500원_5월 1차",DummyOffer,,"20260624",TOAST,,,PPV 등,1
C2600QY,수요1+1무비쿠폰(6월 쿠폰발급),A1PR1020261000121167,[금토일무비쿠폰] 20% 할인(5천원 이상 사용),"20260623",TOAST,"20260609","20261231",PPV 등,1
C2600JZ,"JTBC 월정액 6개월 약정 3,300원_5월 2차",DummyOffer,,"20260716",TOAST,,,PPV 등,1
C2600N2,"26년 5월_B tv+ 당첨자_UI 541 이상_4(1770)",DummyOffer,,"20260607",TOAST,,,PPV 등,1
C2600NG,SPOTV 6월 첫달무료_1차_0613 토팝,,,"20260717",TOAST,,,PPV 등,2
C2600K8,<몽타주: 6일간의 추격> 타겟 프로모션_40%_0430,A1SA1020261000120748,[즉시 할인] 몽타주: 6일간의 추격 40% 할인쿠폰,,TOAST,"20260403","20260430",PPV 등,0
C2600LE,"CJ ENM 월정액 3개월 5,500원_5월 3차",A1CP1020261000120659,"[온가족특가] CJ ENM 월정액 3개월 내내 5,500원","20260712",TOAST,"20260422","20260531",PM30000154,1
C2600KD,[주기성/쿠폰] <프로젝트헤일메리&인생SF전> 할인쿠폰 프로모션,A1PR1020261000120752,[프로젝트헤일메리] 인생SF영화 추가 30% 할인,"20260601",TOAST,"20260430","20260524",PPV 등,1
C2600R6,<슈퍼 마리오 갤럭시> 할인쿠폰 프로모션,A1SA1020261000120961,"[슈퍼마리오 갤럭시 런칭] 영화 3,300원 할인","20260702",TOAST,"20260529","20260623",PPV 등,1
C2600NG,SPOTV 6월 첫달무료_1차_0613 토팝,,,"20260615",TOAST,,,PPV 등,23976
C2600VH,"26년 7월_B tv+ KBS 이승철 콘서트_타임딜_UI 541 이상_1",DummyOffer,,"20260718",TOAST,,,PPV 등,642551
C2600SU,"26년 6월_B tv+ KBO 올스타전_UI 541 이상_1",DummyOffer,,"20260628",TOAST,,,PPV 등,9026
C2600OU,"2606_SPOTV_BWF 인도네시아 오픈",DummyOffer,,"20260609",TOAST,,,PPV 등,1447
C2600RC,"<왕과 사는 남자> 타겟 프로모션_2,000원_0617",A1SA1020261000121266,"[즉시 할인] 왕과 사는 남자 2,200원 할인쿠폰","20260706",TOAST,"20260616","20260731",PPV 등,80
C2600N2,"26년 5월_B tv+ 당첨자_UI 541 이상_4(1770)",DummyOffer,,"20260528",TOAST,,,PPV 등,456
C2600R8,"26년 6월_B tv+ 주말 야식비 지원_UI 541 이상_1",DummyOffer,,"20260706",TOAST,,,PPV 등,121
C2600OU,"2606_SPOTV_BWF 인도네시아 오픈",DummyOffer,,"20260727",TOAST,,,PPV 등,80
C2600XD,"26년 7월_B tv+ 7월 4주차 복날 타임딜_UI 541 이상_1_F",DummyOffer,,"20260731",TOAST,,,PPV 등,1112
C2600WH,<군체> 할인쿠폰 프로모션,A1SA1020261000121563,[군체 런칭] 영화 20% 할인,"20260730",TOAST,"20260716","20260831",PPV 등,156
C2600XB,"26년 7월_B tv+ 7월 4주차 복날 타임딜_UI 541 이상_4_F",DummyOffer,,"20260730",TOAST,,,PPV 등,104
C2600OU,"2606_SPOTV_BWF 인도네시아 오픈",DummyOffer,,"20260628",TOAST,,,PPV 등,409
C2600RA,SPOTV 6월 첫달무료_1차_0617 토스트팝업,,,"20260624",TOAST,,,PPV 등,367
C2600R8,"26년 6월_B tv+ 주말 야식비 지원_UI 541 이상_1",DummyOffer,,"20260710",TOAST,,,PPV 등,70
C2600OU,"2606_SPOTV_BWF 인도네시아 오픈",DummyOffer,,"20260709",TOAST,,,PPV 등,154
C2600JA,<오시리스> 할인쿠폰 프로모션,A1SA1020261000120652,"[오시리스 런칭] 영화 3,300원 할인","20260513",TOAST,"20260421","20260531",PPV 등,25
C2600TL,"7월 성인 1+1 프로모션 (7/1~7/10)",A1SA1020261000121370,"[1+1이벤트] 3,300원 할인 쿠폰","20260712",TOAST,"20260626","20260731",PPV 등,99
C2600S7,토이스토리 소장용 패키지 프로모션 (6/18~6/21 발급),A1SA1020261000121259,"[토이 스토리 패키지 구매] 영화 5,500원 할인","20260624",TOAST,"20260615","20260731",PPV 등,17
C2600UX,"26년 7월_B tv+ KBS 이승철 콘서트_UI 541 이상_3",DummyOffer,,"20260727",TOAST,,,PPV 등,6
C2600KI,"JTBC 월정액 6개월 약정 3,300원_5월 3차",A1CP1020261000120658,"[온가족특가] JTBC 6개월 약정 기간 내내 월 3,300원","20260623",TOAST,"20260421","20260531",PM30000269,3
C2600T0,"26년 6월_B tv+ KBO 올스타전_UI 541 이상_2",DummyOffer,,"20260721",TOAST,,,PPV 등,7
C2600S3,"6월 성인 1+1 프로모션 (6/21~6/30)",A1SA1020261000121170,"[1+1 앵콜 이벤트] 3,300원 할인 쿠폰","20260706",TOAST,"20260609","20260731",PPV 등,1
C2600XH,"26년 7월 B tv+ 50% 할인 연장 캠페인_25년9월할인",A1CP1020261000121665,[가입 유지 선물] B tv+ 50% 할인 혜택 6개월 자동 연장_7월,,TOAST,"20260721","20260831",PPV 등,0
C2600N2,"26년 5월_B tv+ 당첨자_UI 541 이상_4(1770)",DummyOffer,,"20260610",TOAST,,,PPV 등,2
C2600KP,<왕과 사는 남자> 할인쿠폰 프로모션,A1SA1020261000120651,"[왕과 사는 남자 런칭] 영화 4,400원 할인","20260601",TOAST,"20260421","20260531",PPV 등,1
C2600WF,<군체[예약구매]> 할인쿠폰 프로모션,A1SA1020261000121562,"[군체 예약] 영화 4,400원 할인",,TOAST,"20260716","20260831",PPV 등,0
C2600T4,"26년 6월_B tv+ KBO 올스타전_UI 541 이상_4",DummyOffer,,"20260719",TOAST,,,PPV 등,3
C2600PJ,"2606_플레이보이 디맨드_첫달무료_리마인드_1차",,,"20260629",TOAST,,,PPV 등,1
C2600S3,"6월 성인 1+1 프로모션 (6/21~6/30)",A1SA1020261000121170,"[1+1 앵콜 이벤트] 3,300원 할인 쿠폰","20260707",TOAST,"20260609","20260731",PPV 등,1
C2600KI,"JTBC 월정액 6개월 약정 3,300원_5월 3차",A1CP1020261000120658,"[온가족특가] JTBC 6개월 약정 기간 내내 월 3,300원","20260731",TOAST,"20260421","20260531",PM30000269,1
C2600R8,"26년 6월_B tv+ 주말 야식비 지원_UI 541 이상_1",DummyOffer,,"20260620",TOAST,,,PPV 등,240355
C2600UW,"26년 7월_B tv+ KBS 이승철 콘서트_UI 541 이상_2",DummyOffer,,"20260710",TOAST,,,PPV 등,150030
C2600W1,"26년 7월_B tv+ KBS 이승철 콘서트_타임딜_UI 541 이상_2",DummyOffer,,"20260720",TOAST,,,PPV 등,9617
C2600RW,"2606_비너스 디맨드_첫달무료_개편전",,,"20260624",TOAST,,,PPV 등,1357
C2600KO,<폭탄> 할인쿠폰 프로모션,A1SA1020261000120751,"[폭탄 런칭] 영화 5,500원 할인","20260518",TOAST,"20260430","20260531",PPV 등,6
C2600RA,SPOTV 6월 첫달무료_1차_0617 토스트팝업,,,"20260705",TOAST,,,PPV 등,351
C2600UP,<서퍼> 할인쿠폰 프로모션,A1SA1020261000121460,"[서퍼 런칭] 영화 3,300원 할인","20260713",TOAST,"20260708","20260831",PPV 등,38
C2600SU,"26년 6월_B tv+ KBO 올스타전_UI 541 이상_1",DummyOffer,,"20260719",TOAST,,,PPV 등,10
C2600OX,"26년 6월_B tv+ 국내여행_(6/4~7)_89",DummyOffer,,"20260616",TOAST,,,PPV 등,127
C2600JE,<캣 앤 독> 할인쿠폰 프로모션,A1SA1020261000120747,"[캣 앤 독 런칭] 영화 5,500원 할인","20260512",TOAST,"20260428","20260531",PPV 등,1
C2600M2,"26년 5월_B tv+ 당첨자_UI 541 이상_1(1770)",DummyOffer,,"20260714",TOAST,,,PPV 등,3
C2600KO,<폭탄> 할인쿠폰 프로모션,A1SA1020261000120751,"[폭탄 런칭] 영화 5,500원 할인","20260514",TOAST,"20260430","20260531",PPV 등,2
C2600SH,<납치 48시간> 할인쿠폰 프로모션,A1SA1020261000121265,"[납치 48시간 런칭] 영화 3,300원 할인","20260709",TOAST,"20260616","20260831",PPV 등,6
C2600ON,"26년 6월_B tv+ 국내여행_(6/3)_4567",DummyOffer,,"20260613",TOAST,,,PPV 등,1
C2600NO,<푸틴: 절대 권력의 최후> 할인쿠폰 프로모션,A1SA1020261000120952,"[푸틴: 절대 권력의 최후 런칭] 영화 3,300원 할인","20260614",TOAST,"20260526","20260630",PPV 등,4
C2600T9,"26년 6월 B tv+ 할인 연장 캠페인_8월할인 7,700원",A1CP1020261000121368,"[가입 유지 선물] B tv+ 월 7,700원 이용 혜택 6개월 자동 연장_6월","20260702",TOAST,"20260625","20260731",PPV 등,1
C2600XH,"26년 7월 B tv+ 50% 할인 연장 캠페인_25년9월할인",A1CP1020261000121665,[가입 유지 선물] B tv+ 50% 할인 혜택 6개월 자동 연장_7월,"20260729",TOAST,"20260721","20260831",PPV 등,2
C2600W7,"7월 성인 1+1 이열치열 프로모션 (7/21~/20)",A1SA1020261000121561,"[1+1 이열치열 이벤트] 3,300원 할인 쿠폰",,TOAST,"20260716","20260831",PPV 등,0
C2600RW,"2606_비너스 디맨드_첫달무료_개편전",,,"20260708",TOAST,,,PPV 등,4
C2600SJ,[주기성]프라다입고문워크 신작혜택파티 프로모션,A1PR1020261000121272,[신작혜택파티] 영화 30% 할인(악마는프라다2 외 대상작),,TOAST,"20260618","20260706",PPV 등,0
C2600L7,"26년 5월_B tv+ 비플리_UI 541 이상_1차(~5/17)_1(1770)",DummyOffer,,"20260520",TOAST,,,PPV 등,3561
C2600O0,"26년 6월_B tv+ 짝수달 유료전환 테스트_UI 552 이상",DummyOffer,,"20260709",TOAST,,,PPV 등,2063
C2600T1,"26년 6월_B tv+ KBO 올스타전_UI 541 이상_3",DummyOffer,,"20260707",TOAST,,,PPV 등,3056
C2600N3,[주기성/쿠폰] <살목지&K-공포상영회> 할인쿠폰 프로모션,A1PR1020261000120873,[K-공포 상영회] 영화 50% 할인,"20260610",TOAST,"20260520","20260609",PPV 등,389
C2600JZ,"JTBC 월정액 6개월 약정 3,300원_5월 2차",DummyOffer,,"20260515",TOAST,,,PPV 등,713
C2600RX,"2606_비너스 디맨드_첫달무료_개편후",,,"20260717",TOAST,,,PPV 등,49
C2600NN,<코드 네임: 알라룸> 할인쿠폰 프로모션,A1SA1020261000120951,"[코드 네임: 알라룸 런칭] 영화 5,500원 할인","20260616",TOAST,"20260526","20260630",PPV 등,8
C2600TK,<메가 샤크 어택> 할인쿠폰 프로모션,A1SA1020261000121369,"[메가 샤크 어택 런칭] 영화 5,500원 할인","20260716",TOAST,"20260626","20260731",PPV 등,14
C2600T6,"26년 6월 B tv+ 할인 연장 캠페인_광복절 5,500원",A1CP1020261000121367,"[가입 유지 선물] B tv+ 월 5,500원 이용 혜택 6개월 자동 연장_6월","20260704",TOAST,"20260625","20260731",PPV 등,9
C2600O7,"2606_캐치온 해지방어_B tv+ Cross-sell",,,"20260617",TOAST,,,PPV 등,10
C2600UQ,"2607_비플/캐치온 왕사남 해지취소",,,"20260714",TOAST,,,PPV 등,14
C2600RX,"2606_비너스 디맨드_첫달무료_개편후",,,"20260731",TOAST,,,PPV 등,13
C2600O7,"2606_캐치온 해지방어_B tv+ Cross-sell",,,"20260621",TOAST,,,PPV 등,4
C2600NA,"26년 5월 B tv+ 할인 연장 캠페인_1주년 5,500원",A1CP1020261000120954,"[가입 유지 선물] B tv+ 월 5,500원 혜택 6개월 자동 연장_5월","20260608",TOAST,"20260526","20260731",PM30000107,2
C2600KI,"JTBC 월정액 6개월 약정 3,300원_5월 3차",A1CP1020261000120658,"[온가족특가] JTBC 6개월 약정 기간 내내 월 3,300원","20260616",TOAST,"20260421","20260531",PM30000269,2
C2600OJ,"2606_플레이보이 디맨드_첫달무료",,,"20260620",TOAST,,,PPV 등,2
C2600RG,"26년 6월_B tv+ 주말 야식비 지원_UI 541 이상_3",DummyOffer,,,TOAST,,,PPV 등,0
C2600JB,<극장의 시간들> 할인쿠폰 프로모션,A1SA1020261000120746,"[극장의 시간들 런칭] 영화 5,500원 할인","20260511",TOAST,"20260428","20260531",PPV 등,1
C2600N0,"26년 5월_B tv+ 당첨자_UI 541 이상_2(1770)",DummyOffer,,"20260702",TOAST,,,PPV 등,1
C2600OO,"26년 6월_B tv+ 국내여행_(6/3)_89",DummyOffer,,"20260615",TOAST,,,PPV 등,1
C2600L7,"26년 5월_B tv+ 비플리_UI 541 이상_1차(~5/17)_1(1770)",DummyOffer,,"20260528",TOAST,,,PPV 등,1
C2600NN,<코드 네임: 알라룸> 할인쿠폰 프로모션,A1SA1020261000120951,"[코드 네임: 알라룸 런칭] 영화 5,500원 할인",,TOAST,"20260526","20260630",PPV 등,0
C2600N1,"26년 5월_B tv+ 당첨자_UI 541 이상_3(1770)",DummyOffer,,"20260708",TOAST,,,PPV 등,1
C2600OX,"26년 6월_B tv+ 국내여행_(6/4~7)_89",DummyOffer,,"20260704",TOAST,,,PPV 등,1
C2600Q3,"6월 성인 1+1 프로모션 (6/11~6/20)",A1SA1020261000121168,"[1+1이벤트] 3,300원 할인 쿠폰","20260622",SMART,"20260609","20260731",PPV 등,3
C2600LG,<스피드> 할인쿠폰 프로모션,A1SA1020261000120858,"[스피드 런칭] 영화 5,500원 할인","20260604",SMART,"20260512","20260531",PPV 등,1
C2600KP,<왕과 사는 남자> 할인쿠폰 프로모션,A1SA1020261000120651,"[왕과 사는 남자 런칭] 영화 4,400원 할인","20260516",SMART,"20260421","20260531",PPV 등,4
C2600JQ,[팝업] 밸류애드팀 Btv 업_단기(26.5.05)_1-3차,,,,SMART,,,PPV 등,142792
C2600JS,[팝업] B tv 스탠다드+(조합형)_(26.5.05)_1-1차,,,,SMART,,,PPV 등,435171
C2600N4,(주기성) 6월 쿠폰팩 GCP(5/24~6/21가입)_TB,A1SA1020261000120868,[FREE PASS] JTBC 1개월 무료_26년6월,,SMART,"20260519","20260629",PM30000269,43038
C2600LO,[팝업] B tv All+(조합형)(26.5.19)_3-1차,,,,SMART,,,PPV 등,580935
C2600LZ,"26년 5월_B tv+ 비플리_UI 541 이상_2차(~5/25)_3(1770)",A1CP1020261000120859,[가정의 달] B tv+ 12개월 50% 할인 (~5/25),,SMART,"20260515","20260525",PM30000107,71698
C2600RZ,SPOTV 6월 첫달무료_1차_0619 배너 TV팝업,,,,SMART,,,PPV 등,1889734
C2600LG,<스피드> 할인쿠폰 프로모션,A1SA1020261000120858,"[스피드 런칭] 영화 5,500원 할인","20260603",SMART,"20260512","20260531",PPV 등,4
C2600ND,"지상파 월정액 첫달 3,300원_6월 1차",A1CP1020261000120947,"[6월 특가] 지상파 월정액 1개월 13,200원 할인","20260623",SMART,"20260526","20260630",PM30000150,33479
C2600MI,JTBC 월정액 첫달 무료_6월 1차,A1SA1020261000119567,[깜짝 특가] JTBC 월정액 1개월 100% 할인 쿠폰,,SMART,"20260119","20261231",PM30000269,84518
C2600SA,SPOTV 6월 첫달무료_1차_0623,A1SA1020261000121164,[축구 이벤트] SPOTV Prime 1개월 무료,"20260619",SMART,"20260609","20260630",PM35000007,19879
C2600V8,[팝업] 밸류애드팀 Btv 업_장기(26.7.15)_2-3차,,,,SMART,,,PPV 등,391320
C2600T2,"6월 쿠폰팩 GCP 만료 D-3_POP",DummyOffer,,,SMART,,,PPV 등,85200
C2600OA,"26년 6월_B tv+ 비플리_UI 541 이상_1차 쿠폰(~6/7) & 배너(~6/30)_2",A1CP1020261000120872,[위클리 혜택] B tv+ 12개월 50% 할인,"20260620",SMART,"20260520","20260630",PM30000107,5422
C2600VP,[팝업] 밸류애드팀 STB 교체(26.7.20)_3-1차,,,,SMART,,,PPV 등,244732
C2600PP,"지상파 월정액 첫달 3,300원_6월 3차",A1CP1020261000120947,"[6월 특가] 지상파 월정액 1개월 13,200원 할인","20260624",SMART,"20260526","20260630",PM30000150,13410
C2600UC,"26년 7월_B tv+ 비플리_UI 541 이상_쿠폰&배너_1",A1CP1020261000121365,[고객님만 혜택] B tv+ 반값 할인 (최대 12개월),"20260718",SMART,"20260624","20260731",PM30000107,387
C2600PN,JTBC 월정액 첫달 무료_6월 2차,A1SA1020261000119567,[깜짝 특가] JTBC 월정액 1개월 100% 할인 쿠폰,"20260515",SMART,"20260119","20261231",PM30000269,1243
C2600N5,(일회성) 6월 쿠폰팩 GCP(5/1~5/23가입)_TB,A1CP1020261000120865,[FREE PASS] B tv+ 1개월 무료_26년6월,"20260612",SMART,"20260519","20260629",PM30000107,175
C2600TN,"7월 성인 1+1 프로모션_모바일 (7/1~7/10)",A1SA1020261000121371,"[1+1이벤트] 3,300원 할인 쿠폰 (모바일)","20260708",SMART,"20260626","20260731",PPV 등,41
C2600UD,"26년 7월_B tv+ 비플리_UI 541 이상_쿠폰&배너_2",A1CP1020261000121365,[고객님만 혜택] B tv+ 반값 할인 (최대 12개월),"20260727",SMART,"20260624","20260731",PM30000107,587
C2600N4,(주기성) 6월 쿠폰팩 GCP(5/24~6/21가입)_TB,A1SA1020261000120868,[FREE PASS] JTBC 1개월 무료_26년6월,"20260616",SMART,"20260519","20260629",PM30000269,49
C2600KD,[주기성/쿠폰] <프로젝트헤일메리&인생SF전> 할인쿠폰 프로모션,A1PR1020261000120752,[프로젝트헤일메리] 인생SF영화 추가 30% 할인,"20260516",SMART,"20260430","20260524",PPV 등,46
C2600TG,JTBC 월정액 3개월 70% 할인_7월 1차,A1SA1020261000121374,[쿨썸머 특가] JTBC 월정액 3개월 내내 70% 할인,"20260728",SMART,"20260629","20260731",PM30000269,125
C2600UV,모아나 소장용 패키지 프로모션 (7/10),A1SA1020261000121465,"[모아나 패키지 구매] 영화 5,500원 할인","20260720",SMART,"20260708","20260831",PPV 등,63
C2600O7,"2606_캐치온 해지방어_B tv+ Cross-sell",A1CP1020261000120958,[비밀 특가] B tv+ 1개월 100원,"20260622",SMART,"20260528","20260712",PM30000107,9
C2600N4,(주기성) 6월 쿠폰팩 GCP(5/24~6/21가입)_TB,A1SA1020261000120868,[FREE PASS] JTBC 1개월 무료_26년6월,"20260611",SMART,"20260519","20260629",PM30000269,75
C2600O8,[주기성] 26년 6월_B tv+ 비플리_UI 541 이하_쿠폰,A1CP1020261000120872,[위클리 혜택] B tv+ 12개월 50% 할인,"20260615",SMART,"20260520","20260630",PM30000107,14
C2600TM,<신의 악단> 할인쿠폰 프로모션,A1SA1020261000121384,"[신의 악단 런칭] 영화 3,300원 할인","20260704",SMART,"20260630","20260731",PPV 등,47
C2600S6,토이스토리 소장용 패키지 프로모션_수정,A1SA1020261000121259,"[토이 스토리 패키지 구매] 영화 5,500원 할인","20260704",SMART,"20260615","20260731",PPV 등,4
C2600KO,<폭탄> 할인쿠폰 프로모션,A1SA1020261000120751,"[폭탄 런칭] 영화 5,500원 할인","20260603",SMART,"20260430","20260531",PPV 등,3
C2600TA,[주기성] 26년 7월_B tv+ 비플리_UI 541 이하_쿠폰,A1CP1020261000121366,[고객님만 혜택] B tv+ 반값 할인 (최대 12개월),"20260712",SMART,"20260624","20260731",PM30000107,5
C2600T7,<노멀> 할인쿠폰 프로모션,A1SA1020261000121162,"[노멀 런칭] 영화 3,300원 할인","20260710",SMART,"20260605","20260731",PPV 등,3
C2600TI,JTBC 월정액 3개월 70% 할인_7월 2차,A1SA1020261000121374,[쿨썸머 특가] JTBC 월정액 3개월 내내 70% 할인,"20260704",SMART,"20260629","20260731",PM30000269,1
C2600ML,"26년 5월_B tv+ 비플리_UI 541 이상_3차(~5/31)_2",A1CP1020261000120854,[가정의 달] B tv+ 12개월 50% 할인 (~5/31),,SMART,"20260507","20260531",PM30000107,249362
C2600M0,"26년 5월_B tv+ 비플리_UI 541 이상_2차(~5/25)_4(1770)",A1CP1020261000120859,[가정의 달] B tv+ 12개월 50% 할인 (~5/25),"20260523",SMART,"20260515","20260525",PM30000107,171693
C2600RO,[팝업] 밸류애드팀 Btv 업_단기(26.6.23)_4-2차,,,,SMART,,,PPV 등,304662
C2600LB,"2605_무빙 연장 동의_TDB_2차",,,,SMART,,,PPV 등,4411
C2600S5,SPOTV 6월 첫달무료_1차_0622,A1SA1020261000121164,[축구 이벤트] SPOTV Prime 1개월 무료,"20260627",SMART,"20260609","20260630",PM35000007,273439
C2600PP,"지상파 월정액 첫달 3,300원_6월 3차",A1CP1020261000120947,"[6월 특가] 지상파 월정액 1개월 13,200원 할인","20260617",SMART,"20260526","20260630",PM30000150,101898
C2600O6,"26년 6월_B tv+ 비플리_UI 541 이상_1차 쿠폰(~6/7) & 배너(~6/30)_1",A1CP1020261000120872,[위클리 혜택] B tv+ 12개월 50% 할인,"20260619",SMART,"20260520","20260630",PM30000107,4323
C2600KK,"CJ ENM 월정액 3개월 5,500원_5월 2차",A1CP1020261000120659,"[온가족특가] CJ ENM 월정액 3개월 내내 5,500원","20260525",SMART,"20260422","20260531",PM30000154,370
C2600UN,"26년 7월_B tv+ KBS 이승철 콘서트_UI 541 이상_1",DummyOffer,,,SMART,,,PPV 등,1069382
C2600UD,"26년 7월_B tv+ 비플리_UI 541 이상_쿠폰&배너_2",A1CP1020261000121365,[고객님만 혜택] B tv+ 반값 할인 (최대 12개월),"20260730",SMART,"20260624","20260731",PM30000107,62232
C2600P6,[주기성] 26년 6월_B tv+ 비플리_UI 541 이상_2~4차_2,A1CP1020261000120872,[위클리 혜택] B tv+ 12개월 50% 할인,"20260603",SMART,"20260520","20260630",PM30000107,2176
C2600M6,JTBC 월정액 첫달 무료_5월 2차,A1SA1020261000119567,[깜짝 특가] JTBC 월정액 1개월 100% 할인 쿠폰,"20260617",SMART,"20260119","20261231",PM30000269,24
C2600UD,"26년 7월_B tv+ 비플리_UI 541 이상_쿠폰&배너_2",A1CP1020261000121365,[고객님만 혜택] B tv+ 반값 할인 (최대 12개월),"20260708",SMART,"20260624","20260731",PM30000107,6282
C2600M8,<짱구> 할인쿠폰 프로모션,A1SA1020261000120863,"[짱구 런칭] 영화 5,500원 할인","20260522",SMART,"20260518","20260630",PPV 등,70
C2600TI,JTBC 월정액 3개월 70% 할인_7월 2차,A1SA1020261000121374,[쿨썸머 특가] JTBC 월정액 3개월 내내 70% 할인,"20260725",SMART,"20260629","20260731",PM30000269,390
C2600O6,"26년 6월_B tv+ 비플리_UI 541 이상_1차 쿠폰(~6/7) & 배너(~6/30)_1",A1CP1020261000120872,[위클리 혜택] B tv+ 12개월 50% 할인,"20260611",SMART,"20260520","20260630",PM30000107,125
C2600QQ,통합 월정액 첫달 무료_6월 4차,A1CP1020261000120948,[이용 감사 혜택] 주요 월정액 1개월 100% 할인 (택1),"20260604",SMART,"20260526","20260630",PM30000176,523
C2600P7,[주기성] 26년 6월_B tv+ 비플리_UI 541 이상_2~4차_3,A1CP1020261000120872,[위클리 혜택] B tv+ 12개월 50% 할인,"20260608",SMART,"20260520","20260630",PM30000107,66
C2600KM,"지상파 월정액 3개월 내내 5,500원_5월 3차",A1CP1020261000120660,"[온가족특가] 지상파 월정액 3개월 내내 월 5,500원","20260518",SMART,"20260422","20260531",PM30000150,175
C2600IY,"JTBC 월정액 6개월 약정 3,300원_5월 1차",A1CP1020261000120658,"[온가족특가] JTBC 6개월 약정 기간 내내 월 3,300원","20260525",SMART,"20260421","20260531",PM30000269,83
C2600MI,JTBC 월정액 첫달 무료_6월 1차,A1SA1020261000119567,[깜짝 특가] JTBC 월정액 1개월 100% 할인 쿠폰,"20260517",SMART,"20260119","20261231",PM30000269,128
C2600TM,<신의 악단> 할인쿠폰 프로모션,A1SA1020261000121384,"[신의 악단 런칭] 영화 3,300원 할인","20260725",SMART,"20260630","20260731",PPV 등,121
C2600TN,"7월 성인 1+1 프로모션_모바일 (7/1~7/10)",A1SA1020261000121371,"[1+1이벤트] 3,300원 할인 쿠폰 (모바일)","20260710",SMART,"20260626","20260731",PPV 등,60
C2600LW,수요1+1무비쿠폰(5월 쿠폰발급),A1PR1020261000120851,[연휴무비쿠폰] 20% 할인(5천원 이상 사용),"20260521",SMART,"20260408","20260525",PPV 등,198
C2600R1,JTBC 월정액 첫달 무료_6월 3차,A1SA1020261000119567,[깜짝 특가] JTBC 월정액 1개월 100% 할인 쿠폰,"20260512",SMART,"20260119","20261231",PM30000269,35
C2600LW,수요1+1무비쿠폰(5월 쿠폰발급),A1PR1020261000120851,[연휴무비쿠폰] 20% 할인(5천원 이상 사용),"20260525",SMART,"20260408","20260525",PPV 등,31
C2600MI,JTBC 월정액 첫달 무료_6월 1차,A1SA1020261000119567,[깜짝 특가] JTBC 월정액 1개월 100% 할인 쿠폰,"20260523",SMART,"20260119","20261231",PM30000269,33
C2600TJ,<데드 오브 윈터> 할인쿠폰 프로모션,A1SA1020261000121361,"[데드 오브 윈터 런칭] 영화 3,300원 할인","20260718",SMART,"20260622","20260731",PPV 등,28
C2600SH,<납치 48시간> 할인쿠폰 프로모션,A1SA1020261000121265,"[납치 48시간 런칭] 영화 3,300원 할인","20260723",SMART,"20260616","20260831",PPV 등,2
C2600NP,<모탈 컴뱃2> 할인쿠폰 프로모션,A1SA1020261000120959,"[모탈컴뱃2 런칭] 영화 5,500원 할인","20260701",SMART,"20260528","20260615",PPV 등,1
C2600LE,"CJ ENM 월정액 3개월 5,500원_5월 3차",A1CP1020261000120659,"[온가족특가] CJ ENM 월정액 3개월 내내 5,500원",,SMART,"20260422","20260531",PM30000154,223979
C2600QW,SPOTV 6월 첫달무료_1차_0615 TV팝업,,,,SMART,,,PPV 등,1894105
C2600KK,"CJ ENM 월정액 3개월 5,500원_5월 2차",A1CP1020261000120659,"[온가족특가] CJ ENM 월정액 3개월 내내 5,500원","20260508",SMART,"20260422","20260531",PM30000154,80838
C2600KN,JTBC 월정액 첫달 무료_5월 1차,A1SA1020261000119567,[깜짝 특가] JTBC 월정액 1개월 100% 할인 쿠폰,"20260517",SMART,"20260119","20261231",PM30000269,8166
C2600KM,"지상파 월정액 3개월 내내 5,500원_5월 3차",A1CP1020261000120660,"[온가족특가] 지상파 월정액 3개월 내내 월 5,500원","20260508",SMART,"20260422","20260531",PM30000150,51241
C2600PS,"26년 6월_B tv+ 파격할인_UI 541 이상_2",A1CP1020261000120874,"[파격할인] B tv+ 12개월 월 5,500원 혜택","20260613",SMART,"20260520","20260531",PM30000107,71867
C2600PP,"지상파 월정액 첫달 3,300원_6월 3차",A1CP1020261000120947,"[6월 특가] 지상파 월정액 1개월 13,200원 할인","20260629",SMART,"20260526","20260630",PM30000150,18179
C2600KP,<왕과 사는 남자> 할인쿠폰 프로모션,A1SA1020261000120651,"[왕과 사는 남자 런칭] 영화 4,400원 할인","20260525",SMART,"20260421","20260531",PPV 등,499
C2600KK,"CJ ENM 월정액 3개월 5,500원_5월 2차",A1CP1020261000120659,"[온가족특가] CJ ENM 월정액 3개월 내내 5,500원","20260511",SMART,"20260422","20260531",PM30000154,4978
C2600R1,JTBC 월정액 첫달 무료_6월 3차,A1SA1020261000119567,[깜짝 특가] JTBC 월정액 1개월 100% 할인 쿠폰,"20260625",SMART,"20260119","20261231",PM30000269,192579
C2600T4,"26년 6월_B tv+ KBO 올스타전_UI 541 이상_4",A1CP1020261000121364,"[올스타전 특가] B tv+ 월 5,500원 혜택 (최대 12개월)","20260628",SMART,"20260624","20260705",PM30000107,918
C2600PN,JTBC 월정액 첫달 무료_6월 2차,A1SA1020261000119567,[깜짝 특가] JTBC 월정액 1개월 100% 할인 쿠폰,"20260617",SMART,"20260119","20261231",PM30000269,1159
C2600WK,JTBC 월정액 3개월 70% 할인_7월 3차,A1SA1020261000121374,[쿨썸머 특가] JTBC 월정액 3개월 내내 70% 할인,"20260722",SMART,"20260629","20260731",PM30000269,120819
C2600S3,"6월 성인 1+1 프로모션 (6/21~6/30)",A1SA1020261000121170,"[1+1 앵콜 이벤트] 3,300원 할인 쿠폰","20260626",SMART,"20260609","20260731",PPV 등,162
C2600P8,[주기성] 26년 6월_B tv+ 비플리_UI 541 이상_2~4차_4,A1CP1020261000120872,[위클리 혜택] B tv+ 12개월 50% 할인,"20260608",SMART,"20260520","20260630",PM30000107,910
C2600UU,"7월 성인 1+1 앵콜 프로모션_모바일 (7/11~7/20)",A1SA1020261000121458,"[1+1 앵콜 이벤트] 3,300원 할인 쿠폰","20260725",SMART,"20260708","20260831",PPV 등,304
C2600J7,"지상파 월정액 3개월 내내 5,500원_5월 2차",A1CP1020261000120660,"[온가족특가] 지상파 월정액 3개월 내내 월 5,500원","20260515",SMART,"20260422","20260531",PM30000150,351
C2600J7,"지상파 월정액 3개월 내내 5,500원_5월 2차",A1CP1020261000120660,"[온가족특가] 지상파 월정액 3개월 내내 월 5,500원","20260516",SMART,"20260422","20260531",PM30000150,455
C2600SG,"CJ ENM 월정액 3개월 5,500원_7월 1차",A1CP1020261000121358,"[쿨썸머 특가] CJ ENM 월정액 3개월 내내 월 5,500원","20260724",SMART,"20260622","20260731",PM30000154,354
C2600M6,JTBC 월정액 첫달 무료_5월 2차,A1SA1020261000119567,[깜짝 특가] JTBC 월정액 1개월 100% 할인 쿠폰,"20260614",SMART,"20260119","20261231",PM30000269,171
C2600T8,<살목지(2차)> 할인쿠폰 프로모션,A1SA1020261000121161,"[살목지 런칭] 영화 4,444원 할인",,SMART,"20260605","20260731",PPV 등,152
C2600R1,JTBC 월정액 첫달 무료_6월 3차,A1SA1020261000119567,[깜짝 특가] JTBC 월정액 1개월 100% 할인 쿠폰,"20260517",SMART,"20260119","20261231",PM30000269,149
C2600S6,토이스토리 소장용 패키지 프로모션_수정,A1SA1020261000121259,"[토이 스토리 패키지 구매] 영화 5,500원 할인","20260714",SMART,"20260615","20260731",PPV 등,48
C2600QR,"6월 성인 1+1 프로모션_추가 (6/12~14 구매자)",A1SA1020261000121168,"[1+1이벤트] 3,300원 할인 쿠폰","20260702",SMART,"20260609","20260731",PPV 등,32
C2600M8,<짱구> 할인쿠폰 프로모션,A1SA1020261000120863,"[짱구 런칭] 영화 5,500원 할인","20260529",SMART,"20260518","20260630",PPV 등,120
C2600LG,<스피드> 할인쿠폰 프로모션,A1SA1020261000120858,"[스피드 런칭] 영화 5,500원 할인","20260517",SMART,"20260512","20260531",PPV 등,5
C2600QU,"6월 성인 1+1 프로모션 (6/11~6/20)_수정",A1SA1020261000121168,"[1+1이벤트] 3,300원 할인 쿠폰","20260630",SMART,"20260609","20260731",PPV 등,10
C2600SH,<납치 48시간> 할인쿠폰 프로모션,A1SA1020261000121265,"[납치 48시간 런칭] 영화 3,300원 할인","20260702",SMART,"20260616","20260831",PPV 등,4
C2600TK,<메가 샤크 어택> 할인쿠폰 프로모션,A1SA1020261000121369,"[메가 샤크 어택 런칭] 영화 5,500원 할인","20260724",SMART,"20260626","20260731",PPV 등,13
C2600SH,<납치 48시간> 할인쿠폰 프로모션,A1SA1020261000121265,"[납치 48시간 런칭] 영화 3,300원 할인","20260704",SMART,"20260616","20260831",PPV 등,1
C2600R4,<피어스> 할인쿠폰 프로모션,A1SA1020261000121258,"[피어스 런칭] 영화 5,500원 할인","20260618",SMART,"20260615","20260731",PPV 등,2
C2600PM,[보정용][D+1] 쿠폰팩 등록 혜택 지급_2601,A1PR1020261000119553,[쿠폰팩 등록 감사] VOD 20% 할인쿠폰,"20260604",SMART,"20260114","99991231",PPV 등,1
C2600Q3,"6월 성인 1+1 프로모션 (6/11~6/20)",A1SA1020261000121168,"[1+1이벤트] 3,300원 할인 쿠폰","20260623",SMART,"20260609","20260731",PPV 등,1
C2600P5,[주기성] 26년 6월_B tv+ 비플리_UI 541 이상_2~4차_1,A1CP1020261000120872,[위클리 혜택] B tv+ 12개월 50% 할인,,SMART,"20260520","20260630",PM30000107,207492
C2600O6,"26년 6월_B tv+ 비플리_UI 541 이상_1차 쿠폰(~6/7) & 배너(~6/30)_1",A1CP1020261000120872,[위클리 혜택] B tv+ 12개월 50% 할인,"20260627",SMART,"20260520","20260630",PM30000107,98628
C2600O0,"26년 6월_B tv+ 짝수달 유료전환 테스트_UI 552 이상",A1CP1020261000120870,[6월 한정] B tv+ 첫달 무료,"20260615",SMART,"20260520","20260630",PM30000107,4572
C2600TX,"2607_주기성_전환동의 띠배너",,,,SMART,,,PPV 등,6118
C2600SG,"CJ ENM 월정액 3개월 5,500원_7월 1차",A1CP1020261000121358,"[쿨썸머 특가] CJ ENM 월정액 3개월 내내 월 5,500원","20260705",SMART,"20260622","20260731",PM30000154,2868
C2600UF,"26년 7월_B tv+ 비플리_UI 541 이상_쿠폰&배너_4",A1CP1020261000121365,[고객님만 혜택] B tv+ 반값 할인 (최대 12개월),,SMART,"20260624","20260731",PM30000107,26948
C2600PQ,통합 월정액 첫달 무료_6월 3차,A1CP1020261000120948,[이용 감사 혜택] 주요 월정액 1개월 100% 할인 (택1),"20260620",SMART,"20260526","20260630",PM30000176,47187
C2600PP,"지상파 월정액 첫달 3,300원_6월 3차",A1CP1020261000120947,"[6월 특가] 지상파 월정액 1개월 13,200원 할인","20260612",SMART,"20260526","20260630",PM30000150,14539
C2600OL,"지상파 월정액 첫달 3,300원_6월 2차",A1CP1020261000120947,"[6월 특가] 지상파 월정액 1개월 13,200원 할인","20260617",SMART,"20260526","20260630",PM30000150,4085
C2600L9,"26년 5월_B tv+ 비플리_UI 541 이상_1차(~5/17)_3(1770)",A1CP1020261000120853,[가정의 달] B tv+ 12개월 50% 할인 (~5/17),"20260514",SMART,"20260507","20260517",PM30000107,616
C2600UC,"26년 7월_B tv+ 비플리_UI 541 이상_쿠폰&배너_1",A1CP1020261000121365,[고객님만 혜택] B tv+ 반값 할인 (최대 12개월),"20260711",SMART,"20260624","20260731",PM30000107,5455
C2600UC,"26년 7월_B tv+ 비플리_UI 541 이상_쿠폰&배너_1",A1CP1020261000121365,[고객님만 혜택] B tv+ 반값 할인 (최대 12개월),"20260716",SMART,"20260624","20260731",PM30000107,1418
C2600WD,통합 월정액 3개월 내내 80% 할인,A1CP1020261000121658,[쿨썸머 특가] 주요 월정액 3개월 내내 80% 할인 (택1),"20260727",SMART,"20260720","20260731",PM30000176,2099
C2600SG,"CJ ENM 월정액 3개월 5,500원_7월 1차",A1CP1020261000121358,"[쿨썸머 특가] CJ ENM 월정액 3개월 내내 월 5,500원","20260722",SMART,"20260622","20260731",PM30000154,345
C2600IY,"JTBC 월정액 6개월 약정 3,300원_5월 1차",A1CP1020261000120658,"[온가족특가] JTBC 6개월 약정 기간 내내 월 3,300원","20260523",SMART,"20260421","20260531",PM30000269,102
C2600N4,(주기성) 6월 쿠폰팩 GCP(5/24~6/21가입)_TB,A1CP1020261000120867,[FREE PASS] CJ ENM 1개월 무료_26년6월,"20260609",SMART,"20260519","20260629",PM30000154,261
C2600TF,"지상파 월정액 3개월 5,500원_7월 1차",A1CP1020261000121373,"[쿨썸머 특가] 지상파 월정액 3개월 내내 월 5,500원","20260714",SMART,"20260629","20260731",PM30000150,584
C2600TK,<메가 샤크 어택> 할인쿠폰 프로모션,A1SA1020261000121369,"[메가 샤크 어택 런칭] 영화 5,500원 할인","20260711",SMART,"20260626","20260731",PPV 등,24
C2600M8,<짱구> 할인쿠폰 프로모션,A1SA1020261000120863,"[짱구 런칭] 영화 5,500원 할인","20260603",SMART,"20260518","20260630",PPV 등,131
C2600M8,<짱구> 할인쿠폰 프로모션,A1SA1020261000120863,"[짱구 런칭] 영화 5,500원 할인","20260615",SMART,"20260518","20260630",PPV 등,296
C2600TK,<메가 샤크 어택> 할인쿠폰 프로모션,A1SA1020261000121369,"[메가 샤크 어택 런칭] 영화 5,500원 할인","20260720",SMART,"20260626","20260731",PPV 등,31
C2600Q5,<스위트 홈: 진격의 거인> 할인쿠폰 프로모션,A1SA1020261000121160,"[스위트 홈: 진격의 거인 런칭] 영화 3,300원 할인","20260630",SMART,"20260605","20260731",PPV 등,20
C2600JA,<오시리스> 할인쿠폰 프로모션,A1SA1020261000120652,"[오시리스 런칭] 영화 3,300원 할인","20260514",SMART,"20260421","20260531",PPV 등,30
C2600UC,"26년 7월_B tv+ 비플리_UI 541 이상_쿠폰&배너_1",A1CP1020261000121365,[고객님만 혜택] B tv+ 반값 할인 (최대 12개월),"20260722",SMART,"20260624","20260731",PM30000107,88
C2600R1,JTBC 월정액 첫달 무료_6월 3차,A1SA1020261000119567,[깜짝 특가] JTBC 월정액 1개월 100% 할인 쿠폰,"20260526",SMART,"20260119","20261231",PM30000269,30
C2600TM,<신의 악단> 할인쿠폰 프로모션,A1SA1020261000121384,"[신의 악단 런칭] 영화 3,300원 할인","20260708",SMART,"20260630","20260731",PPV 등,46
C2600NH,<리 크로닌의 미이라> 할인쿠폰 프로모션,A1SA1020261000120855,"[리 크로닌의 미이라] 영화 3,300원 할인","20260609",SMART,"20260507","20260630",PPV 등,1
C2600UV,모아나 소장용 패키지 프로모션 (7/10),A1SA1020261000121465,"[모아나 패키지 구매] 영화 5,500원 할인","20260730",SMART,"20260708","20260831",PPV 등,27
C2600SC,<금발이 되고 싶어> 할인쿠폰 프로모션,A1SA1020261000121360,"[금발이 되고 싶어 런칭] 영화 5,500원 할인","20260629",SMART,"20260622","20260731",PPV 등,17
C2600KN,JTBC 월정액 첫달 무료_5월 1차,A1SA1020261000119567,[깜짝 특가] JTBC 월정액 1개월 100% 할인 쿠폰,"20260526",SMART,"20260119","20261231",PM30000269,1
C2600LX,"26년 5월_B tv+ 비플리_UI 541 이상_2차(~5/25)_1(1770)",A1CP1020261000120859,[가정의 달] B tv+ 12개월 50% 할인 (~5/25),,SMART,"20260515","20260525",PM30000107,250023
C2600T4,"26년 6월_B tv+ KBO 올스타전_UI 541 이상_4",A1CP1020261000121364,"[올스타전 특가] B tv+ 월 5,500원 혜택 (최대 12개월)","20260703",SMART,"20260624","20260705",PM30000107,178321
C2600RA,SPOTV 6월 첫달무료_1차_0617 토스트팝업,,,,SMART,,,PPV 등,1891714
C2600T0,"26년 6월_B tv+ KBO 올스타전_UI 541 이상_2",A1CP1020261000121364,"[올스타전 특가] B tv+ 월 5,500원 혜택 (최대 12개월)","20260703",SMART,"20260624","20260705",PM30000107,347090
C2600PV,"26년 6월_B tv+ 파격할인_UI 541 이하_5",DummyOffer,,,SMART,,,PPV 등,272403
C2600J7,"지상파 월정액 3개월 내내 5,500원_5월 2차",A1CP1020261000120660,"[온가족특가] 지상파 월정액 3개월 내내 월 5,500원","20260514",SMART,"20260422","20260531",PM30000150,391
C2600TG,JTBC 월정액 3개월 70% 할인_7월 1차,A1SA1020261000121374,[쿨썸머 특가] JTBC 월정액 3개월 내내 70% 할인,"20260713",SMART,"20260629","20260731",PM30000269,593
C2600PT,"26년 6월_B tv+ 파격할인_UI 541 이상_3",A1CP1020261000120874,"[72시간 한정] B tv+ 12개월 월 5,500원 혜택","20260612",SMART,"20260526","20260614",PM30000107,8047
C2600OC,"26년 6월_B tv+ 비플리_UI 541 이상_1차 쿠폰(~6/7) & 배너(~6/30)_4",A1CP1020261000120872,[위클리 혜택] B tv+ 12개월 50% 할인,"20260608",SMART,"20260520","20260630",PM30000107,1016
C2600SG,"CJ ENM 월정액 3개월 5,500원_7월 1차",A1CP1020261000121358,"[쿨썸머 특가] CJ ENM 월정액 3개월 내내 월 5,500원","20260712",SMART,"20260622","20260731",PM30000154,1997
C2600QM,[보정용][주기성] 26년 6월_B tv+ 비플리_UI 541 이상_2~4차_1,A1CP1020261000120872,[위클리 혜택] B tv+ 12개월 50% 할인,"20260602",SMART,"20260520","20260630",PM30000107,646
C2600J5,"지상파 월정액 3개월 내내 5,500원_5월 1차",A1CP1020261000120660,"[온가족특가] 지상파 월정액 3개월 내내 월 5,500원","20260521",SMART,"20260422","20260531",PM30000150,335
C2600UV,모아나 소장용 패키지 프로모션 (7/10),A1SA1020261000121465,"[모아나 패키지 구매] 영화 5,500원 할인","20260717",SMART,"20260708","20260831",PPV 등,17
C2600S7,토이스토리 소장용 패키지 프로모션 (6/18~6/21 발급),A1SA1020261000121259,"[토이 스토리 패키지 구매] 영화 5,500원 할인","20260706",SMART,"20260615","20260731",PPV 등,98
C2600IY,"JTBC 월정액 6개월 약정 3,300원_5월 1차",A1CP1020261000120658,"[온가족특가] JTBC 6개월 약정 기간 내내 월 3,300원","20260524",SMART,"20260421","20260531",PM30000269,93
C2600US,<잠금: 셧다운> 할인쿠폰 프로모션,A1SA1020261000121462,"[잠금: 셧다운 런칭] 영화 5,500원 할인","20260719",SMART,"20260708","20260831",PPV 등,30
C2600N4,(주기성) 6월 쿠폰팩 GCP(5/24~6/21가입)_TB,A1CP1020261000120866,[FREE PASS] 지상파 3사 1개월 무료_26년6월,"20260618",SMART,"20260519","20260629",PM30000150,63
C2600TK,<메가 샤크 어택> 할인쿠폰 프로모션,A1SA1020261000121369,"[메가 샤크 어택 런칭] 영화 5,500원 할인","20260727",SMART,"20260626","20260731",PPV 등,6
C2600PV,"26년 6월_B tv+ 파격할인_UI 541 이하_5",A1CP1020261000120874,"[72시간 한정] B tv+ 12개월 월 5,500원 혜택","20260610",SMART,"20260526","20260614",PM30000107,18
C2600LG,<스피드> 할인쿠폰 프로모션,A1SA1020261000120858,"[스피드 런칭] 영화 5,500원 할인","20260531",SMART,"20260512","20260531",PPV 등,8
C2600SH,<납치 48시간> 할인쿠폰 프로모션,A1SA1020261000121265,"[납치 48시간 런칭] 영화 3,300원 할인","20260715",SMART,"20260616","20260831",PPV 등,10
C2600JB,<극장의 시간들> 할인쿠폰 프로모션,A1SA1020261000120746,"[극장의 시간들 런칭] 영화 5,500원 할인","20260503",SMART,"20260428","20260531",PPV 등,3
C2600PM,[보정용][D+1] 쿠폰팩 등록 혜택 지급_2601,A1PR1020261000119553,[쿠폰팩 등록 감사] VOD 20% 할인쿠폰,"20260623",SMART,"20260114","99991231",PPV 등,3
C2600WI,<뮌터 & 칸딘스키 - 사랑의 초상> 할인쿠폰 프로모션,A1SA1020261000121560,"[뮌터 & 칸딘스키 - 사랑의 초상 런칭] 영화 5,500원 할인","20260731",SMART,"20260716","20260831",PPV 등,1
C2600M0,"26년 5월_B tv+ 비플리_UI 541 이상_2차(~5/25)_4(1770)",A1CP1020261000120859,[가정의 달] B tv+ 12개월 50% 할인 (~5/25),"20260525",SMART,"20260515","20260525",PM30000107,21665
C2600JZ,"JTBC 월정액 6개월 약정 3,300원_5월 2차",A1CP1020261000120658,"[온가족특가] JTBC 6개월 약정 기간 내내 월 3,300원","20260530",SMART,"20260421","20260531",PM30000269,15575
C2600O0,"26년 6월_B tv+ 짝수달 유료전환 테스트_UI 552 이상",A1CP1020261000120870,[6월 한정] B tv+ 첫달 무료,"20260603",SMART,"20260520","20260630",PM30000107,42217
C2600P8,[주기성] 26년 6월_B tv+ 비플리_UI 541 이상_2~4차_4,A1CP1020261000120872,[위클리 혜택] B tv+ 12개월 50% 할인,"20260622",SMART,"20260520","20260630",PM30000107,66552
C2600PQ,통합 월정액 첫달 무료_6월 3차,A1CP1020261000120948,[이용 감사 혜택] 주요 월정액 1개월 100% 할인 (택1),"20260619",SMART,"20260526","20260630",PM30000176,89575
C2600S5,SPOTV 6월 첫달무료_1차_0622,A1SA1020261000121164,[축구 이벤트] SPOTV Prime 1개월 무료,"20260622",SMART,"20260609","20260630",PM35000007,46074
C2600LE,"CJ ENM 월정액 3개월 5,500원_5월 3차",A1CP1020261000120659,"[온가족특가] CJ ENM 월정액 3개월 내내 5,500원","20260522",SMART,"20260422","20260531",PM30000154,759
C2600SJ,[주기성]프라다입고문워크 신작혜택파티 프로모션,A1PR1020261000121272,[신작혜택파티] 영화 30% 할인(악마는프라다2 외 대상작),,SMART,"20260618","20260706",PPV 등,6901
C2600UF,"26년 7월_B tv+ 비플리_UI 541 이상_쿠폰&배너_4",A1CP1020261000121365,[고객님만 혜택] B tv+ 반값 할인 (최대 12개월),"20260707",SMART,"20260624","20260731",PM30000107,13123
C2600NE,통합 월정액 첫달 무료_6월 1차,A1CP1020261000120948,[이용 감사 혜택] 주요 월정액 1개월 100% 할인 (택1),"20260605",SMART,"20260526","20260630",PM30000176,2548
C2600N4,(주기성) 6월 쿠폰팩 GCP(5/24~6/21가입)_TB,A1CP1020261000120866,[FREE PASS] 지상파 3사 1개월 무료_26년6월,"20260608",SMART,"20260519","20260629",PM30000150,85
C2600UE,"26년 7월_B tv+ 비플리_UI 541 이상_쿠폰&배너_3",A1CP1020261000121365,[고객님만 혜택] B tv+ 반값 할인 (최대 12개월),"20260718",SMART,"20260624","20260731",PM30000107,147
C2600WJ,"CJ ENM 월정액 3개월 5,500원_7월 3차",A1CP1020261000121358,"[쿨썸머 특가] CJ ENM 월정액 3개월 내내 월 5,500원","20260730",SMART,"20260622","20260731",PM30000154,989
C2600UD,"26년 7월_B tv+ 비플리_UI 541 이상_쿠폰&배너_2",A1CP1020261000121365,[고객님만 혜택] B tv+ 반값 할인 (최대 12개월),"20260716",SMART,"20260624","20260731",PM30000107,1236
C2600N4,(주기성) 6월 쿠폰팩 GCP(5/24~6/21가입)_TB,A1SA1020261000120869,[FREE PASS] SPOTV 프라임패키지 1개월 무료_26년6월,"20260610",SMART,"20260519","20260629",PM35000007,134
C2600UD,"26년 7월_B tv+ 비플리_UI 541 이상_쿠폰&배너_2",A1CP1020261000121365,[고객님만 혜택] B tv+ 반값 할인 (최대 12개월),"20260715",SMART,"20260624","20260731",PM30000107,1496
C2600P8,[주기성] 26년 6월_B tv+ 비플리_UI 541 이상_2~4차_4,A1CP1020261000120872,[위클리 혜택] B tv+ 12개월 50% 할인,"20260629",SMART,"20260520","20260630",PM30000107,887
C2600NE,통합 월정액 첫달 무료_6월 1차,A1CP1020261000120948,[이용 감사 혜택] 주요 월정액 1개월 100% 할인 (택1),"20260624",SMART,"20260526","20260630",PM30000176,1170
C2600KN,JTBC 월정액 첫달 무료_5월 1차,A1SA1020261000119567,[깜짝 특가] JTBC 월정액 1개월 100% 할인 쿠폰,"20260622",SMART,"20260119","20261231",PM30000269,128
C2600KM,"지상파 월정액 3개월 내내 5,500원_5월 3차",A1CP1020261000120660,"[온가족특가] 지상파 월정액 3개월 내내 월 5,500원","20260514",SMART,"20260422","20260531",PM30000150,216
C2600TJ,<데드 오브 윈터> 할인쿠폰 프로모션,A1SA1020261000121361,"[데드 오브 윈터 런칭] 영화 3,300원 할인","20260727",SMART,"20260622","20260731",PPV 등,11
C2600LG,<스피드> 할인쿠폰 프로모션,A1SA1020261000120858,"[스피드 런칭] 영화 5,500원 할인","20260524",SMART,"20260512","20260531",PPV 등,2
C2600KM,"지상파 월정액 3개월 내내 5,500원_5월 3차",A1CP1020261000120660,"[온가족특가] 지상파 월정액 3개월 내내 월 5,500원","20260526",SMART,"20260422","20260531",PM30000150,88
C2600PQ,통합 월정액 첫달 무료_6월 3차,A1CP1020261000120948,[이용 감사 혜택] 주요 월정액 1개월 100% 할인 (택1),"20260626",SMART,"20260526","20260630",PM30000176,10
C2600Q5,<스위트 홈: 진격의 거인> 할인쿠폰 프로모션,A1SA1020261000121160,"[스위트 홈: 진격의 거인 런칭] 영화 3,300원 할인","20260702",SMART,"20260605","20260731",PPV 등,20
C2600QR,"6월 성인 1+1 프로모션_추가 (6/12~14 구매자)",A1SA1020261000121168,"[1+1이벤트] 3,300원 할인 쿠폰","20260701",SMART,"20260609","20260731",PPV 등,4
C2600NL,<쉘터> 할인쿠폰 프로모션,A1SA1020261000120861,"[쉘터 런칭] 영화 3,300원 할인","20260614",SMART,"20260518","20260630",PPV 등,4
C2600WI,<뮌터 & 칸딘스키 - 사랑의 초상> 할인쿠폰 프로모션,A1SA1020261000121560,"[뮌터 & 칸딘스키 - 사랑의 초상 런칭] 영화 5,500원 할인","20260730",SMART,"20260716","20260831",PPV 등,2
C2600KO,<폭탄> 할인쿠폰 프로모션,A1SA1020261000120751,"[폭탄 런칭] 영화 5,500원 할인","20260526",SMART,"20260430","20260531",PPV 등,3
C2600J7,"지상파 월정액 3개월 내내 5,500원_5월 2차",A1CP1020261000120660,"[온가족특가] 지상파 월정액 3개월 내내 월 5,500원",,SMART,"20260422","20260531",PM30000150,229008
C2600NG,SPOTV 6월 첫달무료_1차_0613 토팝,,,,SMART,,,PPV 등,1750323
C2600RL,[팝업] 밸류애드팀 STB 교체(26.6.22)_4-2차,,,,SMART,,,PPV 등,353634
C2600M8,<짱구> 할인쿠폰 프로모션,A1SA1020261000120863,"[짱구 런칭] 영화 5,500원 할인","20260617",SMART,"20260518","20260630",PPV 등,318
C2600NE,통합 월정액 첫달 무료_6월 1차,A1CP1020261000120948,[이용 감사 혜택] 주요 월정액 1개월 100% 할인 (택1),"20260621",SMART,"20260526","20260630",PM30000176,2702
C2600OA,"26년 6월_B tv+ 비플리_UI 541 이상_1차 쿠폰(~6/7) & 배너(~6/30)_2",A1CP1020261000120872,[위클리 혜택] B tv+ 12개월 50% 할인,"20260614",SMART,"20260520","20260630",PM30000107,6342
C2600N4,(주기성) 6월 쿠폰팩 GCP(5/24~6/21가입)_TB,A1SA1020261000120869,[FREE PASS] SPOTV 프라임패키지 1개월 무료_26년6월,"20260627",SMART,"20260519","20260629",PM35000007,5501
C2600OB,"26년 6월_B tv+ 비플리_UI 541 이상_1차 쿠폰(~6/7) & 배너(~6/30)_3",A1CP1020261000120872,[위클리 혜택] B tv+ 12개월 50% 할인,"20260619",SMART,"20260520","20260630",PM30000107,936
C2600QQ,통합 월정액 첫달 무료_6월 4차,A1CP1020261000120948,[이용 감사 혜택] 주요 월정액 1개월 100% 할인 (택1),"20260611",SMART,"20260526","20260630",PM30000176,871
C2600PQ,통합 월정액 첫달 무료_6월 3차,A1CP1020261000120948,[이용 감사 혜택] 주요 월정액 1개월 100% 할인 (택1),"20260614",SMART,"20260526","20260630",PM30000176,11626
C2600WD,통합 월정액 3개월 내내 80% 할인,A1CP1020261000121658,[쿨썸머 특가] 주요 월정액 3개월 내내 80% 할인 (택1),"20260723",SMART,"20260720","20260731",PM30000176,12353
C2600OB,"26년 6월_B tv+ 비플리_UI 541 이상_1차 쿠폰(~6/7) & 배너(~6/30)_3",A1CP1020261000120872,[위클리 혜택] B tv+ 12개월 50% 할인,"20260625",SMART,"20260520","20260630",PM30000107,350
C2600QQ,통합 월정액 첫달 무료_6월 4차,A1CP1020261000120948,[이용 감사 혜택] 주요 월정액 1개월 100% 할인 (택1),"20260612",SMART,"20260526","20260630",PM30000176,965
C2600NI,<시에라 마드레: 카르텔 전쟁> 할인쿠폰 프로모션,A1SA1020261000120862,"[시에라 마드레: 카르텔 전쟁 런칭] 영화 5,500원 할인",,SMART,"20260518","20260630",PPV 등,340
C2600OC,"26년 6월_B tv+ 비플리_UI 541 이상_1차 쿠폰(~6/7) & 배너(~6/30)_4",A1CP1020261000120872,[위클리 혜택] B tv+ 12개월 50% 할인,"20260618",SMART,"20260520","20260630",PM30000107,476
C2600SU,"26년 6월_B tv+ KBO 올스타전_UI 541 이상_1",A1CP1020261000121364,"[올스타전 특가] B tv+ 월 5,500원 혜택 (최대 12개월)","20260627",SMART,"20260624","20260705",PM30000107,2779
C2600NP,<모탈 컴뱃2> 할인쿠폰 프로모션,A1SA1020261000120959,"[모탈컴뱃2 런칭] 영화 5,500원 할인",,SMART,"20260528","20260615",PPV 등,515
C2600UU,"7월 성인 1+1 앵콜 프로모션_모바일 (7/11~7/20)",A1SA1020261000121458,"[1+1 앵콜 이벤트] 3,300원 할인 쿠폰","20260726",SMART,"20260708","20260831",PPV 등,321
C2600KD,[주기성/쿠폰] <프로젝트헤일메리&인생SF전> 할인쿠폰 프로모션,A1PR1020261000120752,[프로젝트헤일메리] 인생SF영화 추가 30% 할인,"20260513",SMART,"20260430","20260524",PPV 등,33
C2600UE,"26년 7월_B tv+ 비플리_UI 541 이상_쿠폰&배너_3",A1CP1020261000121365,[고객님만 혜택] B tv+ 반값 할인 (최대 12개월),"20260712",SMART,"20260624","20260731",PM30000107,1653
C2600KN,JTBC 월정액 첫달 무료_5월 1차,A1SA1020261000119567,[깜짝 특가] JTBC 월정액 1개월 100% 할인 쿠폰,"20260512",SMART,"20260119","20261231",PM30000269,1203
C2600VD,"CJ ENM 월정액 3개월 5,500원_7월 2차",A1CP1020261000121358,"[쿨썸머 특가] CJ ENM 월정액 3개월 내내 월 5,500원","20260729",SMART,"20260622","20260731",PM30000154,1390
C2600KK,"CJ ENM 월정액 3개월 5,500원_5월 2차",A1CP1020261000120659,"[온가족특가] CJ ENM 월정액 3개월 내내 5,500원","20260512",SMART,"20260422","20260531",PM30000154,2270
C2600J5,"지상파 월정액 3개월 내내 5,500원_5월 1차",A1CP1020261000120660,"[온가족특가] 지상파 월정액 3개월 내내 월 5,500원","20260527",SMART,"20260422","20260531",PM30000150,424
C2600N4,(주기성) 6월 쿠폰팩 GCP(5/24~6/21가입)_TB,A1CP1020261000120865,[FREE PASS] B tv+ 1개월 무료_26년6월,"20260615",SMART,"20260519","20260629",PM30000107,85
C2600IP,"CJ ENM 월정액 3개월 5,500원_5월 1차",A1CP1020261000120659,"[온가족특가] CJ ENM 월정액 3개월 내내 5,500원","20260514",SMART,"20260422","20260531",PM30000154,376
C2600QN,"지상파 월정액 첫달 3,300원_6월 4차",A1CP1020261000120947,"[6월 특가] 지상파 월정액 1개월 13,200원 할인","20260604",SMART,"20260526","20260630",PM30000150,92
C2600TI,JTBC 월정액 3개월 70% 할인_7월 2차,A1SA1020261000121374,[쿨썸머 특가] JTBC 월정액 3개월 내내 70% 할인,"20260723",SMART,"20260629","20260731",PM30000269,322
C2600VD,"CJ ENM 월정액 3개월 5,500원_7월 2차",A1CP1020261000121358,"[쿨썸머 특가] CJ ENM 월정액 3개월 내내 월 5,500원","20260728",SMART,"20260622","20260731",PM30000154,61
C2600N4,(주기성) 6월 쿠폰팩 GCP(5/24~6/21가입)_TB,A1CP1020261000120865,[FREE PASS] B tv+ 1개월 무료_26년6월,"20260614",SMART,"20260519","20260629",PM30000107,55
C2600R1,JTBC 월정액 첫달 무료_6월 3차,A1SA1020261000119567,[깜짝 특가] JTBC 월정액 1개월 100% 할인 쿠폰,"20260514",SMART,"20260119","20261231",PM30000269,17
C2600QP,"지상파 월정액 첫달 3,300원_6월 5차",A1CP1020261000120947,"[6월 특가] 지상파 월정액 1개월 13,200원 할인","20260608",SMART,"20260526","20260630",PM30000150,216
C2600N4,(주기성) 6월 쿠폰팩 GCP(5/24~6/21가입)_TB,A1SA1020261000120868,[FREE PASS] JTBC 1개월 무료_26년6월,"20260620",SMART,"20260519","20260629",PM30000269,54
C2600N4,(주기성) 6월 쿠폰팩 GCP(5/24~6/21가입)_TB,A1CP1020261000120866,[FREE PASS] 지상파 3사 1개월 무료_26년6월,"20260601",SMART,"20260519","20260629",PM30000150,26
C2600QR,"6월 성인 1+1 프로모션_추가 (6/12~14 구매자)",A1SA1020261000121168,"[1+1이벤트] 3,300원 할인 쿠폰","20260623",SMART,"20260609","20260731",PPV 등,4
C2600N4,(주기성) 6월 쿠폰팩 GCP(5/24~6/21가입)_TB,A1CP1020261000120866,[FREE PASS] 지상파 3사 1개월 무료_26년6월,"20260602",SMART,"20260519","20260629",PM30000150,46
C2600KD,[주기성/쿠폰] <프로젝트헤일메리&인생SF전> 할인쿠폰 프로모션,A1PR1020261000120752,[프로젝트헤일메리] 인생SF영화 추가 30% 할인,"20260510",SMART,"20260430","20260524",PPV 등,23
C2600LG,<스피드> 할인쿠폰 프로모션,A1SA1020261000120858,"[스피드 런칭] 영화 5,500원 할인","20260522",SMART,"20260512","20260531",PPV 등,6
C2600MB,<힌드의 목소리> 할인쿠폰 프로모션,A1SA1020261000120864,"[힌드의 목소리 런칭] 영화 5,500원 할인","20260527",SMART,"20260519","20260630",PPV 등,3
C2600R6,<슈퍼 마리오 갤럭시> 할인쿠폰 프로모션,A1SA1020261000120961,"[슈퍼마리오 갤럭시 런칭] 영화 3,300원 할인","20260702",SMART,"20260529","20260623",PPV 등,4
C2600O0,"26년 6월_B tv+ 짝수달 유료전환 테스트_UI 552 이상",DummyOffer,,,SMART,,,PPV 등,1308489
C2600JO,[팝업] 밸류애드팀 Btv 업_단기(26.5.05)_1-1차,,,,SMART,,,PPV 등,268888
C2600KN,JTBC 월정액 첫달 무료_5월 1차,A1SA1020261000119567,[깜짝 특가] JTBC 월정액 1개월 100% 할인 쿠폰,,SMART,"20260119","20261231",PM30000269,290021
C2600LY,"26년 5월_B tv+ 비플리_UI 541 이상_2차(~5/25)_2(1770)",A1CP1020261000120859,[가정의 달] B tv+ 12개월 50% 할인 (~5/25),"20260525",SMART,"20260515","20260525",PM30000107,59098
C2600ND,"지상파 월정액 첫달 3,300원_6월 1차",A1CP1020261000120947,"[6월 특가] 지상파 월정액 1개월 13,200원 할인",,SMART,"20260526","20260630",PM30000150,77976
C2600OA,"26년 6월_B tv+ 비플리_UI 541 이상_1차 쿠폰(~6/7) & 배너(~6/30)_2",A1CP1020261000120872,[위클리 혜택] B tv+ 12개월 50% 할인,"20260605",SMART,"20260520","20260630",PM30000107,4558
C2600KK,"CJ ENM 월정액 3개월 5,500원_5월 2차",A1CP1020261000120659,"[온가족특가] CJ ENM 월정액 3개월 내내 5,500원","20260517",SMART,"20260422","20260531",PM30000154,937
C2600UG,"2607_무빙 연장 동의_TV팝업_15차",,,,SMART,,,PPV 등,3853
C2600VQ,[팝업] 밸류애드팀 STB 교체(26.7.20)_3-2차,,,,SMART,,,PPV 등,338955
C2600P6,[주기성] 26년 6월_B tv+ 비플리_UI 541 이상_2~4차_2,A1CP1020261000120872,[위클리 혜택] B tv+ 12개월 50% 할인,"20260531",SMART,"20260520","20260630",PM30000107,496
C2600TL,"7월 성인 1+1 프로모션 (7/1~7/10)",A1SA1020261000121370,"[1+1이벤트] 3,300원 할인 쿠폰","20260717",SMART,"20260626","20260731",PPV 등,237
C2600TG,JTBC 월정액 3개월 70% 할인_7월 1차,A1SA1020261000121374,[쿨썸머 특가] JTBC 월정액 3개월 내내 70% 할인,"20260718",SMART,"20260629","20260731",PM30000269,364
C2600UF,"26년 7월_B tv+ 비플리_UI 541 이상_쿠폰&배너_4",A1CP1020261000121365,[고객님만 혜택] B tv+ 반값 할인 (최대 12개월),"20260709",SMART,"20260624","20260731",PM30000107,1220
C2600J7,"지상파 월정액 3개월 내내 5,500원_5월 2차",A1CP1020261000120660,"[온가족특가] 지상파 월정액 3개월 내내 월 5,500원","20260526",SMART,"20260422","20260531",PM30000150,329
C2600S3,"6월 성인 1+1 프로모션 (6/21~6/30)",A1SA1020261000121170,"[1+1 앵콜 이벤트] 3,300원 할인 쿠폰","20260713",SMART,"20260609","20260731",PPV 등,1793
C2600VN,<엘리베이션> 할인쿠폰 프로모션,A1SA1020261000121463,"[엘리베이션 런칭] 영화 3,300원 할인","20260717",SMART,"20260708","20260831",PPV 등,177
C2600KM,"지상파 월정액 3개월 내내 5,500원_5월 3차",A1CP1020261000120660,"[온가족특가] 지상파 월정액 3개월 내내 월 5,500원","20260520",SMART,"20260422","20260531",PM30000150,109
C2600TJ,<데드 오브 윈터> 할인쿠폰 프로모션,A1SA1020261000121361,"[데드 오브 윈터 런칭] 영화 3,300원 할인","20260711",SMART,"20260622","20260731",PPV 등,16
C2600TZ,"지상파 월정액 3개월 5,500원_7월 2차",A1CP1020261000121373,"[쿨썸머 특가] 지상파 월정액 3개월 내내 월 5,500원","20260719",SMART,"20260629","20260731",PM30000150,284
C2600QV,"6월 성인 1+1 프로모션_모바일 (6/11~6/20)_수정",A1SA1020261000121169,"[1+1이벤트] 3,300원 할인 쿠폰 (모바일)","20260622",SMART,"20260609","20260731",PPV 등,10
C2600QU,"6월 성인 1+1 프로모션 (6/11~6/20)_수정",A1SA1020261000121168,"[1+1이벤트] 3,300원 할인 쿠폰","20260702",SMART,"20260609","20260731",PPV 등,48
C2600N4,(주기성) 6월 쿠폰팩 GCP(5/24~6/21가입)_TB,A1CP1020261000120866,[FREE PASS] 지상파 3사 1개월 무료_26년6월,"20260613",SMART,"20260519","20260629",PM30000150,31
C2600N4,(주기성) 6월 쿠폰팩 GCP(5/24~6/21가입)_TB,A1CP1020261000120867,[FREE PASS] CJ ENM 1개월 무료_26년6월,"20260622",SMART,"20260519","20260629",PM30000154,51
C2600XG,"26년 7월 B tv+ 할인 연장 캠페인_6개월/9개월 할인재연",A1CP1020261000121664,"[가입 유지 선물] B tv+ 월 5,500원 이용 혜택 6개월 자동 연장_7월","20260724",SMART,"20260721","20260831",PPV 등,2
C2600JA,<오시리스> 할인쿠폰 프로모션,A1SA1020261000120652,"[오시리스 런칭] 영화 3,300원 할인","20260522",SMART,"20260421","20260531",PPV 등,16
C2600NI,<시에라 마드레: 카르텔 전쟁> 할인쿠폰 프로모션,A1SA1020261000120862,"[시에라 마드레: 카르텔 전쟁 런칭] 영화 5,500원 할인","20260616",SMART,"20260518","20260630",PPV 등,22
C2600ND,"지상파 월정액 첫달 3,300원_6월 1차",A1CP1020261000120947,"[6월 특가] 지상파 월정액 1개월 13,200원 할인","20260628",SMART,"20260526","20260630",PM30000150,51230
C2600L8,"26년 5월_B tv+ 비플리_UI 541 이상_1차(~5/17)_2(1770)",A1CP1020261000120853,[가정의 달] B tv+ 12개월 50% 할인 (~5/17),"20260512",SMART,"20260507","20260517",PM30000107,7039
C2600P5,[주기성] 26년 6월_B tv+ 비플리_UI 541 이상_2~4차_1,A1CP1020261000120872,[위클리 혜택] B tv+ 12개월 50% 할인,"20260628",SMART,"20260520","20260630",PM30000107,52714
C2600WK,JTBC 월정액 3개월 70% 할인_7월 3차,A1SA1020261000121374,[쿨썸머 특가] JTBC 월정액 3개월 내내 70% 할인,"20260724",SMART,"20260629","20260731",PM30000269,3054
C2600TF,"지상파 월정액 3개월 5,500원_7월 1차",A1CP1020261000121373,"[쿨썸머 특가] 지상파 월정액 3개월 내내 월 5,500원","20260722",SMART,"20260629","20260731",PM30000150,226
C2600UE,"26년 7월_B tv+ 비플리_UI 541 이상_쿠폰&배너_3",A1CP1020261000121365,[고객님만 혜택] B tv+ 반값 할인 (최대 12개월),"20260727",SMART,"20260624","20260731",PM30000107,164
C2600TI,JTBC 월정액 3개월 70% 할인_7월 2차,A1SA1020261000121374,[쿨썸머 특가] JTBC 월정액 3개월 내내 70% 할인,"20260719",SMART,"20260629","20260731",PM30000269,789
C2600S6,토이스토리 소장용 패키지 프로모션_수정,A1SA1020261000121259,"[토이 스토리 패키지 구매] 영화 5,500원 할인",,SMART,"20260615","20260731",PPV 등,658
C2600P5,[주기성] 26년 6월_B tv+ 비플리_UI 541 이상_2~4차_1,A1CP1020261000120872,[위클리 혜택] B tv+ 12개월 50% 할인,"20260608",SMART,"20260520","20260630",PM30000107,130
C2600QM,[보정용][주기성] 26년 6월_B tv+ 비플리_UI 541 이상_2~4차_1,A1CP1020261000120872,[위클리 혜택] B tv+ 12개월 50% 할인,"20260617",SMART,"20260520","20260630",PM30000107,1109
C2600O7,"2606_캐치온 해지방어_B tv+ Cross-sell",A1CP1020261000120958,[비밀 특가] B tv+ 1개월 100원,,SMART,"20260528","20260712",PM30000107,212
C2600WG,<디스클로저 데이> 할인쿠폰 프로모션,A1SA1020261000121558,"[디스클로저 데이 런칭] 영화 3,300원 할인",,SMART,"20260713","20260831",PPV 등,771
C2600P7,[주기성] 26년 6월_B tv+ 비플리_UI 541 이상_2~4차_3,A1CP1020261000120872,[위클리 혜택] B tv+ 12개월 50% 할인,"20260620",SMART,"20260520","20260630",PM30000107,361
C2600OB,"26년 6월_B tv+ 비플리_UI 541 이상_1차 쿠폰(~6/7) & 배너(~6/30)_3",A1CP1020261000120872,[위클리 혜택] B tv+ 12개월 50% 할인,"20260614",SMART,"20260520","20260630",PM30000107,553
C2600N7,"2605_SPOTV B캐시 이벤트_토팝 추가",,,,SMART,,,PPV 등,190
C2600TJ,<데드 오브 윈터> 할인쿠폰 프로모션,A1SA1020261000121361,"[데드 오브 윈터 런칭] 영화 3,300원 할인","20260723",SMART,"20260622","20260731",PPV 등,11
C2600WF,<군체[예약구매]> 할인쿠폰 프로모션,A1SA1020261000121562,"[군체 예약] 영화 4,400원 할인","20260723",SMART,"20260716","20260831",PPV 등,240
C2600TF,"지상파 월정액 3개월 5,500원_7월 1차",A1CP1020261000121373,"[쿨썸머 특가] 지상파 월정액 3개월 내내 월 5,500원","20260725",SMART,"20260629","20260731",PM30000150,305
C2600VN,<엘리베이션> 할인쿠폰 프로모션,A1SA1020261000121463,"[엘리베이션 런칭] 영화 3,300원 할인","20260716",SMART,"20260708","20260831",PPV 등,62
C2600Q3,"6월 성인 1+1 프로모션 (6/11~6/20)",A1SA1020261000121168,"[1+1이벤트] 3,300원 할인 쿠폰","20260702",SMART,"20260609","20260731",PPV 등,4
C2600KM,"지상파 월정액 3개월 내내 5,500원_5월 3차",A1CP1020261000120660,"[온가족특가] 지상파 월정액 3개월 내내 월 5,500원","20260521",SMART,"20260422","20260531",PM30000150,86
C2600WK,JTBC 월정액 3개월 70% 할인_7월 3차,A1SA1020261000121374,[쿨썸머 특가] JTBC 월정액 3개월 내내 70% 할인,"20260708",SMART,"20260629","20260731",PM30000269,29
C2600N4,(주기성) 6월 쿠폰팩 GCP(5/24~6/21가입)_TB,A1CP1020261000120866,[FREE PASS] 지상파 3사 1개월 무료_26년6월,"20260621",SMART,"20260519","20260629",PM30000150,45
C2600L5,"26년 5월_B tv+ 크런치롤_할인쿠폰",A1PR1020261000120053,[크런치롤] B tv 애니 장르 30% 할인,"20260529",SMART,"20260225","20260531",PPV 등,2
C2600S3,"6월 성인 1+1 프로모션 (6/21~6/30)",A1SA1020261000121170,"[1+1 앵콜 이벤트] 3,300원 할인 쿠폰","20260710",SMART,"20260609","20260731",PPV 등,10
C2600PM,[보정용][D+1] 쿠폰팩 등록 혜택 지급_2601,A1PR1020261000119553,[쿠폰팩 등록 감사] VOD 20% 할인쿠폰,"20260703",SMART,"20260114","99991231",PPV 등,1
C2600MB,<힌드의 목소리> 할인쿠폰 프로모션,A1SA1020261000120864,"[힌드의 목소리 런칭] 영화 5,500원 할인","20260601",SMART,"20260519","20260630",PPV 등,2
C2600PM,[보정용][D+1] 쿠폰팩 등록 혜택 지급_2601,A1PR1020261000119553,[쿠폰팩 등록 감사] VOD 20% 할인쿠폰,"20260607",SMART,"20260114","99991231",PPV 등,1
C2600LE,"CJ ENM 월정액 3개월 5,500원_5월 3차",A1CP1020261000120659,"[온가족특가] CJ ENM 월정액 3개월 내내 5,500원","20260514",SMART,"20260422","20260531",PM30000154,174721
C2600MK,"26년 5월_B tv+ 비플리_UI 541 이상_3차(~5/31)_1",A1CP1020261000120854,[가정의 달] B tv+ 12개월 50% 할인 (~5/31),,SMART,"20260507","20260531",PM30000107,267414
C2600T1,"26년 6월_B tv+ KBO 올스타전_UI 541 이상_3",DummyOffer,,,SMART,,,PPV 등,795614
C2600IY,"JTBC 월정액 6개월 약정 3,300원_5월 1차",A1CP1020261000120658,"[온가족특가] JTBC 6개월 약정 기간 내내 월 3,300원","20260529",SMART,"20260421","20260531",PM30000269,47754
C2600LZ,"26년 5월_B tv+ 비플리_UI 541 이상_2차(~5/25)_3(1770)",A1CP1020261000120859,[가정의 달] B tv+ 12개월 50% 할인 (~5/25),"20260524",SMART,"20260515","20260525",PM30000107,107077
C2600PR,"26년 6월_B tv+ 파격할인_UI 541 이상_1",A1CP1020261000120874,"[파격할인] B tv+ 12개월 월 5,500원 혜택","20260611",SMART,"20260520","20260531",PM30000107,282634
C2600PJ,"2606_플레이보이 디맨드_첫달무료_리마인드_1차",,,,SMART,,,PPV 등,207365
C2600IP,"CJ ENM 월정액 3개월 5,500원_5월 1차",A1CP1020261000120659,"[온가족특가] CJ ENM 월정액 3개월 내내 5,500원","20260504",SMART,"20260422","20260531",PM30000154,1292
C2600OL,"지상파 월정액 첫달 3,300원_6월 2차",A1CP1020261000120947,"[6월 특가] 지상파 월정액 1개월 13,200원 할인","20260624",SMART,"20260526","20260630",PM30000150,27778
C2600U2,[팝업] 밸류애드팀 STB 교체(26.7.6)_1-3차,,,,SMART,,,PPV 등,211647
C2600UD,"26년 7월_B tv+ 비플리_UI 541 이상_쿠폰&배너_2",A1CP1020261000121365,[고객님만 혜택] B tv+ 반값 할인 (최대 12개월),"20260705",SMART,"20260624","20260731",PM30000107,66852
C2600SK,"26년 7월_B tv+ 비플리_UI 541 이하_배너",DummyOffer,,,SMART,,,PPV 등,285785
C2600OA,"26년 6월_B tv+ 비플리_UI 541 이상_1차 쿠폰(~6/7) & 배너(~6/30)_2",A1CP1020261000120872,[위클리 혜택] B tv+ 12개월 50% 할인,"20260607",SMART,"20260520","20260630",PM30000107,3796
C2600TZ,"지상파 월정액 3개월 5,500원_7월 2차",A1CP1020261000121373,"[쿨썸머 특가] 지상파 월정액 3개월 내내 월 5,500원","20260712",SMART,"20260629","20260731",PM30000150,4687
C2600QN,"지상파 월정액 첫달 3,300원_6월 4차",A1CP1020261000120947,"[6월 특가] 지상파 월정액 1개월 13,200원 할인","20260610",SMART,"20260526","20260630",PM30000150,448
C2600IP,"CJ ENM 월정액 3개월 5,500원_5월 1차",A1CP1020261000120659,"[온가족특가] CJ ENM 월정액 3개월 내내 5,500원","20260516",SMART,"20260422","20260531",PM30000154,507
C2600N4,(주기성) 6월 쿠폰팩 GCP(5/24~6/21가입)_TB,A1CP1020261000120867,[FREE PASS] CJ ENM 1개월 무료_26년6월,"20260617",SMART,"20260519","20260629",PM30000154,64
C2600P7,[주기성] 26년 6월_B tv+ 비플리_UI 541 이상_2~4차_3,A1CP1020261000120872,[위클리 혜택] B tv+ 12개월 50% 할인,"20260605",SMART,"20260520","20260630",PM30000107,354
C2600VD,"CJ ENM 월정액 3개월 5,500원_7월 2차",A1CP1020261000121358,"[쿨썸머 특가] CJ ENM 월정액 3개월 내내 월 5,500원","20260723",SMART,"20260622","20260731",PM30000154,129
C2600TM,<신의 악단> 할인쿠폰 프로모션,A1SA1020261000121384,"[신의 악단 런칭] 영화 3,300원 할인","20260717",SMART,"20260630","20260731",PPV 등,223
C2600N4,(주기성) 6월 쿠폰팩 GCP(5/24~6/21가입)_TB,A1CP1020261000120866,[FREE PASS] 지상파 3사 1개월 무료_26년6월,"20260607",SMART,"20260519","20260629",PM30000150,38
C2600TF,"지상파 월정액 3개월 5,500원_7월 1차",A1CP1020261000121373,"[쿨썸머 특가] 지상파 월정액 3개월 내내 월 5,500원","20260726",SMART,"20260629","20260731",PM30000150,300
C2600O7,"2606_캐치온 해지방어_B tv+ Cross-sell",A1CP1020261000120958,[비밀 특가] B tv+ 1개월 100원,"20260701",SMART,"20260528","20260712",PM30000107,11
C2600NN,<코드 네임: 알라룸> 할인쿠폰 프로모션,A1SA1020261000120951,"[코드 네임: 알라룸 런칭] 영화 5,500원 할인","20260619",SMART,"20260526","20260630",PPV 등,21
C2600N4,(주기성) 6월 쿠폰팩 GCP(5/24~6/21가입)_TB,A1SA1020261000120868,[FREE PASS] JTBC 1개월 무료_26년6월,"20260626",SMART,"20260519","20260629",PM30000269,58
C2600TK,<메가 샤크 어택> 할인쿠폰 프로모션,A1SA1020261000121369,"[메가 샤크 어택 런칭] 영화 5,500원 할인","20260721",SMART,"20260626","20260731",PPV 등,20
C2600S6,토이스토리 소장용 패키지 프로모션_수정,A1SA1020261000121259,"[토이 스토리 패키지 구매] 영화 5,500원 할인","20260720",SMART,"20260615","20260731",PPV 등,28
C2600WY,[팝업] 밸류애드팀 Btv 업_장기(26.7.29)_4-2차,,,,SMART,,,PPV 등,367225
C2600OL,"지상파 월정액 첫달 3,300원_6월 2차",A1CP1020261000120947,"[6월 특가] 지상파 월정액 1개월 13,200원 할인","20260623",SMART,"20260526","20260630",PM30000150,69612
C2600QQ,통합 월정액 첫달 무료_6월 4차,A1CP1020261000120948,[이용 감사 혜택] 주요 월정액 1개월 100% 할인 (택1),"20260625",SMART,"20260526","20260630",PM30000176,265788
C2600P4,[팝업] 밸류애드팀 Btv 업_단기(26.6.9)_2-1차,,,,SMART,,,PPV 등,278324
C2600TI,JTBC 월정액 3개월 70% 할인_7월 2차,A1SA1020261000121374,[쿨썸머 특가] JTBC 월정액 3개월 내내 70% 할인,,SMART,"20260629","20260731",PM30000269,223402
C2600QN,"지상파 월정액 첫달 3,300원_6월 4차",A1CP1020261000120947,"[6월 특가] 지상파 월정액 1개월 13,200원 할인","20260617",SMART,"20260526","20260630",PM30000150,5846
C2600M6,JTBC 월정액 첫달 무료_5월 2차,A1SA1020261000119567,[깜짝 특가] JTBC 월정액 1개월 100% 할인 쿠폰,"20260608",SMART,"20260119","20261231",PM30000269,2826
C2600KP,<왕과 사는 남자> 할인쿠폰 프로모션,A1SA1020261000120651,"[왕과 사는 남자 런칭] 영화 4,400원 할인",,SMART,"20260421","20260531",PPV 등,354
C2600PZ,SPOTV 6월 첫달무료_1차_0612,A1SA1020261000121164,[축구 이벤트] SPOTV Prime 1개월 무료,"20260617",SMART,"20260609","20260630",PM35000007,23648
C2600T0,"26년 6월_B tv+ KBO 올스타전_UI 541 이상_2",A1CP1020261000121364,"[올스타전 특가] B tv+ 월 5,500원 혜택 (최대 12개월)","20260626",SMART,"20260624","20260705",PM30000107,3646
C2600TI,JTBC 월정액 3개월 70% 할인_7월 2차,A1SA1020261000121374,[쿨썸머 특가] JTBC 월정액 3개월 내내 70% 할인,"20260724",SMART,"20260629","20260731",PM30000269,342
C2600WK,JTBC 월정액 3개월 70% 할인_7월 3차,A1SA1020261000121374,[쿨썸머 특가] JTBC 월정액 3개월 내내 70% 할인,"20260731",SMART,"20260629","20260731",PM30000269,3597
C2600N4,(주기성) 6월 쿠폰팩 GCP(5/24~6/21가입)_TB,A1CP1020261000120866,[FREE PASS] 지상파 3사 1개월 무료_26년6월,"20260628",SMART,"20260519","20260629",PM30000150,1998
C2600TI,JTBC 월정액 3개월 70% 할인_7월 2차,A1SA1020261000121374,[쿨썸머 특가] JTBC 월정액 3개월 내내 70% 할인,"20260720",SMART,"20260629","20260731",PM30000269,476
C2600S1,SPOTV 6월 첫달무료_2차_0622,A1SA1020261000121165,[MLB 이벤트] SPOTV Prime 1개월 무료,"20260626",SMART,"20260609","20260630",PM35000007,8375
C2600T4,"26년 6월_B tv+ KBO 올스타전_UI 541 이상_4",A1CP1020261000121364,"[올스타전 특가] B tv+ 월 5,500원 혜택 (최대 12개월)","20260626",SMART,"20260624","20260705",PM30000107,2122
C2600SA,SPOTV 6월 첫달무료_1차_0623,A1SA1020261000121164,[축구 이벤트] SPOTV Prime 1개월 무료,"20260615",SMART,"20260609","20260630",PM35000007,4678
C2600RC,"<왕과 사는 남자> 타겟 프로모션_2,000원_0617",A1SA1020261000121266,"[즉시 할인] 왕과 사는 남자 2,200원 할인쿠폰","20260619",SMART,"20260616","20260731",PPV 등,2066
C2600WC,"지상파 월정액 3개월 5,500원_7월 3차",A1CP1020261000121373,"[쿨썸머 특가] 지상파 월정액 3개월 내내 월 5,500원","20260709",SMART,"20260629","20260731",PM30000150,27
C2600QU,"6월 성인 1+1 프로모션 (6/11~6/20)_수정",A1SA1020261000121168,"[1+1이벤트] 3,300원 할인 쿠폰","20260619",SMART,"20260609","20260731",PPV 등,214
C2600MI,JTBC 월정액 첫달 무료_6월 1차,A1SA1020261000119567,[깜짝 특가] JTBC 월정액 1개월 100% 할인 쿠폰,"20260527",SMART,"20260119","20261231",PM30000269,22
C2600UP,<서퍼> 할인쿠폰 프로모션,A1SA1020261000121460,"[서퍼 런칭] 영화 3,300원 할인","20260725",SMART,"20260708","20260831",PPV 등,20
C2600Q5,<스위트 홈: 진격의 거인> 할인쿠폰 프로모션,A1SA1020261000121160,"[스위트 홈: 진격의 거인 런칭] 영화 3,300원 할인","20260626",SMART,"20260605","20260731",PPV 등,24
C2600QS,"6월 성인 1+1 프로모션_모바일_추가 (6/12~6/14 구매자)",A1SA1020261000121169,"[1+1이벤트] 3,300원 할인 쿠폰 (모바일)","20260617",SMART,"20260609","20260731",PPV 등,5
C2600PM,[보정용][D+1] 쿠폰팩 등록 혜택 지급_2601,A1PR1020261000119553,[쿠폰팩 등록 감사] VOD 20% 할인쿠폰,"20260609",SMART,"20260114","99991231",PPV 등,2
C2600R6,<슈퍼 마리오 갤럭시> 할인쿠폰 프로모션,A1SA1020261000120961,"[슈퍼마리오 갤럭시 런칭] 영화 3,300원 할인","20260626",SMART,"20260529","20260623",PPV 등,6
C2600WF,<군체[예약구매]> 할인쿠폰 프로모션,A1SA1020261000121562,"[군체 예약] 영화 4,400원 할인","20260726",SMART,"20260716","20260831",PPV 등,4
C2600R4,<피어스> 할인쿠폰 프로모션,A1SA1020261000121258,"[피어스 런칭] 영화 5,500원 할인","20260625",SMART,"20260615","20260731",PPV 등,1
C2600LG,<스피드> 할인쿠폰 프로모션,A1SA1020261000120858,"[스피드 런칭] 영화 5,500원 할인","20260528",SMART,"20260512","20260531",PPV 등,3
C2600R4,<피어스> 할인쿠폰 프로모션,A1SA1020261000121258,"[피어스 런칭] 영화 5,500원 할인","20260712",SMART,"20260615","20260731",PPV 등,1
C2600MQ,[팝업] 밸류애드팀 Btv 업_단기(26.5.26)_4-1차,,,,SMART,,,PPV 등,281848
C2600MI,JTBC 월정액 첫달 무료_6월 1차,A1SA1020261000119567,[깜짝 특가] JTBC 월정액 1개월 100% 할인 쿠폰,"20260625",SMART,"20260119","20261231",PM30000269,127229
C2600LA,"26년 5월_B tv+ 비플리_UI 541 이상_1차(~5/17)_4(1770)",A1CP1020261000120853,[가정의 달] B tv+ 12개월 50% 할인 (~5/17),"20260512",SMART,"20260507","20260517",PM30000107,12047
C2600RM,[팝업] 밸류애드팀 STB 교체(26.6.22)_4-3차,,,,SMART,,,PPV 등,214589
C2600ND,"지상파 월정액 첫달 3,300원_6월 1차",A1CP1020261000120947,"[6월 특가] 지상파 월정액 1개월 13,200원 할인","20260618",SMART,"20260526","20260630",PM30000150,32435
C2600SA,SPOTV 6월 첫달무료_1차_0623,A1SA1020261000121164,[축구 이벤트] SPOTV Prime 1개월 무료,"20260624",SMART,"20260609","20260630",PM35000007,78298
C2600RD,"<짱구> 타겟 프로모션_2,000원_0617",A1SA1020261000121267,"[즉시 할인] 짱구 2,200원 할인쿠폰","20260622",SMART,"20260616","20260731",PPV 등,35911
C2600UY,[팝업] 밸류애드팀 STB 교체(26.7.13)_2-1차,,,,SMART,,,PPV 등,247238
C2600O0,"26년 6월_B tv+ 짝수달 유료전환 테스트_UI 552 이상",A1CP1020261000120870,[6월 한정] B tv+ 첫달 무료,"20260624",SMART,"20260520","20260630",PM30000107,3940
C2600VY,[팝업] 밸류애드팀 Btv 업_장기(26.7.22)_3-2차,,,,SMART,,,PPV 등,368600
C2600WG,<디스클로저 데이> 할인쿠폰 프로모션,A1SA1020261000121558,"[디스클로저 데이 런칭] 영화 3,300원 할인","20260728",SMART,"20260713","20260831",PPV 등,184
C2600OL,"지상파 월정액 첫달 3,300원_6월 2차",A1CP1020261000120947,"[6월 특가] 지상파 월정액 1개월 13,200원 할인","20260621",SMART,"20260526","20260630",PM30000150,3531
C2600QP,"지상파 월정액 첫달 3,300원_6월 5차",A1CP1020261000120947,"[6월 특가] 지상파 월정액 1개월 13,200원 할인","20260614",SMART,"20260526","20260630",PM30000150,1619
C2600N5,(일회성) 6월 쿠폰팩 GCP(5/1~5/23가입)_TB,A1CP1020261000120865,[FREE PASS] B tv+ 1개월 무료_26년6월,"20260606",SMART,"20260519","20260629",PM30000107,276
C2600N4,(주기성) 6월 쿠폰팩 GCP(5/24~6/21가입)_TB,A1CP1020261000120865,[FREE PASS] B tv+ 1개월 무료_26년6월,"20260629",SMART,"20260519","20260629",PM30000107,976
C2600TI,JTBC 월정액 3개월 70% 할인_7월 2차,A1SA1020261000121374,[쿨썸머 특가] JTBC 월정액 3개월 내내 70% 할인,"20260730",SMART,"20260629","20260731",PM30000269,5404
C2600P5,[주기성] 26년 6월_B tv+ 비플리_UI 541 이상_2~4차_1,A1CP1020261000120872,[위클리 혜택] B tv+ 12개월 50% 할인,"20260610",SMART,"20260520","20260630",PM30000107,96
C2600WC,"지상파 월정액 3개월 5,500원_7월 3차",A1CP1020261000121373,"[쿨썸머 특가] 지상파 월정액 3개월 내내 월 5,500원","20260725",SMART,"20260629","20260731",PM30000150,1440
C2600QU,"6월 성인 1+1 프로모션 (6/11~6/20)_수정",A1SA1020261000121168,"[1+1이벤트] 3,300원 할인 쿠폰","20260618",SMART,"20260609","20260731",PPV 등,166
C2600UU,"7월 성인 1+1 앵콜 프로모션_모바일 (7/11~7/20)",A1SA1020261000121458,"[1+1 앵콜 이벤트] 3,300원 할인 쿠폰","20260715",SMART,"20260708","20260831",PPV 등,327
C2600TG,JTBC 월정액 3개월 70% 할인_7월 1차,A1SA1020261000121374,[쿨썸머 특가] JTBC 월정액 3개월 내내 70% 할인,"20260722",SMART,"20260629","20260731",PM30000269,116
C2600NI,<시에라 마드레: 카르텔 전쟁> 할인쿠폰 프로모션,A1SA1020261000120862,"[시에라 마드레: 카르텔 전쟁 런칭] 영화 5,500원 할인","20260618",SMART,"20260518","20260630",PPV 등,18
C2600NP,<모탈 컴뱃2> 할인쿠폰 프로모션,A1SA1020261000120959,"[모탈컴뱃2 런칭] 영화 5,500원 할인","20260609",SMART,"20260528","20260615",PPV 등,16
C2600IY,"JTBC 월정액 6개월 약정 3,300원_5월 1차",A1CP1020261000120658,"[온가족특가] JTBC 6개월 약정 기간 내내 월 3,300원","20260527",SMART,"20260421","20260531",PM30000269,94
C2600M6,JTBC 월정액 첫달 무료_5월 2차,A1SA1020261000119567,[깜짝 특가] JTBC 월정액 1개월 100% 할인 쿠폰,"20260616",SMART,"20260119","20261231",PM30000269,51
C2600TK,<메가 샤크 어택> 할인쿠폰 프로모션,A1SA1020261000121369,"[메가 샤크 어택 런칭] 영화 5,500원 할인","20260710",SMART,"20260626","20260731",PPV 등,22
C2600TH,<살목지> 할인쿠폰 프로모션,A1SA1020261000121380,"[살목지 런칭] 영화 3,300원 할인","20260702",SMART,"20260629","20260731",PPV 등,22
C2600N4,(주기성) 6월 쿠폰팩 GCP(5/24~6/21가입)_TB,A1CP1020261000120866,[FREE PASS] 지상파 3사 1개월 무료_26년6월,"20260605",SMART,"20260519","20260629",PM30000150,44
C2600O7,"2606_캐치온 해지방어_B tv+ Cross-sell",A1CP1020261000120958,[비밀 특가] B tv+ 1개월 100원,"20260617",SMART,"20260528","20260712",PM30000107,9
C2600QS,"6월 성인 1+1 프로모션_모바일_추가 (6/12~6/14 구매자)",A1SA1020261000121169,"[1+1이벤트] 3,300원 할인 쿠폰 (모바일)","20260615",SMART,"20260609","20260731",PPV 등,15
C2600QS,"6월 성인 1+1 프로모션_모바일_추가 (6/12~6/14 구매자)",A1SA1020261000121169,"[1+1이벤트] 3,300원 할인 쿠폰 (모바일)","20260619",SMART,"20260609","20260731",PPV 등,1
C2600JN,[팝업] 밸류애드팀 STB 교체(26.5.04)_1-3차,,,,SMART,,,PPV 등,283885
C2600L7,"26년 5월_B tv+ 비플리_UI 541 이상_1차(~5/17)_1(1770)",A1CP1020261000120853,[가정의 달] B tv+ 12개월 50% 할인 (~5/17),"20260516",SMART,"20260507","20260517",PM30000107,135009
C2600JZ,"JTBC 월정액 6개월 약정 3,300원_5월 2차",A1CP1020261000120658,"[온가족특가] JTBC 6개월 약정 기간 내내 월 3,300원","20260503",SMART,"20260421","20260531",PM30000269,130203
C2600MK,"26년 5월_B tv+ 비플리_UI 541 이상_3차(~5/31)_1",A1CP1020261000120854,[가정의 달] B tv+ 12개월 50% 할인 (~5/31),"20260529",SMART,"20260507","20260531",PM30000107,167088
C2600P7,[주기성] 26년 6월_B tv+ 비플리_UI 541 이상_2~4차_3,A1CP1020261000120872,[위클리 혜택] B tv+ 12개월 50% 할인,"20260628",SMART,"20260520","20260630",PM30000107,10133
C2600O6,"26년 6월_B tv+ 비플리_UI 541 이상_1차 쿠폰(~6/7) & 배너(~6/30)_1",A1CP1020261000120872,[위클리 혜택] B tv+ 12개월 50% 할인,"20260620",SMART,"20260520","20260630",PM30000107,5941
C2600O6,"26년 6월_B tv+ 비플리_UI 541 이상_1차 쿠폰(~6/7) & 배너(~6/30)_1",A1CP1020261000120872,[위클리 혜택] B tv+ 12개월 50% 할인,"20260603",SMART,"20260520","20260630",PM30000107,2216
C2600TB,[주기성] 26년 7월_B tv+ 7월 비플리 하위_가입자 제외,DummyOffer,,,SMART,,,PPV 등,1242
C2600TF,"지상파 월정액 3개월 5,500원_7월 1차",A1CP1020261000121373,"[쿨썸머 특가] 지상파 월정액 3개월 내내 월 5,500원","20260712",SMART,"20260629","20260731",PM30000150,1416
C2600T8,<살목지(2차)> 할인쿠폰 프로모션,A1SA1020261000121161,"[살목지 런칭] 영화 4,444원 할인","20260715",SMART,"20260605","20260731",PPV 등,41
C2600N4,(주기성) 6월 쿠폰팩 GCP(5/24~6/21가입)_TB,A1SA1020261000120869,[FREE PASS] SPOTV 프라임패키지 1개월 무료_26년6월,"20260617",SMART,"20260519","20260629",PM35000007,76
C2600KK,"CJ ENM 월정액 3개월 5,500원_5월 2차",A1CP1020261000120659,"[온가족특가] CJ ENM 월정액 3개월 내내 5,500원","20260526",SMART,"20260422","20260531",PM30000154,398
C2600N4,(주기성) 6월 쿠폰팩 GCP(5/24~6/21가입)_TB,A1SA1020261000120869,[FREE PASS] SPOTV 프라임패키지 1개월 무료_26년6월,"20260602",SMART,"20260519","20260629",PM35000007,60
C2600O7,"2606_캐치온 해지방어_B tv+ Cross-sell",A1CP1020261000120958,[비밀 특가] B tv+ 1개월 100원,"20260630",SMART,"20260528","20260712",PM30000107,21
C2600S3,"6월 성인 1+1 프로모션 (6/21~6/30)",A1SA1020261000121170,"[1+1 앵콜 이벤트] 3,300원 할인 쿠폰","20260712",SMART,"20260609","20260731",PPV 등,86
C2600PV,"26년 6월_B tv+ 파격할인_UI 541 이하_5",A1CP1020261000120874,"[파격할인] B tv+ 12개월 월 5,500원 혜택","20260610",SMART,"20260520","20260531",PM30000107,18
C2600S4,"6월 성인 1+1 프로모션_모바일 (6/21~6/30)",A1SA1020261000121171,"[1+1 앵콜 이벤트] 3,300원 할인 쿠폰 (모바일)","20260623",SMART,"20260609","20260731",PPV 등,66
C2600SH,<납치 48시간> 할인쿠폰 프로모션,A1SA1020261000121265,"[납치 48시간 런칭] 영화 3,300원 할인","20260629",SMART,"20260616","20260831",PPV 등,12
C2600TK,<메가 샤크 어택> 할인쿠폰 프로모션,A1SA1020261000121369,"[메가 샤크 어택 런칭] 영화 5,500원 할인","20260728",SMART,"20260626","20260731",PPV 등,13
C2600US,<잠금: 셧다운> 할인쿠폰 프로모션,A1SA1020261000121462,"[잠금: 셧다운 런칭] 영화 5,500원 할인","20260726",SMART,"20260708","20260831",PPV 등,6
C2600WC,"지상파 월정액 3개월 5,500원_7월 3차",A1CP1020261000121373,"[쿨썸머 특가] 지상파 월정액 3개월 내내 월 5,500원","20260711",SMART,"20260629","20260731",PM30000150,4
C2600NO,<푸틴: 절대 권력의 최후> 할인쿠폰 프로모션,A1SA1020261000120952,"[푸틴: 절대 권력의 최후 런칭] 영화 3,300원 할인","20260611",SMART,"20260526","20260630",PPV 등,4
C2600IY,"JTBC 월정액 6개월 약정 3,300원_5월 1차",A1CP1020261000120658,"[온가족특가] JTBC 6개월 약정 기간 내내 월 3,300원","20260501",SMART,"20260421","20260531",PM30000269,88473
C2600MK,"26년 5월_B tv+ 비플리_UI 541 이상_3차(~5/31)_1",A1CP1020261000120854,[가정의 달] B tv+ 12개월 50% 할인 (~5/31),"20260526",SMART,"20260507","20260531",PM30000107,60768
C2600OA,"26년 6월_B tv+ 비플리_UI 541 이상_1차 쿠폰(~6/7) & 배너(~6/30)_2",A1CP1020261000120872,[위클리 혜택] B tv+ 12개월 50% 할인,"20260622",SMART,"20260520","20260630",PM30000107,12840
C2600MN,"26년 5월_B tv+ 비플리_UI 541 이상_3차(~5/31)_4",A1CP1020261000120854,[가정의 달] B tv+ 12개월 50% 할인 (~5/31),"20260527",SMART,"20260507","20260531",PM30000107,17880
C2600PY,SPOTV 6월 첫달무료_1차_0611,A1SA1020261000121164,[축구 이벤트] SPOTV Prime 1개월 무료,"20260624",SMART,"20260609","20260630",PM35000007,58992
C2600XD,"26년 7월_B tv+ 7월 4주차 복날 타임딜_UI 541 이상_1_F",A1CP1020261000121662,"[복날 치킨비] B tv+ 월 5,500원 이용 혜택 (최대 12개월)",,SMART,"20260721","20260726",PM30000107,247211
C2600VV,[팝업] B tv All+(조합형)(26.7.21)_3-1차,,,,SMART,,,PPV 등,585649
C2600TE,[보정용] SEG 재발송,,,,SMART,,,PPV 등,9752
C2600OB,"26년 6월_B tv+ 비플리_UI 541 이상_1차 쿠폰(~6/7) & 배너(~6/30)_3",A1CP1020261000120872,[위클리 혜택] B tv+ 12개월 50% 할인,"20260601",SMART,"20260520","20260630",PM30000107,463
C2600WC,"지상파 월정액 3개월 5,500원_7월 3차",A1CP1020261000121373,"[쿨썸머 특가] 지상파 월정액 3개월 내내 월 5,500원","20260722",SMART,"20260629","20260731",PM30000150,151281
C2600P5,[주기성] 26년 6월_B tv+ 비플리_UI 541 이상_2~4차_1,A1CP1020261000120872,[위클리 혜택] B tv+ 12개월 50% 할인,"20260617",SMART,"20260520","20260630",PM30000107,1615
C2600QP,"지상파 월정액 첫달 3,300원_6월 5차",A1CP1020261000120947,"[6월 특가] 지상파 월정액 1개월 13,200원 할인","20260626",SMART,"20260526","20260630",PM30000150,3472
C2600N4,(주기성) 6월 쿠폰팩 GCP(5/24~6/21가입)_TB,A1CP1020261000120866,[FREE PASS] 지상파 3사 1개월 무료_26년6월,"20260626",SMART,"20260519","20260629",PM30000150,89
C2600NI,<시에라 마드레: 카르텔 전쟁> 할인쿠폰 프로모션,A1SA1020261000120862,"[시에라 마드레: 카르텔 전쟁 런칭] 영화 5,500원 할인","20260530",SMART,"20260518","20260630",PPV 등,28
C2600TO,<마이클> 할인쿠폰 프로모션,A1SA1020261000121261,"[마이클 런칭] 영화 3,300원 할인","20260712",SMART,"20260616","20260815",PPV 등,17
C2600TM,<신의 악단> 할인쿠폰 프로모션,A1SA1020261000121384,"[신의 악단 런칭] 영화 3,300원 할인","20260728",SMART,"20260630","20260731",PPV 등,75
C2600W7,"7월 성인 1+1 이열치열 프로모션 (7/21~/20)",A1SA1020261000121561,"[1+1 이열치열 이벤트] 3,300원 할인 쿠폰","20260726",SMART,"20260716","20260831",PPV 등,248
C2600UE,"26년 7월_B tv+ 비플리_UI 541 이상_쿠폰&배너_3",A1CP1020261000121365,[고객님만 혜택] B tv+ 반값 할인 (최대 12개월),"20260722",SMART,"20260624","20260731",PM30000107,29
C2600Q5,<스위트 홈: 진격의 거인> 할인쿠폰 프로모션,A1SA1020261000121160,"[스위트 홈: 진격의 거인 런칭] 영화 3,300원 할인","20260706",SMART,"20260605","20260731",PPV 등,17
C2600WF,<군체[예약구매]> 할인쿠폰 프로모션,A1SA1020261000121562,"[군체 예약] 영화 4,400원 할인","20260730",SMART,"20260716","20260831",PPV 등,3
C2600UU,"7월 성인 1+1 앵콜 프로모션_모바일 (7/11~7/20)",A1SA1020261000121458,"[1+1 앵콜 이벤트] 3,300원 할인 쿠폰","20260730",SMART,"20260708","20260831",PPV 등,25
C2600WK,JTBC 월정액 3개월 70% 할인_7월 3차,A1SA1020261000121374,[쿨썸머 특가] JTBC 월정액 3개월 내내 70% 할인,"20260715",SMART,"20260629","20260731",PM30000269,1
C2600P0,<쉘터> 타겟 프로모션_30%_0604,A1SA1020261000120953,[즉시 할인] 쉘터 30% 할인쿠폰,,SMART,"20260526","20260630",PPV 등,292008
C2600Q7,[팝업] 밸류애드팀 STB 교체(26.6.15))_3-3차,,,,SMART,,,PPV 등,216840
C2600ND,"지상파 월정액 첫달 3,300원_6월 1차",A1CP1020261000120947,"[6월 특가] 지상파 월정액 1개월 13,200원 할인","20260617",SMART,"20260526","20260630",PM30000150,92951
C2600RD,"<짱구> 타겟 프로모션_2,000원_0617",A1SA1020261000121267,"[즉시 할인] 짱구 2,200원 할인쿠폰",,SMART,"20260616","20260731",PPV 등,200180
C2600LA,"26년 5월_B tv+ 비플리_UI 541 이상_1차(~5/17)_4(1770)",A1CP1020261000120853,[가정의 달] B tv+ 12개월 50% 할인 (~5/17),"20260514",SMART,"20260507","20260517",PM30000107,2632
C2600ND,"지상파 월정액 첫달 3,300원_6월 1차",A1CP1020261000120947,"[6월 특가] 지상파 월정액 1개월 13,200원 할인","20260613",SMART,"20260526","20260630",PM30000150,12929
C2600O0,"26년 6월_B tv+ 짝수달 유료전환 테스트_UI 552 이상",A1CP1020261000120870,[6월 한정] B tv+ 첫달 무료,"20260625",SMART,"20260520","20260630",PM30000107,5916
C2600XB,"26년 7월_B tv+ 7월 4주차 복날 타임딜_UI 541 이상_4_F",DummyOffer,,,SMART,,,PPV 등,301402
C2600TT,<현상수배> 타겟 프로모션_30%_0702,A1SA1020261000121372,[즉시 할인] 현상수배 30% 할인쿠폰,"20260707",SMART,"20260626","20260731",PPV 등,111332
C2600VA,[보정용] 26년 7월_B tv+ KBS 이승철 콘서트_UI 541 이상_2,DummyOffer,,,SMART,,,PPV 등,535526
C2600WC,"지상파 월정액 3개월 5,500원_7월 3차",A1CP1020261000121373,"[쿨썸머 특가] 지상파 월정액 3개월 내내 월 5,500원",,SMART,"20260629","20260731",PM30000150,189470
C2600MI,JTBC 월정액 첫달 무료_6월 1차,A1SA1020261000119567,[깜짝 특가] JTBC 월정액 1개월 100% 할인 쿠폰,"20260525",SMART,"20260119","20261231",PM30000269,29
C2600LE,"CJ ENM 월정액 3개월 5,500원_5월 3차",A1CP1020261000120659,"[온가족특가] CJ ENM 월정액 3개월 내내 5,500원","20260526",SMART,"20260422","20260531",PM30000154,986
C2600XE,"26년 7월_B tv+ 7월 4주차 복날 타임딜_UI 541 이상_2_F",A1CP1020261000121662,"[복날 치킨비] B tv+ 월 5,500원 이용 혜택 (최대 12개월)","20260725",SMART,"20260721","20260726",PM30000107,91328
C2600SG,"CJ ENM 월정액 3개월 5,500원_7월 1차",A1CP1020261000121358,"[쿨썸머 특가] CJ ENM 월정액 3개월 내내 월 5,500원","20260706",SMART,"20260622","20260731",PM30000154,1737
C2600LX,"26년 5월_B tv+ 비플리_UI 541 이상_2차(~5/25)_1(1770)",A1CP1020261000120859,[가정의 달] B tv+ 12개월 50% 할인 (~5/25),"20260522",SMART,"20260515","20260525",PM30000107,3685
C2600WH,<군체> 할인쿠폰 프로모션,A1SA1020261000121563,[군체 런칭] 영화 20% 할인,,SMART,"20260716","20260831",PPV 등,6165
C2600TL,"7월 성인 1+1 프로모션 (7/1~7/10)",A1SA1020261000121370,"[1+1이벤트] 3,300원 할인 쿠폰","20260708",SMART,"20260626","20260731",PPV 등,315
C2600NL,<쉘터> 할인쿠폰 프로모션,A1SA1020261000120861,"[쉘터 런칭] 영화 3,300원 할인",,SMART,"20260518","20260630",PPV 등,692
C2600OA,"26년 6월_B tv+ 비플리_UI 541 이상_1차 쿠폰(~6/7) & 배너(~6/30)_2",A1CP1020261000120872,[위클리 혜택] B tv+ 12개월 50% 할인,"20260531",SMART,"20260520","20260630",PM30000107,772
C2600TG,JTBC 월정액 3개월 70% 할인_7월 1차,A1SA1020261000121374,[쿨썸머 특가] JTBC 월정액 3개월 내내 70% 할인,"20260711",SMART,"20260629","20260731",PM30000269,1604
C2600Q5,<스위트 홈: 진격의 거인> 할인쿠폰 프로모션,A1SA1020261000121160,"[스위트 홈: 진격의 거인 런칭] 영화 3,300원 할인","20260629",SMART,"20260605","20260731",PPV 등,29
C2600WI,<뮌터 & 칸딘스키 - 사랑의 초상> 할인쿠폰 프로모션,A1SA1020261000121560,"[뮌터 & 칸딘스키 - 사랑의 초상 런칭] 영화 5,500원 할인","20260728",SMART,"20260716","20260831",PPV 등,6
C2600SH,<납치 48시간> 할인쿠폰 프로모션,A1SA1020261000121265,"[납치 48시간 런칭] 영화 3,300원 할인","20260712",SMART,"20260616","20260831",PPV 등,27
C2600UT,"7월 성인 1+1 앵콜 프로모션_모바일 (7/11~7/20)",A1SA1020261000121459,"[1+1 앵콜 이벤트] 3,300원 할인 쿠폰 (모바일)","20260721",SMART,"20260708","20260831",PPV 등,61
C2600SJ,[주기성]프라다입고문워크 신작혜택파티 프로모션,A1PR1020261000121272,[신작혜택파티] 영화 30% 할인(악마는프라다2 외 대상작),"20260701",SMART,"20260618","20260706",PPV 등,132
C2600TA,[주기성] 26년 7월_B tv+ 비플리_UI 541 이하_쿠폰,A1CP1020261000121366,[고객님만 혜택] B tv+ 반값 할인 (최대 12개월),"20260725",SMART,"20260624","20260731",PM30000107,27
C2600S6,토이스토리 소장용 패키지 프로모션_수정,A1SA1020261000121259,"[토이 스토리 패키지 구매] 영화 5,500원 할인","20260715",SMART,"20260615","20260731",PPV 등,47
C2600T7,<노멀> 할인쿠폰 프로모션,A1SA1020261000121162,"[노멀 런칭] 영화 3,300원 할인","20260709",SMART,"20260605","20260731",PPV 등,2
C2600Q4,"6월 성인 1+1 프로모션_모바일 (6/11~6/20)",A1SA1020261000121169,"[1+1이벤트] 3,300원 할인 쿠폰 (모바일)","20260612",SMART,"20260609","20260731",PPV 등,1
C2600NO,<푸틴: 절대 권력의 최후> 할인쿠폰 프로모션,A1SA1020261000120952,"[푸틴: 절대 권력의 최후 런칭] 영화 3,300원 할인","20260628",SMART,"20260526","20260630",PPV 등,1
C2600KK,"CJ ENM 월정액 3개월 5,500원_5월 2차",A1CP1020261000120659,"[온가족특가] CJ ENM 월정액 3개월 내내 5,500원","20260507",SMART,"20260422","20260531",PM30000154,116948
C2600L8,"26년 5월_B tv+ 비플리_UI 541 이상_1차(~5/17)_2(1770)",A1CP1020261000120853,[가정의 달] B tv+ 12개월 50% 할인 (~5/17),,SMART,"20260507","20260517",PM30000107,243241
C2600X0,[팝업] 밸류애드팀 Btv 업_장기(26.7.29)_4-4차,,,,SMART,,,PPV 등,329668
C2600Q6,[팝업] 밸류애드팀 STB 교체(26.6.15))_3-2차,,,,SMART,,,PPV 등,356507
C2600OA,"26년 6월_B tv+ 비플리_UI 541 이상_1차 쿠폰(~6/7) & 배너(~6/30)_2",A1CP1020261000120872,[위클리 혜택] B tv+ 12개월 50% 할인,"20260627",SMART,"20260520","20260630",PM30000107,100327
C2600N5,(일회성) 6월 쿠폰팩 GCP(5/1~5/23가입)_TB,A1CP1020261000120865,[FREE PASS] B tv+ 1개월 무료_26년6월,"20260607",SMART,"20260519","20260629",PM30000107,201
C2600ML,"26년 5월_B tv+ 비플리_UI 541 이상_3차(~5/31)_2",A1CP1020261000120854,[가정의 달] B tv+ 12개월 50% 할인 (~5/31),"20260528",SMART,"20260507","20260531",PM30000107,16557
C2600QP,"지상파 월정액 첫달 3,300원_6월 5차",A1CP1020261000120947,"[6월 특가] 지상파 월정액 1개월 13,200원 할인","20260622",SMART,"20260526","20260630",PM30000150,2979
C2600PZ,SPOTV 6월 첫달무료_1차_0612,A1SA1020261000121164,[축구 이벤트] SPOTV Prime 1개월 무료,"20260616",SMART,"20260609","20260630",PM35000007,3220
C2600SG,"CJ ENM 월정액 3개월 5,500원_7월 1차",A1CP1020261000121358,"[쿨썸머 특가] CJ ENM 월정액 3개월 내내 월 5,500원","20260727",SMART,"20260622","20260731",PM30000154,413
C2600W1,"26년 7월_B tv+ KBS 이승철 콘서트_타임딜_UI 541 이상_2",A1CP1020261000121559,"[이승철 특가] B tv+ 월 5,500원 이용 혜택 (최대 12개월)","20260718",SMART,"20260714","20260722",PM30000107,11664
C2600T9,"26년 6월 B tv+ 할인 연장 캠페인_8월할인 7,700원",A1CP1020261000121368,"[가입 유지 선물] B tv+ 월 7,700원 이용 혜택 6개월 자동 연장_6월",,SMART,"20260625","20260731",PPV 등,896
C2600R1,JTBC 월정액 첫달 무료_6월 3차,A1SA1020261000119567,[깜짝 특가] JTBC 월정액 1개월 100% 할인 쿠폰,"20260607",SMART,"20260119","20261231",PM30000269,715
C2600UD,"26년 7월_B tv+ 비플리_UI 541 이상_쿠폰&배너_2",A1CP1020261000121365,[고객님만 혜택] B tv+ 반값 할인 (최대 12개월),"20260713",SMART,"20260624","20260731",PM30000107,1818
C2600TL,"7월 성인 1+1 프로모션 (7/1~7/10)",A1SA1020261000121370,"[1+1이벤트] 3,300원 할인 쿠폰","20260714",SMART,"20260626","20260731",PPV 등,357
C2600Q5,<스위트 홈: 진격의 거인> 할인쿠폰 프로모션,A1SA1020261000121160,"[스위트 홈: 진격의 거인 런칭] 영화 3,300원 할인","20260615",SMART,"20260605","20260731",PPV 등,29
C2600TN,"7월 성인 1+1 프로모션_모바일 (7/1~7/10)",A1SA1020261000121371,"[1+1이벤트] 3,300원 할인 쿠폰 (모바일)","20260714",SMART,"20260626","20260731",PPV 등,51
C2600M6,JTBC 월정액 첫달 무료_5월 2차,A1SA1020261000119567,[깜짝 특가] JTBC 월정액 1개월 100% 할인 쿠폰,"20260615",SMART,"20260119","20261231",PM30000269,99
C2600TJ,<데드 오브 윈터> 할인쿠폰 프로모션,A1SA1020261000121361,"[데드 오브 윈터 런칭] 영화 3,300원 할인","20260708",SMART,"20260622","20260731",PPV 등,13
C2600QU,"6월 성인 1+1 프로모션 (6/11~6/20)_수정",A1SA1020261000121168,"[1+1이벤트] 3,300원 할인 쿠폰","20260622",SMART,"20260609","20260731",PPV 등,85
C2600VN,<엘리베이션> 할인쿠폰 프로모션,A1SA1020261000121463,"[엘리베이션 런칭] 영화 3,300원 할인","20260725",SMART,"20260708","20260831",PPV 등,64
C2600WK,JTBC 월정액 3개월 70% 할인_7월 3차,A1SA1020261000121374,[쿨썸머 특가] JTBC 월정액 3개월 내내 70% 할인,"20260707",SMART,"20260629","20260731",PM30000269,1
C2600VM,<헬파이어: 시수의 길> 할인쿠폰 프로모션,A1SA1020261000121461,"[헬파이어: 시수의 길 런칭] 영화 5,500원 할인","20260725",SMART,"20260708","20260831",PPV 등,6
C2600JA,<오시리스> 할인쿠폰 프로모션,A1SA1020261000120652,"[오시리스 런칭] 영화 3,300원 할인","20260520",SMART,"20260421","20260531",PPV 등,14
C2600SC,<금발이 되고 싶어> 할인쿠폰 프로모션,A1SA1020261000121360,"[금발이 되고 싶어 런칭] 영화 5,500원 할인","20260703",SMART,"20260622","20260731",PPV 등,2
C2600NO,<푸틴: 절대 권력의 최후> 할인쿠폰 프로모션,A1SA1020261000120952,"[푸틴: 절대 권력의 최후 런칭] 영화 3,300원 할인","20260612",SMART,"20260526","20260630",PPV 등,3
C2600SH,<납치 48시간> 할인쿠폰 프로모션,A1SA1020261000121265,"[납치 48시간 런칭] 영화 3,300원 할인","20260706",SMART,"20260616","20260831",PPV 등,4
C2600QU,"6월 성인 1+1 프로모션 (6/11~6/20)_수정",A1SA1020261000121168,"[1+1이벤트] 3,300원 할인 쿠폰","20260627",SMART,"20260609","20260731",PPV 등,2
C2600ND,"지상파 월정액 첫달 3,300원_6월 1차",A1CP1020261000120947,"[6월 특가] 지상파 월정액 1개월 13,200원 할인","20260612",SMART,"20260526","20260630",PM30000150,13156
C2600O6,"26년 6월_B tv+ 비플리_UI 541 이상_1차 쿠폰(~6/7) & 배너(~6/30)_1",A1CP1020261000120872,[위클리 혜택] B tv+ 12개월 50% 할인,"20260622",SMART,"20260520","20260630",PM30000107,12155
C2600PV,"26년 6월_B tv+ 파격할인_UI 541 이하_5",A1CP1020261000120874,"[파격할인] B tv+ 12개월 월 5,500원 혜택",,SMART,"20260520","20260531",PM30000107,272468
C2600IP,"CJ ENM 월정액 3개월 5,500원_5월 1차",A1CP1020261000120659,"[온가족특가] CJ ENM 월정액 3개월 내내 5,500원","20260523",SMART,"20260422","20260531",PM30000154,388
C2600JZ,"JTBC 월정액 6개월 약정 3,300원_5월 2차",A1CP1020261000120658,"[온가족특가] JTBC 6개월 약정 기간 내내 월 3,300원","20260531",SMART,"20260421","20260531",PM30000269,6226
C2600N4,(주기성) 6월 쿠폰팩 GCP(5/24~6/21가입)_TB,A1CP1020261000120867,[FREE PASS] CJ ENM 1개월 무료_26년6월,"20260627",SMART,"20260519","20260629",PM30000154,5097
C2600KM,"지상파 월정액 3개월 내내 5,500원_5월 3차",A1CP1020261000120660,"[온가족특가] 지상파 월정액 3개월 내내 월 5,500원","20260517",SMART,"20260422","20260531",PM30000150,125
C2600TF,"지상파 월정액 3개월 5,500원_7월 1차",A1CP1020261000121373,"[쿨썸머 특가] 지상파 월정액 3개월 내내 월 5,500원",,SMART,"20260629","20260731",PM30000150,232698
C2600QN,"지상파 월정액 첫달 3,300원_6월 4차",A1CP1020261000120947,"[6월 특가] 지상파 월정액 1개월 13,200원 할인",,SMART,"20260526","20260630",PM30000150,77838
C2600QP,"지상파 월정액 첫달 3,300원_6월 5차",A1CP1020261000120947,"[6월 특가] 지상파 월정액 1개월 13,200원 할인","20260629",SMART,"20260526","20260630",PM30000150,36876
C2600S0,SPOTV 6월 첫달무료_2차_0620,A1SA1020261000121165,[MLB 이벤트] SPOTV Prime 1개월 무료,"20260624",SMART,"20260609","20260630",PM35000007,9536
C2600W2,"26년 7월_B tv+ KBS 이승철 콘서트_타임딜_UI 541 이상_3",A1CP1020261000121559,"[이승철 특가] B tv+ 월 5,500원 이용 혜택 (최대 12개월)","20260720",SMART,"20260714","20260722",PM30000107,327418
C2600UF,"26년 7월_B tv+ 비플리_UI 541 이상_쿠폰&배너_4",A1CP1020261000121365,[고객님만 혜택] B tv+ 반값 할인 (최대 12개월),"20260731",SMART,"20260624","20260731",PM30000107,9378
C2600OB,"26년 6월_B tv+ 비플리_UI 541 이상_1차 쿠폰(~6/7) & 배너(~6/30)_3",A1CP1020261000120872,[위클리 혜택] B tv+ 12개월 50% 할인,"20260621",SMART,"20260520","20260630",PM30000107,3708
C2600R1,JTBC 월정액 첫달 무료_6월 3차,A1SA1020261000119567,[깜짝 특가] JTBC 월정액 1개월 100% 할인 쿠폰,"20260623",SMART,"20260119","20261231",PM30000269,1733
C2600TL,"7월 성인 1+1 프로모션 (7/1~7/10)",A1SA1020261000121370,"[1+1이벤트] 3,300원 할인 쿠폰","20260707",SMART,"20260626","20260731",PPV 등,346
C2600M0,"26년 5월_B tv+ 비플리_UI 541 이상_2차(~5/25)_4(1770)",A1CP1020261000120859,[가정의 달] B tv+ 12개월 50% 할인 (~5/25),"20260520",SMART,"20260515","20260525",PM30000107,1318
C2600QU,"6월 성인 1+1 프로모션 (6/11~6/20)_수정",A1SA1020261000121168,"[1+1이벤트] 3,300원 할인 쿠폰","20260629",SMART,"20260609","20260731",PPV 등,8
C2600O6,"26년 6월_B tv+ 비플리_UI 541 이상_1차 쿠폰(~6/7) & 배너(~6/30)_1",A1CP1020261000120872,[위클리 혜택] B tv+ 12개월 50% 할인,"20260612",SMART,"20260520","20260630",PM30000107,443
C2600UP,<서퍼> 할인쿠폰 프로모션,A1SA1020261000121460,"[서퍼 런칭] 영화 3,300원 할인","20260711",SMART,"20260708","20260831",PPV 등,16
C2600KP,<왕과 사는 남자> 할인쿠폰 프로모션,A1SA1020261000120651,"[왕과 사는 남자 런칭] 영화 4,400원 할인","20260514",SMART,"20260421","20260531",PPV 등,54
C2600WF,<군체[예약구매]> 할인쿠폰 프로모션,A1SA1020261000121562,"[군체 예약] 영화 4,400원 할인","20260722",SMART,"20260716","20260831",PPV 등,173
C2600UT,"7월 성인 1+1 앵콜 프로모션_모바일 (7/11~7/20)",A1SA1020261000121459,"[1+1 앵콜 이벤트] 3,300원 할인 쿠폰 (모바일)","20260722",SMART,"20260708","20260831",PPV 등,39
C2600NP,<모탈 컴뱃2> 할인쿠폰 프로모션,A1SA1020261000120959,"[모탈컴뱃2 런칭] 영화 5,500원 할인","20260613",SMART,"20260528","20260615",PPV 등,6
C2600TO,<마이클> 할인쿠폰 프로모션,A1SA1020261000121261,"[마이클 런칭] 영화 3,300원 할인","20260710",SMART,"20260616","20260815",PPV 등,47
C2600O8,[주기성] 26년 6월_B tv+ 비플리_UI 541 이하_쿠폰,A1CP1020261000120872,[위클리 혜택] B tv+ 12개월 50% 할인,"20260531",SMART,"20260520","20260630",PM30000107,2
C2600KM,"지상파 월정액 3개월 내내 5,500원_5월 3차",A1CP1020261000120660,"[온가족특가] 지상파 월정액 3개월 내내 월 5,500원","20260502",SMART,"20260422","20260531",PM30000150,12
C2600SC,<금발이 되고 싶어> 할인쿠폰 프로모션,A1SA1020261000121360,"[금발이 되고 싶어 런칭] 영화 5,500원 할인","20260702",SMART,"20260622","20260731",PPV 등,4
C2600SC,<금발이 되고 싶어> 할인쿠폰 프로모션,A1SA1020261000121360,"[금발이 되고 싶어 런칭] 영화 5,500원 할인","20260718",SMART,"20260622","20260731",PPV 등,8
C2600NI,<시에라 마드레: 카르텔 전쟁> 할인쿠폰 프로모션,A1SA1020261000120862,"[시에라 마드레: 카르텔 전쟁 런칭] 영화 5,500원 할인","20260612",SMART,"20260518","20260630",PPV 등,16
C2600NP,<모탈 컴뱃2> 할인쿠폰 프로모션,A1SA1020261000120959,"[모탈컴뱃2 런칭] 영화 5,500원 할인","20260629",SMART,"20260528","20260615",PPV 등,7
C2600VM,<헬파이어: 시수의 길> 할인쿠폰 프로모션,A1SA1020261000121461,"[헬파이어: 시수의 길 런칭] 영화 5,500원 할인","20260731",SMART,"20260708","20260831",PPV 등,14
C2600MB,<힌드의 목소리> 할인쿠폰 프로모션,A1SA1020261000120864,"[힌드의 목소리 런칭] 영화 5,500원 할인","20260606",SMART,"20260519","20260630",PPV 등,2
C2600TH,<살목지> 할인쿠폰 프로모션,A1SA1020261000121380,"[살목지 런칭] 영화 3,300원 할인","20260706",SMART,"20260629","20260731",PPV 등,2
C2600L6,<프로젝트 헤일메리> 런칭 안내 팝업 (5/7),,,,SMART,,,PPV 등,6334468
C2600P0,<쉘터> 타겟 프로모션_30%_0604,A1SA1020261000120953,[즉시 할인] 쉘터 30% 할인쿠폰,"20260606",SMART,"20260526","20260630",PPV 등,17768
C2600TF,"지상파 월정액 3개월 5,500원_7월 1차",A1CP1020261000121373,"[쿨썸머 특가] 지상파 월정액 3개월 내내 월 5,500원","20260729",SMART,"20260629","20260731",PM30000150,119285
C2600UE,"26년 7월_B tv+ 비플리_UI 541 이상_쿠폰&배너_3",A1CP1020261000121365,[고객님만 혜택] B tv+ 반값 할인 (최대 12개월),"20260706",SMART,"20260624","20260731",PM30000107,78235
C2600OB,"26년 6월_B tv+ 비플리_UI 541 이상_1차 쿠폰(~6/7) & 배너(~6/30)_3",A1CP1020261000120872,[위클리 혜택] B tv+ 12개월 50% 할인,"20260622",SMART,"20260520","20260630",PM30000107,3865
C2600P8,[주기성] 26년 6월_B tv+ 비플리_UI 541 이상_2~4차_4,A1CP1020261000120872,[위클리 혜택] B tv+ 12개월 50% 할인,"20260625",SMART,"20260520","20260630",PM30000107,3410
C2600TO,<마이클> 할인쿠폰 프로모션,A1SA1020261000121261,"[마이클 런칭] 영화 3,300원 할인","20260720",SMART,"20260616","20260815",PPV 등,1417
C2600UD,"26년 7월_B tv+ 비플리_UI 541 이상_쿠폰&배너_2",A1CP1020261000121365,[고객님만 혜택] B tv+ 반값 할인 (최대 12개월),"20260710",SMART,"20260624","20260731",PM30000107,4177
C2600P8,[주기성] 26년 6월_B tv+ 비플리_UI 541 이상_2~4차_4,A1CP1020261000120872,[위클리 혜택] B tv+ 12개월 50% 할인,"20260603",SMART,"20260520","20260630",PM30000107,651
C2600UE,"26년 7월_B tv+ 비플리_UI 541 이상_쿠폰&배너_3",A1CP1020261000121365,[고객님만 혜택] B tv+ 반값 할인 (최대 12개월),"20260728",SMART,"20260624","20260731",PM30000107,169
C2600UD,"26년 7월_B tv+ 비플리_UI 541 이상_쿠폰&배너_2",A1CP1020261000121365,[고객님만 혜택] B tv+ 반값 할인 (최대 12개월),"20260719",SMART,"20260624","20260731",PM30000107,275
C2600JZ,"JTBC 월정액 6개월 약정 3,300원_5월 2차",A1CP1020261000120658,"[온가족특가] JTBC 6개월 약정 기간 내내 월 3,300원","20260517",SMART,"20260421","20260531",PM30000269,308
C2600NP,<모탈 컴뱃2> 할인쿠폰 프로모션,A1SA1020261000120959,"[모탈컴뱃2 런칭] 영화 5,500원 할인","20260605",SMART,"20260528","20260615",PPV 등,43
C2600KN,JTBC 월정액 첫달 무료_5월 1차,A1SA1020261000119567,[깜짝 특가] JTBC 월정액 1개월 100% 할인 쿠폰,"20260614",SMART,"20260119","20261231",PM30000269,316
C2600UD,"26년 7월_B tv+ 비플리_UI 541 이상_쿠폰&배너_2",A1CP1020261000121365,[고객님만 혜택] B tv+ 반값 할인 (최대 12개월),"20260726",SMART,"20260624","20260731",PM30000107,117
C2600S3,"6월 성인 1+1 프로모션 (6/21~6/30)",A1SA1020261000121170,"[1+1 앵콜 이벤트] 3,300원 할인 쿠폰","20260701",SMART,"20260609","20260731",PPV 등,184
C2600N4,(주기성) 6월 쿠폰팩 GCP(5/24~6/21가입)_TB,A1SA1020261000120869,[FREE PASS] SPOTV 프라임패키지 1개월 무료_26년6월,"20260603",SMART,"20260519","20260629",PM35000007,87
C2600TA,[주기성] 26년 7월_B tv+ 비플리_UI 541 이하_쿠폰,A1CP1020261000121366,[고객님만 혜택] B tv+ 반값 할인 (최대 12개월),"20260731",SMART,"20260624","20260731",PM30000107,68
C2600Q3,"6월 성인 1+1 프로모션 (6/11~6/20)",A1SA1020261000121168,"[1+1이벤트] 3,300원 할인 쿠폰","20260627",SMART,"20260609","20260731",PPV 등,1
C2600R1,JTBC 월정액 첫달 무료_6월 3차,A1SA1020261000119567,[깜짝 특가] JTBC 월정액 1개월 100% 할인 쿠폰,"20260527",SMART,"20260119","20261231",PM30000269,21
C2600NP,<모탈 컴뱃2> 할인쿠폰 프로모션,A1SA1020261000120959,"[모탈컴뱃2 런칭] 영화 5,500원 할인","20260624",SMART,"20260528","20260615",PPV 등,14
C2600SH,<납치 48시간> 할인쿠폰 프로모션,A1SA1020261000121265,"[납치 48시간 런칭] 영화 3,300원 할인","20260720",SMART,"20260616","20260831",PPV 등,3
C2600UP,<서퍼> 할인쿠폰 프로모션,A1SA1020261000121460,"[서퍼 런칭] 영화 3,300원 할인","20260712",SMART,"20260708","20260831",PPV 등,16
C2600R5,<내 이름은> 할인쿠폰 프로모션,A1SA1020261000121159,"[내 이름은 런칭] 영화 5,500원 할인","20260628",SMART,"20260605","20260731",PPV 등,1
C2600O7,"2606_캐치온 해지방어_B tv+ Cross-sell",A1CP1020261000120958,[비밀 특가] B tv+ 1개월 100원,"20260621",SMART,"20260528","20260712",PM30000107,6
C2600LA,"26년 5월_B tv+ 비플리_UI 541 이상_1차(~5/17)_4(1770)",A1CP1020261000120853,[가정의 달] B tv+ 12개월 50% 할인 (~5/17),"20260515",SMART,"20260507","20260517",PM30000107,496773
C2600OC,"26년 6월_B tv+ 비플리_UI 541 이상_1차 쿠폰(~6/7) & 배너(~6/30)_4",A1CP1020261000120872,[위클리 혜택] B tv+ 12개월 50% 할인,"20260623",SMART,"20260520","20260630",PM30000107,18239
C2600KI,"JTBC 월정액 6개월 약정 3,300원_5월 3차",A1CP1020261000120658,"[온가족특가] JTBC 6개월 약정 기간 내내 월 3,300원","20260512",SMART,"20260421","20260531",PM30000269,1630
C2600S0,SPOTV 6월 첫달무료_2차_0620,A1SA1020261000121165,[MLB 이벤트] SPOTV Prime 1개월 무료,"20260627",SMART,"20260609","20260630",PM35000007,331559
C2600PU,"26년 6월_B tv+ 파격할인_UI 541 이상_4",A1CP1020261000120874,"[72시간 한정] B tv+ 12개월 월 5,500원 혜택",,SMART,"20260526","20260614",PM30000107,133144
C2600RC,"<왕과 사는 남자> 타겟 프로모션_2,000원_0617",A1SA1020261000121266,"[즉시 할인] 왕과 사는 남자 2,200원 할인쿠폰","20260621",SMART,"20260616","20260731",PPV 등,58914
C2600QN,"지상파 월정액 첫달 3,300원_6월 4차",A1CP1020261000120947,"[6월 특가] 지상파 월정액 1개월 13,200원 할인","20260531",SMART,"20260526","20260630",PM30000150,244
C2600S0,SPOTV 6월 첫달무료_2차_0620,A1SA1020261000121165,[MLB 이벤트] SPOTV Prime 1개월 무료,"20260622",SMART,"20260609","20260630",PM35000007,33255
C2600IP,"CJ ENM 월정액 3개월 5,500원_5월 1차",A1CP1020261000120659,"[온가족특가] CJ ENM 월정액 3개월 내내 5,500원","20260508",SMART,"20260422","20260531",PM30000154,737
C2600PY,SPOTV 6월 첫달무료_1차_0611,A1SA1020261000121164,[축구 이벤트] SPOTV Prime 1개월 무료,"20260619",SMART,"20260609","20260630",PM35000007,20997
C2600UD,"26년 7월_B tv+ 비플리_UI 541 이상_쿠폰&배너_2",A1CP1020261000121365,[고객님만 혜택] B tv+ 반값 할인 (최대 12개월),"20260706",SMART,"20260624","20260731",PM30000107,44189
C2600UE,"26년 7월_B tv+ 비플리_UI 541 이상_쿠폰&배너_3",A1CP1020261000121365,[고객님만 혜택] B tv+ 반값 할인 (최대 12개월),"20260707",SMART,"20260624","20260731",PM30000107,15908
C2600WC,"지상파 월정액 3개월 5,500원_7월 3차",A1CP1020261000121373,"[쿨썸머 특가] 지상파 월정액 3개월 내내 월 5,500원","20260727",SMART,"20260629","20260731",PM30000150,2639
C2600M6,JTBC 월정액 첫달 무료_5월 2차,A1SA1020261000119567,[깜짝 특가] JTBC 월정액 1개월 100% 할인 쿠폰,"20260626",SMART,"20260119","20261231",PM30000269,1093
C2600S0,SPOTV 6월 첫달무료_2차_0620,A1SA1020261000121165,[MLB 이벤트] SPOTV Prime 1개월 무료,"20260625",SMART,"20260609","20260630",PM35000007,11902
C2600P8,[주기성] 26년 6월_B tv+ 비플리_UI 541 이상_2~4차_4,A1CP1020261000120872,[위클리 혜택] B tv+ 12개월 50% 할인,"20260616",SMART,"20260520","20260630",PM30000107,1572
C2600PP,"지상파 월정액 첫달 3,300원_6월 3차",A1CP1020261000120947,"[6월 특가] 지상파 월정액 1개월 13,200원 할인","20260615",SMART,"20260526","20260630",PM30000150,4515
C2600SG,"CJ ENM 월정액 3개월 5,500원_7월 1차",A1CP1020261000121358,"[쿨썸머 특가] CJ ENM 월정액 3개월 내내 월 5,500원","20260714",SMART,"20260622","20260731",PM30000154,751
C2600TJ,<데드 오브 윈터> 할인쿠폰 프로모션,A1SA1020261000121361,"[데드 오브 윈터 런칭] 영화 3,300원 할인",,SMART,"20260622","20260731",PPV 등,257
C2600JZ,"JTBC 월정액 6개월 약정 3,300원_5월 2차",A1CP1020261000120658,"[온가족특가] JTBC 6개월 약정 기간 내내 월 3,300원","20260522",SMART,"20260421","20260531",PM30000269,109
C2600JZ,"JTBC 월정액 6개월 약정 3,300원_5월 2차",A1CP1020261000120658,"[온가족특가] JTBC 6개월 약정 기간 내내 월 3,300원","20260508",SMART,"20260421","20260531",PM30000269,1655
C2600KD,[주기성/쿠폰] <프로젝트헤일메리&인생SF전> 할인쿠폰 프로모션,A1PR1020261000120752,[프로젝트헤일메리] 인생SF영화 추가 30% 할인,"20260517",SMART,"20260430","20260524",PPV 등,40
C2600ND,"지상파 월정액 첫달 3,300원_6월 1차",A1CP1020261000120947,"[6월 특가] 지상파 월정액 1개월 13,200원 할인","20260620",SMART,"20260526","20260630",PM30000150,407
C2600N4,(주기성) 6월 쿠폰팩 GCP(5/24~6/21가입)_TB,A1CP1020261000120867,[FREE PASS] CJ ENM 1개월 무료_26년6월,"20260619",SMART,"20260519","20260629",PM30000154,63
C2600O8,[주기성] 26년 6월_B tv+ 비플리_UI 541 이하_쿠폰,A1CP1020261000120872,[위클리 혜택] B tv+ 12개월 50% 할인,"20260618",SMART,"20260520","20260630",PM30000107,304
C2600N4,(주기성) 6월 쿠폰팩 GCP(5/24~6/21가입)_TB,A1SA1020261000120868,[FREE PASS] JTBC 1개월 무료_26년6월,"20260619",SMART,"20260519","20260629",PM30000269,55
C2600WF,<군체[예약구매]> 할인쿠폰 프로모션,A1SA1020261000121562,"[군체 예약] 영화 4,400원 할인","20260721",SMART,"20260716","20260831",PPV 등,117
C2600N3,[주기성/쿠폰] <살목지&K-공포상영회> 할인쿠폰 프로모션,A1PR1020261000120873,[K-공포 상영회] 영화 50% 할인,"20260605",SMART,"20260520","20260609",PPV 등,76
C2600J7,"지상파 월정액 3개월 내내 5,500원_5월 2차",A1CP1020261000120660,"[온가족특가] 지상파 월정액 3개월 내내 월 5,500원","20260517",SMART,"20260422","20260531",PM30000150,398
C2600MI,JTBC 월정액 첫달 무료_6월 1차,A1SA1020261000119567,[깜짝 특가] JTBC 월정액 1개월 100% 할인 쿠폰,"20260510",SMART,"20260119","20261231",PM30000269,112
C2600KN,JTBC 월정액 첫달 무료_5월 1차,A1SA1020261000119567,[깜짝 특가] JTBC 월정액 1개월 100% 할인 쿠폰,"20260623",SMART,"20260119","20261231",PM30000269,82
C2600WI,<뮌터 & 칸딘스키 - 사랑의 초상> 할인쿠폰 프로모션,A1SA1020261000121560,"[뮌터 & 칸딘스키 - 사랑의 초상 런칭] 영화 5,500원 할인","20260726",SMART,"20260716","20260831",PPV 등,4
C2600NO,<푸틴: 절대 권력의 최후> 할인쿠폰 프로모션,A1SA1020261000120952,"[푸틴: 절대 권력의 최후 런칭] 영화 3,300원 할인","20260618",SMART,"20260526","20260630",PPV 등,17
C2600US,<잠금: 셧다운> 할인쿠폰 프로모션,A1SA1020261000121462,"[잠금: 셧다운 런칭] 영화 5,500원 할인","20260724",SMART,"20260708","20260831",PPV 등,6
C2600LE,"CJ ENM 월정액 3개월 5,500원_5월 3차",A1CP1020261000120659,"[온가족특가] CJ ENM 월정액 3개월 내내 5,500원","20260511",SMART,"20260422","20260531",PM30000154,1
C2600Q5,<스위트 홈: 진격의 거인> 할인쿠폰 프로모션,A1SA1020261000121160,"[스위트 홈: 진격의 거인 런칭] 영화 3,300원 할인","20260612",SMART,"20260605","20260731",PPV 등,6
C2600LG,<스피드> 할인쿠폰 프로모션,A1SA1020261000120858,"[스피드 런칭] 영화 5,500원 할인","20260606",SMART,"20260512","20260531",PPV 등,1
C2600N5,(일회성) 6월 쿠폰팩 GCP(5/1~5/23가입)_TB,A1CP1020261000120866,[FREE PASS] 지상파 3사 1개월 무료_26년6월,"20260608",SMART,"20260519","20260629",PM30000150,1
C2600JX,[팝업] 밸류애드팀 Btv 업_장기(26.5.06)_1-4차,,,,SMART,,,PPV 등,175226
C2600KI,"JTBC 월정액 6개월 약정 3,300원_5월 3차",A1CP1020261000120658,"[온가족특가] JTBC 6개월 약정 기간 내내 월 3,300원","20260507",SMART,"20260421","20260531",PM30000269,81721
C2600P6,[주기성] 26년 6월_B tv+ 비플리_UI 541 이상_2~4차_2,A1CP1020261000120872,[위클리 혜택] B tv+ 12개월 50% 할인,"20260621",SMART,"20260520","20260630",PM30000107,23411
C2600O0,"26년 6월_B tv+ 짝수달 유료전환 테스트_UI 552 이상",A1CP1020261000120870,[6월 한정] B tv+ 첫달 무료,"20260612",SMART,"20260520","20260630",PM30000107,9707
C2600M6,JTBC 월정액 첫달 무료_5월 2차,A1SA1020261000119567,[깜짝 특가] JTBC 월정액 1개월 100% 할인 쿠폰,"20260530",SMART,"20260119","20261231",PM30000269,21726
C2600P8,[주기성] 26년 6월_B tv+ 비플리_UI 541 이상_2~4차_4,A1CP1020261000120872,[위클리 혜택] B tv+ 12개월 50% 할인,"20260623",SMART,"20260520","20260630",PM30000107,18249
C2600S0,SPOTV 6월 첫달무료_2차_0620,A1SA1020261000121165,[MLB 이벤트] SPOTV Prime 1개월 무료,"20260621",SMART,"20260609","20260630",PM35000007,107630
C2600KN,JTBC 월정액 첫달 무료_5월 1차,A1SA1020261000119567,[깜짝 특가] JTBC 월정액 1개월 100% 할인 쿠폰,"20260604",SMART,"20260119","20261231",PM30000269,153
C2600J5,"지상파 월정액 3개월 내내 5,500원_5월 1차",A1CP1020261000120660,"[온가족특가] 지상파 월정액 3개월 내내 월 5,500원","20260513",SMART,"20260422","20260531",PM30000150,510
C2600SD,통합 월정액 첫달 90% 할인_추가 2차,A1CP1020261000121363,[쿨썸머 파격 특가] 주요 월정액 첫달 90% 할인 (택1),"20260628",SMART,"20260622","20260629",PM30000176,11716
C2600QQ,통합 월정액 첫달 무료_6월 4차,A1CP1020261000120948,[이용 감사 혜택] 주요 월정액 1개월 100% 할인 (택1),"20260613",SMART,"20260526","20260630",PM30000176,1125
C2600RJ,"2606_무빙 연장 동의_TV팝업_13차",,,,SMART,,,PPV 등,4007
C2600SG,"CJ ENM 월정액 3개월 5,500원_7월 1차",A1CP1020261000121358,"[쿨썸머 특가] CJ ENM 월정액 3개월 내내 월 5,500원","20260717",SMART,"20260622","20260731",PM30000154,895
C2600KK,"CJ ENM 월정액 3개월 5,500원_5월 2차",A1CP1020261000120659,"[온가족특가] CJ ENM 월정액 3개월 내내 5,500원","20260523",SMART,"20260422","20260531",PM30000154,510
C2600OB,"26년 6월_B tv+ 비플리_UI 541 이상_1차 쿠폰(~6/7) & 배너(~6/30)_3",A1CP1020261000120872,[위클리 혜택] B tv+ 12개월 50% 할인,"20260620",SMART,"20260520","20260630",PM30000107,361
C2600O8,[주기성] 26년 6월_B tv+ 비플리_UI 541 이하_쿠폰,A1CP1020261000120872,[위클리 혜택] B tv+ 12개월 50% 할인,"20260625",SMART,"20260520","20260630",PM30000107,353
C2600TI,JTBC 월정액 3개월 70% 할인_7월 2차,A1SA1020261000121374,[쿨썸머 특가] JTBC 월정액 3개월 내내 70% 할인,"20260721",SMART,"20260629","20260731",PM30000269,330
C2600N4,(주기성) 6월 쿠폰팩 GCP(5/24~6/21가입)_TB,A1SA1020261000120868,[FREE PASS] JTBC 1개월 무료_26년6월,"20260603",SMART,"20260519","20260629",PM30000269,61
C2600M6,JTBC 월정액 첫달 무료_5월 2차,A1SA1020261000119567,[깜짝 특가] JTBC 월정액 1개월 100% 할인 쿠폰,"20260605",SMART,"20260119","20261231",PM30000269,51
C2600UP,<서퍼> 할인쿠폰 프로모션,A1SA1020261000121460,"[서퍼 런칭] 영화 3,300원 할인","20260723",SMART,"20260708","20260831",PPV 등,15
C2600UV,모아나 소장용 패키지 프로모션 (7/10),A1SA1020261000121465,"[모아나 패키지 구매] 영화 5,500원 할인","20260713",SMART,"20260708","20260831",PPV 등,21
C2600TM,<신의 악단> 할인쿠폰 프로모션,A1SA1020261000121384,"[신의 악단 런칭] 영화 3,300원 할인","20260706",SMART,"20260630","20260731",PPV 등,69
C2600O7,"2606_캐치온 해지방어_B tv+ Cross-sell",A1CP1020261000120958,[비밀 특가] B tv+ 1개월 100원,"20260704",SMART,"20260528","20260712",PM30000107,6
C2600LG,<스피드> 할인쿠폰 프로모션,A1SA1020261000120858,"[스피드 런칭] 영화 5,500원 할인","20260610",SMART,"20260512","20260531",PPV 등,3
C2600TA,[주기성] 26년 7월_B tv+ 비플리_UI 541 이하_쿠폰,A1CP1020261000121366,[고객님만 혜택] B tv+ 반값 할인 (최대 12개월),"20260630",SMART,"20260624","20260731",PM30000107,16
C2600UF,"26년 7월_B tv+ 비플리_UI 541 이상_쿠폰&배너_4",A1CP1020261000121365,[고객님만 혜택] B tv+ 반값 할인 (최대 12개월),"20260726",SMART,"20260624","20260731",PM30000107,5
C2600LE,"CJ ENM 월정액 3개월 5,500원_5월 3차",A1CP1020261000120659,"[온가족특가] CJ ENM 월정액 3개월 내내 5,500원","20260509",SMART,"20260422","20260531",PM30000154,4
C2600LG,<스피드> 할인쿠폰 프로모션,A1SA1020261000120858,"[스피드 런칭] 영화 5,500원 할인","20260530",SMART,"20260512","20260531",PPV 등,4
C2600WK,JTBC 월정액 3개월 70% 할인_7월 3차,A1SA1020261000121374,[쿨썸머 특가] JTBC 월정액 3개월 내내 70% 할인,"20260712",SMART,"20260629","20260731",PM30000269,1
C2600KT,[팝업] 밸류애드팀 STB 교체(26.5.11)_2-2차,,,,SMART,,,PPV 등,325298
C2600M2,"26년 5월_B tv+ 당첨자_UI 541 이상_1(1770)",DummyOffer,,,SMART,,,PPV 등,784223
C2600KI,"JTBC 월정액 6개월 약정 3,300원_5월 3차",A1CP1020261000120658,"[온가족특가] JTBC 6개월 약정 기간 내내 월 3,300원",,SMART,"20260421","20260531",PM30000269,214548
C2600ST,[팝업] 밸류애드팀 Btv 업_장기(26.7.1)_5-1차,,,,SMART,,,PPV 등,383250
C2600O6,"26년 6월_B tv+ 비플리_UI 541 이상_1차 쿠폰(~6/7) & 배너(~6/30)_1",A1CP1020261000120872,[위클리 혜택] B tv+ 12개월 50% 할인,"20260606",SMART,"20260520","20260630",PM30000107,4037
C2600OB,"26년 6월_B tv+ 비플리_UI 541 이상_1차 쿠폰(~6/7) & 배너(~6/30)_3",A1CP1020261000120872,[위클리 혜택] B tv+ 12개월 50% 할인,"20260628",SMART,"20260520","20260630",PM30000107,10127
C2600TZ,"지상파 월정액 3개월 5,500원_7월 2차",A1CP1020261000121373,"[쿨썸머 특가] 지상파 월정액 3개월 내내 월 5,500원",,SMART,"20260629","20260731",PM30000150,133680
C2600OA,"26년 6월_B tv+ 비플리_UI 541 이상_1차 쿠폰(~6/7) & 배너(~6/30)_2",A1CP1020261000120872,[위클리 혜택] B tv+ 12개월 50% 할인,"20260623",SMART,"20260520","20260630",PM30000107,6384
C2600WH,<군체> 할인쿠폰 프로모션,A1SA1020261000121563,[군체 런칭] 영화 20% 할인,"20260729",SMART,"20260716","20260831",PPV 등,1285
C2600P7,[주기성] 26년 6월_B tv+ 비플리_UI 541 이상_2~4차_3,A1CP1020261000120872,[위클리 혜택] B tv+ 12개월 50% 할인,"20260617",SMART,"20260520","20260630",PM30000107,56
C2600VL,"2607_SPOTV 럭키슈팅 이벤트_B캐시 발급",PR102026100000126962,,,SMART,,,PPV 등,11299
C2600UU,"7월 성인 1+1 앵콜 프로모션_모바일 (7/11~7/20)",A1SA1020261000121458,"[1+1 앵콜 이벤트] 3,300원 할인 쿠폰","20260712",SMART,"20260708","20260831",PPV 등,104
C2600IP,"CJ ENM 월정액 3개월 5,500원_5월 1차",A1CP1020261000120659,"[온가족특가] CJ ENM 월정액 3개월 내내 5,500원","20260512",SMART,"20260422","20260531",PM30000154,475
C2600UD,"26년 7월_B tv+ 비플리_UI 541 이상_쿠폰&배너_2",A1CP1020261000121365,[고객님만 혜택] B tv+ 반값 할인 (최대 12개월),"20260711",SMART,"20260624","20260731",PM30000107,5451
C2600WG,<디스클로저 데이> 할인쿠폰 프로모션,A1SA1020261000121558,"[디스클로저 데이 런칭] 영화 3,300원 할인","20260726",SMART,"20260713","20260831",PPV 등,339
C2600IP,"CJ ENM 월정액 3개월 5,500원_5월 1차",A1CP1020261000120659,"[온가족특가] CJ ENM 월정액 3개월 내내 5,500원","20260518",SMART,"20260422","20260531",PM30000154,348
C2600N5,(일회성) 6월 쿠폰팩 GCP(5/1~5/23가입)_TB,A1CP1020261000120865,[FREE PASS] B tv+ 1개월 무료_26년6월,"20260618",SMART,"20260519","20260629",PM30000107,51
C2600KD,[주기성/쿠폰] <프로젝트헤일메리&인생SF전> 할인쿠폰 프로모션,A1PR1020261000120752,[프로젝트헤일메리] 인생SF영화 추가 30% 할인,"20260520",SMART,"20260430","20260524",PPV 등,28
C2600US,<잠금: 셧다운> 할인쿠폰 프로모션,A1SA1020261000121462,"[잠금: 셧다운 런칭] 영화 5,500원 할인","20260728",SMART,"20260708","20260831",PPV 등,5
C2600TN,"7월 성인 1+1 프로모션_모바일 (7/1~7/10)",A1SA1020261000121371,"[1+1이벤트] 3,300원 할인 쿠폰 (모바일)","20260718",SMART,"20260626","20260731",PPV 등,33
C2600NO,<푸틴: 절대 권력의 최후> 할인쿠폰 프로모션,A1SA1020261000120952,"[푸틴: 절대 권력의 최후 런칭] 영화 3,300원 할인","20260619",SMART,"20260526","20260630",PPV 등,35
C2600UP,<서퍼> 할인쿠폰 프로모션,A1SA1020261000121460,"[서퍼 런칭] 영화 3,300원 할인","20260730",SMART,"20260708","20260831",PPV 등,6
C2600WJ,"CJ ENM 월정액 3개월 5,500원_7월 3차",A1CP1020261000121358,"[쿨썸머 특가] CJ ENM 월정액 3개월 내내 월 5,500원","20260702",SMART,"20260622","20260731",PM30000154,1
C2600LK,[팝업] 밸류애드팀 Btv 업_단기(26.5.19)_3-1차,,,,SMART,,,PPV 등,283215
C2600M4,"2605_SPOTV B캐시 프로모션_TV팝업 추가",,,,SMART,,,PPV 등,355498
C2600PZ,SPOTV 6월 첫달무료_1차_0612,A1SA1020261000121164,[축구 이벤트] SPOTV Prime 1개월 무료,"20260612",SMART,"20260609","20260630",PM35000007,6483
C2600JZ,"JTBC 월정액 6개월 약정 3,300원_5월 2차",A1CP1020261000120658,"[온가족특가] JTBC 6개월 약정 기간 내내 월 3,300원","20260509",SMART,"20260421","20260531",PM30000269,1335
C2600J7,"지상파 월정액 3개월 내내 5,500원_5월 2차",A1CP1020261000120660,"[온가족특가] 지상파 월정액 3개월 내내 월 5,500원","20260509",SMART,"20260422","20260531",PM30000150,828
C2600O6,"26년 6월_B tv+ 비플리_UI 541 이상_1차 쿠폰(~6/7) & 배너(~6/30)_1",A1CP1020261000120872,[위클리 혜택] B tv+ 12개월 50% 할인,"20260625",SMART,"20260520","20260630",PM30000107,5983
C2600P0,<쉘터> 타겟 프로모션_30%_0604,A1SA1020261000120953,[즉시 할인] 쉘터 30% 할인쿠폰,"20260605",SMART,"20260526","20260630",PPV 등,10276
C2600M0,"26년 5월_B tv+ 비플리_UI 541 이상_2차(~5/25)_4(1770)",A1CP1020261000120859,[가정의 달] B tv+ 12개월 50% 할인 (~5/25),"20260518",SMART,"20260515","20260525",PM30000107,4900
C2600IP,"CJ ENM 월정액 3개월 5,500원_5월 1차",A1CP1020261000120659,"[온가족특가] CJ ENM 월정액 3개월 내내 5,500원","20260503",SMART,"20260422","20260531",PM30000154,2260
C2600S9,통합 월정액 첫달 90% 할인_추가 1차,A1CP1020261000121363,[쿨썸머 파격 특가] 주요 월정액 첫달 90% 할인 (택1),"20260627",SMART,"20260622","20260629",PM30000176,49409
C2600PP,"지상파 월정액 첫달 3,300원_6월 3차",A1CP1020261000120947,"[6월 특가] 지상파 월정액 1개월 13,200원 할인","20260605",SMART,"20260526","20260630",PM30000150,7643
C2600OA,"26년 6월_B tv+ 비플리_UI 541 이상_1차 쿠폰(~6/7) & 배너(~6/30)_2",A1CP1020261000120872,[위클리 혜택] B tv+ 12개월 50% 할인,"20260625",SMART,"20260520","20260630",PM30000107,5346
C2600MI,JTBC 월정액 첫달 무료_6월 1차,A1SA1020261000119567,[깜짝 특가] JTBC 월정액 1개월 100% 할인 쿠폰,"20260621",SMART,"20260119","20261231",PM30000269,3068
C2600TL,"7월 성인 1+1 프로모션 (7/1~7/10)",A1SA1020261000121370,"[1+1이벤트] 3,300원 할인 쿠폰","20260716",SMART,"20260626","20260731",PPV 등,308
C2600VJ,"2607_비플/캐치온 왕사남 해지취소_2주차_TV팝업",,,,SMART,,,PPV 등,1945
C2600UU,"7월 성인 1+1 앵콜 프로모션_모바일 (7/11~7/20)",A1SA1020261000121458,"[1+1 앵콜 이벤트] 3,300원 할인 쿠폰","20260721",SMART,"20260708","20260831",PPV 등,522
C2600KM,"지상파 월정액 3개월 내내 5,500원_5월 3차",A1CP1020261000120660,"[온가족특가] 지상파 월정액 3개월 내내 월 5,500원","20260515",SMART,"20260422","20260531",PM30000150,198
C2600PR,"26년 6월_B tv+ 파격할인_UI 541 이상_1",DummyOffer,,,SMART,,,PPV 등,333
C2600IP,"CJ ENM 월정액 3개월 5,500원_5월 1차",A1CP1020261000120659,"[온가족특가] CJ ENM 월정액 3개월 내내 5,500원","20260522",SMART,"20260422","20260531",PM30000154,265
C2600T6,"26년 6월 B tv+ 할인 연장 캠페인_광복절 5,500원",A1CP1020261000121367,"[가입 유지 선물] B tv+ 월 5,500원 이용 혜택 6개월 자동 연장_6월",,SMART,"20260625","20260731",PPV 등,838
C2600N4,(주기성) 6월 쿠폰팩 GCP(5/24~6/21가입)_TB,A1CP1020261000120865,[FREE PASS] B tv+ 1개월 무료_26년6월,"20260604",SMART,"20260519","20260629",PM30000107,106
C2600N4,(주기성) 6월 쿠폰팩 GCP(5/24~6/21가입)_TB,A1SA1020261000120869,[FREE PASS] SPOTV 프라임패키지 1개월 무료_26년6월,"20260601",SMART,"20260519","20260629",PM35000007,11
C2600O7,"2606_캐치온 해지방어_B tv+ Cross-sell",A1CP1020261000120958,[비밀 특가] B tv+ 1개월 100원,"20260611",SMART,"20260528","20260712",PM30000107,14
C2600KP,<왕과 사는 남자> 할인쿠폰 프로모션,A1SA1020261000120651,"[왕과 사는 남자 런칭] 영화 4,400원 할인","20260517",SMART,"20260421","20260531",PPV 등,4
C2600KK,"CJ ENM 월정액 3개월 5,500원_5월 2차",A1CP1020261000120659,"[온가족특가] CJ ENM 월정액 3개월 내내 5,500원",,SMART,"20260422","20260531",PM30000154,256478
C2600IP,"CJ ENM 월정액 3개월 5,500원_5월 1차",A1CP1020261000120659,"[온가족특가] CJ ENM 월정액 3개월 내내 5,500원","20260529",SMART,"20260422","20260531",PM30000154,126966
C2600SZ,SPOTV 6월 첫달무료_2차_0626 TV팝업,,,,SMART,,,PPV 등,1870138
C2600K8,<몽타주: 6일간의 추격> 타겟 프로모션_40%_0430,A1SA1020261000120748,[즉시 할인] 몽타주: 6일간의 추격 40% 할인쿠폰,"20260507",SMART,"20260403","20260430",PPV 등,38603
C2600N4,(주기성) 6월 쿠폰팩 GCP(5/24~6/21가입)_TB,A1SA1020261000120869,[FREE PASS] SPOTV 프라임패키지 1개월 무료_26년6월,"20260629",SMART,"20260519","20260629",PM35000007,1040
C2600LE,"CJ ENM 월정액 3개월 5,500원_5월 3차",A1CP1020261000120659,"[온가족특가] CJ ENM 월정액 3개월 내내 5,500원","20260528",SMART,"20260422","20260531",PM30000154,719
C2600JZ,"JTBC 월정액 6개월 약정 3,300원_5월 2차",A1CP1020261000120658,"[온가족특가] JTBC 6개월 약정 기간 내내 월 3,300원","20260507",SMART,"20260421","20260531",PM30000269,2500
C2600KN,JTBC 월정액 첫달 무료_5월 1차,A1SA1020261000119567,[깜짝 특가] JTBC 월정액 1개월 100% 할인 쿠폰,"20260627",SMART,"20260119","20261231",PM30000269,1390
C2600TG,JTBC 월정액 3개월 70% 할인_7월 1차,A1SA1020261000121374,[쿨썸머 특가] JTBC 월정액 3개월 내내 70% 할인,"20260704",SMART,"20260629","20260731",PM30000269,125989
C2600IY,"JTBC 월정액 6개월 약정 3,300원_5월 1차",A1CP1020261000120658,"[온가족특가] JTBC 6개월 약정 기간 내내 월 3,300원","20260530",SMART,"20260421","20260531",PM30000269,15752
C2600PG,[팝업] 밸류애드팀 Btv 업_장기(26.6.10)_2-4차,,,,SMART,,,PPV 등,398817
C2600P5,[주기성] 26년 6월_B tv+ 비플리_UI 541 이상_2~4차_1,A1CP1020261000120872,[위클리 혜택] B tv+ 12개월 50% 할인,"20260615",SMART,"20260520","20260630",PM30000107,2086
C2600OA,"26년 6월_B tv+ 비플리_UI 541 이상_1차 쿠폰(~6/7) & 배너(~6/30)_2",A1CP1020261000120872,[위클리 혜택] B tv+ 12개월 50% 할인,"20260606",SMART,"20260520","20260630",PM30000107,4286
C2600P6,[주기성] 26년 6월_B tv+ 비플리_UI 541 이상_2~4차_2,A1CP1020261000120872,[위클리 혜택] B tv+ 12개월 50% 할인,"20260601",SMART,"20260520","20260630",PM30000107,1511
C2600KI,"JTBC 월정액 6개월 약정 3,300원_5월 3차",A1CP1020261000120658,"[온가족특가] JTBC 6개월 약정 기간 내내 월 3,300원","20260522",SMART,"20260421","20260531",PM30000269,445
C2600M6,JTBC 월정액 첫달 무료_5월 2차,A1SA1020261000119567,[깜짝 특가] JTBC 월정액 1개월 100% 할인 쿠폰,"20260619",SMART,"20260119","20261231",PM30000269,1469
C2600VZ,[팝업] 밸류애드팀 Btv 업_장기(26.7.22)_3-3차,,,,SMART,,,PPV 등,388122
C2600UC,"26년 7월_B tv+ 비플리_UI 541 이상_쿠폰&배너_1",A1CP1020261000121365,[고객님만 혜택] B tv+ 반값 할인 (최대 12개월),"20260731",SMART,"20260624","20260731",PM30000107,27977
C2600TH,<살목지> 할인쿠폰 프로모션,A1SA1020261000121380,"[살목지 런칭] 영화 3,300원 할인","20260713",SMART,"20260629","20260731",PPV 등,256
C2600NE,통합 월정액 첫달 무료_6월 1차,A1CP1020261000120948,[이용 감사 혜택] 주요 월정액 1개월 100% 할인 (택1),"20260623",SMART,"20260526","20260630",PM30000176,1306
C2600QQ,통합 월정액 첫달 무료_6월 4차,A1CP1020261000120948,[이용 감사 혜택] 주요 월정액 1개월 100% 할인 (택1),"20260606",SMART,"20260526","20260630",PM30000176,870
C2600N4,(주기성) 6월 쿠폰팩 GCP(5/24~6/21가입)_TB,A1CP1020261000120865,[FREE PASS] B tv+ 1개월 무료_26년6월,"20260617",SMART,"20260519","20260629",PM30000107,79
C2600IP,"CJ ENM 월정액 3개월 5,500원_5월 1차",A1CP1020261000120659,"[온가족특가] CJ ENM 월정액 3개월 내내 5,500원","20260513",SMART,"20260422","20260531",PM30000154,438
C2600KM,"지상파 월정액 3개월 내내 5,500원_5월 3차",A1CP1020261000120660,"[온가족특가] 지상파 월정액 3개월 내내 월 5,500원","20260531",SMART,"20260422","20260531",PM30000150,348
C2600T1,"26년 6월_B tv+ KBO 올스타전_UI 541 이상_3",A1CP1020261000121364,"[올스타전 특가] B tv+ 월 5,500원 혜택 (최대 12개월)","20260701",SMART,"20260624","20260705",PM30000107,1247
C2600O8,[주기성] 26년 6월_B tv+ 비플리_UI 541 이하_쿠폰,A1CP1020261000120872,[위클리 혜택] B tv+ 12개월 50% 할인,"20260619",SMART,"20260520","20260630",PM30000107,161
C2600O8,[주기성] 26년 6월_B tv+ 비플리_UI 541 이하_쿠폰,A1CP1020261000120872,[위클리 혜택] B tv+ 12개월 50% 할인,"20260611",SMART,"20260520","20260630",PM30000107,300
C2600S4,"6월 성인 1+1 프로모션_모바일 (6/21~6/30)",A1SA1020261000121171,"[1+1 앵콜 이벤트] 3,300원 할인 쿠폰 (모바일)","20260714",SMART,"20260609","20260731",PPV 등,58
C2600VD,"CJ ENM 월정액 3개월 5,500원_7월 2차",A1CP1020261000121358,"[쿨썸머 특가] CJ ENM 월정액 3개월 내내 월 5,500원","20260726",SMART,"20260622","20260731",PM30000154,95
C2600TM,<신의 악단> 할인쿠폰 프로모션,A1SA1020261000121384,"[신의 악단 런칭] 영화 3,300원 할인","20260714",SMART,"20260630","20260731",PPV 등,36
C2600N4,(주기성) 6월 쿠폰팩 GCP(5/24~6/21가입)_TB,A1CP1020261000120867,[FREE PASS] CJ ENM 1개월 무료_26년6월,"20260611",SMART,"20260519","20260629",PM30000154,68
C2600O8,[주기성] 26년 6월_B tv+ 비플리_UI 541 이하_쿠폰,A1CP1020261000120872,[위클리 혜택] B tv+ 12개월 50% 할인,"20260609",SMART,"20260520","20260630",PM30000107,18
C2600KD,[주기성/쿠폰] <프로젝트헤일메리&인생SF전> 할인쿠폰 프로모션,A1PR1020261000120752,[프로젝트헤일메리] 인생SF영화 추가 30% 할인,"20260514",SMART,"20260430","20260524",PPV 등,29
C2600TJ,<데드 오브 윈터> 할인쿠폰 프로모션,A1SA1020261000121361,"[데드 오브 윈터 런칭] 영화 3,300원 할인","20260709",SMART,"20260622","20260731",PPV 등,18
C2600TJ,<데드 오브 윈터> 할인쿠폰 프로모션,A1SA1020261000121361,"[데드 오브 윈터 런칭] 영화 3,300원 할인","20260722",SMART,"20260622","20260731",PPV 등,17
C2600SC,<금발이 되고 싶어> 할인쿠폰 프로모션,A1SA1020261000121360,"[금발이 되고 싶어 런칭] 영화 5,500원 할인","20260707",SMART,"20260622","20260731",PPV 등,4
C2600UP,<서퍼> 할인쿠폰 프로모션,A1SA1020261000121460,"[서퍼 런칭] 영화 3,300원 할인","20260717",SMART,"20260708","20260831",PPV 등,17
C2600JE,<캣 앤 독> 할인쿠폰 프로모션,A1SA1020261000120747,"[캣 앤 독 런칭] 영화 5,500원 할인","20260506",SMART,"20260428","20260531",PPV 등,8
C2600KP,<왕과 사는 남자> 할인쿠폰 프로모션,A1SA1020261000120651,"[왕과 사는 남자 런칭] 영화 4,400원 할인","20260521",SMART,"20260421","20260531",PPV 등,2
C2600TK,<메가 샤크 어택> 할인쿠폰 프로모션,A1SA1020261000121369,"[메가 샤크 어택 런칭] 영화 5,500원 할인","20260703",SMART,"20260626","20260731",PPV 등,10
C2600NN,<코드 네임: 알라룸> 할인쿠폰 프로모션,A1SA1020261000120951,"[코드 네임: 알라룸 런칭] 영화 5,500원 할인","20260629",SMART,"20260526","20260630",PPV 등,3
C2600TO,<마이클> 할인쿠폰 프로모션,A1SA1020261000121261,"[마이클 런칭] 영화 3,300원 할인","20260713",SMART,"20260616","20260815",PPV 등,6
C2600QX,수요1+1무비쿠폰(6월 프로모션 안내),,,,SMART,,,PPV 등,3774175
C2600PU,"26년 6월_B tv+ 파격할인_UI 541 이상_4",A1CP1020261000120874,"[파격할인] B tv+ 12개월 월 5,500원 혜택","20260613",SMART,"20260520","20260531",PM30000107,294419
C2600PS,"26년 6월_B tv+ 파격할인_UI 541 이상_2",A1CP1020261000120874,"[72시간 한정] B tv+ 12개월 월 5,500원 혜택","20260613",SMART,"20260526","20260614",PM30000107,71867
C2600MN,"26년 5월_B tv+ 비플리_UI 541 이상_3차(~5/31)_4",A1CP1020261000120854,[가정의 달] B tv+ 12개월 50% 할인 (~5/31),"20260529",SMART,"20260507","20260531",PM30000107,137006
C2600N5,(일회성) 6월 쿠폰팩 GCP(5/1~5/23가입)_TB,A1CP1020261000120865,[FREE PASS] B tv+ 1개월 무료_26년6월,"20260627",SMART,"20260519","20260629",PM30000107,19139
C2600OA,"26년 6월_B tv+ 비플리_UI 541 이상_1차 쿠폰(~6/7) & 배너(~6/30)_2",A1CP1020261000120872,[위클리 혜택] B tv+ 12개월 50% 할인,"20260628",SMART,"20260520","20260630",PM30000107,53873
C2600QB,[팝업] B tv All+(조합형)(26.6.16)_3-1차,,,,SMART,,,PPV 등,584505
C2600LX,"26년 5월_B tv+ 비플리_UI 541 이상_2차(~5/25)_1(1770)",A1CP1020261000120859,[가정의 달] B tv+ 12개월 50% 할인 (~5/25),"20260524",SMART,"20260515","20260525",PM30000107,108950
C2600IP,"CJ ENM 월정액 3개월 5,500원_5월 1차",A1CP1020261000120659,"[온가족특가] CJ ENM 월정액 3개월 내내 5,500원","20260506",SMART,"20260422","20260531",PM30000154,804
C2600N4,(주기성) 6월 쿠폰팩 GCP(5/24~6/21가입)_TB,A1SA1020261000120869,[FREE PASS] SPOTV 프라임패키지 1개월 무료_26년6월,"20260604",SMART,"20260519","20260629",PM35000007,92
C2600S9,통합 월정액 첫달 90% 할인_추가 1차,A1CP1020261000121363,[쿨썸머 파격 특가] 주요 월정액 첫달 90% 할인 (택1),"20260629",SMART,"20260622","20260629",PM30000176,8485
C2600TG,JTBC 월정액 3개월 70% 할인_7월 1차,A1SA1020261000121374,[쿨썸머 특가] JTBC 월정액 3개월 내내 70% 할인,"20260715",SMART,"20260629","20260731",PM30000269,460
C2600SG,"CJ ENM 월정액 3개월 5,500원_7월 1차",A1CP1020261000121358,"[쿨썸머 특가] CJ ENM 월정액 3개월 내내 월 5,500원","20260704",SMART,"20260622","20260731",PM30000154,3486
C2600R1,JTBC 월정액 첫달 무료_6월 3차,A1SA1020261000119567,[깜짝 특가] JTBC 월정액 1개월 100% 할인 쿠폰,"20260622",SMART,"20260119","20261231",PM30000269,2423
C2600VD,"CJ ENM 월정액 3개월 5,500원_7월 2차",A1CP1020261000121358,"[쿨썸머 특가] CJ ENM 월정액 3개월 내내 월 5,500원","20260731",SMART,"20260622","20260731",PM30000154,254
C2600WH,<군체> 할인쿠폰 프로모션,A1SA1020261000121563,[군체 런칭] 영화 20% 할인,"20260731",SMART,"20260716","20260831",PPV 등,247
C2600P5,[주기성] 26년 6월_B tv+ 비플리_UI 541 이상_2~4차_1,A1CP1020261000120872,[위클리 혜택] B tv+ 12개월 50% 할인,"20260613",SMART,"20260520","20260630",PM30000107,303
C2600M0,"26년 5월_B tv+ 비플리_UI 541 이상_2차(~5/25)_4(1770)",A1CP1020261000120859,[가정의 달] B tv+ 12개월 50% 할인 (~5/25),"20260522",SMART,"20260515","20260525",PM30000107,502
C2600S6,토이스토리 소장용 패키지 프로모션_수정,A1SA1020261000121259,"[토이 스토리 패키지 구매] 영화 5,500원 할인","20260625",SMART,"20260615","20260731",PPV 등,16
C2600TK,<메가 샤크 어택> 할인쿠폰 프로모션,A1SA1020261000121369,"[메가 샤크 어택 런칭] 영화 5,500원 할인","20260715",SMART,"20260626","20260731",PPV 등,9
C2600TK,<메가 샤크 어택> 할인쿠폰 프로모션,A1SA1020261000121369,"[메가 샤크 어택 런칭] 영화 5,500원 할인","20260716",SMART,"20260626","20260731",PPV 등,42
C2600TO,<마이클> 할인쿠폰 프로모션,A1SA1020261000121261,"[마이클 런칭] 영화 3,300원 할인","20260717",SMART,"20260616","20260815",PPV 등,5
C2600UP,<서퍼> 할인쿠폰 프로모션,A1SA1020261000121460,"[서퍼 런칭] 영화 3,300원 할인","20260710",SMART,"20260708","20260831",PPV 등,15
C2600TA,[주기성] 26년 7월_B tv+ 비플리_UI 541 이하_쿠폰,A1CP1020261000121366,[고객님만 혜택] B tv+ 반값 할인 (최대 12개월),"20260718",SMART,"20260624","20260731",PM30000107,22
C2600O8,[주기성] 26년 6월_B tv+ 비플리_UI 541 이하_쿠폰,A1CP1020261000120872,[위클리 혜택] B tv+ 12개월 50% 할인,"20260621",SMART,"20260520","20260630",PM30000107,8
C2600TJ,<데드 오브 윈터> 할인쿠폰 프로모션,A1SA1020261000121361,"[데드 오브 윈터 런칭] 영화 3,300원 할인","20260728",SMART,"20260622","20260731",PPV 등,17
C2600NO,<푸틴: 절대 권력의 최후> 할인쿠폰 프로모션,A1SA1020261000120952,"[푸틴: 절대 권력의 최후 런칭] 영화 3,300원 할인","20260610",SMART,"20260526","20260630",PPV 등,3
C2600O7,"2606_캐치온 해지방어_B tv+ Cross-sell",A1CP1020261000120958,[비밀 특가] B tv+ 1개월 100원,"20260606",SMART,"20260528","20260712",PM30000107,7
C2600NO,<푸틴: 절대 권력의 최후> 할인쿠폰 프로모션,A1SA1020261000120952,"[푸틴: 절대 권력의 최후 런칭] 영화 3,300원 할인","20260605",SMART,"20260526","20260630",PPV 등,4
C2600R4,<피어스> 할인쿠폰 프로모션,A1SA1020261000121258,"[피어스 런칭] 영화 5,500원 할인","20260707",SMART,"20260615","20260731",PPV 등,1
C2600NE,통합 월정액 첫달 무료_6월 1차,A1CP1020261000120948,[이용 감사 혜택] 주요 월정액 1개월 100% 할인 (택1),,SMART,"20260526","20260630",PM30000176,181753
C2600M7,[모바일 B tv] '26년 5월 수요 1+1 무비 쿠폰 앱푸쉬 (Mass),,,,SMART,,,PPV 등,929676
C2600O8,[주기성] 26년 6월_B tv+ 비플리_UI 541 이하_쿠폰,A1CP1020261000120872,[위클리 혜택] B tv+ 12개월 50% 할인,,SMART,"20260520","20260630",PM30000107,273107
C2600KU,[팝업] 밸류애드팀 STB 교체(26.5.11)_2-3차,,,,SMART,,,PPV 등,283020
C2600NC,"26년 5월 B tv+ 할인 연장 캠페인_1주년 4,400원",A1CP1020261000120955,"[가입 유지 선물] B tv+ 월 4,400원 혜택 6개월 자동 연장_5월",,SMART,"20260526","20260731",PM30000107,594
C2600P8,[주기성] 26년 6월_B tv+ 비플리_UI 541 이상_2~4차_4,A1CP1020261000120872,[위클리 혜택] B tv+ 12개월 50% 할인,"20260619",SMART,"20260520","20260630",PM30000107,21023
C2600L9,"26년 5월_B tv+ 비플리_UI 541 이상_1차(~5/17)_3(1770)",A1CP1020261000120853,[가정의 달] B tv+ 12개월 50% 할인 (~5/17),"20260517",SMART,"20260507","20260517",PM30000107,19289
C2600IY,"JTBC 월정액 6개월 약정 3,300원_5월 1차",A1CP1020261000120658,"[온가족특가] JTBC 6개월 약정 기간 내내 월 3,300원","20260519",SMART,"20260421","20260531",PM30000269,80
C2600QM,[보정용][주기성] 26년 6월_B tv+ 비플리_UI 541 이상_2~4차_1,A1CP1020261000120872,[위클리 혜택] B tv+ 12개월 50% 할인,"20260627",SMART,"20260520","20260630",PM30000107,48385
C2600M6,JTBC 월정액 첫달 무료_5월 2차,A1SA1020261000119567,[깜짝 특가] JTBC 월정액 1개월 100% 할인 쿠폰,"20260625",SMART,"20260119","20261231",PM30000269,4938
C2600UZ,[팝업] 밸류애드팀 STB 교체(26.7.13)_2-2차,,,,SMART,,,PPV 등,343762
C2600PN,JTBC 월정액 첫달 무료_6월 2차,A1SA1020261000119567,[깜짝 특가] JTBC 월정액 1개월 100% 할인 쿠폰,"20260613",SMART,"20260119","20261231",PM30000269,22826
C2600S0,SPOTV 6월 첫달무료_2차_0620,A1SA1020261000121165,[MLB 이벤트] SPOTV Prime 1개월 무료,"20260629",SMART,"20260609","20260630",PM35000007,38410
C2600QM,[보정용][주기성] 26년 6월_B tv+ 비플리_UI 541 이상_2~4차_1,A1CP1020261000120872,[위클리 혜택] B tv+ 12개월 50% 할인,"20260625",SMART,"20260520","20260630",PM30000107,3070
C2600XF,비캐시 혜택 위크(군체 구매자 제외2),,,,SMART,,,PPV 등,1644448
C2600S5,SPOTV 6월 첫달무료_1차_0622,A1SA1020261000121164,[축구 이벤트] SPOTV Prime 1개월 무료,"20260613",SMART,"20260609","20260630",PM35000007,4737
C2600SG,"CJ ENM 월정액 3개월 5,500원_7월 1차",A1CP1020261000121358,"[쿨썸머 특가] CJ ENM 월정액 3개월 내내 월 5,500원","20260703",SMART,"20260622","20260731",PM30000154,3374
C2600S9,통합 월정액 첫달 90% 할인_추가 1차,A1CP1020261000121363,[쿨썸머 파격 특가] 주요 월정액 첫달 90% 할인 (택1),"20260623",SMART,"20260622","20260629",PM30000176,5403
C2600R1,JTBC 월정액 첫달 무료_6월 3차,A1SA1020261000119567,[깜짝 특가] JTBC 월정액 1개월 100% 할인 쿠폰,"20260510",SMART,"20260119","20261231",PM30000269,190
C2600TO,<마이클> 할인쿠폰 프로모션,A1SA1020261000121261,"[마이클 런칭] 영화 3,300원 할인","20260708",SMART,"20260616","20260815",PPV 등,188
C2600N3,[주기성/쿠폰] <살목지&K-공포상영회> 할인쿠폰 프로모션,A1PR1020261000120873,[K-공포 상영회] 영화 50% 할인,"20260603",SMART,"20260520","20260609",PPV 등,186
C2600IY,"JTBC 월정액 6개월 약정 3,300원_5월 1차",A1CP1020261000120658,"[온가족특가] JTBC 6개월 약정 기간 내내 월 3,300원","20260518",SMART,"20260421","20260531",PM30000269,114
C2600N4,(주기성) 6월 쿠폰팩 GCP(5/24~6/21가입)_TB,A1CP1020261000120867,[FREE PASS] CJ ENM 1개월 무료_26년6월,"20260615",SMART,"20260519","20260629",PM30000154,63
C2600S3,"6월 성인 1+1 프로모션 (6/21~6/30)",A1SA1020261000121170,"[1+1 앵콜 이벤트] 3,300원 할인 쿠폰","20260630",SMART,"20260609","20260731",PPV 등,245
C2600SJ,[주기성]프라다입고문워크 신작혜택파티 프로모션,A1PR1020261000121272,[신작혜택파티] 영화 30% 할인(악마는프라다2 외 대상작),"20260702",SMART,"20260618","20260706",PPV 등,128
C2600R6,<슈퍼 마리오 갤럭시> 할인쿠폰 프로모션,A1SA1020261000120961,"[슈퍼마리오 갤럭시 런칭] 영화 3,300원 할인","20260709",SMART,"20260529","20260623",PPV 등,32
C2600LW,수요1+1무비쿠폰(5월 쿠폰발급),A1PR1020261000120851,[연휴무비쿠폰] 20% 할인(5천원 이상 사용),"20260522",SMART,"20260408","20260525",PPV 등,176
C2600TO,<마이클> 할인쿠폰 프로모션,A1SA1020261000121261,"[마이클 런칭] 영화 3,300원 할인","20260721",SMART,"20260616","20260815",PPV 등,224
C2600L5,"26년 5월_B tv+ 크런치롤_할인쿠폰",A1PR1020261000120053,[크런치롤] B tv 애니 장르 30% 할인,,SMART,"20260225","20260531",PPV 등,14
C2600UV,모아나 소장용 패키지 프로모션 (7/10),A1SA1020261000121465,"[모아나 패키지 구매] 영화 5,500원 할인","20260726",SMART,"20260708","20260831",PPV 등,77
C2600WK,JTBC 월정액 3개월 70% 할인_7월 3차,A1SA1020261000121374,[쿨썸머 특가] JTBC 월정액 3개월 내내 70% 할인,"20260705",SMART,"20260629","20260731",PM30000269,22
C2600S4,"6월 성인 1+1 프로모션_모바일 (6/21~6/30)",A1SA1020261000121171,"[1+1 앵콜 이벤트] 3,300원 할인 쿠폰 (모바일)","20260624",SMART,"20260609","20260731",PPV 등,45
C2600VM,<헬파이어: 시수의 길> 할인쿠폰 프로모션,A1SA1020261000121461,"[헬파이어: 시수의 길 런칭] 영화 5,500원 할인","20260718",SMART,"20260708","20260831",PPV 등,29
C2600S7,토이스토리 소장용 패키지 프로모션 (6/18~6/21 발급),A1SA1020261000121259,"[토이 스토리 패키지 구매] 영화 5,500원 할인","20260624",SMART,"20260615","20260731",PPV 등,7
C2600ML,"26년 5월_B tv+ 비플리_UI 541 이상_3차(~5/31)_2",A1CP1020261000120854,[가정의 달] B tv+ 12개월 50% 할인 (~5/31),"20260530",SMART,"20260507","20260531",PM30000107,55815
C2600QN,"지상파 월정액 첫달 3,300원_6월 4차",A1CP1020261000120947,"[6월 특가] 지상파 월정액 1개월 13,200원 할인","20260622",SMART,"20260526","20260630",PM30000150,252460
C2600QN,"지상파 월정액 첫달 3,300원_6월 4차",A1CP1020261000120947,"[6월 특가] 지상파 월정액 1개월 13,200원 할인","20260612",SMART,"20260526","20260630",PM30000150,5040
C2600J7,"지상파 월정액 3개월 내내 5,500원_5월 2차",A1CP1020261000120660,"[온가족특가] 지상파 월정액 3개월 내내 월 5,500원","20260525",SMART,"20260422","20260531",PM30000150,257
C2600O6,"26년 6월_B tv+ 비플리_UI 541 이상_1차 쿠폰(~6/7) & 배너(~6/30)_1",A1CP1020261000120872,[위클리 혜택] B tv+ 12개월 50% 할인,"20260601",SMART,"20260520","20260630",PM30000107,1554
C2600PY,SPOTV 6월 첫달무료_1차_0611,A1SA1020261000121164,[축구 이벤트] SPOTV Prime 1개월 무료,"20260612",SMART,"20260609","20260630",PM35000007,5468
C2600QQ,통합 월정액 첫달 무료_6월 4차,A1CP1020261000120948,[이용 감사 혜택] 주요 월정액 1개월 100% 할인 (택1),"20260610",SMART,"20260526","20260630",PM30000176,1494
C2600L9,"26년 5월_B tv+ 비플리_UI 541 이상_1차(~5/17)_3(1770)",A1CP1020261000120853,[가정의 달] B tv+ 12개월 50% 할인 (~5/17),"20260511",SMART,"20260507","20260517",PM30000107,3587
C2600TG,JTBC 월정액 3개월 70% 할인_7월 1차,A1SA1020261000121374,[쿨썸머 특가] JTBC 월정액 3개월 내내 70% 할인,"20260714",SMART,"20260629","20260731",PM30000269,450
C2600QN,"지상파 월정액 첫달 3,300원_6월 4차",A1CP1020261000120947,"[6월 특가] 지상파 월정액 1개월 13,200원 할인","20260602",SMART,"20260526","20260630",PM30000150,104
C2600QR,"6월 성인 1+1 프로모션_추가 (6/12~14 구매자)",A1SA1020261000121168,"[1+1이벤트] 3,300원 할인 쿠폰","20260704",SMART,"20260609","20260731",PPV 등,309
C2600UC,"26년 7월_B tv+ 비플리_UI 541 이상_쿠폰&배너_1",A1CP1020261000121365,[고객님만 혜택] B tv+ 반값 할인 (최대 12개월),"20260724",SMART,"20260624","20260731",PM30000107,145
C2600R5,<내 이름은> 할인쿠폰 프로모션,A1SA1020261000121159,"[내 이름은 런칭] 영화 5,500원 할인","20260707",SMART,"20260605","20260731",PPV 등,28
C2600TL,"7월 성인 1+1 프로모션 (7/1~7/10)",A1SA1020261000121370,"[1+1이벤트] 3,300원 할인 쿠폰","20260703",SMART,"20260626","20260731",PPV 등,291
C2600R1,JTBC 월정액 첫달 무료_6월 3차,A1SA1020261000119567,[깜짝 특가] JTBC 월정액 1개월 100% 할인 쿠폰,"20260511",SMART,"20260119","20261231",PM30000269,59
C2600JA,<오시리스> 할인쿠폰 프로모션,A1SA1020261000120652,"[오시리스 런칭] 영화 3,300원 할인","20260513",SMART,"20260421","20260531",PPV 등,13
C2600SH,<납치 48시간> 할인쿠폰 프로모션,A1SA1020261000121265,"[납치 48시간 런칭] 영화 3,300원 할인","20260714",SMART,"20260616","20260831",PPV 등,16
C2600TA,[주기성] 26년 7월_B tv+ 비플리_UI 541 이하_쿠폰,A1CP1020261000121366,[고객님만 혜택] B tv+ 반값 할인 (최대 12개월),"20260720",SMART,"20260624","20260731",PM30000107,14
C2600QR,"6월 성인 1+1 프로모션_추가 (6/12~14 구매자)",A1SA1020261000121168,"[1+1이벤트] 3,300원 할인 쿠폰","20260621",SMART,"20260609","20260731",PPV 등,5
C2600UF,"26년 7월_B tv+ 비플리_UI 541 이상_쿠폰&배너_4",A1CP1020261000121365,[고객님만 혜택] B tv+ 반값 할인 (최대 12개월),"20260720",SMART,"20260624","20260731",PM30000107,6
C2600S4,"6월 성인 1+1 프로모션_모바일 (6/21~6/30)",A1SA1020261000121171,"[1+1 앵콜 이벤트] 3,300원 할인 쿠폰 (모바일)","20260702",SMART,"20260609","20260731",PPV 등,14
C2600R6,<슈퍼 마리오 갤럭시> 할인쿠폰 프로모션,A1SA1020261000120961,"[슈퍼마리오 갤럭시 런칭] 영화 3,300원 할인","20260701",SMART,"20260529","20260623",PPV 등,2
C2600WJ,"CJ ENM 월정액 3개월 5,500원_7월 3차",A1CP1020261000121358,"[쿨썸머 특가] CJ ENM 월정액 3개월 내내 월 5,500원","20260701",SMART,"20260622","20260731",PM30000154,3
C2600MT,[팝업] B tv All+(조합형)(26.5.26)_4-1차,,,,SMART,,,PPV 등,578964
C2600O0,"26년 6월_B tv+ 짝수달 유료전환 테스트_UI 552 이상",A1CP1020261000120870,[6월 한정] B tv+ 첫달 무료,"20260627",SMART,"20260520","20260630",PM30000107,290678
C2600P3,[팝업] 밸류애드팀 STB 교체(26.6.8))_2-3차,,,,SMART,,,PPV 등,324901
C2600JF,"2605_주기성_전환동의 띠배너",,,,SMART,,,PPV 등,11079
C2600QP,"지상파 월정액 첫달 3,300원_6월 5차",A1CP1020261000120947,"[6월 특가] 지상파 월정액 1개월 13,200원 할인","20260623",SMART,"20260526","20260630",PM30000150,56751
C2600J2,[주기성]26년_5월 조합상품 미시청 고객 캐시 적립,PR102026100000125962,,,SMART,,,PPV 등,4058
C2600KI,"JTBC 월정액 6개월 약정 3,300원_5월 3차",A1CP1020261000120658,"[온가족특가] JTBC 6개월 약정 기간 내내 월 3,300원","20260509",SMART,"20260421","20260531",PM30000269,11890
C2600J5,"지상파 월정액 3개월 내내 5,500원_5월 1차",A1CP1020261000120660,"[온가족특가] 지상파 월정액 3개월 내내 월 5,500원","20260510",SMART,"20260422","20260531",PM30000150,705
C2600PP,"지상파 월정액 첫달 3,300원_6월 3차",A1CP1020261000120947,"[6월 특가] 지상파 월정액 1개월 13,200원 할인","20260619",SMART,"20260526","20260630",PM30000150,22075
C2600PP,"지상파 월정액 첫달 3,300원_6월 3차",A1CP1020261000120947,"[6월 특가] 지상파 월정액 1개월 13,200원 할인","20260628",SMART,"20260526","20260630",PM30000150,55878
C2600O6,"26년 6월_B tv+ 비플리_UI 541 이상_1차 쿠폰(~6/7) & 배너(~6/30)_1",A1CP1020261000120872,[위클리 혜택] B tv+ 12개월 50% 할인,"20260605",SMART,"20260520","20260630",PM30000107,4687
C2600SU,"26년 6월_B tv+ KBO 올스타전_UI 541 이상_1",A1CP1020261000121364,"[올스타전 특가] B tv+ 월 5,500원 혜택 (최대 12개월)","20260703",SMART,"20260624","20260705",PM30000107,340044
C2600S5,SPOTV 6월 첫달무료_1차_0622,A1SA1020261000121164,[축구 이벤트] SPOTV Prime 1개월 무료,"20260623",SMART,"20260609","20260630",PM35000007,87953
C2600TI,JTBC 월정액 3개월 70% 할인_7월 2차,A1SA1020261000121374,[쿨썸머 특가] JTBC 월정액 3개월 내내 70% 할인,"20260712",SMART,"20260629","20260731",PM30000269,6203
C2600QV,"6월 성인 1+1 프로모션_모바일 (6/11~6/20)_수정",A1SA1020261000121169,"[1+1이벤트] 3,300원 할인 쿠폰 (모바일)","20260705",SMART,"20260609","20260731",PPV 등,9
C2600QU,"6월 성인 1+1 프로모션 (6/11~6/20)_수정",A1SA1020261000121168,"[1+1이벤트] 3,300원 할인 쿠폰","20260623",SMART,"20260609","20260731",PPV 등,19
C2600TG,JTBC 월정액 3개월 70% 할인_7월 1차,A1SA1020261000121374,[쿨썸머 특가] JTBC 월정액 3개월 내내 70% 할인,"20260720",SMART,"20260629","20260731",PM30000269,197
C2600JA,<오시리스> 할인쿠폰 프로모션,A1SA1020261000120652,"[오시리스 런칭] 영화 3,300원 할인","20260521",SMART,"20260421","20260531",PPV 등,13
C2600TN,"7월 성인 1+1 프로모션_모바일 (7/1~7/10)",A1SA1020261000121371,"[1+1이벤트] 3,300원 할인 쿠폰 (모바일)","20260707",SMART,"20260626","20260731",PPV 등,46
C2600NO,<푸틴: 절대 권력의 최후> 할인쿠폰 프로모션,A1SA1020261000120952,"[푸틴: 절대 권력의 최후 런칭] 영화 3,300원 할인","20260625",SMART,"20260526","20260630",PPV 등,8
C2600UD,"26년 7월_B tv+ 비플리_UI 541 이상_쿠폰&배너_2",A1CP1020261000121365,[고객님만 혜택] B tv+ 반값 할인 (최대 12개월),"20260722",SMART,"20260624","20260731",PM30000107,78
C2600NP,<모탈 컴뱃2> 할인쿠폰 프로모션,A1SA1020261000120959,"[모탈컴뱃2 런칭] 영화 5,500원 할인","20260623",SMART,"20260528","20260615",PPV 등,18
C2600TO,<마이클> 할인쿠폰 프로모션,A1SA1020261000121261,"[마이클 런칭] 영화 3,300원 할인","20260718",SMART,"20260616","20260815",PPV 등,4
C2600N5,(일회성) 6월 쿠폰팩 GCP(5/1~5/23가입)_TB,A1CP1020261000120866,[FREE PASS] 지상파 3사 1개월 무료_26년6월,"20260606",SMART,"20260519","20260629",PM30000150,2
C2600WF,<군체[예약구매]> 할인쿠폰 프로모션,A1SA1020261000121562,"[군체 예약] 영화 4,400원 할인","20260728",SMART,"20260716","20260831",PPV 등,1
C2600IP,"CJ ENM 월정액 3개월 5,500원_5월 1차",A1CP1020261000120659,"[온가족특가] CJ ENM 월정액 3개월 내내 5,500원","20260527",SMART,"20260422","20260531",PM30000154,335
C2600PT,"26년 6월_B tv+ 파격할인_UI 541 이상_3",A1CP1020261000120874,"[파격할인] B tv+ 12개월 월 5,500원 혜택","20260610",SMART,"20260520","20260531",PM30000107,126259
C2600O0,"26년 6월_B tv+ 짝수달 유료전환 테스트_UI 552 이상",A1CP1020261000120870,[6월 한정] B tv+ 첫달 무료,"20260610",SMART,"20260520","20260630",PM30000107,7966
C2600PR,"26년 6월_B tv+ 파격할인_UI 541 이상_1",A1CP1020261000120874,"[72시간 한정] B tv+ 12개월 월 5,500원 혜택","20260614",SMART,"20260526","20260614",PM30000107,33368
C2600SA,SPOTV 6월 첫달무료_1차_0623,A1SA1020261000121164,[축구 이벤트] SPOTV Prime 1개월 무료,"20260617",SMART,"20260609","20260630",PM35000007,37384
C2600M8,<짱구> 할인쿠폰 프로모션,A1SA1020261000120863,"[짱구 런칭] 영화 5,500원 할인","20260602",SMART,"20260518","20260630",PPV 등,155
C2600QP,"지상파 월정액 첫달 3,300원_6월 5차",A1CP1020261000120947,"[6월 특가] 지상파 월정액 1개월 13,200원 할인","20260605",SMART,"20260526","20260630",PM30000150,1097
C2600SA,SPOTV 6월 첫달무료_1차_0623,A1SA1020261000121164,[축구 이벤트] SPOTV Prime 1개월 무료,"20260627",SMART,"20260609","20260630",PM35000007,285555
C2600S2,"2606_무빙 연장 동의_TV팝업_14차",,,,SMART,,,PPV 등,3955
C2600TL,"7월 성인 1+1 프로모션 (7/1~7/10)",A1SA1020261000121370,"[1+1이벤트] 3,300원 할인 쿠폰","20260705",SMART,"20260626","20260731",PPV 등,343
C2600M6,JTBC 월정액 첫달 무료_5월 2차,A1SA1020261000119567,[깜짝 특가] JTBC 월정액 1개월 100% 할인 쿠폰,"20260603",SMART,"20260119","20261231",PM30000269,254
C2600NP,<모탈 컴뱃2> 할인쿠폰 프로모션,A1SA1020261000120959,"[모탈컴뱃2 런칭] 영화 5,500원 할인","20260621",SMART,"20260528","20260615",PPV 등,74
C2600WG,<디스클로저 데이> 할인쿠폰 프로모션,A1SA1020261000121558,"[디스클로저 데이 런칭] 영화 3,300원 할인","20260727",SMART,"20260713","20260831",PPV 등,347
C2600O7,"2606_캐치온 해지방어_B tv+ Cross-sell",A1CP1020261000120958,[비밀 특가] B tv+ 1개월 100원,"20260624",SMART,"20260528","20260712",PM30000107,14
C2600W7,"7월 성인 1+1 이열치열 프로모션 (7/21~/20)",A1SA1020261000121561,"[1+1 이열치열 이벤트] 3,300원 할인 쿠폰","20260723",SMART,"20260716","20260831",PPV 등,139
C2600LG,<스피드> 할인쿠폰 프로모션,A1SA1020261000120858,"[스피드 런칭] 영화 5,500원 할인","20260529",SMART,"20260512","20260531",PPV 등,3
C2600SC,<금발이 되고 싶어> 할인쿠폰 프로모션,A1SA1020261000121360,"[금발이 되고 싶어 런칭] 영화 5,500원 할인","20260706",SMART,"20260622","20260731",PPV 등,2
C2600LG,<스피드> 할인쿠폰 프로모션,A1SA1020261000120858,"[스피드 런칭] 영화 5,500원 할인","20260518",SMART,"20260512","20260531",PPV 등,10
C2600US,<잠금: 셧다운> 할인쿠폰 프로모션,A1SA1020261000121462,"[잠금: 셧다운 런칭] 영화 5,500원 할인","20260717",SMART,"20260708","20260831",PPV 등,23
C2600WC,"지상파 월정액 3개월 5,500원_7월 3차",A1CP1020261000121373,"[쿨썸머 특가] 지상파 월정액 3개월 내내 월 5,500원","20260708",SMART,"20260629","20260731",PM30000150,3
C2600R6,<슈퍼 마리오 갤럭시> 할인쿠폰 프로모션,A1SA1020261000120961,"[슈퍼마리오 갤럭시 런칭] 영화 3,300원 할인","20260628",SMART,"20260529","20260623",PPV 등,2
C2600Q4,"6월 성인 1+1 프로모션_모바일 (6/11~6/20)",A1SA1020261000121169,"[1+1이벤트] 3,300원 할인 쿠폰 (모바일)","20260613",SMART,"20260609","20260731",PPV 등,2
C2600O0,"26년 6월_B tv+ 짝수달 유료전환 테스트_UI 552 이상",A1CP1020261000120870,[6월 한정] B tv+ 첫달 무료,"20260608",SMART,"20260520","20260630",PM30000107,10358
C2600KI,"JTBC 월정액 6개월 약정 3,300원_5월 3차",A1CP1020261000120658,"[온가족특가] JTBC 6개월 약정 기간 내내 월 3,300원","20260516",SMART,"20260421","20260531",PM30000269,1052
C2600OC,"26년 6월_B tv+ 비플리_UI 541 이상_1차 쿠폰(~6/7) & 배너(~6/30)_4",A1CP1020261000120872,[위클리 혜택] B tv+ 12개월 50% 할인,"20260614",SMART,"20260520","20260630",PM30000107,1483
C2600P5,[주기성] 26년 6월_B tv+ 비플리_UI 541 이상_2~4차_1,A1CP1020261000120872,[위클리 혜택] B tv+ 12개월 50% 할인,"20260620",SMART,"20260520","20260630",PM30000107,5553
C2600T1,"26년 6월_B tv+ KBO 올스타전_UI 541 이상_3",A1CP1020261000121364,"[올스타전 특가] B tv+ 월 5,500원 혜택 (최대 12개월)","20260629",SMART,"20260624","20260705",PM30000107,923
C2600QP,"지상파 월정액 첫달 3,300원_6월 5차",A1CP1020261000120947,"[6월 특가] 지상파 월정액 1개월 13,200원 할인","20260602",SMART,"20260526","20260630",PM30000150,480
C2600T0,"26년 6월_B tv+ KBO 올스타전_UI 541 이상_2",A1CP1020261000121364,"[올스타전 특가] B tv+ 월 5,500원 혜택 (최대 12개월)","20260702",SMART,"20260624","20260705",PM30000107,3106
C2600WF,<군체[예약구매]> 할인쿠폰 프로모션,A1SA1020261000121562,"[군체 예약] 영화 4,400원 할인",,SMART,"20260716","20260831",PPV 등,430
C2600UF,"26년 7월_B tv+ 비플리_UI 541 이상_쿠폰&배너_4",A1CP1020261000121365,[고객님만 혜택] B tv+ 반값 할인 (최대 12개월),"20260713",SMART,"20260624","20260731",PM30000107,145
C2600JA,<오시리스> 할인쿠폰 프로모션,A1SA1020261000120652,"[오시리스 런칭] 영화 3,300원 할인","20260524",SMART,"20260421","20260531",PPV 등,23
C2600N4,(주기성) 6월 쿠폰팩 GCP(5/24~6/21가입)_TB,A1CP1020261000120865,[FREE PASS] B tv+ 1개월 무료_26년6월,"20260619",SMART,"20260519","20260629",PM30000107,67
C2600TA,[주기성] 26년 7월_B tv+ 비플리_UI 541 이하_쿠폰,A1CP1020261000121366,[고객님만 혜택] B tv+ 반값 할인 (최대 12개월),"20260629",SMART,"20260624","20260731",PM30000107,22
C2600NL,<쉘터> 할인쿠폰 프로모션,A1SA1020261000120861,"[쉘터 런칭] 영화 3,300원 할인","20260618",SMART,"20260518","20260630",PPV 등,73
C2600O8,[주기성] 26년 6월_B tv+ 비플리_UI 541 이하_쿠폰,A1CP1020261000120872,[위클리 혜택] B tv+ 12개월 50% 할인,"20260610",SMART,"20260520","20260630",PM30000107,11
C2600O7,"2606_캐치온 해지방어_B tv+ Cross-sell",A1CP1020261000120958,[비밀 특가] B tv+ 1개월 100원,"20260608",SMART,"20260528","20260712",PM30000107,5
C2600TO,<마이클> 할인쿠폰 프로모션,A1SA1020261000121261,"[마이클 런칭] 영화 3,300원 할인","20260714",SMART,"20260616","20260815",PPV 등,6
C2600SC,<금발이 되고 싶어> 할인쿠폰 프로모션,A1SA1020261000121360,"[금발이 되고 싶어 런칭] 영화 5,500원 할인","20260712",SMART,"20260622","20260731",PPV 등,13
C2600UF,"26년 7월_B tv+ 비플리_UI 541 이상_쿠폰&배너_4",A1CP1020261000121365,[고객님만 혜택] B tv+ 반값 할인 (최대 12개월),"20260724",SMART,"20260624","20260731",PM30000107,7
C2600NO,<푸틴: 절대 권력의 최후> 할인쿠폰 프로모션,A1SA1020261000120952,"[푸틴: 절대 권력의 최후 런칭] 영화 3,300원 할인","20260613",SMART,"20260526","20260630",PPV 등,2
C2600TH,<살목지> 할인쿠폰 프로모션,A1SA1020261000121380,"[살목지 런칭] 영화 3,300원 할인","20260705",SMART,"20260629","20260731",PPV 등,3
C2600QV,"6월 성인 1+1 프로모션_모바일 (6/11~6/20)_수정",A1SA1020261000121169,"[1+1이벤트] 3,300원 할인 쿠폰 (모바일)","20260615",SMART,"20260609","20260731",PPV 등,2
C2600JE,<캣 앤 독> 할인쿠폰 프로모션,A1SA1020261000120747,"[캣 앤 독 런칭] 영화 5,500원 할인","20260523",SMART,"20260428","20260531",PPV 등,3
C2600O8,[주기성] 26년 6월_B tv+ 비플리_UI 541 이하_쿠폰,A1CP1020261000120872,[위클리 혜택] B tv+ 12개월 50% 할인,"20260530",SMART,"20260520","20260630",PM30000107,1
C2600T4,"26년 6월_B tv+ KBO 올스타전_UI 541 이상_4",DummyOffer,,,SMART,,,PPV 등,303512
C2600L8,"26년 5월_B tv+ 비플리_UI 541 이상_1차(~5/17)_2(1770)",A1CP1020261000120853,[가정의 달] B tv+ 12개월 50% 할인 (~5/17),"20260517",SMART,"20260507","20260517",PM30000107,59232
C2600MM,"26년 5월_B tv+ 비플리_UI 541 이상_3차(~5/31)_3",A1CP1020261000120854,[가정의 달] B tv+ 12개월 50% 할인 (~5/31),"20260528",SMART,"20260507","20260531",PM30000107,10889
C2600KI,"JTBC 월정액 6개월 약정 3,300원_5월 3차",A1CP1020261000120658,"[온가족특가] JTBC 6개월 약정 기간 내내 월 3,300원","20260523",SMART,"20260421","20260531",PM30000269,509
C2600LX,"26년 5월_B tv+ 비플리_UI 541 이상_2차(~5/25)_1(1770)",A1CP1020261000120859,[가정의 달] B tv+ 12개월 50% 할인 (~5/25),"20260520",SMART,"20260515","20260525",PM30000107,6341
C2600PN,JTBC 월정액 첫달 무료_6월 2차,A1SA1020261000119567,[깜짝 특가] JTBC 월정액 1개월 100% 할인 쿠폰,"20260614",SMART,"20260119","20261231",PM30000269,8348
C2600U0,[팝업] 밸류애드팀 STB 교체(26.7.6)_1-1차,,,,SMART,,,PPV 등,247637
C2600OA,"26년 6월_B tv+ 비플리_UI 541 이상_1차 쿠폰(~6/7) & 배너(~6/30)_2",A1CP1020261000120872,[위클리 혜택] B tv+ 12개월 50% 할인,"20260602",SMART,"20260520","20260630",PM30000107,1485
C2600WK,JTBC 월정액 3개월 70% 할인_7월 3차,A1SA1020261000121374,[쿨썸머 특가] JTBC 월정액 3개월 내내 70% 할인,"20260729",SMART,"20260629","20260731",PM30000269,28883
C2600WJ,"CJ ENM 월정액 3개월 5,500원_7월 3차",A1CP1020261000121358,"[쿨썸머 특가] CJ ENM 월정액 3개월 내내 월 5,500원","20260726",SMART,"20260622","20260731",PM30000154,2849
C2600TG,JTBC 월정액 3개월 70% 할인_7월 1차,A1SA1020261000121374,[쿨썸머 특가] JTBC 월정액 3개월 내내 70% 할인,"20260709",SMART,"20260629","20260731",PM30000269,1737
C2600J5,"지상파 월정액 3개월 내내 5,500원_5월 1차",A1CP1020261000120660,"[온가족특가] 지상파 월정액 3개월 내내 월 5,500원","20260525",SMART,"20260422","20260531",PM30000150,361
C2600WH,<군체> 할인쿠폰 프로모션,A1SA1020261000121563,[군체 런칭] 영화 20% 할인,"20260730",SMART,"20260716","20260831",PPV 등,560
C2600TF,"지상파 월정액 3개월 5,500원_7월 1차",A1CP1020261000121373,"[쿨썸머 특가] 지상파 월정액 3개월 내내 월 5,500원","20260724",SMART,"20260629","20260731",PM30000150,250
C2600QN,"지상파 월정액 첫달 3,300원_6월 4차",A1CP1020261000120947,"[6월 특가] 지상파 월정액 1개월 13,200원 할인","20260605",SMART,"20260526","20260630",PM30000150,280
C2600KI,"JTBC 월정액 6개월 약정 3,300원_5월 3차",A1CP1020261000120658,"[온가족특가] JTBC 6개월 약정 기간 내내 월 3,300원","20260528",SMART,"20260421","20260531",PM30000269,519
C2600KK,"CJ ENM 월정액 3개월 5,500원_5월 2차",A1CP1020261000120659,"[온가족특가] CJ ENM 월정액 3개월 내내 5,500원","20260521",SMART,"20260422","20260531",PM30000154,428
C2600TZ,"지상파 월정액 3개월 5,500원_7월 2차",A1CP1020261000121373,"[쿨썸머 특가] 지상파 월정액 3개월 내내 월 5,500원","20260728",SMART,"20260629","20260731",PM30000150,66
C2600R5,<내 이름은> 할인쿠폰 프로모션,A1SA1020261000121159,"[내 이름은 런칭] 영화 5,500원 할인","20260706",SMART,"20260605","20260731",PPV 등,82
C2600S6,토이스토리 소장용 패키지 프로모션_수정,A1SA1020261000121259,"[토이 스토리 패키지 구매] 영화 5,500원 할인","20260710",SMART,"20260615","20260731",PPV 등,65
C2600UT,"7월 성인 1+1 앵콜 프로모션_모바일 (7/11~7/20)",A1SA1020261000121459,"[1+1 앵콜 이벤트] 3,300원 할인 쿠폰 (모바일)","20260712",SMART,"20260708","20260831",PPV 등,42
C2600NP,<모탈 컴뱃2> 할인쿠폰 프로모션,A1SA1020261000120959,"[모탈컴뱃2 런칭] 영화 5,500원 할인","20260614",SMART,"20260528","20260615",PPV 등,13
C2600NN,<코드 네임: 알라룸> 할인쿠폰 프로모션,A1SA1020261000120951,"[코드 네임: 알라룸 런칭] 영화 5,500원 할인","20260623",SMART,"20260526","20260630",PPV 등,8
C2600KP,<왕과 사는 남자> 할인쿠폰 프로모션,A1SA1020261000120651,"[왕과 사는 남자 런칭] 영화 4,400원 할인","20260515",SMART,"20260421","20260531",PPV 등,15
C2600O7,"2606_캐치온 해지방어_B tv+ Cross-sell",A1CP1020261000120958,[비밀 특가] B tv+ 1개월 100원,"20260607",SMART,"20260528","20260712",PM30000107,19
C2600NH,<리 크로닌의 미이라> 할인쿠폰 프로모션,A1SA1020261000120855,"[리 크로닌의 미이라] 영화 3,300원 할인","20260606",SMART,"20260507","20260630",PPV 등,3
C2600JA,<오시리스> 할인쿠폰 프로모션,A1SA1020261000120652,"[오시리스 런칭] 영화 3,300원 할인","20260507",SMART,"20260421","20260531",PPV 등,1
C2600O7,"2606_캐치온 해지방어_B tv+ Cross-sell",A1CP1020261000120958,[비밀 특가] B tv+ 1개월 100원,"20260706",SMART,"20260528","20260712",PM30000107,1
C2600JL,[팝업] 밸류애드팀 STB 교체(26.5.04)_1-2차,,,,SMART,,,PPV 등,326107
C2600OP,"26년 6월_B tv+ 국내여행_(6/4~7)_0123",DummyOffer,,,SMART,,,PPV 등,1082453
C2600OJ,"2606_플레이보이 디맨드_첫달무료",,,,SMART,,,PPV 등,205092
C2600MR,[팝업] 밸류애드팀 Btv 업_단기(26.5.26)_4-2차,,,,SMART,,,PPV 등,296080
C2600P7,[주기성] 26년 6월_B tv+ 비플리_UI 541 이상_2~4차_3,A1CP1020261000120872,[위클리 혜택] B tv+ 12개월 50% 할인,"20260627",SMART,"20260520","20260630",PM30000107,40426
C2600LY,"26년 5월_B tv+ 비플리_UI 541 이상_2차(~5/25)_2(1770)",A1CP1020261000120859,[가정의 달] B tv+ 12개월 50% 할인 (~5/25),"20260517",SMART,"20260515","20260525",PM30000107,7730
C2600ND,"지상파 월정액 첫달 3,300원_6월 1차",A1CP1020261000120947,"[6월 특가] 지상파 월정액 1개월 13,200원 할인","20260607",SMART,"20260526","20260630",PM30000150,4948
C2600P5,[주기성] 26년 6월_B tv+ 비플리_UI 541 이상_2~4차_1,A1CP1020261000120872,[위클리 혜택] B tv+ 12개월 50% 할인,"20260607",SMART,"20260520","20260630",PM30000107,3419
C2600IY,"JTBC 월정액 6개월 약정 3,300원_5월 1차",A1CP1020261000120658,"[온가족특가] JTBC 6개월 약정 기간 내내 월 3,300원","20260508",SMART,"20260421","20260531",PM30000269,177
C2600OC,"26년 6월_B tv+ 비플리_UI 541 이상_1차 쿠폰(~6/7) & 배너(~6/30)_4",A1CP1020261000120872,[위클리 혜택] B tv+ 12개월 50% 할인,"20260616",SMART,"20260520","20260630",PM30000107,1572
C2600OY,통합 월정액 첫달 무료_6월 2차,A1CP1020261000120948,[이용 감사 혜택] 주요 월정액 1개월 100% 할인 (택1),"20260606",SMART,"20260526","20260630",PM30000176,4768
C2600WW,AI커머스광고 7월 프로모션_복날 챌린지 2차,,,,SMART,,,PPV 등,4592692
C2600W7,"7월 성인 1+1 이열치열 프로모션 (7/21~/20)",A1SA1020261000121561,"[1+1 이열치열 이벤트] 3,300원 할인 쿠폰","20260725",SMART,"20260716","20260831",PPV 등,331
C2600WG,<디스클로저 데이> 할인쿠폰 프로모션,A1SA1020261000121558,"[디스클로저 데이 런칭] 영화 3,300원 할인","20260729",SMART,"20260713","20260831",PPV 등,128
C2600NP,<모탈 컴뱃2> 할인쿠폰 프로모션,A1SA1020261000120959,"[모탈컴뱃2 런칭] 영화 5,500원 할인","20260617",SMART,"20260528","20260615",PPV 등,114
C2600TL,"7월 성인 1+1 프로모션 (7/1~7/10)",A1SA1020261000121370,"[1+1이벤트] 3,300원 할인 쿠폰","20260702",SMART,"20260626","20260731",PPV 등,87
C2600NO,<푸틴: 절대 권력의 최후> 할인쿠폰 프로모션,A1SA1020261000120952,"[푸틴: 절대 권력의 최후 런칭] 영화 3,300원 할인",,SMART,"20260526","20260630",PPV 등,86
C2600TL,"7월 성인 1+1 프로모션 (7/1~7/10)",A1SA1020261000121370,"[1+1이벤트] 3,300원 할인 쿠폰","20260718",SMART,"20260626","20260731",PPV 등,240
C2600KP,<왕과 사는 남자> 할인쿠폰 프로모션,A1SA1020261000120651,"[왕과 사는 남자 런칭] 영화 4,400원 할인","20260527",SMART,"20260421","20260531",PPV 등,58
C2600TA,[주기성] 26년 7월_B tv+ 비플리_UI 541 이하_쿠폰,A1CP1020261000121366,[고객님만 혜택] B tv+ 반값 할인 (최대 12개월),"20260729",SMART,"20260624","20260731",PM30000107,9
C2600P7,[주기성] 26년 6월_B tv+ 비플리_UI 541 이상_2~4차_3,A1CP1020261000120872,[위클리 혜택] B tv+ 12개월 50% 할인,"20260604",SMART,"20260520","20260630",PM30000107,31
C2600S7,토이스토리 소장용 패키지 프로모션 (6/18~6/21 발급),A1SA1020261000121259,"[토이 스토리 패키지 구매] 영화 5,500원 할인","20260622",SMART,"20260615","20260731",PPV 등,34
C2600KP,<왕과 사는 남자> 할인쿠폰 프로모션,A1SA1020261000120651,"[왕과 사는 남자 런칭] 영화 4,400원 할인","20260524",SMART,"20260421","20260531",PPV 등,4
C2600O8,[주기성] 26년 6월_B tv+ 비플리_UI 541 이하_쿠폰,A1CP1020261000120872,[위클리 혜택] B tv+ 12개월 50% 할인,"20260624",SMART,"20260520","20260630",PM30000107,15
C2600KS,[팝업] 밸류애드팀 STB 교체(26.5.11)_2-1차,,,,SMART,,,PPV 등,297620
C2600LE,"CJ ENM 월정액 3개월 5,500원_5월 3차",A1CP1020261000120659,"[온가족특가] CJ ENM 월정액 3개월 내내 5,500원","20260517",SMART,"20260422","20260531",PM30000154,10748
C2600M6,JTBC 월정액 첫달 무료_5월 2차,A1SA1020261000119567,[깜짝 특가] JTBC 월정액 1개월 100% 할인 쿠폰,,SMART,"20260119","20261231",PM30000269,244242
C2600PS,"26년 6월_B tv+ 파격할인_UI 541 이상_2",A1CP1020261000120874,"[파격할인] B tv+ 12개월 월 5,500원 혜택",,SMART,"20260520","20260531",PM30000107,337236
C2600O0,"26년 6월_B tv+ 짝수달 유료전환 테스트_UI 552 이상",A1CP1020261000120870,[6월 한정] B tv+ 첫달 무료,"20260619",SMART,"20260520","20260630",PM30000107,5091
C2600SW,[팝업] 밸류애드팀 Btv 업_장기(26.7.1)_5-3차,,,,SMART,,,PPV 등,371655
C2600U9,[팝업] 밸류애드팀 Btv 업_장기(26.7.8)_1-2차,,,,SMART,,,PPV 등,381280
C2600PR,"26년 6월_B tv+ 파격할인_UI 541 이상_1",A1CP1020261000120874,"[파격할인] B tv+ 12개월 월 5,500원 혜택","20260612",SMART,"20260520","20260531",PM30000107,58294
C2600SU,"26년 6월_B tv+ KBO 올스타전_UI 541 이상_1",A1CP1020261000121364,"[올스타전 특가] B tv+ 월 5,500원 혜택 (최대 12개월)","20260704",SMART,"20260624","20260705",PM30000107,132389
C2600J7,"지상파 월정액 3개월 내내 5,500원_5월 2차",A1CP1020261000120660,"[온가족특가] 지상파 월정액 3개월 내내 월 5,500원","20260506",SMART,"20260422","20260531",PM30000150,1357
C2600N4,(주기성) 6월 쿠폰팩 GCP(5/24~6/21가입)_TB,A1SA1020261000120869,[FREE PASS] SPOTV 프라임패키지 1개월 무료_26년6월,"20260621",SMART,"20260519","20260629",PM35000007,50
C2600SD,통합 월정액 첫달 90% 할인_추가 2차,A1CP1020261000121363,[쿨썸머 파격 특가] 주요 월정액 첫달 90% 할인 (택1),"20260629",SMART,"20260622","20260629",PM30000176,6303
C2600X9,비캐시 혜택위크 프로모션 안내(2),,,,SMART,,,PPV 등,1644449
C2600TI,JTBC 월정액 3개월 70% 할인_7월 2차,A1SA1020261000121374,[쿨썸머 특가] JTBC 월정액 3개월 내내 70% 할인,"20260713",SMART,"20260629","20260731",PM30000269,2360
C2600TF,"지상파 월정액 3개월 5,500원_7월 1차",A1CP1020261000121373,"[쿨썸머 특가] 지상파 월정액 3개월 내내 월 5,500원","20260720",SMART,"20260629","20260731",PM30000150,348
C2600M8,<짱구> 할인쿠폰 프로모션,A1SA1020261000120863,"[짱구 런칭] 영화 5,500원 할인","20260612",SMART,"20260518","20260630",PPV 등,277
C2600IY,"JTBC 월정액 6개월 약정 3,300원_5월 1차",A1CP1020261000120658,"[온가족특가] JTBC 6개월 약정 기간 내내 월 3,300원","20260512",SMART,"20260421","20260531",PM30000269,132
C2600PN,JTBC 월정액 첫달 무료_6월 2차,A1SA1020261000119567,[깜짝 특가] JTBC 월정액 1개월 100% 할인 쿠폰,"20260524",SMART,"20260119","20261231",PM30000269,93
C2600TG,JTBC 월정액 3개월 70% 할인_7월 1차,A1SA1020261000121374,[쿨썸머 특가] JTBC 월정액 3개월 내내 70% 할인,"20260727",SMART,"20260629","20260731",PM30000269,143
C2600UE,"26년 7월_B tv+ 비플리_UI 541 이상_쿠폰&배너_3",A1CP1020261000121365,[고객님만 혜택] B tv+ 반값 할인 (최대 12개월),"20260723",SMART,"20260624","20260731",PM30000107,81
C2600TM,<신의 악단> 할인쿠폰 프로모션,A1SA1020261000121384,"[신의 악단 런칭] 영화 3,300원 할인","20260716",SMART,"20260630","20260731",PPV 등,196
C2600S6,토이스토리 소장용 패키지 프로모션_수정,A1SA1020261000121259,"[토이 스토리 패키지 구매] 영화 5,500원 할인","20260717",SMART,"20260615","20260731",PPV 등,52
C2600N4,(주기성) 6월 쿠폰팩 GCP(5/24~6/21가입)_TB,A1SA1020261000120868,[FREE PASS] JTBC 1개월 무료_26년6월,"20260607",SMART,"20260519","20260629",PM30000269,47
C2600US,<잠금: 셧다운> 할인쿠폰 프로모션,A1SA1020261000121462,"[잠금: 셧다운 런칭] 영화 5,500원 할인","20260731",SMART,"20260708","20260831",PPV 등,29
C2600XH,"26년 7월 B tv+ 50% 할인 연장 캠페인_25년9월할인",A1CP1020261000121665,[가입 유지 선물] B tv+ 50% 할인 혜택 6개월 자동 연장_7월,"20260724",SMART,"20260721","20260831",PPV 등,1
C2600NP,<모탈 컴뱃2> 할인쿠폰 프로모션,A1SA1020261000120959,"[모탈컴뱃2 런칭] 영화 5,500원 할인","20260626",SMART,"20260528","20260615",PPV 등,9
C2600XQ,통합 월정액 3개월 내내 80% 할인_8월 2차,A1CP1020261000121658,[쿨썸머 특가] 주요 월정액 3개월 내내 80% 할인 (택1),"20260727",SMART,"20260720","20260731",PM30000176,1
C2600M6,JTBC 월정액 첫달 무료_5월 2차,A1SA1020261000119567,[깜짝 특가] JTBC 월정액 1개월 100% 할인 쿠폰,"20260516",SMART,"20260119","20261231",PM30000269,2
C2600KO,<폭탄> 할인쿠폰 프로모션,A1SA1020261000120751,"[폭탄 런칭] 영화 5,500원 할인","20260525",SMART,"20260430","20260531",PPV 등,1
C2600QN,"지상파 월정액 첫달 3,300원_6월 4차",A1CP1020261000120947,"[6월 특가] 지상파 월정액 1개월 13,200원 할인","20260627",SMART,"20260526","20260630",PM30000150,1
C2600PM,[보정용][D+1] 쿠폰팩 등록 혜택 지급_2601,A1PR1020261000119553,[쿠폰팩 등록 감사] VOD 20% 할인쿠폰,"20260628",SMART,"20260114","99991231",PPV 등,1
C2600T1,"26년 6월_B tv+ KBO 올스타전_UI 541 이상_3",A1CP1020261000121364,"[올스타전 특가] B tv+ 월 5,500원 혜택 (최대 12개월)","20260704",SMART,"20260624","20260705",PM30000107,119604
C2600QP,"지상파 월정액 첫달 3,300원_6월 5차",A1CP1020261000120947,"[6월 특가] 지상파 월정액 1개월 13,200원 할인","20260627",SMART,"20260526","20260630",PM30000150,118183
C2600WT,[팝업] 밸류애드팀 Btv 업_단기(26.7.28)_4-3차,,,,SMART,,,PPV 등,134543
C2600OY,통합 월정액 첫달 무료_6월 2차,A1CP1020261000120948,[이용 감사 혜택] 주요 월정액 1개월 100% 할인 (택1),"20260613",SMART,"20260526","20260630",PM30000176,21446
C2600OL,"지상파 월정액 첫달 3,300원_6월 2차",A1CP1020261000120947,"[6월 특가] 지상파 월정액 1개월 13,200원 할인","20260628",SMART,"20260526","20260630",PM30000150,16326
C2600OL,"지상파 월정액 첫달 3,300원_6월 2차",A1CP1020261000120947,"[6월 특가] 지상파 월정액 1개월 13,200원 할인","20260620",SMART,"20260526","20260630",PM30000150,3152
C2600V6,[팝업] 밸류애드팀 Btv 업_장기(26.7.15)_2-1차,,,,SMART,,,PPV 등,294182
C2600TF,"지상파 월정액 3개월 5,500원_7월 1차",A1CP1020261000121373,"[쿨썸머 특가] 지상파 월정액 3개월 내내 월 5,500원","20260730",SMART,"20260629","20260731",PM30000150,25497
C2600NA,"26년 5월 B tv+ 할인 연장 캠페인_1주년 5,500원",A1CP1020261000120954,"[가입 유지 선물] B tv+ 월 5,500원 혜택 6개월 자동 연장_5월",,SMART,"20260526","20260731",PM30000107,2218
C2600KI,"JTBC 월정액 6개월 약정 3,300원_5월 3차",A1CP1020261000120658,"[온가족특가] JTBC 6개월 약정 기간 내내 월 3,300원","20260519",SMART,"20260421","20260531",PM30000269,694
C2600VH,"26년 7월_B tv+ KBS 이승철 콘서트_타임딜_UI 541 이상_1",A1CP1020261000121559,"[이승철 특가] B tv+ 월 5,500원 이용 혜택 (최대 12개월)","20260719",SMART,"20260714","20260722",PM30000107,7783
C2600SJ,[주기성]프라다입고문워크 신작혜택파티 프로모션,A1PR1020261000121272,[신작혜택파티] 영화 30% 할인(악마는프라다2 외 대상작),"20260706",SMART,"20260618","20260706",PPV 등,2822
C2600TN,"7월 성인 1+1 프로모션_모바일 (7/1~7/10)",A1SA1020261000121371,"[1+1이벤트] 3,300원 할인 쿠폰 (모바일)","20260716",SMART,"20260626","20260731",PPV 등,33
C2600TG,JTBC 월정액 3개월 70% 할인_7월 1차,A1SA1020261000121374,[쿨썸머 특가] JTBC 월정액 3개월 내내 70% 할인,"20260724",SMART,"20260629","20260731",PM30000269,135
C2600TI,JTBC 월정액 3개월 70% 할인_7월 2차,A1SA1020261000121374,[쿨썸머 특가] JTBC 월정액 3개월 내내 70% 할인,"20260727",SMART,"20260629","20260731",PM30000269,227
C2600UE,"26년 7월_B tv+ 비플리_UI 541 이상_쿠폰&배너_3",A1CP1020261000121365,[고객님만 혜택] B tv+ 반값 할인 (최대 12개월),"20260720",SMART,"20260624","20260731",PM30000107,64
C2600WG,<디스클로저 데이> 할인쿠폰 프로모션,A1SA1020261000121558,"[디스클로저 데이 런칭] 영화 3,300원 할인","20260723",SMART,"20260713","20260831",PPV 등,81
C2600O7,"2606_캐치온 해지방어_B tv+ Cross-sell",A1CP1020261000120958,[비밀 특가] B tv+ 1개월 100원,"20260626",SMART,"20260528","20260712",PM30000107,2
C2600NO,<푸틴: 절대 권력의 최후> 할인쿠폰 프로모션,A1SA1020261000120952,"[푸틴: 절대 권력의 최후 런칭] 영화 3,300원 할인","20260629",SMART,"20260526","20260630",PPV 등,4
C2600R4,<피어스> 할인쿠폰 프로모션,A1SA1020261000121258,"[피어스 런칭] 영화 5,500원 할인","20260703",SMART,"20260615","20260731",PPV 등,2
C2600KM,"지상파 월정액 3개월 내내 5,500원_5월 3차",A1CP1020261000120660,"[온가족특가] 지상파 월정액 3개월 내내 월 5,500원","20260505",SMART,"20260422","20260531",PM30000150,2
C2600JE,<캣 앤 독> 할인쿠폰 프로모션,A1SA1020261000120747,"[캣 앤 독 런칭] 영화 5,500원 할인","20260509",SMART,"20260428","20260531",PPV 등,3
C2600KO,<폭탄> 할인쿠폰 프로모션,A1SA1020261000120751,"[폭탄 런칭] 영화 5,500원 할인","20260509",SMART,"20260430","20260531",PPV 등,5
C2600QS,"6월 성인 1+1 프로모션_모바일_추가 (6/12~6/14 구매자)",A1SA1020261000121169,"[1+1이벤트] 3,300원 할인 쿠폰 (모바일)","20260621",SMART,"20260609","20260731",PPV 등,1
C2600NO,<푸틴: 절대 권력의 최후> 할인쿠폰 프로모션,A1SA1020261000120952,"[푸틴: 절대 권력의 최후 런칭] 영화 3,300원 할인","20260616",SMART,"20260526","20260630",PPV 등,2
C2600MK,"26년 5월_B tv+ 비플리_UI 541 이상_3차(~5/31)_1",A1CP1020261000120854,[가정의 달] B tv+ 12개월 50% 할인 (~5/31),"20260525",SMART,"20260507","20260531",PM30000107,149272
C2600PC,[팝업] B tv 스탠다드+(조합형)_(26.6.9)_2-1차,,,,SMART,,,PPV 등,439196
C2600PB,[팝업] B tv All+(조합형)(26.6.9)_2-1차,,,,SMART,,,PPV 등,574112
C2600IY,"JTBC 월정액 6개월 약정 3,300원_5월 1차",A1CP1020261000120658,"[온가족특가] JTBC 6개월 약정 기간 내내 월 3,300원","20260502",SMART,"20260421","20260531",PM30000269,7027
C2600P6,[주기성] 26년 6월_B tv+ 비플리_UI 541 이상_2~4차_2,A1CP1020261000120872,[위클리 혜택] B tv+ 12개월 50% 할인,"20260620",SMART,"20260520","20260630",PM30000107,5425
C2600OA,"26년 6월_B tv+ 비플리_UI 541 이상_1차 쿠폰(~6/7) & 배너(~6/30)_2",A1CP1020261000120872,[위클리 혜택] B tv+ 12개월 50% 할인,"20260621",SMART,"20260520","20260630",PM30000107,23395
C2600PS,"26년 6월_B tv+ 파격할인_UI 541 이상_2",A1CP1020261000120874,"[72시간 한정] B tv+ 12개월 월 5,500원 혜택",,SMART,"20260526","20260614",PM30000107,337236
C2600O0,"26년 6월_B tv+ 짝수달 유료전환 테스트_UI 552 이상",A1CP1020261000120870,[6월 한정] B tv+ 첫달 무료,"20260616",SMART,"20260520","20260630",PM30000107,3920
C2600L9,"26년 5월_B tv+ 비플리_UI 541 이상_1차(~5/17)_3(1770)",A1CP1020261000120853,[가정의 달] B tv+ 12개월 50% 할인 (~5/17),"20260512",SMART,"20260507","20260517",PM30000107,1983
C2600QM,[보정용][주기성] 26년 6월_B tv+ 비플리_UI 541 이상_2~4차_1,A1CP1020261000120872,[위클리 혜택] B tv+ 12개월 50% 할인,"20260628",SMART,"20260520","20260630",PM30000107,26306
C2600VD,"CJ ENM 월정액 3개월 5,500원_7월 2차",A1CP1020261000121358,"[쿨썸머 특가] CJ ENM 월정액 3개월 내내 월 5,500원","20260711",SMART,"20260622","20260731",PM30000154,72143
C2600LZ,"26년 5월_B tv+ 비플리_UI 541 이상_2차(~5/25)_3(1770)",A1CP1020261000120859,[가정의 달] B tv+ 12개월 50% 할인 (~5/25),"20260519",SMART,"20260515","20260525",PM30000107,4737
C2600N4,(주기성) 6월 쿠폰팩 GCP(5/24~6/21가입)_TB,A1SA1020261000120869,[FREE PASS] SPOTV 프라임패키지 1개월 무료_26년6월,"20260622",SMART,"20260519","20260629",PM35000007,62
C2600XD,"26년 7월_B tv+ 7월 4주차 복날 타임딜_UI 541 이상_1_F",A1CP1020261000121662,"[복날 치킨비] B tv+ 월 5,500원 이용 혜택 (최대 12개월)","20260726",SMART,"20260721","20260726",PM30000107,52043
C2600WH,<군체> 할인쿠폰 프로모션,A1SA1020261000121563,[군체 런칭] 영화 20% 할인,"20260725",SMART,"20260716","20260831",PPV 등,2072
C2600SA,SPOTV 6월 첫달무료_1차_0623,A1SA1020261000121164,[축구 이벤트] SPOTV Prime 1개월 무료,"20260618",SMART,"20260609","20260630",PM35000007,20925
C2600R1,JTBC 월정액 첫달 무료_6월 3차,A1SA1020261000119567,[깜짝 특가] JTBC 월정액 1개월 100% 할인 쿠폰,"20260610",SMART,"20260119","20261231",PM30000269,5856
C2600P7,[주기성] 26년 6월_B tv+ 비플리_UI 541 이상_2~4차_3,A1CP1020261000120872,[위클리 혜택] B tv+ 12개월 50% 할인,"20260615",SMART,"20260520","20260630",PM30000107,556
C2600UC,"26년 7월_B tv+ 비플리_UI 541 이상_쿠폰&배너_1",A1CP1020261000121365,[고객님만 혜택] B tv+ 반값 할인 (최대 12개월),"20260728",SMART,"20260624","20260731",PM30000107,558
C2600Q3,"6월 성인 1+1 프로모션 (6/11~6/20)",A1SA1020261000121168,"[1+1이벤트] 3,300원 할인 쿠폰","20260625",SMART,"20260609","20260731",PPV 등,1
C2600TM,<신의 악단> 할인쿠폰 프로모션,A1SA1020261000121384,"[신의 악단 런칭] 영화 3,300원 할인","20260707",SMART,"20260630","20260731",PPV 등,67
C2600QN,"지상파 월정액 첫달 3,300원_6월 4차",A1CP1020261000120947,"[6월 특가] 지상파 월정액 1개월 13,200원 할인","20260603",SMART,"20260526","20260630",PM30000150,158
C2600S6,토이스토리 소장용 패키지 프로모션_수정,A1SA1020261000121259,"[토이 스토리 패키지 구매] 영화 5,500원 할인","20260713",SMART,"20260615","20260731",PPV 등,48
C2600UP,<서퍼> 할인쿠폰 프로모션,A1SA1020261000121460,"[서퍼 런칭] 영화 3,300원 할인","20260716",SMART,"20260708","20260831",PPV 등,13
C2600TK,<메가 샤크 어택> 할인쿠폰 프로모션,A1SA1020261000121369,"[메가 샤크 어택 런칭] 영화 5,500원 할인","20260714",SMART,"20260626","20260731",PPV 등,15
C2600O8,[주기성] 26년 6월_B tv+ 비플리_UI 541 이하_쿠폰,A1CP1020261000120872,[위클리 혜택] B tv+ 12개월 50% 할인,"20260602",SMART,"20260520","20260630",PM30000107,10
C2600SC,<금발이 되고 싶어> 할인쿠폰 프로모션,A1SA1020261000121360,"[금발이 되고 싶어 런칭] 영화 5,500원 할인","20260628",SMART,"20260622","20260731",PPV 등,15
C2600VM,<헬파이어: 시수의 길> 할인쿠폰 프로모션,A1SA1020261000121461,"[헬파이어: 시수의 길 런칭] 영화 5,500원 할인","20260729",SMART,"20260708","20260831",PPV 등,2
C2600KP,<왕과 사는 남자> 할인쿠폰 프로모션,A1SA1020261000120651,"[왕과 사는 남자 런칭] 영화 4,400원 할인","20260519",SMART,"20260421","20260531",PPV 등,1
C2600LG,<스피드> 할인쿠폰 프로모션,A1SA1020261000120858,"[스피드 런칭] 영화 5,500원 할인","20260526",SMART,"20260512","20260531",PPV 등,3
C2600QV,"6월 성인 1+1 프로모션_모바일 (6/11~6/20)_수정",A1SA1020261000121169,"[1+1이벤트] 3,300원 할인 쿠폰 (모바일)","20260612",SMART,"20260609","20260731",PPV 등,1
C2600N1,"26년 5월_B tv+ 당첨자_UI 541 이상_3(1770)",DummyOffer,,,SMART,,,PPV 등,791175
C2600J5,"지상파 월정액 3개월 내내 5,500원_5월 1차",A1CP1020261000120660,"[온가족특가] 지상파 월정액 3개월 내내 월 5,500원","20260529",SMART,"20260422","20260531",PM30000150,176949
C2600OC,"26년 6월_B tv+ 비플리_UI 541 이상_1차 쿠폰(~6/7) & 배너(~6/30)_4",A1CP1020261000120872,[위클리 혜택] B tv+ 12개월 50% 할인,"20260620",SMART,"20260520","20260630",PM30000107,20669
C2600NE,통합 월정액 첫달 무료_6월 1차,A1CP1020261000120948,[이용 감사 혜택] 주요 월정액 1개월 100% 할인 (택1),"20260603",SMART,"20260526","20260630",PM30000176,9409
C2600RH,"26년 6월_B tv+ 주말 야식비 지원_UI 541 이상_4",DummyOffer,,,SMART,,,PPV 등,792670
C2600LY,"26년 5월_B tv+ 비플리_UI 541 이상_2차(~5/25)_2(1770)",A1CP1020261000120859,[가정의 달] B tv+ 12개월 50% 할인 (~5/25),"20260519",SMART,"20260515","20260525",PM30000107,7721
C2600ND,"지상파 월정액 첫달 3,300원_6월 1차",A1CP1020261000120947,"[6월 특가] 지상파 월정액 1개월 13,200원 할인","20260616",SMART,"20260526","20260630",PM30000150,2653
C2600W2,"26년 7월_B tv+ KBS 이승철 콘서트_타임딜_UI 541 이상_3",A1CP1020261000121559,"[이승철 특가] B tv+ 월 5,500원 이용 혜택 (최대 12개월)","20260722",SMART,"20260714","20260722",PM30000107,19399
C2600TT,<현상수배> 타겟 프로모션_30%_0702,A1SA1020261000121372,[즉시 할인] 현상수배 30% 할인쿠폰,"20260705",SMART,"20260626","20260731",PPV 등,7107
C2600Q3,"6월 성인 1+1 프로모션 (6/11~6/20)",A1SA1020261000121168,"[1+1이벤트] 3,300원 할인 쿠폰",,SMART,"20260609","20260731",PPV 등,418
C2600QM,[보정용][주기성] 26년 6월_B tv+ 비플리_UI 541 이상_2~4차_1,A1CP1020261000120872,[위클리 혜택] B tv+ 12개월 50% 할인,"20260603",SMART,"20260520","20260630",PM30000107,1087
C2600N4,(주기성) 6월 쿠폰팩 GCP(5/24~6/21가입)_TB,A1SA1020261000120869,[FREE PASS] SPOTV 프라임패키지 1개월 무료_26년6월,"20260624",SMART,"20260519","20260629",PM35000007,91
C2600S3,"6월 성인 1+1 프로모션 (6/21~6/30)",A1SA1020261000121170,"[1+1 앵콜 이벤트] 3,300원 할인 쿠폰","20260706",SMART,"20260609","20260731",PPV 등,22
C2600R6,<슈퍼 마리오 갤럭시> 할인쿠폰 프로모션,A1SA1020261000120961,"[슈퍼마리오 갤럭시 런칭] 영화 3,300원 할인","20260625",SMART,"20260529","20260623",PPV 등,43
C2600NN,<코드 네임: 알라룸> 할인쿠폰 프로모션,A1SA1020261000120951,"[코드 네임: 알라룸 런칭] 영화 5,500원 할인","20260621",SMART,"20260526","20260630",PPV 등,16
C2600S4,"6월 성인 1+1 프로모션_모바일 (6/21~6/30)",A1SA1020261000121171,"[1+1 앵콜 이벤트] 3,300원 할인 쿠폰 (모바일)","20260622",SMART,"20260609","20260731",PPV 등,22
C2600Q5,<스위트 홈: 진격의 거인> 할인쿠폰 프로모션,A1SA1020261000121160,"[스위트 홈: 진격의 거인 런칭] 영화 3,300원 할인","20260619",SMART,"20260605","20260731",PPV 등,11
C2600N4,(주기성) 6월 쿠폰팩 GCP(5/24~6/21가입)_TB,A1CP1020261000120865,[FREE PASS] B tv+ 1개월 무료_26년6월,"20260606",SMART,"20260519","20260629",PM30000107,30
C2600US,<잠금: 셧다운> 할인쿠폰 프로모션,A1SA1020261000121462,"[잠금: 셧다운 런칭] 영화 5,500원 할인","20260716",SMART,"20260708","20260831",PPV 등,15
C2600PM,[보정용][D+1] 쿠폰팩 등록 혜택 지급_2601,A1PR1020261000119553,[쿠폰팩 등록 감사] VOD 20% 할인쿠폰,"20260705",SMART,"20260114","99991231",PPV 등,2
C2600UT,"7월 성인 1+1 앵콜 프로모션_모바일 (7/11~7/20)",A1SA1020261000121459,"[1+1 앵콜 이벤트] 3,300원 할인 쿠폰 (모바일)","20260724",SMART,"20260708","20260831",PPV 등,11
C2600WC,"지상파 월정액 3개월 5,500원_7월 3차",A1CP1020261000121373,"[쿨썸머 특가] 지상파 월정액 3개월 내내 월 5,500원","20260704",SMART,"20260629","20260731",PM30000150,7
C2600SH,<납치 48시간> 할인쿠폰 프로모션,A1SA1020261000121265,"[납치 48시간 런칭] 영화 3,300원 할인","20260719",SMART,"20260616","20260831",PPV 등,6
C2600KO,<폭탄> 할인쿠폰 프로모션,A1SA1020261000120751,"[폭탄 런칭] 영화 5,500원 할인","20260531",SMART,"20260430","20260531",PPV 등,3
C2600LG,<스피드> 할인쿠폰 프로모션,A1SA1020261000120858,"[스피드 런칭] 영화 5,500원 할인","20260519",SMART,"20260512","20260531",PPV 등,3
C2600KM,"지상파 월정액 3개월 내내 5,500원_5월 3차",A1CP1020261000120660,"[온가족특가] 지상파 월정액 3개월 내내 월 5,500원",,SMART,"20260422","20260531",PM30000150,382328
C2600NE,통합 월정액 첫달 무료_6월 1차,A1CP1020261000120948,[이용 감사 혜택] 주요 월정액 1개월 100% 할인 (택1),"20260608",SMART,"20260526","20260630",PM30000176,106295
C2600L7,"26년 5월_B tv+ 비플리_UI 541 이상_1차(~5/17)_1(1770)",A1CP1020261000120853,[가정의 달] B tv+ 12개월 50% 할인 (~5/17),"20260510",SMART,"20260507","20260517",PM30000107,8157
C2600O1,"2606_주기성_전환동의 띠배너",,,,SMART,,,PPV 등,28252
C2600M8,<짱구> 할인쿠폰 프로모션,A1SA1020261000120863,"[짱구 런칭] 영화 5,500원 할인","20260616",SMART,"20260518","20260630",PPV 등,263
C2600M6,JTBC 월정액 첫달 무료_5월 2차,A1SA1020261000119567,[깜짝 특가] JTBC 월정액 1개월 100% 할인 쿠폰,"20260609",SMART,"20260119","20261231",PM30000269,1104
C2600OL,"지상파 월정액 첫달 3,300원_6월 2차",A1CP1020261000120947,"[6월 특가] 지상파 월정액 1개월 13,200원 할인","20260625",SMART,"20260526","20260630",PM30000150,1254
C2600KP,<왕과 사는 남자> 할인쿠폰 프로모션,A1SA1020261000120651,"[왕과 사는 남자 런칭] 영화 4,400원 할인","20260526",SMART,"20260421","20260531",PPV 등,162
C2600VH,"26년 7월_B tv+ KBS 이승철 콘서트_타임딜_UI 541 이상_1",A1CP1020261000121559,"[이승철 특가] B tv+ 월 5,500원 이용 혜택 (최대 12개월)","20260718",SMART,"20260714","20260722",PM30000107,10463
C2600XL,[타겟] 최신 리모컨 무상 업그레이드 (7/27),,,,SMART,,,PPV 등,14380
C2600J5,"지상파 월정액 3개월 내내 5,500원_5월 1차",A1CP1020261000120660,"[온가족특가] 지상파 월정액 3개월 내내 월 5,500원","20260522",SMART,"20260422","20260531",PM30000150,332
C2600TA,[주기성] 26년 7월_B tv+ 비플리_UI 541 이하_쿠폰,A1CP1020261000121366,[고객님만 혜택] B tv+ 반값 할인 (최대 12개월),"20260722",SMART,"20260624","20260731",PM30000107,2
C2600VN,<엘리베이션> 할인쿠폰 프로모션,A1SA1020261000121463,"[엘리베이션 런칭] 영화 3,300원 할인","20260724",SMART,"20260708","20260831",PPV 등,82
C2600T7,<노멀> 할인쿠폰 프로모션,A1SA1020261000121162,"[노멀 런칭] 영화 3,300원 할인","20260714",SMART,"20260605","20260731",PPV 등,294
C2600T4,"26년 6월_B tv+ KBO 올스타전_UI 541 이상_4",A1CP1020261000121364,"[올스타전 특가] B tv+ 월 5,500원 혜택 (최대 12개월)","20260625",SMART,"20260624","20260705",PM30000107,29
C2600M6,JTBC 월정액 첫달 무료_5월 2차,A1SA1020261000119567,[깜짝 특가] JTBC 월정액 1개월 100% 할인 쿠폰,"20260604",SMART,"20260119","20261231",PM30000269,78
C2600N4,(주기성) 6월 쿠폰팩 GCP(5/24~6/21가입)_TB,A1SA1020261000120869,[FREE PASS] SPOTV 프라임패키지 1개월 무료_26년6월,"20260620",SMART,"20260519","20260629",PM35000007,49
C2600S6,토이스토리 소장용 패키지 프로모션_수정,A1SA1020261000121259,"[토이 스토리 패키지 구매] 영화 5,500원 할인","20260622",SMART,"20260615","20260731",PPV 등,12
C2600M6,JTBC 월정액 첫달 무료_5월 2차,A1SA1020261000119567,[깜짝 특가] JTBC 월정액 1개월 100% 할인 쿠폰,"20260511",SMART,"20260119","20261231",PM30000269,2
C2600NH,<리 크로닌의 미이라> 할인쿠폰 프로모션,A1SA1020261000120855,"[리 크로닌의 미이라] 영화 3,300원 할인","20260607",SMART,"20260507","20260630",PPV 등,2
C2600WC,"지상파 월정액 3개월 5,500원_7월 3차",A1CP1020261000121373,"[쿨썸머 특가] 지상파 월정액 3개월 내내 월 5,500원","20260706",SMART,"20260629","20260731",PM30000150,2
C2600LN,[모바일 B tv] '26년 5월 페어링 이벤트 앱푸쉬 (Mass),,,,SMART,,,PPV 등,931781
C2600MM,"26년 5월_B tv+ 비플리_UI 541 이상_3차(~5/31)_3",A1CP1020261000120854,[가정의 달] B tv+ 12개월 50% 할인 (~5/31),"20260525",SMART,"20260507","20260531",PM30000107,54022
C2600MM,"26년 5월_B tv+ 비플리_UI 541 이상_3차(~5/31)_3",A1CP1020261000120854,[가정의 달] B tv+ 12개월 50% 할인 (~5/31),"20260530",SMART,"20260507","20260531",PM30000107,75485
C2600P6,[주기성] 26년 6월_B tv+ 비플리_UI 541 이상_2~4차_2,A1CP1020261000120872,[위클리 혜택] B tv+ 12개월 50% 할인,,SMART,"20260520","20260630",PM30000107,185660
C2600OD,[주기성] 26년 6월_B tv+ 6월 비플리_가입자 제외,DummyOffer,,,SMART,,,PPV 등,38949
C2600OL,"지상파 월정액 첫달 3,300원_6월 2차",A1CP1020261000120947,"[6월 특가] 지상파 월정액 1개월 13,200원 할인","20260613",SMART,"20260526","20260630",PM30000150,12807
C2600NL,<쉘터> 할인쿠폰 프로모션,A1SA1020261000120861,"[쉘터 런칭] 영화 3,300원 할인","20260616",SMART,"20260518","20260630",PPV 등,662
C2600WH,<군체> 할인쿠폰 프로모션,A1SA1020261000121563,[군체 런칭] 영화 20% 할인,"20260728",SMART,"20260716","20260831",PPV 등,2162
C2600KN,JTBC 월정액 첫달 무료_5월 1차,A1SA1020261000119567,[깜짝 특가] JTBC 월정액 1개월 100% 할인 쿠폰,"20260613",SMART,"20260119","20261231",PM30000269,1272
C2600O6,"26년 6월_B tv+ 비플리_UI 541 이상_1차 쿠폰(~6/7) & 배너(~6/30)_1",A1CP1020261000120872,[위클리 혜택] B tv+ 12개월 50% 할인,"20260624",SMART,"20260520","20260630",PM30000107,5142
C2600PZ,SPOTV 6월 첫달무료_1차_0612,A1SA1020261000121164,[축구 이벤트] SPOTV Prime 1개월 무료,"20260618",SMART,"20260609","20260630",PM35000007,14717
C2600LZ,"26년 5월_B tv+ 비플리_UI 541 이상_2차(~5/25)_3(1770)",A1CP1020261000120859,[가정의 달] B tv+ 12개월 50% 할인 (~5/25),"20260518",SMART,"20260515","20260525",PM30000107,10944
C2600W2,"26년 7월_B tv+ KBS 이승철 콘서트_타임딜_UI 541 이상_3",A1CP1020261000121559,"[이승철 특가] B tv+ 월 5,500원 이용 혜택 (최대 12개월)",,SMART,"20260714","20260722",PM30000107,107745
C2600SG,"CJ ENM 월정액 3개월 5,500원_7월 1차",A1CP1020261000121358,"[쿨썸머 특가] CJ ENM 월정액 3개월 내내 월 5,500원","20260716",SMART,"20260622","20260731",PM30000154,750
C2600TI,JTBC 월정액 3개월 70% 할인_7월 2차,A1SA1020261000121374,[쿨썸머 특가] JTBC 월정액 3개월 내내 70% 할인,"20260716",SMART,"20260629","20260731",PM30000269,1233
C2600UO,수요1+1무비쿠폰(7월 금토일 타겟편성),,,,SMART,,,PPV 등,650
C2600UC,"26년 7월_B tv+ 비플리_UI 541 이상_쿠폰&배너_1",A1CP1020261000121365,[고객님만 혜택] B tv+ 반값 할인 (최대 12개월),"20260714",SMART,"20260624","20260731",PM30000107,1772
C2600N4,(주기성) 6월 쿠폰팩 GCP(5/24~6/21가입)_TB,A1SA1020261000120868,[FREE PASS] JTBC 1개월 무료_26년6월,"20260628",SMART,"20260519","20260629",PM30000269,1639
C2600N4,(주기성) 6월 쿠폰팩 GCP(5/24~6/21가입)_TB,A1CP1020261000120866,[FREE PASS] 지상파 3사 1개월 무료_26년6월,"20260625",SMART,"20260519","20260629",PM30000150,123
C2600QP,"지상파 월정액 첫달 3,300원_6월 5차",A1CP1020261000120947,"[6월 특가] 지상파 월정액 1개월 13,200원 할인","20260616",SMART,"20260526","20260630",PM30000150,1050
C2600P5,[주기성] 26년 6월_B tv+ 비플리_UI 541 이상_2~4차_1,A1CP1020261000120872,[위클리 혜택] B tv+ 12개월 50% 할인,"20260609",SMART,"20260520","20260630",PM30000107,140
C2600TA,[주기성] 26년 7월_B tv+ 비플리_UI 541 이하_쿠폰,A1CP1020261000121366,[고객님만 혜택] B tv+ 반값 할인 (최대 12개월),"20260708",SMART,"20260624","20260731",PM30000107,11
C2600KN,JTBC 월정액 첫달 무료_5월 1차,A1SA1020261000119567,[깜짝 특가] JTBC 월정액 1개월 100% 할인 쿠폰,"20260528",SMART,"20260119","20261231",PM30000269,9
C2600JE,<캣 앤 독> 할인쿠폰 프로모션,A1SA1020261000120747,"[캣 앤 독 런칭] 영화 5,500원 할인","20260520",SMART,"20260428","20260531",PPV 등,9
C2600NN,<코드 네임: 알라룸> 할인쿠폰 프로모션,A1SA1020261000120951,"[코드 네임: 알라룸 런칭] 영화 5,500원 할인","20260605",SMART,"20260526","20260630",PPV 등,31
C2600SH,<납치 48시간> 할인쿠폰 프로모션,A1SA1020261000121265,"[납치 48시간 런칭] 영화 3,300원 할인","20260713",SMART,"20260616","20260831",PPV 등,11
C2600UE,"26년 7월_B tv+ 비플리_UI 541 이상_쿠폰&배너_3",A1CP1020261000121365,[고객님만 혜택] B tv+ 반값 할인 (최대 12개월),"20260726",SMART,"20260624","20260731",PM30000107,53
C2600SC,<금발이 되고 싶어> 할인쿠폰 프로모션,A1SA1020261000121360,"[금발이 되고 싶어 런칭] 영화 5,500원 할인","20260713",SMART,"20260622","20260731",PPV 등,8
C2600WK,JTBC 월정액 3개월 70% 할인_7월 3차,A1SA1020261000121374,[쿨썸머 특가] JTBC 월정액 3개월 내내 70% 할인,"20260713",SMART,"20260629","20260731",PM30000269,3
C2600S6,토이스토리 소장용 패키지 프로모션_수정,A1SA1020261000121259,"[토이 스토리 패키지 구매] 영화 5,500원 할인","20260628",SMART,"20260615","20260731",PPV 등,4
C2600WC,"지상파 월정액 3개월 5,500원_7월 3차",A1CP1020261000121373,"[쿨썸머 특가] 지상파 월정액 3개월 내내 월 5,500원","20260716",SMART,"20260629","20260731",PM30000150,1
C2600TH,<살목지> 할인쿠폰 프로모션,A1SA1020261000121380,"[살목지 런칭] 영화 3,300원 할인","20260710",SMART,"20260629","20260731",PPV 등,3
C2600SU,"26년 6월_B tv+ KBO 올스타전_UI 541 이상_1",DummyOffer,,,SMART,,,PPV 등,793534
C2600J5,"지상파 월정액 3개월 내내 5,500원_5월 1차",A1CP1020261000120660,"[온가족특가] 지상파 월정액 3개월 내내 월 5,500원","20260531",SMART,"20260422","20260531",PM30000150,25153
C2600KK,"CJ ENM 월정액 3개월 5,500원_5월 2차",A1CP1020261000120659,"[온가족특가] CJ ENM 월정액 3개월 내내 5,500원","20260514",SMART,"20260422","20260531",PM30000154,1101
C2600T0,"26년 6월_B tv+ KBO 올스타전_UI 541 이상_2",A1CP1020261000121364,"[올스타전 특가] B tv+ 월 5,500원 혜택 (최대 12개월)","20260704",SMART,"20260624","20260705",PM30000107,135697
C2600P6,[주기성] 26년 6월_B tv+ 비플리_UI 541 이상_2~4차_2,A1CP1020261000120872,[위클리 혜택] B tv+ 12개월 50% 할인,"20260606",SMART,"20260520","20260630",PM30000107,3838
C2600S1,SPOTV 6월 첫달무료_2차_0622,A1SA1020261000121165,[MLB 이벤트] SPOTV Prime 1개월 무료,"20260625",SMART,"20260609","20260630",PM35000007,23511
C2600R5,<내 이름은> 할인쿠폰 프로모션,A1SA1020261000121159,"[내 이름은 런칭] 영화 5,500원 할인","20260705",SMART,"20260605","20260731",PPV 등,411
C2600PY,SPOTV 6월 첫달무료_1차_0611,A1SA1020261000121164,[축구 이벤트] SPOTV Prime 1개월 무료,"20260613",SMART,"20260609","20260630",PM35000007,5386
C2600UE,"26년 7월_B tv+ 비플리_UI 541 이상_쿠폰&배너_3",A1CP1020261000121365,[고객님만 혜택] B tv+ 반값 할인 (최대 12개월),"20260705",SMART,"20260624","20260731",PM30000107,32022
C2600VC,"2607_비플/캐치온 왕사남 해지취소_1주차_TV팝업",,,,SMART,,,PPV 등,2064
C2600PN,JTBC 월정액 첫달 무료_6월 2차,A1SA1020261000119567,[깜짝 특가] JTBC 월정액 1개월 100% 할인 쿠폰,"20260616",SMART,"20260119","20261231",PM30000269,2006
C2600VD,"CJ ENM 월정액 3개월 5,500원_7월 2차",A1CP1020261000121358,"[쿨썸머 특가] CJ ENM 월정액 3개월 내내 월 5,500원","20260717",SMART,"20260622","20260731",PM30000154,580
C2600TA,[주기성] 26년 7월_B tv+ 비플리_UI 541 이하_쿠폰,A1CP1020261000121366,[고객님만 혜택] B tv+ 반값 할인 (최대 12개월),"20260702",SMART,"20260624","20260731",PM30000107,348
C2600KI,"JTBC 월정액 6개월 약정 3,300원_5월 3차",A1CP1020261000120658,"[온가족특가] JTBC 6개월 약정 기간 내내 월 3,300원","20260515",SMART,"20260421","20260531",PM30000269,829
C2600M8,<짱구> 할인쿠폰 프로모션,A1SA1020261000120863,"[짱구 런칭] 영화 5,500원 할인","20260614",SMART,"20260518","20260630",PPV 등,495
C2600T7,<노멀> 할인쿠폰 프로모션,A1SA1020261000121162,"[노멀 런칭] 영화 3,300원 할인","20260715",SMART,"20260605","20260731",PPV 등,72
C2600N4,(주기성) 6월 쿠폰팩 GCP(5/24~6/21가입)_TB,A1CP1020261000120866,[FREE PASS] 지상파 3사 1개월 무료_26년6월,"20260612",SMART,"20260519","20260629",PM30000150,56
C2600TM,<신의 악단> 할인쿠폰 프로모션,A1SA1020261000121384,"[신의 악단 런칭] 영화 3,300원 할인","20260723",SMART,"20260630","20260731",PPV 등,121
C2600NI,<시에라 마드레: 카르텔 전쟁> 할인쿠폰 프로모션,A1SA1020261000120862,"[시에라 마드레: 카르텔 전쟁 런칭] 영화 5,500원 할인","20260608",SMART,"20260518","20260630",PPV 등,11
C2600WF,<군체[예약구매]> 할인쿠폰 프로모션,A1SA1020261000121562,"[군체 예약] 영화 4,400원 할인","20260727",SMART,"20260716","20260831",PPV 등,5
C2600L0,[팝업] 밸류애드팀 Btv 업_장기(26.5.13)_2-1차,,,,SMART,,,PPV 등,392285
C2600NK,[팝업] 밸류애드팀 STB 교체(26.6.1))_1-2차,,,,SMART,,,PPV 등,276248
C2600PR,"26년 6월_B tv+ 파격할인_UI 541 이상_1",A1CP1020261000120874,"[72시간 한정] B tv+ 12개월 월 5,500원 혜택",,SMART,"20260526","20260614",PM30000107,349116
C2600P8,[주기성] 26년 6월_B tv+ 비플리_UI 541 이상_2~4차_4,A1CP1020261000120872,[위클리 혜택] B tv+ 12개월 50% 할인,"20260627",SMART,"20260520","20260630",PM30000107,108172
C2600M6,JTBC 월정액 첫달 무료_5월 2차,A1SA1020261000119567,[깜짝 특가] JTBC 월정액 1개월 100% 할인 쿠폰,"20260618",SMART,"20260119","20261231",PM30000269,4632
C2600ND,"지상파 월정액 첫달 3,300원_6월 1차",A1CP1020261000120947,"[6월 특가] 지상파 월정액 1개월 13,200원 할인","20260622",SMART,"20260526","20260630",PM30000150,17886
C2600TF,"지상파 월정액 3개월 5,500원_7월 1차",A1CP1020261000121373,"[쿨썸머 특가] 지상파 월정액 3개월 내내 월 5,500원","20260703",SMART,"20260629","20260731",PM30000150,39789
C2600LY,"26년 5월_B tv+ 비플리_UI 541 이상_2차(~5/25)_2(1770)",A1CP1020261000120859,[가정의 달] B tv+ 12개월 50% 할인 (~5/25),"20260521",SMART,"20260515","20260525",PM30000107,4844
C2600MI,JTBC 월정액 첫달 무료_6월 1차,A1SA1020261000119567,[깜짝 특가] JTBC 월정액 1개월 100% 할인 쿠폰,"20260623",SMART,"20260119","20261231",PM30000269,1131
C2600TI,JTBC 월정액 3개월 70% 할인_7월 2차,A1SA1020261000121374,[쿨썸머 특가] JTBC 월정액 3개월 내내 70% 할인,"20260708",SMART,"20260629","20260731",PM30000269,158685
C2600PQ,통합 월정액 첫달 무료_6월 3차,A1CP1020261000120948,[이용 감사 혜택] 주요 월정액 1개월 100% 할인 (택1),"20260615",SMART,"20260526","20260630",PM30000176,6072
C2600OY,통합 월정액 첫달 무료_6월 2차,A1CP1020261000120948,[이용 감사 혜택] 주요 월정액 1개월 100% 할인 (택1),"20260624",SMART,"20260526","20260630",PM30000176,613
C2600MI,JTBC 월정액 첫달 무료_6월 1차,A1SA1020261000119567,[깜짝 특가] JTBC 월정액 1개월 100% 할인 쿠폰,"20260529",SMART,"20260119","20261231",PM30000269,99
C2600IY,"JTBC 월정액 6개월 약정 3,300원_5월 1차",A1CP1020261000120658,"[온가족특가] JTBC 6개월 약정 기간 내내 월 3,300원","20260511",SMART,"20260421","20260531",PM30000269,169
C2600O7,"2606_캐치온 해지방어_B tv+ Cross-sell",A1CP1020261000120958,[비밀 특가] B tv+ 1개월 100원,"20260612",SMART,"20260528","20260712",PM30000107,10
C2600P7,[주기성] 26년 6월_B tv+ 비플리_UI 541 이상_2~4차_3,A1CP1020261000120872,[위클리 혜택] B tv+ 12개월 50% 할인,"20260607",SMART,"20260520","20260630",PM30000107,173
C2600UT,"7월 성인 1+1 앵콜 프로모션_모바일 (7/11~7/20)",A1SA1020261000121459,"[1+1 앵콜 이벤트] 3,300원 할인 쿠폰 (모바일)","20260729",SMART,"20260708","20260831",PPV 등,4
C2600VM,<헬파이어: 시수의 길> 할인쿠폰 프로모션,A1SA1020261000121461,"[헬파이어: 시수의 길 런칭] 영화 5,500원 할인","20260724",SMART,"20260708","20260831",PPV 등,8
C2600S6,토이스토리 소장용 패키지 프로모션_수정,A1SA1020261000121259,"[토이 스토리 패키지 구매] 영화 5,500원 할인","20260702",SMART,"20260615","20260731",PPV 등,3
C2600Q3,"6월 성인 1+1 프로모션 (6/11~6/20)",A1SA1020261000121168,"[1+1이벤트] 3,300원 할인 쿠폰","20260615",SMART,"20260609","20260731",PPV 등,11
C2600N4,(주기성) 6월 쿠폰팩 GCP(5/24~6/21가입)_TB,A1SA1020261000120868,[FREE PASS] JTBC 1개월 무료_26년6월,"20260602",SMART,"20260519","20260629",PM30000269,30
C2600UV,모아나 소장용 패키지 프로모션 (7/10),A1SA1020261000121465,"[모아나 패키지 구매] 영화 5,500원 할인","20260715",SMART,"20260708","20260831",PPV 등,9
C2600LG,<스피드> 할인쿠폰 프로모션,A1SA1020261000120858,"[스피드 런칭] 영화 5,500원 할인","20260521",SMART,"20260512","20260531",PPV 등,4
C2600LG,<스피드> 할인쿠폰 프로모션,A1SA1020261000120858,"[스피드 런칭] 영화 5,500원 할인","20260525",SMART,"20260512","20260531",PPV 등,3
C2600Q3,"6월 성인 1+1 프로모션 (6/11~6/20)",A1SA1020261000121168,"[1+1이벤트] 3,300원 할인 쿠폰","20260619",SMART,"20260609","20260731",PPV 등,1
C2600LI,[팝업] 밸류애드팀 STB 교체(26.5.18)_3-2차,,,,SMART,,,PPV 등,281982
C2600SN,[팝업] 밸류애드팀 STB 교체(26.6.29)_5-3차,,,,SMART,,,PPV 등,213203
C2600J5,"지상파 월정액 3개월 내내 5,500원_5월 1차",A1CP1020261000120660,"[온가족특가] 지상파 월정액 3개월 내내 월 5,500원","20260503",SMART,"20260422","20260531",PM30000150,2796
C2600QQ,통합 월정액 첫달 무료_6월 4차,A1CP1020261000120948,[이용 감사 혜택] 주요 월정액 1개월 100% 할인 (택1),,SMART,"20260526","20260630",PM30000176,88815
C2600SJ,[주기성]프라다입고문워크 신작혜택파티 프로모션,A1PR1020261000121272,[신작혜택파티] 영화 30% 할인(악마는프라다2 외 대상작),"20260705",SMART,"20260618","20260706",PPV 등,2396
C2600S0,SPOTV 6월 첫달무료_2차_0620,A1SA1020261000121165,[MLB 이벤트] SPOTV Prime 1개월 무료,"20260628",SMART,"20260609","20260630",PM35000007,98396
C2600P5,[주기성] 26년 6월_B tv+ 비플리_UI 541 이상_2~4차_1,A1CP1020261000120872,[위클리 혜택] B tv+ 12개월 50% 할인,"20260606",SMART,"20260520","20260630",PM30000107,3586
C2600S5,SPOTV 6월 첫달무료_1차_0622,A1SA1020261000121164,[축구 이벤트] SPOTV Prime 1개월 무료,"20260611",SMART,"20260609","20260630",PM35000007,1845
C2600QP,"지상파 월정액 첫달 3,300원_6월 5차",A1CP1020261000120947,"[6월 특가] 지상파 월정액 1개월 13,200원 할인","20260612",SMART,"20260526","20260630",PM30000150,2714
C2600OC,"26년 6월_B tv+ 비플리_UI 541 이상_1차 쿠폰(~6/7) & 배너(~6/30)_4",A1CP1020261000120872,[위클리 혜택] B tv+ 12개월 50% 할인,"20260619",SMART,"20260520","20260630",PM30000107,21014
C2600S3,"6월 성인 1+1 프로모션 (6/21~6/30)",A1SA1020261000121170,"[1+1 앵콜 이벤트] 3,300원 할인 쿠폰","20260625",SMART,"20260609","20260731",PPV 등,303
C2600JZ,"JTBC 월정액 6개월 약정 3,300원_5월 2차",A1CP1020261000120658,"[온가족특가] JTBC 6개월 약정 기간 내내 월 3,300원","20260524",SMART,"20260421","20260531",PM30000269,182
C2600IP,"CJ ENM 월정액 3개월 5,500원_5월 1차",A1CP1020261000120659,"[온가족특가] CJ ENM 월정액 3개월 내내 5,500원","20260509",SMART,"20260422","20260531",PM30000154,828
C2600M8,<짱구> 할인쿠폰 프로모션,A1SA1020261000120863,"[짱구 런칭] 영화 5,500원 할인","20260609",SMART,"20260518","20260630",PPV 등,309
C2600TM,<신의 악단> 할인쿠폰 프로모션,A1SA1020261000121384,"[신의 악단 런칭] 영화 3,300원 할인","20260722",SMART,"20260630","20260731",PPV 등,153
C2600SH,<납치 48시간> 할인쿠폰 프로모션,A1SA1020261000121265,"[납치 48시간 런칭] 영화 3,300원 할인","20260701",SMART,"20260616","20260831",PPV 등,6
C2600NP,<모탈 컴뱃2> 할인쿠폰 프로모션,A1SA1020261000120959,"[모탈컴뱃2 런칭] 영화 5,500원 할인","20260608",SMART,"20260528","20260615",PPV 등,36
C2600TM,<신의 악단> 할인쿠폰 프로모션,A1SA1020261000121384,"[신의 악단 런칭] 영화 3,300원 할인","20260709",SMART,"20260630","20260731",PPV 등,48
C2600SH,<납치 48시간> 할인쿠폰 프로모션,A1SA1020261000121265,"[납치 48시간 런칭] 영화 3,300원 할인","20260630",SMART,"20260616","20260831",PPV 등,10
C2600SH,<납치 48시간> 할인쿠폰 프로모션,A1SA1020261000121265,"[납치 48시간 런칭] 영화 3,300원 할인","20260627",SMART,"20260616","20260831",PPV 등,16
C2600NP,<모탈 컴뱃2> 할인쿠폰 프로모션,A1SA1020261000120959,"[모탈컴뱃2 런칭] 영화 5,500원 할인","20260612",SMART,"20260528","20260615",PPV 등,8
C2600PS,"26년 6월_B tv+ 파격할인_UI 541 이상_2",DummyOffer,,,SMART,,,PPV 등,793113
C2600UL,"CJ ENM 월정액 3개월 5,500원_7월 1차(배너)",DummyOffer,,,SMART,,,PPV 등,498308
C2600O8,[주기성] 26년 6월_B tv+ 비플리_UI 541 이하_쿠폰,A1CP1020261000120872,[위클리 혜택] B tv+ 12개월 50% 할인,"20260616",SMART,"20260520","20260630",PM30000107,13
C2600PS,"26년 6월_B tv+ 파격할인_UI 541 이상_2",A1CP1020261000120874,"[파격할인] B tv+ 12개월 월 5,500원 혜택","20260614",SMART,"20260520","20260531",PM30000107,53513
C2600W2,"26년 7월_B tv+ KBS 이승철 콘서트_타임딜_UI 541 이상_3",DummyOffer,,,SMART,,,PPV 등,531780
C2600P8,[주기성] 26년 6월_B tv+ 비플리_UI 541 이상_2~4차_4,A1CP1020261000120872,[위클리 혜택] B tv+ 12개월 50% 할인,"20260606",SMART,"20260520","20260630",PM30000107,2638
C2600TA,[주기성] 26년 7월_B tv+ 비플리_UI 541 이하_쿠폰,A1CP1020261000121366,[고객님만 혜택] B tv+ 반값 할인 (최대 12개월),,SMART,"20260624","20260731",PM30000107,284017
C2600TT,<현상수배> 타겟 프로모션_30%_0702,A1SA1020261000121372,[즉시 할인] 현상수배 30% 할인쿠폰,"20260706",SMART,"20260626","20260731",PPV 등,328961
C2600TG,JTBC 월정액 3개월 70% 할인_7월 1차,A1SA1020261000121374,[쿨썸머 특가] JTBC 월정액 3개월 내내 70% 할인,,SMART,"20260629","20260731",PM30000269,229519
C2600VH,"26년 7월_B tv+ KBS 이승철 콘서트_타임딜_UI 541 이상_1",A1CP1020261000121559,"[이승철 특가] B tv+ 월 5,500원 이용 혜택 (최대 12개월)","20260722",SMART,"20260714","20260722",PM30000107,38900
C2600OC,"26년 6월_B tv+ 비플리_UI 541 이상_1차 쿠폰(~6/7) & 배너(~6/30)_4",A1CP1020261000120872,[위클리 혜택] B tv+ 12개월 50% 할인,"20260606",SMART,"20260520","20260630",PM30000107,3690
C2600UD,"26년 7월_B tv+ 비플리_UI 541 이상_쿠폰&배너_2",A1CP1020261000121365,[고객님만 혜택] B tv+ 반값 할인 (최대 12개월),"20260723",SMART,"20260624","20260731",PM30000107,461
C2600OL,"지상파 월정액 첫달 3,300원_6월 2차",A1CP1020261000120947,"[6월 특가] 지상파 월정액 1개월 13,200원 할인","20260630",SMART,"20260526","20260630",PM30000150,1293
C2600PN,JTBC 월정액 첫달 무료_6월 2차,A1SA1020261000119567,[깜짝 특가] JTBC 월정액 1개월 100% 할인 쿠폰,"20260517",SMART,"20260119","20261231",PM30000269,476
C2600J7,"지상파 월정액 3개월 내내 5,500원_5월 2차",A1CP1020261000120660,"[온가족특가] 지상파 월정액 3개월 내내 월 5,500원","20260508",SMART,"20260422","20260531",PM30000150,835
C2600KD,[주기성/쿠폰] <프로젝트헤일메리&인생SF전> 할인쿠폰 프로모션,A1PR1020261000120752,[프로젝트헤일메리] 인생SF영화 추가 30% 할인,"20260511",SMART,"20260430","20260524",PPV 등,68
C2600JE,<캣 앤 독> 할인쿠폰 프로모션,A1SA1020261000120747,"[캣 앤 독 런칭] 영화 5,500원 할인","20260524",SMART,"20260428","20260531",PPV 등,3
C2600TI,JTBC 월정액 3개월 70% 할인_7월 2차,A1SA1020261000121374,[쿨썸머 특가] JTBC 월정액 3개월 내내 70% 할인,"20260726",SMART,"20260629","20260731",PM30000269,338
C2600VN,<엘리베이션> 할인쿠폰 프로모션,A1SA1020261000121463,"[엘리베이션 런칭] 영화 3,300원 할인","20260719",SMART,"20260708","20260831",PPV 등,247
C2600N4,(주기성) 6월 쿠폰팩 GCP(5/24~6/21가입)_TB,A1SA1020261000120868,[FREE PASS] JTBC 1개월 무료_26년6월,"20260625",SMART,"20260519","20260629",PM30000269,50
C2600UE,"26년 7월_B tv+ 비플리_UI 541 이상_쿠폰&배너_3",A1CP1020261000121365,[고객님만 혜택] B tv+ 반값 할인 (최대 12개월),"20260719",SMART,"20260624","20260731",PM30000107,99
C2600QR,"6월 성인 1+1 프로모션_추가 (6/12~14 구매자)",A1SA1020261000121168,"[1+1이벤트] 3,300원 할인 쿠폰","20260617",SMART,"20260609","20260731",PPV 등,69
C2600NN,<코드 네임: 알라룸> 할인쿠폰 프로모션,A1SA1020261000120951,"[코드 네임: 알라룸 런칭] 영화 5,500원 할인","20260617",SMART,"20260526","20260630",PPV 등,47
C2600S3,"6월 성인 1+1 프로모션 (6/21~6/30)",A1SA1020261000121170,"[1+1 앵콜 이벤트] 3,300원 할인 쿠폰","20260705",SMART,"20260609","20260731",PPV 등,14
C2600R1,JTBC 월정액 첫달 무료_6월 3차,A1SA1020261000119567,[깜짝 특가] JTBC 월정액 1개월 100% 할인 쿠폰,"20260525",SMART,"20260119","20261231",PM30000269,24
C2600S6,토이스토리 소장용 패키지 프로모션_수정,A1SA1020261000121259,"[토이 스토리 패키지 구매] 영화 5,500원 할인","20260706",SMART,"20260615","20260731",PPV 등,89
C2600N4,(주기성) 6월 쿠폰팩 GCP(5/24~6/21가입)_TB,A1SA1020261000120868,[FREE PASS] JTBC 1개월 무료_26년6월,"20260621",SMART,"20260519","20260629",PM30000269,40
C2600KO,<폭탄> 할인쿠폰 프로모션,A1SA1020261000120751,"[폭탄 런칭] 영화 5,500원 할인","20260513",SMART,"20260430","20260531",PPV 등,4
C2600SH,<납치 48시간> 할인쿠폰 프로모션,A1SA1020261000121265,"[납치 48시간 런칭] 영화 3,300원 할인","20260721",SMART,"20260616","20260831",PPV 등,2
C2600N4,(주기성) 6월 쿠폰팩 GCP(5/24~6/21가입)_TB,A1CP1020261000120867,[FREE PASS] CJ ENM 1개월 무료_26년6월,"20260625",SMART,"20260519","20260629",PM30000154,61
C2600L5,"26년 5월_B tv+ 크런치롤_할인쿠폰",A1PR1020261000120053,[크런치롤] B tv 애니 장르 30% 할인,"20260507",SMART,"20260225","20260531",PPV 등,10
C2600LG,<스피드> 할인쿠폰 프로모션,A1SA1020261000120858,"[스피드 런칭] 영화 5,500원 할인","20260520",SMART,"20260512","20260531",PPV 등,8
C2600T8,<살목지(2차)> 할인쿠폰 프로모션,A1SA1020261000121161,"[살목지 런칭] 영화 4,444원 할인","20260711",SMART,"20260605","20260731",PPV 등,3
C2600R4,<피어스> 할인쿠폰 프로모션,A1SA1020261000121258,"[피어스 런칭] 영화 5,500원 할인","20260620",SMART,"20260615","20260731",PPV 등,1
C2600L5,"26년 5월_B tv+ 크런치롤_할인쿠폰",A1PR1020261000120053,[크런치롤] B tv 애니 장르 30% 할인,"20260519",SMART,"20260225","20260531",PPV 등,1
C2600L9,"26년 5월_B tv+ 비플리_UI 541 이상_1차(~5/17)_3(1770)",DummyOffer,,,SMART,,,PPV 등,307274
C2600K8,<몽타주: 6일간의 추격> 타겟 프로모션_40%_0430,A1SA1020261000120748,[즉시 할인] 몽타주: 6일간의 추격 40% 할인쿠폰,"20260504",SMART,"20260403","20260430",PPV 등,4840
C2600Q8,[팝업] 밸류애드팀 Btv 업_단기(26.6.16)_3-1차,,,,SMART,,,PPV 등,283091
C2600IY,"JTBC 월정액 6개월 약정 3,300원_5월 1차",A1CP1020261000120658,"[온가족특가] JTBC 6개월 약정 기간 내내 월 3,300원","20260513",SMART,"20260421","20260531",PM30000269,88
C2600PN,JTBC 월정액 첫달 무료_6월 2차,A1SA1020261000119567,[깜짝 특가] JTBC 월정액 1개월 100% 할인 쿠폰,"20260615",SMART,"20260119","20261231",PM30000269,3814
C2600QM,[보정용][주기성] 26년 6월_B tv+ 비플리_UI 541 이상_2~4차_1,A1CP1020261000120872,[위클리 혜택] B tv+ 12개월 50% 할인,"20260621",SMART,"20260520","20260630",PM30000107,12317
C2600SU,"26년 6월_B tv+ KBO 올스타전_UI 541 이상_1",A1CP1020261000121364,"[올스타전 특가] B tv+ 월 5,500원 혜택 (최대 12개월)",,SMART,"20260624","20260705",PM30000107,236499
C2600S7,토이스토리 소장용 패키지 프로모션 (6/18~6/21 발급),A1SA1020261000121259,"[토이 스토리 패키지 구매] 영화 5,500원 할인","20260705",SMART,"20260615","20260731",PPV 등,533
C2600TR,신작혜택파티 프로모션 타겟안내,,,,SMART,,,PPV 등,11712
C2600KK,"CJ ENM 월정액 3개월 5,500원_5월 2차",A1CP1020261000120659,"[온가족특가] CJ ENM 월정액 3개월 내내 5,500원","20260522",SMART,"20260422","20260531",PM30000154,395
C2600J5,"지상파 월정액 3개월 내내 5,500원_5월 1차",A1CP1020261000120660,"[온가족특가] 지상파 월정액 3개월 내내 월 5,500원","20260509",SMART,"20260422","20260531",PM30000150,803
C2600S5,SPOTV 6월 첫달무료_1차_0622,A1SA1020261000121164,[축구 이벤트] SPOTV Prime 1개월 무료,"20260615",SMART,"20260609","20260630",PM35000007,4010
C2600O2,"2606_주기성_전환동의 띠배너 편성제외",,,,SMART,,,PPV 등,1381
C2600N4,(주기성) 6월 쿠폰팩 GCP(5/24~6/21가입)_TB,A1CP1020261000120865,[FREE PASS] B tv+ 1개월 무료_26년6월,"20260607",SMART,"20260519","20260629",PM30000107,81
C2600QP,"지상파 월정액 첫달 3,300원_6월 5차",A1CP1020261000120947,"[6월 특가] 지상파 월정액 1개월 13,200원 할인","20260531",SMART,"20260526","20260630",PM30000150,852
C2600JZ,"JTBC 월정액 6개월 약정 3,300원_5월 2차",A1CP1020261000120658,"[온가족특가] JTBC 6개월 약정 기간 내내 월 3,300원","20260521",SMART,"20260421","20260531",PM30000269,131
C2600JZ,"JTBC 월정액 6개월 약정 3,300원_5월 2차",A1CP1020261000120658,"[온가족특가] JTBC 6개월 약정 기간 내내 월 3,300원","20260525",SMART,"20260421","20260531",PM30000269,112
C2600M6,JTBC 월정액 첫달 무료_5월 2차,A1SA1020261000119567,[깜짝 특가] JTBC 월정액 1개월 100% 할인 쿠폰,"20260621",SMART,"20260119","20261231",PM30000269,142
C2600TJ,<데드 오브 윈터> 할인쿠폰 프로모션,A1SA1020261000121361,"[데드 오브 윈터 런칭] 영화 3,300원 할인","20260704",SMART,"20260622","20260731",PPV 등,22
C2600NN,<코드 네임: 알라룸> 할인쿠폰 프로모션,A1SA1020261000120951,"[코드 네임: 알라룸 런칭] 영화 5,500원 할인","20260609",SMART,"20260526","20260630",PPV 등,12
C2600UF,"26년 7월_B tv+ 비플리_UI 541 이상_쿠폰&배너_4",A1CP1020261000121365,[고객님만 혜택] B tv+ 반값 할인 (최대 12개월),"20260728",SMART,"20260624","20260731",PM30000107,21
C2600O7,"2606_캐치온 해지방어_B tv+ Cross-sell",A1CP1020261000120958,[비밀 특가] B tv+ 1개월 100원,"20260705",SMART,"20260528","20260712",PM30000107,4
C2600S4,"6월 성인 1+1 프로모션_모바일 (6/21~6/30)",A1SA1020261000121171,"[1+1 앵콜 이벤트] 3,300원 할인 쿠폰 (모바일)","20260627",SMART,"20260609","20260731",PPV 등,28
C2600SH,<납치 48시간> 할인쿠폰 프로모션,A1SA1020261000121265,"[납치 48시간 런칭] 영화 3,300원 할인","20260705",SMART,"20260616","20260831",PPV 등,6
C2600TJ,<데드 오브 윈터> 할인쿠폰 프로모션,A1SA1020261000121361,"[데드 오브 윈터 런칭] 영화 3,300원 할인","20260702",SMART,"20260622","20260731",PPV 등,1
C2600T7,<노멀> 할인쿠폰 프로모션,A1SA1020261000121162,"[노멀 런칭] 영화 3,300원 할인","20260711",SMART,"20260605","20260731",PPV 등,3
C2600NO,<푸틴: 절대 권력의 최후> 할인쿠폰 프로모션,A1SA1020261000120952,"[푸틴: 절대 권력의 최후 런칭] 영화 3,300원 할인","20260614",SMART,"20260526","20260630",PPV 등,1
C2600OY,통합 월정액 첫달 무료_6월 2차,A1CP1020261000120948,[이용 감사 혜택] 주요 월정액 1개월 100% 할인 (택1),"20260625",SMART,"20260526","20260630",PM30000176,58418
C2600SG,"CJ ENM 월정액 3개월 5,500원_7월 1차",A1CP1020261000121358,"[쿨썸머 특가] CJ ENM 월정액 3개월 내내 월 5,500원","20260729",SMART,"20260622","20260731",PM30000154,204650
C2600PT,"26년 6월_B tv+ 파격할인_UI 541 이상_3",A1CP1020261000120874,"[파격할인] B tv+ 12개월 월 5,500원 혜택",,SMART,"20260520","20260531",PM30000107,51098
C2600PY,SPOTV 6월 첫달무료_1차_0611,A1SA1020261000121164,[축구 이벤트] SPOTV Prime 1개월 무료,"20260628",SMART,"20260609","20260630",PM35000007,95670
C2600OY,통합 월정액 첫달 무료_6월 2차,A1CP1020261000120948,[이용 감사 혜택] 주요 월정액 1개월 100% 할인 (택1),"20260621",SMART,"20260526","20260630",PM30000176,1506
C2600QP,"지상파 월정액 첫달 3,300원_6월 5차",A1CP1020261000120947,"[6월 특가] 지상파 월정액 1개월 13,200원 할인","20260619",SMART,"20260526","20260630",PM30000150,4814
C2600O6,"26년 6월_B tv+ 비플리_UI 541 이상_1차 쿠폰(~6/7) & 배너(~6/30)_1",A1CP1020261000120872,[위클리 혜택] B tv+ 12개월 50% 할인,"20260531",SMART,"20260520","20260630",PM30000107,1429
C2600T1,"26년 6월_B tv+ KBO 올스타전_UI 541 이상_3",A1CP1020261000121364,"[올스타전 특가] B tv+ 월 5,500원 혜택 (최대 12개월)","20260630",SMART,"20260624","20260705",PM30000107,1687
C2600OL,"지상파 월정액 첫달 3,300원_6월 2차",A1CP1020261000120947,"[6월 특가] 지상파 월정액 1개월 13,200원 할인","20260618",SMART,"20260526","20260630",PM30000150,3145
C2600QQ,통합 월정액 첫달 무료_6월 4차,A1CP1020261000120948,[이용 감사 혜택] 주요 월정액 1개월 100% 할인 (택1),"20260621",SMART,"20260526","20260630",PM30000176,7645
C2600OC,"26년 6월_B tv+ 비플리_UI 541 이상_1차 쿠폰(~6/7) & 배너(~6/30)_4",A1CP1020261000120872,[위클리 혜택] B tv+ 12개월 50% 할인,"20260603",SMART,"20260520","20260630",PM30000107,680
C2600OC,"26년 6월_B tv+ 비플리_UI 541 이상_1차 쿠폰(~6/7) & 배너(~6/30)_4",A1CP1020261000120872,[위클리 혜택] B tv+ 12개월 50% 할인,"20260629",SMART,"20260520","20260630",PM30000107,886
C2600WB,"2607_비플/캐치온 왕사남 해지취소_3주차_토팝",,,,SMART,,,PPV 등,1805
C2600QR,"6월 성인 1+1 프로모션_추가 (6/12~14 구매자)",A1SA1020261000121168,"[1+1이벤트] 3,300원 할인 쿠폰",,SMART,"20260609","20260731",PPV 등,1575
C2600TL,"7월 성인 1+1 프로모션 (7/1~7/10)",A1SA1020261000121370,"[1+1이벤트] 3,300원 할인 쿠폰","20260712",SMART,"20260626","20260731",PPV 등,468
C2600O8,[주기성] 26년 6월_B tv+ 비플리_UI 541 이하_쿠폰,A1CP1020261000120872,[위클리 혜택] B tv+ 12개월 50% 할인,"20260627",SMART,"20260520","20260630",PM30000107,84
C2600TG,JTBC 월정액 3개월 70% 할인_7월 1차,A1SA1020261000121374,[쿨썸머 특가] JTBC 월정액 3개월 내내 70% 할인,"20260719",SMART,"20260629","20260731",PM30000269,263
C2600XH,"26년 7월 B tv+ 50% 할인 연장 캠페인_25년9월할인",A1CP1020261000121665,[가입 유지 선물] B tv+ 50% 할인 혜택 6개월 자동 연장_7월,,SMART,"20260721","20260831",PPV 등,414
C2600SH,<납치 48시간> 할인쿠폰 프로모션,A1SA1020261000121265,"[납치 48시간 런칭] 영화 3,300원 할인",,SMART,"20260616","20260831",PPV 등,126
C2600N4,(주기성) 6월 쿠폰팩 GCP(5/24~6/21가입)_TB,A1SA1020261000120869,[FREE PASS] SPOTV 프라임패키지 1개월 무료_26년6월,"20260607",SMART,"20260519","20260629",PM35000007,52
C2600NP,<모탈 컴뱃2> 할인쿠폰 프로모션,A1SA1020261000120959,"[모탈컴뱃2 런칭] 영화 5,500원 할인","20260627",SMART,"20260528","20260615",PPV 등,28
C2600KO,<폭탄> 할인쿠폰 프로모션,A1SA1020261000120751,"[폭탄 런칭] 영화 5,500원 할인","20260511",SMART,"20260430","20260531",PPV 등,7
C2600VD,"CJ ENM 월정액 3개월 5,500원_7월 2차",A1CP1020261000121358,"[쿨썸머 특가] CJ ENM 월정액 3개월 내내 월 5,500원","20260725",SMART,"20260622","20260731",PM30000154,93
C2600TN,"7월 성인 1+1 프로모션_모바일 (7/1~7/10)",A1SA1020261000121371,"[1+1이벤트] 3,300원 할인 쿠폰 (모바일)","20260702",SMART,"20260626","20260731",PPV 등,13
C2600KO,<폭탄> 할인쿠폰 프로모션,A1SA1020261000120751,"[폭탄 런칭] 영화 5,500원 할인","20260522",SMART,"20260430","20260531",PPV 등,13
C2600VM,<헬파이어: 시수의 길> 할인쿠폰 프로모션,A1SA1020261000121461,"[헬파이어: 시수의 길 런칭] 영화 5,500원 할인","20260720",SMART,"20260708","20260831",PPV 등,41
C2600MI,JTBC 월정액 첫달 무료_6월 1차,A1SA1020261000119567,[깜짝 특가] JTBC 월정액 1개월 100% 할인 쿠폰,"20260524",SMART,"20260119","20261231",PM30000269,39
C2600O7,"2606_캐치온 해지방어_B tv+ Cross-sell",A1CP1020261000120958,[비밀 특가] B tv+ 1개월 100원,"20260619",SMART,"20260528","20260712",PM30000107,10
C2600LE,"CJ ENM 월정액 3개월 5,500원_5월 3차",A1CP1020261000120659,"[온가족특가] CJ ENM 월정액 3개월 내내 5,500원","20260508",SMART,"20260422","20260531",PM30000154,17
C2600O8,[주기성] 26년 6월_B tv+ 비플리_UI 541 이하_쿠폰,A1CP1020261000120872,[위클리 혜택] B tv+ 12개월 50% 할인,"20260614",SMART,"20260520","20260630",PM30000107,4
C2600N4,(주기성) 6월 쿠폰팩 GCP(5/24~6/21가입)_TB,A1CP1020261000120867,[FREE PASS] CJ ENM 1개월 무료_26년6월,"20260620",SMART,"20260519","20260629",PM30000154,27
C2600JA,<오시리스> 할인쿠폰 프로모션,A1SA1020261000120652,"[오시리스 런칭] 영화 3,300원 할인","20260526",SMART,"20260421","20260531",PPV 등,9
C2600R4,<피어스> 할인쿠폰 프로모션,A1SA1020261000121258,"[피어스 런칭] 영화 5,500원 할인","20260630",SMART,"20260615","20260731",PPV 등,1
C2600LP,[팝업] B tv 스탠다드+(조합형)_(26.5.19)_3-1차,,,,SMART,,,PPV 등,442026
C2600UE,"26년 7월_B tv+ 비플리_UI 541 이상_쿠폰&배너_3",A1CP1020261000121365,[고객님만 혜택] B tv+ 반값 할인 (최대 12개월),"20260729",SMART,"20260624","20260731",PM30000107,514856
C2600QK,"2606_SPOTV_르망24시간",DummyOffer,,,SMART,,,PPV 등,144130
C2600LE,"CJ ENM 월정액 3개월 5,500원_5월 3차",A1CP1020261000120659,"[온가족특가] CJ ENM 월정액 3개월 내내 5,500원","20260529",SMART,"20260422","20260531",PM30000154,40348
C2600P6,[주기성] 26년 6월_B tv+ 비플리_UI 541 이상_2~4차_2,A1CP1020261000120872,[위클리 혜택] B tv+ 12개월 50% 할인,"20260627",SMART,"20260520","20260630",PM30000107,100381
C2600X8,"26년 7월_B tv+ 7월 4주차 복날 타임딜_UI 541 이상_3_F",A1CP1020261000121662,"[복날 치킨비] B tv+ 월 5,500원 이용 혜택 (최대 12개월)","20260724",SMART,"20260721","20260726",PM30000107,622190
C2600PQ,통합 월정액 첫달 무료_6월 3차,A1CP1020261000120948,[이용 감사 혜택] 주요 월정액 1개월 100% 할인 (택1),"20260613",SMART,"20260526","20260630",PM30000176,11335
C2600R1,JTBC 월정액 첫달 무료_6월 3차,A1SA1020261000119567,[깜짝 특가] JTBC 월정액 1개월 100% 할인 쿠폰,"20260620",SMART,"20260119","20261231",PM30000269,18430
C2600O6,"26년 6월_B tv+ 비플리_UI 541 이상_1차 쿠폰(~6/7) & 배너(~6/30)_1",A1CP1020261000120872,[위클리 혜택] B tv+ 12개월 50% 할인,"20260615",SMART,"20260520","20260630",PM30000107,2245
C2600RC,"<왕과 사는 남자> 타겟 프로모션_2,000원_0617",A1SA1020261000121266,"[즉시 할인] 왕과 사는 남자 2,200원 할인쿠폰","20260623",SMART,"20260616","20260731",PPV 등,5921
C2600OC,"26년 6월_B tv+ 비플리_UI 541 이상_1차 쿠폰(~6/7) & 배너(~6/30)_4",A1CP1020261000120872,[위클리 혜택] B tv+ 12개월 50% 할인,"20260602",SMART,"20260520","20260630",PM30000107,706
C2600TH,<살목지> 할인쿠폰 프로모션,A1SA1020261000121380,"[살목지 런칭] 영화 3,300원 할인","20260712",SMART,"20260629","20260731",PPV 등,1534
C2600TK,<메가 샤크 어택> 할인쿠폰 프로모션,A1SA1020261000121369,"[메가 샤크 어택 런칭] 영화 5,500원 할인","20260709",SMART,"20260626","20260731",PPV 등,40
C2600KK,"CJ ENM 월정액 3개월 5,500원_5월 2차",A1CP1020261000120659,"[온가족특가] CJ ENM 월정액 3개월 내내 5,500원","20260524",SMART,"20260422","20260531",PM30000154,493
C2600TF,"지상파 월정액 3개월 5,500원_7월 1차",A1CP1020261000121373,"[쿨썸머 특가] 지상파 월정액 3개월 내내 월 5,500원","20260728",SMART,"20260629","20260731",PM30000150,194
C2600QN,"지상파 월정액 첫달 3,300원_6월 4차",A1CP1020261000120947,"[6월 특가] 지상파 월정액 1개월 13,200원 할인","20260609",SMART,"20260526","20260630",PM30000150,503
C2600IY,"JTBC 월정액 6개월 약정 3,300원_5월 1차",A1CP1020261000120658,"[온가족특가] JTBC 6개월 약정 기간 내내 월 3,300원","20260507",SMART,"20260421","20260531",PM30000269,151
C2600R5,<내 이름은> 할인쿠폰 프로모션,A1SA1020261000121159,"[내 이름은 런칭] 영화 5,500원 할인","20260624",SMART,"20260605","20260731",PPV 등,64
C2600UP,<서퍼> 할인쿠폰 프로모션,A1SA1020261000121460,"[서퍼 런칭] 영화 3,300원 할인",,SMART,"20260708","20260831",PPV 등,141
C2600M8,<짱구> 할인쿠폰 프로모션,A1SA1020261000120863,"[짱구 런칭] 영화 5,500원 할인","20260601",SMART,"20260518","20260630",PPV 등,134
C2600UF,"26년 7월_B tv+ 비플리_UI 541 이상_쿠폰&배너_4",A1CP1020261000121365,[고객님만 혜택] B tv+ 반값 할인 (최대 12개월),"20260712",SMART,"20260624","20260731",PM30000107,476
C2600NP,<모탈 컴뱃2> 할인쿠폰 프로모션,A1SA1020261000120959,"[모탈컴뱃2 런칭] 영화 5,500원 할인","20260628",SMART,"20260528","20260615",PPV 등,22
C2600QV,"6월 성인 1+1 프로모션_모바일 (6/11~6/20)_수정",A1SA1020261000121169,"[1+1이벤트] 3,300원 할인 쿠폰 (모바일)","20260618",SMART,"20260609","20260731",PPV 등,8
C2600Q5,<스위트 홈: 진격의 거인> 할인쿠폰 프로모션,A1SA1020261000121160,"[스위트 홈: 진격의 거인 런칭] 영화 3,300원 할인","20260709",SMART,"20260605","20260731",PPV 등,4
C2600LG,<스피드> 할인쿠폰 프로모션,A1SA1020261000120858,"[스피드 런칭] 영화 5,500원 할인","20260602",SMART,"20260512","20260531",PPV 등,1
C2600JZ,"JTBC 월정액 6개월 약정 3,300원_5월 2차",DummyOffer,,,SMART,,,PPV 등,499422
C2600MM,"26년 5월_B tv+ 비플리_UI 541 이상_3차(~5/31)_3",A1CP1020261000120854,[가정의 달] B tv+ 12개월 50% 할인 (~5/31),"20260529",SMART,"20260507","20260531",PM30000107,380542
C2600JT,[팝업] 밸류애드팀 Btv 업_장기(26.5.06)_1-1차,,,,SMART,,,PPV 등,393575
C2600ML,"26년 5월_B tv+ 비플리_UI 541 이상_3차(~5/31)_2",A1CP1020261000120854,[가정의 달] B tv+ 12개월 50% 할인 (~5/31),"20260525",SMART,"20260507","20260531",PM30000107,149290
C2600PY,SPOTV 6월 첫달무료_1차_0611,A1SA1020261000121164,[축구 이벤트] SPOTV Prime 1개월 무료,"20260617",SMART,"20260609","20260630",PM35000007,37897
C2600LX,"26년 5월_B tv+ 비플리_UI 541 이상_2차(~5/25)_1(1770)",A1CP1020261000120859,[가정의 달] B tv+ 12개월 50% 할인 (~5/25),"20260518",SMART,"20260515","20260525",PM30000107,10994
C2600O0,"26년 6월_B tv+ 짝수달 유료전환 테스트_UI 552 이상",A1CP1020261000120870,[6월 한정] B tv+ 첫달 무료,"20260605",SMART,"20260520","20260630",PM30000107,16351
C2600ND,"지상파 월정액 첫달 3,300원_6월 1차",A1CP1020261000120947,"[6월 특가] 지상파 월정액 1개월 13,200원 할인","20260531",SMART,"20260526","20260630",PM30000150,6132
C2600SG,"CJ ENM 월정액 3개월 5,500원_7월 1차",A1CP1020261000121358,"[쿨썸머 특가] CJ ENM 월정액 3개월 내내 월 5,500원","20260718",SMART,"20260622","20260731",PM30000154,787
C2600UD,"26년 7월_B tv+ 비플리_UI 541 이상_쿠폰&배너_2",A1CP1020261000121365,[고객님만 혜택] B tv+ 반값 할인 (최대 12개월),"20260731",SMART,"20260624","20260731",PM30000107,29177
C2600NH,<리 크로닌의 미이라> 할인쿠폰 프로모션,A1SA1020261000120855,"[리 크로닌의 미이라] 영화 3,300원 할인",,SMART,"20260507","20260630",PPV 등,402
C2600WO,[팝업] 밸류애드팀 STB 교체(26.7.27)_4-1차,,,,SMART,,,PPV 등,243684
C2600O6,"26년 6월_B tv+ 비플리_UI 541 이상_1차 쿠폰(~6/7) & 배너(~6/30)_1",A1CP1020261000120872,[위클리 혜택] B tv+ 12개월 50% 할인,"20260607",SMART,"20260520","20260630",PM30000107,3611
C2600TT,<현상수배> 타겟 프로모션_30%_0702,A1SA1020261000121372,[즉시 할인] 현상수배 30% 할인쿠폰,"20260708",SMART,"20260626","20260731",PPV 등,37773
C2600PY,SPOTV 6월 첫달무료_1차_0611,A1SA1020261000121164,[축구 이벤트] SPOTV Prime 1개월 무료,"20260611",SMART,"20260609","20260630",PM35000007,4759
C2600J5,"지상파 월정액 3개월 내내 5,500원_5월 1차",A1CP1020261000120660,"[온가족특가] 지상파 월정액 3개월 내내 월 5,500원","20260514",SMART,"20260422","20260531",PM30000150,413
C2600TI,JTBC 월정액 3개월 70% 할인_7월 2차,A1SA1020261000121374,[쿨썸머 특가] JTBC 월정액 3개월 내내 70% 할인,"20260728",SMART,"20260629","20260731",PM30000269,207
C2600KN,JTBC 월정액 첫달 무료_5월 1차,A1SA1020261000119567,[깜짝 특가] JTBC 월정액 1개월 100% 할인 쿠폰,"20260607",SMART,"20260119","20261231",PM30000269,69
C2600KD,[주기성/쿠폰] <프로젝트헤일메리&인생SF전> 할인쿠폰 프로모션,A1PR1020261000120752,[프로젝트헤일메리] 인생SF영화 추가 30% 할인,"20260521",SMART,"20260430","20260524",PPV 등,20
C2600QU,"6월 성인 1+1 프로모션 (6/11~6/20)_수정",A1SA1020261000121168,"[1+1이벤트] 3,300원 할인 쿠폰","20260617",SMART,"20260609","20260731",PPV 등,249
C2600N4,(주기성) 6월 쿠폰팩 GCP(5/24~6/21가입)_TB,A1SA1020261000120868,[FREE PASS] JTBC 1개월 무료_26년6월,"20260605",SMART,"20260519","20260629",PM30000269,54
C2600TK,<메가 샤크 어택> 할인쿠폰 프로모션,A1SA1020261000121369,"[메가 샤크 어택 런칭] 영화 5,500원 할인","20260706",SMART,"20260626","20260731",PPV 등,31
C2600QU,"6월 성인 1+1 프로모션 (6/11~6/20)_수정",A1SA1020261000121168,"[1+1이벤트] 3,300원 할인 쿠폰","20260626",SMART,"20260609","20260731",PPV 등,2
C2600NN,<코드 네임: 알라룸> 할인쿠폰 프로모션,A1SA1020261000120951,"[코드 네임: 알라룸 런칭] 영화 5,500원 할인","20260607",SMART,"20260526","20260630",PPV 등,21
C2600N5,(일회성) 6월 쿠폰팩 GCP(5/1~5/23가입)_TB,A1CP1020261000120866,[FREE PASS] 지상파 3사 1개월 무료_26년6월,"20260604",SMART,"20260519","20260629",PM30000150,3
C2600UP,<서퍼> 할인쿠폰 프로모션,A1SA1020261000121460,"[서퍼 런칭] 영화 3,300원 할인","20260726",SMART,"20260708","20260831",PPV 등,16
C2600S4,"6월 성인 1+1 프로모션_모바일 (6/21~6/30)",A1SA1020261000121171,"[1+1 앵콜 이벤트] 3,300원 할인 쿠폰 (모바일)","20260711",SMART,"20260609","20260731",PPV 등,2
C2600TK,<메가 샤크 어택> 할인쿠폰 프로모션,A1SA1020261000121369,"[메가 샤크 어택 런칭] 영화 5,500원 할인","20260707",SMART,"20260626","20260731",PPV 등,26
C2600LG,<스피드> 할인쿠폰 프로모션,A1SA1020261000120858,"[스피드 런칭] 영화 5,500원 할인","20260527",SMART,"20260512","20260531",PPV 등,3
C2600WI,<뮌터 & 칸딘스키 - 사랑의 초상> 할인쿠폰 프로모션,A1SA1020261000121560,"[뮌터 & 칸딘스키 - 사랑의 초상 런칭] 영화 5,500원 할인","20260729",SMART,"20260716","20260831",PPV 등,2
C2600P8,[주기성] 26년 6월_B tv+ 비플리_UI 541 이상_2~4차_4,A1CP1020261000120872,[위클리 혜택] B tv+ 12개월 50% 할인,"20260531",SMART,"20260520","20260630",PM30000107,1
C2600Q4,"6월 성인 1+1 프로모션_모바일 (6/11~6/20)",A1SA1020261000121169,"[1+1이벤트] 3,300원 할인 쿠폰 (모바일)","20260704",SMART,"20260609","20260731",PPV 등,3
C2600N4,(주기성) 6월 쿠폰팩 GCP(5/24~6/21가입)_TB,A1CP1020261000120866,[FREE PASS] 지상파 3사 1개월 무료_26년6월,"20260627",SMART,"20260519","20260629",PM30000150,5510
C2600IY,"JTBC 월정액 6개월 약정 3,300원_5월 1차",A1CP1020261000120658,"[온가족특가] JTBC 6개월 약정 기간 내내 월 3,300원","20260531",SMART,"20260421","20260531",PM30000269,5991
C2600M6,JTBC 월정액 첫달 무료_5월 2차,A1SA1020261000119567,[깜짝 특가] JTBC 월정액 1개월 100% 할인 쿠폰,"20260528",SMART,"20260119","20261231",PM30000269,90674
C2600JD,"2605_무빙 연장 동의_TV팝업_6차",,,,SMART,,,PPV 등,4499
C2600L7,"26년 5월_B tv+ 비플리_UI 541 이상_1차(~5/17)_1(1770)",A1CP1020261000120853,[가정의 달] B tv+ 12개월 50% 할인 (~5/17),"20260513",SMART,"20260507","20260517",PM30000107,5465
C2600PP,"지상파 월정액 첫달 3,300원_6월 3차",A1CP1020261000120947,"[6월 특가] 지상파 월정액 1개월 13,200원 할인","20260618",SMART,"20260526","20260630",PM30000150,35215
C2600QN,"지상파 월정액 첫달 3,300원_6월 4차",A1CP1020261000120947,"[6월 특가] 지상파 월정액 1개월 13,200원 할인","20260620",SMART,"20260526","20260630",PM30000150,4755
C2600M6,JTBC 월정액 첫달 무료_5월 2차,A1SA1020261000119567,[깜짝 특가] JTBC 월정액 1개월 100% 할인 쿠폰,"20260523",SMART,"20260119","20261231",PM30000269,3992
C2600VH,"26년 7월_B tv+ KBS 이승철 콘서트_타임딜_UI 541 이상_1",A1CP1020261000121559,"[이승철 특가] B tv+ 월 5,500원 이용 혜택 (최대 12개월)","20260717",SMART,"20260714","20260722",PM30000107,17345
C2600WG,<디스클로저 데이> 할인쿠폰 프로모션,A1SA1020261000121558,"[디스클로저 데이 런칭] 영화 3,300원 할인","20260730",SMART,"20260713","20260831",PPV 등,53
C2600N4,(주기성) 6월 쿠폰팩 GCP(5/24~6/21가입)_TB,A1CP1020261000120865,[FREE PASS] B tv+ 1개월 무료_26년6월,"20260625",SMART,"20260519","20260629",PM30000107,631
C2600KM,"지상파 월정액 3개월 내내 5,500원_5월 3차",A1CP1020261000120660,"[온가족특가] 지상파 월정액 3개월 내내 월 5,500원","20260513",SMART,"20260422","20260531",PM30000150,341
C2600UU,"7월 성인 1+1 앵콜 프로모션_모바일 (7/11~7/20)",A1SA1020261000121458,"[1+1 앵콜 이벤트] 3,300원 할인 쿠폰","20260718",SMART,"20260708","20260831",PPV 등,215
C2600M8,<짱구> 할인쿠폰 프로모션,A1SA1020261000120863,"[짱구 런칭] 영화 5,500원 할인","20260524",SMART,"20260518","20260630",PPV 등,244
C2600IY,"JTBC 월정액 6개월 약정 3,300원_5월 1차",A1CP1020261000120658,"[온가족특가] JTBC 6개월 약정 기간 내내 월 3,300원","20260514",SMART,"20260421","20260531",PM30000269,98
C2600N4,(주기성) 6월 쿠폰팩 GCP(5/24~6/21가입)_TB,A1CP1020261000120867,[FREE PASS] CJ ENM 1개월 무료_26년6월,"20260624",SMART,"20260519","20260629",PM30000154,58
C2600TA,[주기성] 26년 7월_B tv+ 비플리_UI 541 이하_쿠폰,A1CP1020261000121366,[고객님만 혜택] B tv+ 반값 할인 (최대 12개월),"20260723",SMART,"20260624","20260731",PM30000107,394
C2600UD,"26년 7월_B tv+ 비플리_UI 541 이상_쿠폰&배너_2",A1CP1020261000121365,[고객님만 혜택] B tv+ 반값 할인 (최대 12개월),"20260718",SMART,"20260624","20260731",PM30000107,374
C2600N5,(일회성) 6월 쿠폰팩 GCP(5/1~5/23가입)_TB,A1CP1020261000120865,[FREE PASS] B tv+ 1개월 무료_26년6월,"20260619",SMART,"20260519","20260629",PM30000107,89
C2600N5,(일회성) 6월 쿠폰팩 GCP(5/1~5/23가입)_TB,A1CP1020261000120865,[FREE PASS] B tv+ 1개월 무료_26년6월,"20260611",SMART,"20260519","20260629",PM30000107,95
C2600NP,<모탈 컴뱃2> 할인쿠폰 프로모션,A1SA1020261000120959,"[모탈컴뱃2 런칭] 영화 5,500원 할인","20260616",SMART,"20260528","20260615",PPV 등,28
C2600T7,<노멀> 할인쿠폰 프로모션,A1SA1020261000121162,"[노멀 런칭] 영화 3,300원 할인","20260703",SMART,"20260605","20260731",PPV 등,64
C2600TN,"7월 성인 1+1 프로모션_모바일 (7/1~7/10)",A1SA1020261000121371,"[1+1이벤트] 3,300원 할인 쿠폰 (모바일)","20260704",SMART,"20260626","20260731",PPV 등,45
C2600S6,토이스토리 소장용 패키지 프로모션_수정,A1SA1020261000121259,"[토이 스토리 패키지 구매] 영화 5,500원 할인","20260708",SMART,"20260615","20260731",PPV 등,67
C2600PM,[보정용][D+1] 쿠폰팩 등록 혜택 지급_2601,A1PR1020261000119553,[쿠폰팩 등록 감사] VOD 20% 할인쿠폰,"20260608",SMART,"20260114","99991231",PPV 등,1
C2600TN,"7월 성인 1+1 프로모션_모바일 (7/1~7/10)",A1SA1020261000121371,"[1+1이벤트] 3,300원 할인 쿠폰 (모바일)","20260717",SMART,"20260626","20260731",PPV 등,42
C2600TA,[주기성] 26년 7월_B tv+ 비플리_UI 541 이하_쿠폰,A1CP1020261000121366,[고객님만 혜택] B tv+ 반값 할인 (최대 12개월),"20260721",SMART,"20260624","20260731",PM30000107,15
C2600UP,<서퍼> 할인쿠폰 프로모션,A1SA1020261000121460,"[서퍼 런칭] 영화 3,300원 할인","20260720",SMART,"20260708","20260831",PPV 등,11
C2600O7,"2606_캐치온 해지방어_B tv+ Cross-sell",A1CP1020261000120958,[비밀 특가] B tv+ 1개월 100원,"20260629",SMART,"20260528","20260712",PM30000107,5
C2600NL,<쉘터> 할인쿠폰 프로모션,A1SA1020261000120861,"[쉘터 런칭] 영화 3,300원 할인","20260613",SMART,"20260518","20260630",PPV 등,4
C2600OW,"26년 6월_B tv+ 국내여행_(6/4~7)_4567",DummyOffer,,,SMART,,,PPV 등,1081543
C2600OY,통합 월정액 첫달 무료_6월 2차,A1CP1020261000120948,[이용 감사 혜택] 주요 월정액 1개월 100% 할인 (택1),"20260611",SMART,"20260526","20260630",PM30000176,134203
C2600QA,[팝업] 밸류애드팀 Btv 업_단기(26.6.16)_3-3차,,,,SMART,,,PPV 등,155544
C2600P6,[주기성] 26년 6월_B tv+ 비플리_UI 541 이상_2~4차_2,A1CP1020261000120872,[위클리 혜택] B tv+ 12개월 50% 할인,"20260626",SMART,"20260520","20260630",PM30000107,358708
C2600TZ,"지상파 월정액 3개월 5,500원_7월 2차",A1CP1020261000121373,"[쿨썸머 특가] 지상파 월정액 3개월 내내 월 5,500원","20260709",SMART,"20260629","20260731",PM30000150,85158
C2600KD,[주기성/쿠폰] <프로젝트헤일메리&인생SF전> 할인쿠폰 프로모션,A1PR1020261000120752,[프로젝트헤일메리] 인생SF영화 추가 30% 할인,"20260523",SMART,"20260430","20260524",PPV 등,1410
C2600PP,"지상파 월정액 첫달 3,300원_6월 3차",A1CP1020261000120947,"[6월 특가] 지상파 월정액 1개월 13,200원 할인","20260531",SMART,"20260526","20260630",PM30000150,4156
C2600VH,"26년 7월_B tv+ KBS 이승철 콘서트_타임딜_UI 541 이상_1",DummyOffer,,,SMART,,,PPV 등,1064601
C2600WH,<군체> 할인쿠폰 프로모션,A1SA1020261000121563,[군체 런칭] 영화 20% 할인,"20260724",SMART,"20260716","20260831",PPV 등,1680
C2600JZ,"JTBC 월정액 6개월 약정 3,300원_5월 2차",A1CP1020261000120658,"[온가족특가] JTBC 6개월 약정 기간 내내 월 3,300원","20260512",SMART,"20260421","20260531",PM30000269,362
C2600N5,(일회성) 6월 쿠폰팩 GCP(5/1~5/23가입)_TB,A1CP1020261000120865,[FREE PASS] B tv+ 1개월 무료_26년6월,"20260604",SMART,"20260519","20260629",PM30000107,353
C2600TO,<마이클> 할인쿠폰 프로모션,A1SA1020261000121261,"[마이클 런칭] 영화 3,300원 할인",,SMART,"20260616","20260815",PPV 등,808
C2600O6,"26년 6월_B tv+ 비플리_UI 541 이상_1차 쿠폰(~6/7) & 배너(~6/30)_1",A1CP1020261000120872,[위클리 혜택] B tv+ 12개월 50% 할인,"20260610",SMART,"20260520","20260630",PM30000107,96
C2600KN,JTBC 월정액 첫달 무료_5월 1차,A1SA1020261000119567,[깜짝 특가] JTBC 월정액 1개월 100% 할인 쿠폰,"20260624",SMART,"20260119","20261231",PM30000269,65
C2600N4,(주기성) 6월 쿠폰팩 GCP(5/24~6/21가입)_TB,A1SA1020261000120868,[FREE PASS] JTBC 1개월 무료_26년6월,"20260618",SMART,"20260519","20260629",PM30000269,47
C2600JA,<오시리스> 할인쿠폰 프로모션,A1SA1020261000120652,"[오시리스 런칭] 영화 3,300원 할인","20260516",SMART,"20260421","20260531",PPV 등,42
C2600N4,(주기성) 6월 쿠폰팩 GCP(5/24~6/21가입)_TB,A1SA1020261000120869,[FREE PASS] SPOTV 프라임패키지 1개월 무료_26년6월,"20260614",SMART,"20260519","20260629",PM35000007,59
C2600UF,"26년 7월_B tv+ 비플리_UI 541 이상_쿠폰&배너_4",A1CP1020261000121365,[고객님만 혜택] B tv+ 반값 할인 (최대 12개월),"20260727",SMART,"20260624","20260731",PM30000107,24
C2600S4,"6월 성인 1+1 프로모션_모바일 (6/21~6/30)",A1SA1020261000121171,"[1+1 앵콜 이벤트] 3,300원 할인 쿠폰 (모바일)","20260628",SMART,"20260609","20260731",PPV 등,16
C2600PQ,통합 월정액 첫달 무료_6월 3차,A1CP1020261000120948,[이용 감사 혜택] 주요 월정액 1개월 100% 할인 (택1),"20260627",SMART,"20260526","20260630",PM30000176,4
C2600QR,"6월 성인 1+1 프로모션_추가 (6/12~14 구매자)",A1SA1020261000121168,"[1+1이벤트] 3,300원 할인 쿠폰","20260628",SMART,"20260609","20260731",PPV 등,1
C2600J7,"지상파 월정액 3개월 내내 5,500원_5월 2차",A1CP1020261000120660,"[온가족특가] 지상파 월정액 3개월 내내 월 5,500원","20260502",SMART,"20260422","20260531",PM30000150,40324
C2600LE,"CJ ENM 월정액 3개월 5,500원_5월 3차",A1CP1020261000120659,"[온가족특가] CJ ENM 월정액 3개월 내내 5,500원","20260515",SMART,"20260422","20260531",PM30000154,69366
C2600UA,[팝업] 밸류애드팀 Btv 업_장기(26.7.8)_1-3차,,,,SMART,,,PPV 등,369376
C2600LA,"26년 5월_B tv+ 비플리_UI 541 이상_1차(~5/17)_4(1770)",A1CP1020261000120853,[가정의 달] B tv+ 12개월 50% 할인 (~5/17),"20260511",SMART,"20260507","20260517",PM30000107,34166
C2600K8,<몽타주: 6일간의 추격> 타겟 프로모션_40%_0430,A1SA1020261000120748,[즉시 할인] 몽타주: 6일간의 추격 40% 할인쿠폰,"20260503",SMART,"20260403","20260430",PPV 등,9272
C2600NE,통합 월정액 첫달 무료_6월 1차,A1CP1020261000120948,[이용 감사 혜택] 주요 월정액 1개월 100% 할인 (택1),"20260610",SMART,"20260526","20260630",PM30000176,11758
C2600UD,"26년 7월_B tv+ 비플리_UI 541 이상_쿠폰&배너_2",A1CP1020261000121365,[고객님만 혜택] B tv+ 반값 할인 (최대 12개월),"20260729",SMART,"20260624","20260731",PM30000107,325265
C2600P6,[주기성] 26년 6월_B tv+ 비플리_UI 541 이상_2~4차_2,A1CP1020261000120872,[위클리 혜택] B tv+ 12개월 50% 할인,"20260614",SMART,"20260520","20260630",PM30000107,6345
C2600PT,"26년 6월_B tv+ 파격할인_UI 541 이상_3",A1CP1020261000120874,"[파격할인] B tv+ 12개월 월 5,500원 혜택","20260614",SMART,"20260520","20260531",PM30000107,3001
C2600QM,[보정용][주기성] 26년 6월_B tv+ 비플리_UI 541 이상_2~4차_1,A1CP1020261000120872,[위클리 혜택] B tv+ 12개월 50% 할인,"20260531",SMART,"20260520","20260630",PM30000107,495
C2600SG,"CJ ENM 월정액 3개월 5,500원_7월 1차",A1CP1020261000121358,"[쿨썸머 특가] CJ ENM 월정액 3개월 내내 월 5,500원","20260702",SMART,"20260622","20260731",PM30000154,5588
C2600X8,"26년 7월_B tv+ 7월 4주차 복날 타임딜_UI 541 이상_3_F",A1CP1020261000121662,"[복날 치킨비] B tv+ 월 5,500원 이용 혜택 (최대 12개월)","20260722",SMART,"20260721","20260726",PM30000107,3470
C2600TF,"지상파 월정액 3개월 5,500원_7월 1차",A1CP1020261000121373,"[쿨썸머 특가] 지상파 월정액 3개월 내내 월 5,500원","20260710",SMART,"20260629","20260731",PM30000150,1120
C2600P8,[주기성] 26년 6월_B tv+ 비플리_UI 541 이상_2~4차_4,A1CP1020261000120872,[위클리 혜택] B tv+ 12개월 50% 할인,"20260605",SMART,"20260520","20260630",PM30000107,809
C2600KK,"CJ ENM 월정액 3개월 5,500원_5월 2차",A1CP1020261000120659,"[온가족특가] CJ ENM 월정액 3개월 내내 5,500원","20260527",SMART,"20260422","20260531",PM30000154,319
C2600US,<잠금: 셧다운> 할인쿠폰 프로모션,A1SA1020261000121462,"[잠금: 셧다운 런칭] 영화 5,500원 할인",,SMART,"20260708","20260831",PPV 등,147
C2600RD,"<짱구> 타겟 프로모션_2,000원_0617",A1SA1020261000121267,"[즉시 할인] 짱구 2,200원 할인쿠폰","20260617",SMART,"20260616","20260731",PPV 등,275
C2600S4,"6월 성인 1+1 프로모션_모바일 (6/21~6/30)",A1SA1020261000121171,"[1+1 앵콜 이벤트] 3,300원 할인 쿠폰 (모바일)",,SMART,"20260609","20260731",PPV 등,527
C2600UU,"7월 성인 1+1 앵콜 프로모션_모바일 (7/11~7/20)",A1SA1020261000121458,"[1+1 앵콜 이벤트] 3,300원 할인 쿠폰","20260723",SMART,"20260708","20260831",PPV 등,380
C2600N4,(주기성) 6월 쿠폰팩 GCP(5/24~6/21가입)_TB,A1CP1020261000120865,[FREE PASS] B tv+ 1개월 무료_26년6월,"20260616",SMART,"20260519","20260629",PM30000107,66
C2600KN,JTBC 월정액 첫달 무료_5월 1차,A1SA1020261000119567,[깜짝 특가] JTBC 월정액 1개월 100% 할인 쿠폰,"20260616",SMART,"20260119","20261231",PM30000269,105
C2600S3,"6월 성인 1+1 프로모션 (6/21~6/30)",A1SA1020261000121170,"[1+1 앵콜 이벤트] 3,300원 할인 쿠폰","20260711",SMART,"20260609","20260731",PPV 등,7
C2600S6,토이스토리 소장용 패키지 프로모션_수정,A1SA1020261000121259,"[토이 스토리 패키지 구매] 영화 5,500원 할인","20260629",SMART,"20260615","20260731",PPV 등,3
C2600XQ,통합 월정액 3개월 내내 80% 할인_8월 2차,A1CP1020261000121658,[쿨썸머 특가] 주요 월정액 3개월 내내 80% 할인 (택1),"20260722",SMART,"20260720","20260731",PM30000176,4
C2600OE,[주기성] 26년 6월_B tv+ 짝수달 유료전환 테스트_UI 552 이상_TV팝업,,,,SMART,,,PPV 등,1308537
C2600K8,<몽타주: 6일간의 추격> 타겟 프로모션_40%_0430,A1SA1020261000120748,[즉시 할인] 몽타주: 6일간의 추격 40% 할인쿠폰,"20260505",SMART,"20260403","20260430",PPV 등,298545
C2600R1,JTBC 월정액 첫달 무료_6월 3차,A1SA1020261000119567,[깜짝 특가] JTBC 월정액 1개월 100% 할인 쿠폰,"20260627",SMART,"20260119","20261231",PM30000269,28162
C2600QL,"2606_플레이보이 디맨드_첫달무료_리마인드_2차",,,,SMART,,,PPV 등,209053
C2600J5,"지상파 월정액 3개월 내내 5,500원_5월 1차",A1CP1020261000120660,"[온가족특가] 지상파 월정액 3개월 내내 월 5,500원","20260507",SMART,"20260422","20260531",PM30000150,688
C2600LX,"26년 5월_B tv+ 비플리_UI 541 이상_2차(~5/25)_1(1770)",A1CP1020261000120859,[가정의 달] B tv+ 12개월 50% 할인 (~5/25),"20260521",SMART,"20260515","20260525",PM30000107,5127
C2600OL,"지상파 월정액 첫달 3,300원_6월 2차",A1CP1020261000120947,"[6월 특가] 지상파 월정액 1개월 13,200원 할인",,SMART,"20260526","20260630",PM30000150,84271
C2600J5,"지상파 월정액 3개월 내내 5,500원_5월 1차",A1CP1020261000120660,"[온가족특가] 지상파 월정액 3개월 내내 월 5,500원","20260526",SMART,"20260422","20260531",PM30000150,455
C2600QM,[보정용][주기성] 26년 6월_B tv+ 비플리_UI 541 이상_2~4차_1,A1CP1020261000120872,[위클리 혜택] B tv+ 12개월 50% 할인,"20260619",SMART,"20260520","20260630",PM30000107,1353
C2600T4,"26년 6월_B tv+ KBO 올스타전_UI 541 이상_4",A1CP1020261000121364,"[올스타전 특가] B tv+ 월 5,500원 혜택 (최대 12개월)","20260705",SMART,"20260624","20260705",PM30000107,13663
C2600SG,"CJ ENM 월정액 3개월 5,500원_7월 1차",A1CP1020261000121358,"[쿨썸머 특가] CJ ENM 월정액 3개월 내내 월 5,500원","20260719",SMART,"20260622","20260731",PM30000154,724
C2600P5,[주기성] 26년 6월_B tv+ 비플리_UI 541 이상_2~4차_1,A1CP1020261000120872,[위클리 혜택] B tv+ 12개월 50% 할인,"20260603",SMART,"20260520","20260630",PM30000107,2167
C2600N4,(주기성) 6월 쿠폰팩 GCP(5/24~6/21가입)_TB,A1CP1020261000120865,[FREE PASS] B tv+ 1개월 무료_26년6월,"20260621",SMART,"20260519","20260629",PM30000107,87
C2600T1,"26년 6월_B tv+ KBO 올스타전_UI 541 이상_3",A1CP1020261000121364,"[올스타전 특가] B tv+ 월 5,500원 혜택 (최대 12개월)","20260628",SMART,"20260624","20260705",PM30000107,1198
C2600VN,<엘리베이션> 할인쿠폰 프로모션,A1SA1020261000121463,"[엘리베이션 런칭] 영화 3,300원 할인","20260727",SMART,"20260708","20260831",PPV 등,185
C2600IP,"CJ ENM 월정액 3개월 5,500원_5월 1차",A1CP1020261000120659,"[온가족특가] CJ ENM 월정액 3개월 내내 5,500원","20260528",SMART,"20260422","20260531",PM30000154,320
C2600UU,"7월 성인 1+1 앵콜 프로모션_모바일 (7/11~7/20)",A1SA1020261000121458,"[1+1 앵콜 이벤트] 3,300원 할인 쿠폰","20260719",SMART,"20260708","20260831",PPV 등,285
C2600TZ,"지상파 월정액 3개월 5,500원_7월 2차",A1CP1020261000121373,"[쿨썸머 특가] 지상파 월정액 3개월 내내 월 5,500원","20260721",SMART,"20260629","20260731",PM30000150,132
C2600N4,(주기성) 6월 쿠폰팩 GCP(5/24~6/21가입)_TB,A1CP1020261000120867,[FREE PASS] CJ ENM 1개월 무료_26년6월,"20260623",SMART,"20260519","20260629",PM30000154,49
C2600UT,"7월 성인 1+1 앵콜 프로모션_모바일 (7/11~7/20)",A1SA1020261000121459,"[1+1 앵콜 이벤트] 3,300원 할인 쿠폰 (모바일)","20260723",SMART,"20260708","20260831",PPV 등,19
C2600KO,<폭탄> 할인쿠폰 프로모션,A1SA1020261000120751,"[폭탄 런칭] 영화 5,500원 할인",,SMART,"20260430","20260531",PPV 등,57
C2600TM,<신의 악단> 할인쿠폰 프로모션,A1SA1020261000121384,"[신의 악단 런칭] 영화 3,300원 할인","20260710",SMART,"20260630","20260731",PPV 등,39
C2600TJ,<데드 오브 윈터> 할인쿠폰 프로모션,A1SA1020261000121361,"[데드 오브 윈터 런칭] 영화 3,300원 할인","20260715",SMART,"20260622","20260731",PPV 등,44
C2600TN,"7월 성인 1+1 프로모션_모바일 (7/1~7/10)",A1SA1020261000121371,"[1+1이벤트] 3,300원 할인 쿠폰 (모바일)","20260713",SMART,"20260626","20260731",PPV 등,42
C2600R4,<피어스> 할인쿠폰 프로모션,A1SA1020261000121258,"[피어스 런칭] 영화 5,500원 할인","20260709",SMART,"20260615","20260731",PPV 등,1
C2600QR,"6월 성인 1+1 프로모션_추가 (6/12~14 구매자)",A1SA1020261000121168,"[1+1이벤트] 3,300원 할인 쿠폰","20260630",SMART,"20260609","20260731",PPV 등,6
C2600SC,<금발이 되고 싶어> 할인쿠폰 프로모션,A1SA1020261000121360,"[금발이 되고 싶어 런칭] 영화 5,500원 할인","20260704",SMART,"20260622","20260731",PPV 등,6
C2600VM,<헬파이어: 시수의 길> 할인쿠폰 프로모션,A1SA1020261000121461,"[헬파이어: 시수의 길 런칭] 영화 5,500원 할인","20260727",SMART,"20260708","20260831",PPV 등,5
C2600TN,"7월 성인 1+1 프로모션_모바일 (7/1~7/10)",A1SA1020261000121371,"[1+1이벤트] 3,300원 할인 쿠폰 (모바일)","20260720",SMART,"20260626","20260731",PPV 등,7
C2600LG,<스피드> 할인쿠폰 프로모션,A1SA1020261000120858,"[스피드 런칭] 영화 5,500원 할인","20260607",SMART,"20260512","20260531",PPV 등,1
C2600P8,[주기성] 26년 6월_B tv+ 비플리_UI 541 이상_2~4차_4,A1CP1020261000120872,[위클리 혜택] B tv+ 12개월 50% 할인,"20260615",SMART,"20260520","20260630",PM30000107,3437
C2600ND,"지상파 월정액 첫달 3,300원_6월 1차",A1CP1020261000120947,"[6월 특가] 지상파 월정액 1개월 13,200원 할인","20260615",SMART,"20260526","20260630",PM30000150,4170
C2600PT,"26년 6월_B tv+ 파격할인_UI 541 이상_3",A1CP1020261000120874,"[72시간 한정] B tv+ 12개월 월 5,500원 혜택",,SMART,"20260526","20260614",PM30000107,51098
C2600PZ,SPOTV 6월 첫달무료_1차_0612,A1SA1020261000121164,[축구 이벤트] SPOTV Prime 1개월 무료,"20260626",SMART,"20260609","20260630",PM35000007,12994
C2600WC,"지상파 월정액 3개월 5,500원_7월 3차",A1CP1020261000121373,"[쿨썸머 특가] 지상파 월정액 3개월 내내 월 5,500원","20260721",SMART,"20260629","20260731",PM30000150,37443
C2600SQ,[팝업] 밸류애드팀 Btv 업_단기(26.6.30)_5-3차,,,,SMART,,,PPV 등,154428
C2600O6,"26년 6월_B tv+ 비플리_UI 541 이상_1차 쿠폰(~6/7) & 배너(~6/30)_1",A1CP1020261000120872,[위클리 혜택] B tv+ 12개월 50% 할인,"20260618",SMART,"20260520","20260630",PM30000107,1275
C2600UF,"26년 7월_B tv+ 비플리_UI 541 이상_쿠폰&배너_4",A1CP1020261000121365,[고객님만 혜택] B tv+ 반값 할인 (최대 12개월),"20260714",SMART,"20260624","20260731",PM30000107,149
C2600TF,"지상파 월정액 3개월 5,500원_7월 1차",A1CP1020261000121373,"[쿨썸머 특가] 지상파 월정액 3개월 내내 월 5,500원","20260711",SMART,"20260629","20260731",PM30000150,1554
C2600TH,<살목지> 할인쿠폰 프로모션,A1SA1020261000121380,"[살목지 런칭] 영화 3,300원 할인",,SMART,"20260629","20260731",PPV 등,820
C2600NP,<모탈 컴뱃2> 할인쿠폰 프로모션,A1SA1020261000120959,"[모탈컴뱃2 런칭] 영화 5,500원 할인","20260618",SMART,"20260528","20260615",PPV 등,60
C2600XB,"26년 7월_B tv+ 7월 4주차 복날 타임딜_UI 541 이상_4_F",A1CP1020261000121662,"[복날 치킨비] B tv+ 월 5,500원 이용 혜택 (최대 12개월)","20260723",SMART,"20260721","20260726",PM30000107,1197
C2600J5,"지상파 월정액 3개월 내내 5,500원_5월 1차",A1CP1020261000120660,"[온가족특가] 지상파 월정액 3개월 내내 월 5,500원","20260528",SMART,"20260422","20260531",PM30000150,419
C2600TG,JTBC 월정액 3개월 70% 할인_7월 1차,A1SA1020261000121374,[쿨썸머 특가] JTBC 월정액 3개월 내내 70% 할인,"20260710",SMART,"20260629","20260731",PM30000269,1395
C2600OL,"지상파 월정액 첫달 3,300원_6월 2차",A1CP1020261000120947,"[6월 특가] 지상파 월정액 1개월 13,200원 할인","20260626",SMART,"20260526","20260630",PM30000150,269
C2600M8,<짱구> 할인쿠폰 프로모션,A1SA1020261000120863,"[짱구 런칭] 영화 5,500원 할인","20260606",SMART,"20260518","20260630",PPV 등,477
C2600TL,"7월 성인 1+1 프로모션 (7/1~7/10)",A1SA1020261000121370,"[1+1이벤트] 3,300원 할인 쿠폰","20260715",SMART,"20260626","20260731",PPV 등,289
C2600W7,"7월 성인 1+1 이열치열 프로모션 (7/21~/20)",A1SA1020261000121561,"[1+1 이열치열 이벤트] 3,300원 할인 쿠폰","20260731",SMART,"20260716","20260831",PPV 등,515
C2600UF,"26년 7월_B tv+ 비플리_UI 541 이상_쿠폰&배너_4",A1CP1020261000121365,[고객님만 혜택] B tv+ 반값 할인 (최대 12개월),"20260705",SMART,"20260624","20260731",PM30000107,121
C2600N4,(주기성) 6월 쿠폰팩 GCP(5/24~6/21가입)_TB,A1CP1020261000120866,[FREE PASS] 지상파 3사 1개월 무료_26년6월,"20260619",SMART,"20260519","20260629",PM30000150,70
C2600PN,JTBC 월정액 첫달 무료_6월 2차,A1SA1020261000119567,[깜짝 특가] JTBC 월정액 1개월 100% 할인 쿠폰,"20260525",SMART,"20260119","20261231",PM30000269,60
C2600R6,<슈퍼 마리오 갤럭시> 할인쿠폰 프로모션,A1SA1020261000120961,"[슈퍼마리오 갤럭시 런칭] 영화 3,300원 할인","20260708",SMART,"20260529","20260623",PPV 등,61
C2600N4,(주기성) 6월 쿠폰팩 GCP(5/24~6/21가입)_TB,A1CP1020261000120865,[FREE PASS] B tv+ 1개월 무료_26년6월,"20260601",SMART,"20260519","20260629",PM30000107,57
C2600N4,(주기성) 6월 쿠폰팩 GCP(5/24~6/21가입)_TB,A1SA1020261000120869,[FREE PASS] SPOTV 프라임패키지 1개월 무료_26년6월,"20260625",SMART,"20260519","20260629",PM35000007,86
C2600NN,<코드 네임: 알라룸> 할인쿠폰 프로모션,A1SA1020261000120951,"[코드 네임: 알라룸 런칭] 영화 5,500원 할인","20260624",SMART,"20260526","20260630",PPV 등,6
C2600MB,<힌드의 목소리> 할인쿠폰 프로모션,A1SA1020261000120864,"[힌드의 목소리 런칭] 영화 5,500원 할인","20260607",SMART,"20260519","20260630",PPV 등,1
C2600PM,[보정용][D+1] 쿠폰팩 등록 혜택 지급_2601,A1PR1020261000119553,[쿠폰팩 등록 감사] VOD 20% 할인쿠폰,"20260621",SMART,"20260114","99991231",PPV 등,1
C2600TH,<살목지> 할인쿠폰 프로모션,A1SA1020261000121380,"[살목지 런칭] 영화 3,300원 할인","20260704",SMART,"20260629","20260731",PPV 등,3
C2600QS,"6월 성인 1+1 프로모션_모바일_추가 (6/12~6/14 구매자)",A1SA1020261000121169,"[1+1이벤트] 3,300원 할인 쿠폰 (모바일)","20260618",SMART,"20260609","20260731",PPV 등,1
C2600P7,[주기성] 26년 6월_B tv+ 비플리_UI 541 이상_2~4차_3,A1CP1020261000120872,[위클리 혜택] B tv+ 12개월 50% 할인,"20260623",SMART,"20260520","20260630",PM30000107,1226
C2600RU,[팝업] 밸류애드팀 Btv 업_장기(26.6.24)_4-3차,,,,SMART,,,PPV 등,373543
C2600P5,[주기성] 26년 6월_B tv+ 비플리_UI 541 이상_2~4차_1,A1CP1020261000120872,[위클리 혜택] B tv+ 12개월 50% 할인,"20260619",SMART,"20260520","20260630",PM30000107,4318
C2600J5,"지상파 월정액 3개월 내내 5,500원_5월 1차",A1CP1020261000120660,"[온가족특가] 지상파 월정액 3개월 내내 월 5,500원","20260505",SMART,"20260422","20260531",PM30000150,1330
C2600QM,[보정용][주기성] 26년 6월_B tv+ 비플리_UI 541 이상_2~4차_1,A1CP1020261000120872,[위클리 혜택] B tv+ 12개월 50% 할인,"20260606",SMART,"20260520","20260630",PM30000107,1859
C2600UC,"26년 7월_B tv+ 비플리_UI 541 이상_쿠폰&배너_1",A1CP1020261000121365,[고객님만 혜택] B tv+ 반값 할인 (최대 12개월),"20260705",SMART,"20260624","20260731",PM30000107,89890
C2600TI,JTBC 월정액 3개월 70% 할인_7월 2차,A1SA1020261000121374,[쿨썸머 특가] JTBC 월정액 3개월 내내 70% 할인,"20260711",SMART,"20260629","20260731",PM30000269,11194
C2600O8,[주기성] 26년 6월_B tv+ 비플리_UI 541 이하_쿠폰,A1CP1020261000120872,[위클리 혜택] B tv+ 12개월 50% 할인,"20260604",SMART,"20260520","20260630",PM30000107,332
C2600WC,"지상파 월정액 3개월 5,500원_7월 3차",A1CP1020261000121373,"[쿨썸머 특가] 지상파 월정액 3개월 내내 월 5,500원","20260728",SMART,"20260629","20260731",PM30000150,1860
C2600WN,[주기성] 26년 7월_B tv+ 7월 비플리 상위_가입자 제외,DummyOffer,,,SMART,,,PPV 등,11397
C2600VN,<엘리베이션> 할인쿠폰 프로모션,A1SA1020261000121463,"[엘리베이션 런칭] 영화 3,300원 할인","20260720",SMART,"20260708","20260831",PPV 등,276
C2600N3,[주기성/쿠폰] <살목지&K-공포상영회> 할인쿠폰 프로모션,A1PR1020261000120873,[K-공포 상영회] 영화 50% 할인,"20260602",SMART,"20260520","20260609",PPV 등,140
C2600S3,"6월 성인 1+1 프로모션 (6/21~6/30)",A1SA1020261000121170,"[1+1 앵콜 이벤트] 3,300원 할인 쿠폰","20260628",SMART,"20260609","20260731",PPV 등,220
C2600OB,"26년 6월_B tv+ 비플리_UI 541 이상_1차 쿠폰(~6/7) & 배너(~6/30)_3",A1CP1020261000120872,[위클리 혜택] B tv+ 12개월 50% 할인,"20260624",SMART,"20260520","20260630",PM30000107,560
C2600N4,(주기성) 6월 쿠폰팩 GCP(5/24~6/21가입)_TB,A1CP1020261000120867,[FREE PASS] CJ ENM 1개월 무료_26년6월,"20260604",SMART,"20260519","20260629",PM30000154,62
C2600O6,"26년 6월_B tv+ 비플리_UI 541 이상_1차 쿠폰(~6/7) & 배너(~6/30)_1",A1CP1020261000120872,[위클리 혜택] B tv+ 12개월 50% 할인,"20260608",SMART,"20260520","20260630",PM30000107,130
C2600O7,"2606_캐치온 해지방어_B tv+ Cross-sell",A1CP1020261000120958,[비밀 특가] B tv+ 1개월 100원,"20260615",SMART,"20260528","20260712",PM30000107,12
C2600OB,"26년 6월_B tv+ 비플리_UI 541 이상_1차 쿠폰(~6/7) & 배너(~6/30)_3",A1CP1020261000120872,[위클리 혜택] B tv+ 12개월 50% 할인,"20260616",SMART,"20260520","20260630",PM30000107,128
C2600MI,JTBC 월정액 첫달 무료_6월 1차,A1SA1020261000119567,[깜짝 특가] JTBC 월정액 1개월 100% 할인 쿠폰,"20260513",SMART,"20260119","20261231",PM30000269,29
C2600NP,<모탈 컴뱃2> 할인쿠폰 프로모션,A1SA1020261000120959,"[모탈컴뱃2 런칭] 영화 5,500원 할인","20260610",SMART,"20260528","20260615",PPV 등,12
C2600IY,"JTBC 월정액 6개월 약정 3,300원_5월 1차",A1CP1020261000120658,"[온가족특가] JTBC 6개월 약정 기간 내내 월 3,300원","20260520",SMART,"20260421","20260531",PM30000269,88
C2600Q5,<스위트 홈: 진격의 거인> 할인쿠폰 프로모션,A1SA1020261000121160,"[스위트 홈: 진격의 거인 런칭] 영화 3,300원 할인","20260618",SMART,"20260605","20260731",PPV 등,13
C2600N5,(일회성) 6월 쿠폰팩 GCP(5/1~5/23가입)_TB,A1CP1020261000120866,[FREE PASS] 지상파 3사 1개월 무료_26년6월,"20260607",SMART,"20260519","20260629",PM30000150,3
C2600NL,<쉘터> 할인쿠폰 프로모션,A1SA1020261000120861,"[쉘터 런칭] 영화 3,300원 할인","20260606",SMART,"20260518","20260630",PPV 등,5
C2600TN,"7월 성인 1+1 프로모션_모바일 (7/1~7/10)",A1SA1020261000121371,"[1+1이벤트] 3,300원 할인 쿠폰 (모바일)","20260712",SMART,"20260626","20260731",PPV 등,47
C2600UT,"7월 성인 1+1 앵콜 프로모션_모바일 (7/11~7/20)",A1SA1020261000121459,"[1+1 앵콜 이벤트] 3,300원 할인 쿠폰 (모바일)","20260715",SMART,"20260708","20260831",PPV 등,25
C2600TM,<신의 악단> 할인쿠폰 프로모션,A1SA1020261000121384,"[신의 악단 런칭] 영화 3,300원 할인","20260729",SMART,"20260630","20260731",PPV 등,15
C2600UF,"26년 7월_B tv+ 비플리_UI 541 이상_쿠폰&배너_4",A1CP1020261000121365,[고객님만 혜택] B tv+ 반값 할인 (최대 12개월),"20260721",SMART,"20260624","20260731",PM30000107,3
C2600R5,<내 이름은> 할인쿠폰 프로모션,A1SA1020261000121159,"[내 이름은 런칭] 영화 5,500원 할인","20260625",SMART,"20260605","20260731",PPV 등,14
C2600Q3,"6월 성인 1+1 프로모션 (6/11~6/20)",A1SA1020261000121168,"[1+1이벤트] 3,300원 할인 쿠폰","20260614",SMART,"20260609","20260731",PPV 등,13
C2600JB,<극장의 시간들> 할인쿠폰 프로모션,A1SA1020261000120746,"[극장의 시간들 런칭] 영화 5,500원 할인","20260508",SMART,"20260428","20260531",PPV 등,1
C2600KP,<왕과 사는 남자> 할인쿠폰 프로모션,A1SA1020261000120651,"[왕과 사는 남자 런칭] 영화 4,400원 할인","20260522",SMART,"20260421","20260531",PPV 등,2
C2600NO,<푸틴: 절대 권력의 최후> 할인쿠폰 프로모션,A1SA1020261000120952,"[푸틴: 절대 권력의 최후 런칭] 영화 3,300원 할인","20260626",SMART,"20260526","20260630",PPV 등,3
C2600LG,<스피드> 할인쿠폰 프로모션,A1SA1020261000120858,"[스피드 런칭] 영화 5,500원 할인","20260523",SMART,"20260512","20260531",PPV 등,4
C2600NN,<코드 네임: 알라룸> 할인쿠폰 프로모션,A1SA1020261000120951,"[코드 네임: 알라룸 런칭] 영화 5,500원 할인","20260611",SMART,"20260526","20260630",PPV 등,5
C2600KP,<왕과 사는 남자> 할인쿠폰 프로모션,A1SA1020261000120651,"[왕과 사는 남자 런칭] 영화 4,400원 할인","20260518",SMART,"20260421","20260531",PPV 등,1
C2600MB,<힌드의 목소리> 할인쿠폰 프로모션,A1SA1020261000120864,"[힌드의 목소리 런칭] 영화 5,500원 할인","20260521",SMART,"20260519","20260630",PPV 등,1
C2600JZ,"JTBC 월정액 6개월 약정 3,300원_5월 2차",A1CP1020261000120658,"[온가족특가] JTBC 6개월 약정 기간 내내 월 3,300원","20260505",SMART,"20260421","20260531",PM30000269,14643
C2600L8,"26년 5월_B tv+ 비플리_UI 541 이상_1차(~5/17)_2(1770)",A1CP1020261000120853,[가정의 달] B tv+ 12개월 50% 할인 (~5/17),"20260516",SMART,"20260507","20260517",PM30000107,139329
C2600RD,"<짱구> 타겟 프로모션_2,000원_0617",A1SA1020261000121267,"[즉시 할인] 짱구 2,200원 할인쿠폰","20260621",SMART,"20260616","20260731",PPV 등,132978
C2600O0,"26년 6월_B tv+ 짝수달 유료전환 테스트_UI 552 이상",A1CP1020261000120870,[6월 한정] B tv+ 첫달 무료,"20260601",SMART,"20260520","20260630",PM30000107,14636
C2600PZ,SPOTV 6월 첫달무료_1차_0612,A1SA1020261000121164,[축구 이벤트] SPOTV Prime 1개월 무료,"20260623",SMART,"20260609","20260630",PM35000007,84125
C2600N4,(주기성) 6월 쿠폰팩 GCP(5/24~6/21가입)_TB,A1CP1020261000120865,[FREE PASS] B tv+ 1개월 무료_26년6월,"20260620",SMART,"20260519","20260629",PM30000107,44
C2600MI,JTBC 월정액 첫달 무료_6월 1차,A1SA1020261000119567,[깜짝 특가] JTBC 월정액 1개월 100% 할인 쿠폰,"20260622",SMART,"20260119","20261231",PM30000269,1564
C2600VS,[팝업] 밸류애드팀 Btv 업_단기(26.7.21)_3-1차,,,,SMART,,,PPV 등,283248
C2600KI,"JTBC 월정액 6개월 약정 3,300원_5월 3차",A1CP1020261000120658,"[온가족특가] JTBC 6개월 약정 기간 내내 월 3,300원","20260524",SMART,"20260421","20260531",PM30000269,571
C2600T1,"26년 6월_B tv+ KBO 올스타전_UI 541 이상_3",A1CP1020261000121364,"[올스타전 특가] B tv+ 월 5,500원 혜택 (최대 12개월)","20260626",SMART,"20260624","20260705",PM30000107,4150
C2600P6,[주기성] 26년 6월_B tv+ 비플리_UI 541 이상_2~4차_2,A1CP1020261000120872,[위클리 혜택] B tv+ 12개월 50% 할인,"20260615",SMART,"20260520","20260630",PM30000107,2379
C2600QP,"지상파 월정액 첫달 3,300원_6월 5차",A1CP1020261000120947,"[6월 특가] 지상파 월정액 1개월 13,200원 할인","20260606",SMART,"20260526","20260630",PM30000150,1801
C2600SA,SPOTV 6월 첫달무료_1차_0623,A1SA1020261000121164,[축구 이벤트] SPOTV Prime 1개월 무료,"20260611",SMART,"20260609","20260630",PM35000007,2299
C2600IP,"CJ ENM 월정액 3개월 5,500원_5월 1차",A1CP1020261000120659,"[온가족특가] CJ ENM 월정액 3개월 내내 5,500원","20260520",SMART,"20260422","20260531",PM30000154,334
C2600TF,"지상파 월정액 3개월 5,500원_7월 1차",A1CP1020261000121373,"[쿨썸머 특가] 지상파 월정액 3개월 내내 월 5,500원","20260719",SMART,"20260629","20260731",PM30000150,439
C2600N3,[주기성/쿠폰] <살목지&K-공포상영회> 할인쿠폰 프로모션,A1PR1020261000120873,[K-공포 상영회] 영화 50% 할인,"20260528",SMART,"20260520","20260609",PPV 등,67
C2600KK,"CJ ENM 월정액 3개월 5,500원_5월 2차",A1CP1020261000120659,"[온가족특가] CJ ENM 월정액 3개월 내내 5,500원","20260519",SMART,"20260422","20260531",PM30000154,565
C2600MB,<힌드의 목소리> 할인쿠폰 프로모션,A1SA1020261000120864,"[힌드의 목소리 런칭] 영화 5,500원 할인","20260529",SMART,"20260519","20260630",PPV 등,3
C2600Q3,"6월 성인 1+1 프로모션 (6/11~6/20)",A1SA1020261000121168,"[1+1이벤트] 3,300원 할인 쿠폰","20260628",SMART,"20260609","20260731",PPV 등,1
C2600OB,"26년 6월_B tv+ 비플리_UI 541 이상_1차 쿠폰(~6/7) & 배너(~6/30)_3",A1CP1020261000120872,[위클리 혜택] B tv+ 12개월 50% 할인,"20260618",SMART,"20260520","20260630",PM30000107,37
C2600KM,"지상파 월정액 3개월 내내 5,500원_5월 3차",A1CP1020261000120660,"[온가족특가] 지상파 월정액 3개월 내내 월 5,500원","20260528",SMART,"20260422","20260531",PM30000150,80
C2600M0,"26년 5월_B tv+ 비플리_UI 541 이상_2차(~5/25)_4(1770)",A1CP1020261000120859,[가정의 달] B tv+ 12개월 50% 할인 (~5/25),"20260517",SMART,"20260515","20260525",PM30000107,35
C2600R5,<내 이름은> 할인쿠폰 프로모션,A1SA1020261000121159,"[내 이름은 런칭] 영화 5,500원 할인","20260703",SMART,"20260605","20260731",PPV 등,1
C2600LG,<스피드> 할인쿠폰 프로모션,A1SA1020261000120858,"[스피드 런칭] 영화 5,500원 할인","20260605",SMART,"20260512","20260531",PPV 등,6
C2600UE,"26년 7월_B tv+ 비플리_UI 541 이상_쿠폰&배너_3",A1CP1020261000121365,[고객님만 혜택] B tv+ 반값 할인 (최대 12개월),"20260721",SMART,"20260624","20260731",PM30000107,34
C2600NO,<푸틴: 절대 권력의 최후> 할인쿠폰 프로모션,A1SA1020261000120952,"[푸틴: 절대 권력의 최후 런칭] 영화 3,300원 할인","20260622",SMART,"20260526","20260630",PPV 등,9
C2600JE,<캣 앤 독> 할인쿠폰 프로모션,A1SA1020261000120747,"[캣 앤 독 런칭] 영화 5,500원 할인","20260508",SMART,"20260428","20260531",PPV 등,4
C2600XS,[타겟] 최신 리모컨 무상 업그레이드 (7/28),,,,SMART,,,PPV 등,14353
C2600KN,JTBC 월정액 첫달 무료_5월 1차,A1SA1020261000119567,[깜짝 특가] JTBC 월정액 1개월 100% 할인 쿠폰,"20260620",SMART,"20260119","20261231",PM30000269,2175
C2600PS,"26년 6월_B tv+ 파격할인_UI 541 이상_2",A1CP1020261000120874,"[파격할인] B tv+ 12개월 월 5,500원 혜택","20260611",SMART,"20260520","20260531",PM30000107,215194
C2600ND,"지상파 월정액 첫달 3,300원_6월 1차",A1CP1020261000120947,"[6월 특가] 지상파 월정액 1개월 13,200원 할인","20260606",SMART,"20260526","20260630",PM30000150,6998
C2600R1,JTBC 월정액 첫달 무료_6월 3차,A1SA1020261000119567,[깜짝 특가] JTBC 월정액 1개월 100% 할인 쿠폰,"20260621",SMART,"20260119","20261231",PM30000269,4848
C2600OL,"지상파 월정액 첫달 3,300원_6월 2차",A1CP1020261000120947,"[6월 특가] 지상파 월정액 1개월 13,200원 할인","20260612",SMART,"20260526","20260630",PM30000150,18046
C2600PZ,SPOTV 6월 첫달무료_1차_0612,A1SA1020261000121164,[축구 이벤트] SPOTV Prime 1개월 무료,"20260624",SMART,"20260609","20260630",PM35000007,52193
C2600XB,"26년 7월_B tv+ 7월 4주차 복날 타임딜_UI 541 이상_4_F",A1CP1020261000121662,"[복날 치킨비] B tv+ 월 5,500원 이용 혜택 (최대 12개월)","20260724",SMART,"20260721","20260726",PM30000107,189293
C2600QM,[보정용][주기성] 26년 6월_B tv+ 비플리_UI 541 이상_2~4차_1,A1CP1020261000120872,[위클리 혜택] B tv+ 12개월 50% 할인,"20260620",SMART,"20260520","20260630",PM30000107,3331
C2600QR,"6월 성인 1+1 프로모션_추가 (6/12~14 구매자)",A1SA1020261000121168,"[1+1이벤트] 3,300원 할인 쿠폰","20260703",SMART,"20260609","20260731",PPV 등,575
C2600VH,"26년 7월_B tv+ KBS 이승철 콘서트_타임딜_UI 541 이상_1",A1CP1020261000121559,"[이승철 특가] B tv+ 월 5,500원 이용 혜택 (최대 12개월)","20260716",SMART,"20260714","20260722",PM30000107,14363
C2600QP,"지상파 월정액 첫달 3,300원_6월 5차",A1CP1020261000120947,"[6월 특가] 지상파 월정액 1개월 13,200원 할인","20260601",SMART,"20260526","20260630",PM30000150,560
C2600TF,"지상파 월정액 3개월 5,500원_7월 1차",A1CP1020261000121373,"[쿨썸머 특가] 지상파 월정액 3개월 내내 월 5,500원","20260716",SMART,"20260629","20260731",PM30000150,563
C2600W7,"7월 성인 1+1 이열치열 프로모션 (7/21~/20)",A1SA1020261000121561,"[1+1 이열치열 이벤트] 3,300원 할인 쿠폰","20260724",SMART,"20260716","20260831",PPV 등,324
C2600P6,[주기성] 26년 6월_B tv+ 비플리_UI 541 이상_2~4차_2,A1CP1020261000120872,[위클리 혜택] B tv+ 12개월 50% 할인,"20260618",SMART,"20260520","20260630",PM30000107,801
C2600TL,"7월 성인 1+1 프로모션 (7/1~7/10)",A1SA1020261000121370,"[1+1이벤트] 3,300원 할인 쿠폰","20260706",SMART,"20260626","20260731",PPV 등,396
C2600TL,"7월 성인 1+1 프로모션 (7/1~7/10)",A1SA1020261000121370,"[1+1이벤트] 3,300원 할인 쿠폰","20260704",SMART,"20260626","20260731",PPV 등,366
C2600UF,"26년 7월_B tv+ 비플리_UI 541 이상_쿠폰&배너_4",A1CP1020261000121365,[고객님만 혜택] B tv+ 반값 할인 (최대 12개월),"20260719",SMART,"20260624","20260731",PM30000107,17
C2600S4,"6월 성인 1+1 프로모션_모바일 (6/21~6/30)",A1SA1020261000121171,"[1+1 앵콜 이벤트] 3,300원 할인 쿠폰 (모바일)","20260712",SMART,"20260609","20260731",PPV 등,8
C2600UV,모아나 소장용 패키지 프로모션 (7/10),A1SA1020261000121465,"[모아나 패키지 구매] 영화 5,500원 할인","20260718",SMART,"20260708","20260831",PPV 등,20
C2600NI,<시에라 마드레: 카르텔 전쟁> 할인쿠폰 프로모션,A1SA1020261000120862,"[시에라 마드레: 카르텔 전쟁 런칭] 영화 5,500원 할인","20260531",SMART,"20260518","20260630",PPV 등,22
C2600TJ,<데드 오브 윈터> 할인쿠폰 프로모션,A1SA1020261000121361,"[데드 오브 윈터 런칭] 영화 3,300원 할인","20260706",SMART,"20260622","20260731",PPV 등,23
C2600TH,<살목지> 할인쿠폰 프로모션,A1SA1020261000121380,"[살목지 런칭] 영화 3,300원 할인","20260703",SMART,"20260629","20260731",PPV 등,4
C2600NL,<쉘터> 할인쿠폰 프로모션,A1SA1020261000120861,"[쉘터 런칭] 영화 3,300원 할인","20260608",SMART,"20260518","20260630",PPV 등,3
C2600SC,<금발이 되고 싶어> 할인쿠폰 프로모션,A1SA1020261000121360,"[금발이 되고 싶어 런칭] 영화 5,500원 할인","20260705",SMART,"20260622","20260731",PPV 등,2
C2600N2,"26년 5월_B tv+ 당첨자_UI 541 이상_4(1770)",DummyOffer,,,SMART,,,PPV 등,306420
C2600L7,"26년 5월_B tv+ 비플리_UI 541 이상_1차(~5/17)_1(1770)",A1CP1020261000120853,[가정의 달] B tv+ 12개월 50% 할인 (~5/17),"20260515",SMART,"20260507","20260517",PM30000107,296436
C2600LY,"26년 5월_B tv+ 비플리_UI 541 이상_2차(~5/25)_2(1770)",A1CP1020261000120859,[가정의 달] B tv+ 12개월 50% 할인 (~5/25),"20260524",SMART,"20260515","20260525",PM30000107,116156
C2600MI,JTBC 월정액 첫달 무료_6월 1차,A1SA1020261000119567,[깜짝 특가] JTBC 월정액 1개월 100% 할인 쿠폰,"20260609",SMART,"20260119","20261231",PM30000269,54114
C2600XK,군체 타겟 프로모션_배너 노출_0724_수정,DummyOffer,,,SMART,,,PPV 등,20968
C2600U5,[팝업] 밸류애드팀 Btv 업_단기(26.7.7)_1-3차,,,,SMART,,,PPV 등,154051
C2600O0,"26년 6월_B tv+ 짝수달 유료전환 테스트_UI 552 이상",A1CP1020261000120870,[6월 한정] B tv+ 첫달 무료,"20260623",SMART,"20260520","20260630",PM30000107,4335
C2600WK,JTBC 월정액 3개월 70% 할인_7월 3차,A1SA1020261000121374,[쿨썸머 특가] JTBC 월정액 3개월 내내 70% 할인,"20260723",SMART,"20260629","20260731",PM30000269,20131
C2600SA,SPOTV 6월 첫달무료_1차_0623,A1SA1020261000121164,[축구 이벤트] SPOTV Prime 1개월 무료,"20260612",SMART,"20260609","20260630",PM35000007,6616
C2600Q5,<스위트 홈: 진격의 거인> 할인쿠폰 프로모션,A1SA1020261000121160,"[스위트 홈: 진격의 거인 런칭] 영화 3,300원 할인","20260613",SMART,"20260605","20260731",PPV 등,20
C2600S3,"6월 성인 1+1 프로모션 (6/21~6/30)",A1SA1020261000121170,"[1+1 앵콜 이벤트] 3,300원 할인 쿠폰","20260702",SMART,"20260609","20260731",PPV 등,116
C2600J7,"지상파 월정액 3개월 내내 5,500원_5월 2차",A1CP1020261000120660,"[온가족특가] 지상파 월정액 3개월 내내 월 5,500원","20260510",SMART,"20260422","20260531",PM30000150,635
C2600S3,"6월 성인 1+1 프로모션 (6/21~6/30)",A1SA1020261000121170,"[1+1 앵콜 이벤트] 3,300원 할인 쿠폰","20260624",SMART,"20260609","20260731",PPV 등,301
C2600QR,"6월 성인 1+1 프로모션_추가 (6/12~14 구매자)",A1SA1020261000121168,"[1+1이벤트] 3,300원 할인 쿠폰","20260615",SMART,"20260609","20260731",PPV 등,402
C2600VN,<엘리베이션> 할인쿠폰 프로모션,A1SA1020261000121463,"[엘리베이션 런칭] 영화 3,300원 할인","20260728",SMART,"20260708","20260831",PPV 등,120
C2600JA,<오시리스> 할인쿠폰 프로모션,A1SA1020261000120652,"[오시리스 런칭] 영화 3,300원 할인","20260523",SMART,"20260421","20260531",PPV 등,25
C2600N4,(주기성) 6월 쿠폰팩 GCP(5/24~6/21가입)_TB,A1CP1020261000120866,[FREE PASS] 지상파 3사 1개월 무료_26년6월,"20260604",SMART,"20260519","20260629",PM30000150,64
C2600TL,"7월 성인 1+1 프로모션 (7/1~7/10)",A1SA1020261000121370,"[1+1이벤트] 3,300원 할인 쿠폰","20260719",SMART,"20260626","20260731",PPV 등,262
C2600T7,<노멀> 할인쿠폰 프로모션,A1SA1020261000121162,"[노멀 런칭] 영화 3,300원 할인",,SMART,"20260605","20260731",PPV 등,418
C2600US,<잠금: 셧다운> 할인쿠폰 프로모션,A1SA1020261000121462,"[잠금: 셧다운 런칭] 영화 5,500원 할인","20260721",SMART,"20260708","20260831",PPV 등,27
C2600O6,"26년 6월_B tv+ 비플리_UI 541 이상_1차 쿠폰(~6/7) & 배너(~6/30)_1",A1CP1020261000120872,[위클리 혜택] B tv+ 12개월 50% 할인,"20260609",SMART,"20260520","20260630",PM30000107,140
C2600N4,(주기성) 6월 쿠폰팩 GCP(5/24~6/21가입)_TB,A1SA1020261000120868,[FREE PASS] JTBC 1개월 무료_26년6월,"20260614",SMART,"20260519","20260629",PM30000269,34
C2600UT,"7월 성인 1+1 앵콜 프로모션_모바일 (7/11~7/20)",A1SA1020261000121459,"[1+1 앵콜 이벤트] 3,300원 할인 쿠폰 (모바일)","20260716",SMART,"20260708","20260831",PPV 등,18
C2600Q5,<스위트 홈: 진격의 거인> 할인쿠폰 프로모션,A1SA1020261000121160,"[스위트 홈: 진격의 거인 런칭] 영화 3,300원 할인","20260707",SMART,"20260605","20260731",PPV 등,19
C2600SH,<납치 48시간> 할인쿠폰 프로모션,A1SA1020261000121265,"[납치 48시간 런칭] 영화 3,300원 할인","20260718",SMART,"20260616","20260831",PPV 등,6
C2600P7,[주기성] 26년 6월_B tv+ 비플리_UI 541 이상_2~4차_3,A1CP1020261000120872,[위클리 혜택] B tv+ 12개월 50% 할인,"20260531",SMART,"20260520","20260630",PM30000107,18
C2600S4,"6월 성인 1+1 프로모션_모바일 (6/21~6/30)",A1SA1020261000121171,"[1+1 앵콜 이벤트] 3,300원 할인 쿠폰 (모바일)","20260626",SMART,"20260609","20260731",PPV 등,28
C2600TA,[주기성] 26년 7월_B tv+ 비플리_UI 541 이하_쿠폰,A1CP1020261000121366,[고객님만 혜택] B tv+ 반값 할인 (최대 12개월),"20260706",SMART,"20260624","20260731",PM30000107,11
C2600LE,"CJ ENM 월정액 3개월 5,500원_5월 3차",A1CP1020261000120659,"[온가족특가] CJ ENM 월정액 3개월 내내 5,500원","20260507",SMART,"20260422","20260531",PM30000154,26
C2600KO,<폭탄> 할인쿠폰 프로모션,A1SA1020261000120751,"[폭탄 런칭] 영화 5,500원 할인","20260518",SMART,"20260430","20260531",PPV 등,5
C2600R4,<피어스> 할인쿠폰 프로모션,A1SA1020261000121258,"[피어스 런칭] 영화 5,500원 할인",,SMART,"20260615","20260731",PPV 등,13
C2600NO,<푸틴: 절대 권력의 최후> 할인쿠폰 프로모션,A1SA1020261000120952,"[푸틴: 절대 권력의 최후 런칭] 영화 3,300원 할인","20260630",SMART,"20260526","20260630",PPV 등,2
C2600KO,<폭탄> 할인쿠폰 프로모션,A1SA1020261000120751,"[폭탄 런칭] 영화 5,500원 할인","20260529",SMART,"20260430","20260531",PPV 등,1
C2600MM,"26년 5월_B tv+ 비플리_UI 541 이상_3차(~5/31)_3",A1CP1020261000120854,[가정의 달] B tv+ 12개월 50% 할인 (~5/31),,SMART,"20260507","20260531",PM30000107,81824
C2600L7,"26년 5월_B tv+ 비플리_UI 541 이상_1차(~5/17)_1(1770)",A1CP1020261000120853,[가정의 달] B tv+ 12개월 50% 할인 (~5/17),,SMART,"20260507","20260517",PM30000107,262886
C2600MN,"26년 5월_B tv+ 비플리_UI 541 이상_3차(~5/31)_4",A1CP1020261000120854,[가정의 달] B tv+ 12개월 50% 할인 (~5/31),"20260526",SMART,"20260507","20260531",PM30000107,32571
C2600N3,[주기성/쿠폰] <살목지&K-공포상영회> 할인쿠폰 프로모션,A1PR1020261000120873,[K-공포 상영회] 영화 50% 할인,,SMART,"20260520","20260609",PPV 등,10433
C2600QC,[팝업] B tv 스탠다드+(조합형)_(26.6.16)_3-1차,,,,SMART,,,PPV 등,447001
C2600N5,(일회성) 6월 쿠폰팩 GCP(5/1~5/23가입)_TB,A1CP1020261000120865,[FREE PASS] B tv+ 1개월 무료_26년6월,"20260601",SMART,"20260519","20260629",PM30000107,1389
C2600OL,"지상파 월정액 첫달 3,300원_6월 2차",A1CP1020261000120947,"[6월 특가] 지상파 월정액 1개월 13,200원 할인","20260627",SMART,"20260526","20260630",PM30000150,17551
C2600KN,JTBC 월정액 첫달 무료_5월 1차,A1SA1020261000119567,[깜짝 특가] JTBC 월정액 1개월 100% 할인 쿠폰,"20260511",SMART,"20260119","20261231",PM30000269,6176
C2600KN,JTBC 월정액 첫달 무료_5월 1차,A1SA1020261000119567,[깜짝 특가] JTBC 월정액 1개월 100% 할인 쿠폰,"20260603",SMART,"20260119","20261231",PM30000269,374
C2600L8,"26년 5월_B tv+ 비플리_UI 541 이상_1차(~5/17)_2(1770)",A1CP1020261000120853,[가정의 달] B tv+ 12개월 50% 할인 (~5/17),"20260510",SMART,"20260507","20260517",PM30000107,4090
C2600P5,[주기성] 26년 6월_B tv+ 비플리_UI 541 이상_2~4차_1,A1CP1020261000120872,[위클리 혜택] B tv+ 12개월 50% 할인,"20260602",SMART,"20260520","20260630",PM30000107,1304
C2600XG,"26년 7월 B tv+ 할인 연장 캠페인_6개월/9개월 할인재연",A1CP1020261000121664,"[가입 유지 선물] B tv+ 월 5,500원 이용 혜택 6개월 자동 연장_7월",,SMART,"20260721","20260831",PPV 등,2435
C2600TF,"지상파 월정액 3개월 5,500원_7월 1차",A1CP1020261000121373,"[쿨썸머 특가] 지상파 월정액 3개월 내내 월 5,500원","20260707",SMART,"20260629","20260731",PM30000150,1999
C2600PZ,SPOTV 6월 첫달무료_1차_0612,A1SA1020261000121164,[축구 이벤트] SPOTV Prime 1개월 무료,"20260614",SMART,"20260609","20260630",PM35000007,5643
C2600TZ,"지상파 월정액 3개월 5,500원_7월 2차",A1CP1020261000121373,"[쿨썸머 특가] 지상파 월정액 3개월 내내 월 5,500원","20260714",SMART,"20260629","20260731",PM30000150,1011
C2600N5,(일회성) 6월 쿠폰팩 GCP(5/1~5/23가입)_TB,A1CP1020261000120866,[FREE PASS] 지상파 3사 1개월 무료_26년6월,"20260602",SMART,"20260519","20260629",PM30000150,156
C2600UC,"26년 7월_B tv+ 비플리_UI 541 이상_쿠폰&배너_1",A1CP1020261000121365,[고객님만 혜택] B tv+ 반값 할인 (최대 12개월),"20260723",SMART,"20260624","20260731",PM30000107,355
C2600QU,"6월 성인 1+1 프로모션 (6/11~6/20)_수정",A1SA1020261000121168,"[1+1이벤트] 3,300원 할인 쿠폰","20260620",SMART,"20260609","20260731",PPV 등,184
C2600NP,<모탈 컴뱃2> 할인쿠폰 프로모션,A1SA1020261000120959,"[모탈컴뱃2 런칭] 영화 5,500원 할인","20260620",SMART,"20260528","20260615",PPV 등,61
C2600N4,(주기성) 6월 쿠폰팩 GCP(5/24~6/21가입)_TB,A1SA1020261000120868,[FREE PASS] JTBC 1개월 무료_26년6월,"20260612",SMART,"20260519","20260629",PM30000269,55
C2600Q5,<스위트 홈: 진격의 거인> 할인쿠폰 프로모션,A1SA1020261000121160,"[스위트 홈: 진격의 거인 런칭] 영화 3,300원 할인","20260614",SMART,"20260605","20260731",PPV 등,18
C2600KM,"지상파 월정액 3개월 내내 5,500원_5월 3차",A1CP1020261000120660,"[온가족특가] 지상파 월정액 3개월 내내 월 5,500원","20260523",SMART,"20260422","20260531",PM30000150,84
C2600PN,JTBC 월정액 첫달 무료_6월 2차,A1SA1020261000119567,[깜짝 특가] JTBC 월정액 1개월 100% 할인 쿠폰,"20260514",SMART,"20260119","20261231",PM30000269,47
C2600LE,"CJ ENM 월정액 3개월 5,500원_5월 3차",A1CP1020261000120659,"[온가족특가] CJ ENM 월정액 3개월 내내 5,500원","20260503",SMART,"20260422","20260531",PM30000154,3
C2600QV,"6월 성인 1+1 프로모션_모바일 (6/11~6/20)_수정",A1SA1020261000121169,"[1+1이벤트] 3,300원 할인 쿠폰 (모바일)","20260620",SMART,"20260609","20260731",PPV 등,10
C2600KO,<폭탄> 할인쿠폰 프로모션,A1SA1020261000120751,"[폭탄 런칭] 영화 5,500원 할인","20260520",SMART,"20260430","20260531",PPV 등,2
C2600PM,[보정용][D+1] 쿠폰팩 등록 혜택 지급_2601,A1PR1020261000119553,[쿠폰팩 등록 감사] VOD 20% 할인쿠폰,"20260627",SMART,"20260114","99991231",PPV 등,2
C2600JE,<캣 앤 독> 할인쿠폰 프로모션,A1SA1020261000120747,"[캣 앤 독 런칭] 영화 5,500원 할인","20260515",SMART,"20260428","20260531",PPV 등,1
